"p_val","avg_log2FC","pct.1","pct.2","p_val_adj","cluster","gene"
4.47722288261338e-320,2.60800964761071,0.876,0.427,6.30795931931399e-316,"4","DNAJB1"
1.81968742008416e-312,2.88369619531576,0.754,0.237,2.56375760615657e-308,"4","HSPA1B"
4.55919860643663e-301,2.71434198602226,0.847,0.362,6.42345491660857e-297,"4","HSPA1A"
3.75257358384278e-268,2.29615639709018,0.895,0.522,5.2870009222761e-264,"4","JUN"
5.23844500917595e-188,1.6344126206069,0.956,0.84,7.380445173428e-184,"4","HSP90AA1"
6.81929812589673e-128,3.71353232866551,0.317,0.072,9.60770912957591e-124,"4","HSPA6"
5.90276639383369e-126,1.43928676798068,0.854,0.671,8.31640757227229e-122,"4","DUSP1"
2.30462370800462e-113,2.25330367893263,0.407,0.134,3.24698434220771e-109,"4","RHOB"
2.18492590475565e-111,1.72682968515607,0.72,0.469,3.07834210721024e-107,"4","GADD45B"
2.3886641912728e-106,1.45139180195309,0.78,0.567,3.36538897908424e-102,"4","DNAJA1"
3.04336402650974e-105,1.04254888165289,0.874,0.752,4.28779557694957e-101,"4","HSPA8"
1.93465571839549e-101,1.39747133490154,0.844,0.671,2.7257364416474e-97,"4","FOS"
6.00463244438037e-101,1.47435462707227,0.689,0.422,8.45992665088751e-97,"4","PPP1R15A"
2.86345113051085e-99,1.23300105560771,0.886,0.759,4.03431629777674e-95,"4","JUNB"
6.71316305151641e-91,1.81540685193725,0.509,0.242,9.45817542328147e-87,"4","HSPH1"
2.48438214637748e-86,1.381077808897,0.711,0.486,3.50024600603123e-82,"4","FOSB"
2.4587701691696e-85,1.1028191431317,0.846,0.696,3.46416129134305e-81,"4","HSP90AB1"
2.5217388046772e-78,1.61310920047546,0.488,0.237,3.5528778019097e-74,"4","NR4A1"
3.6869027565877e-77,2.12066687264593,0.353,0.133,5.19447729375642e-73,"4","EGR1"
4.42041679482337e-70,1.36601936627229,0.668,0.502,6.22792522222664e-66,"4","HSPE1"
1.4090148889944e-69,1.19412012891835,0.84,0.723,1.9851610771042e-65,"4","CD69"
2.02847689203695e-68,2.09151212206403,0.471,0.251,2.85792109319085e-64,"4","HSPB1"
4.16697835622399e-68,2.905070851138,0.168,0.034,5.87085580608398e-64,"4","BAG3"
5.17325176343199e-67,1.75368604291349,0.507,0.27,7.28859440949933e-63,"4","IFNG"
1.51855007978928e-63,2.24895932447674,0.311,0.121,2.13948520741512e-59,"4","ZFAND2A"
6.51724883430372e-60,1.60539531739707,0.488,0.278,9.18215188265051e-56,"4","CITED2"
2.31768419133022e-55,1.57771899721966,0.318,0.13,3.26538525716515e-51,"4","NEU1"
3.99433378168333e-55,1.1259364038247,0.849,0.79,5.62761686501364e-51,"4","ID2"
1.99615330713488e-52,1.13426880354801,0.695,0.561,2.81238039442233e-48,"4","SAT1"
5.09970460137141e-50,1.57831523482554,0.464,0.275,7.18497381287218e-46,"4","INTS6"
2.57720027066887e-49,-2.35416528980002,0.114,0.328,3.63101746134538e-45,"4","FGFBP2"
9.66571387895252e-49,2.64115457204908,0.132,0.029,1.36180242840562e-44,"4","SERPINH1"
8.05256873028809e-46,1.7738077920727,0.284,0.122,1.13452640841029e-41,"4","ATF3"
2.88455241474703e-45,1.97911811625514,0.297,0.136,4.06404589713709e-41,"4","IER3"
2.3965790688566e-44,2.48382614146238,0.151,0.042,3.37654025011206e-40,"4","DNAJA4"
2.2237463781172e-42,1.21238865559676,0.536,0.356,3.13303627212933e-38,"4","RGS2"
1.73998310472226e-41,1.40652232729718,0.424,0.261,2.45146219624319e-37,"4","CACYBP"
1.5117441602007e-39,1.39877247804106,0.504,0.352,2.12989634730677e-35,"4","HSPD1"
4.89068486778273e-39,1.97532943790842,0.199,0.073,6.89048591021909e-35,"4","GADD45G"
5.05500646259055e-39,1.57876266063126,0.287,0.136,7.12199860514382e-35,"4","ANKRD37"
9.99331554487885e-38,2.13188829778834,0.187,0.068,1.40795822711798e-33,"4","DNAJB4"
2.50341019523789e-36,-1.24327685484728,0.254,0.448,3.52705462407066e-32,"4","ARL4C"
2.93141821643259e-31,1.33011214885084,0.332,0.186,4.13007512513187e-27,"4","HEXIM1"
3.93153289226644e-30,-1.42673973459637,0.187,0.352,5.53913669191419e-26,"4","FCGR3A"
5.91786318641201e-30,1.68254908620169,0.151,0.054,8.33767744333588e-26,"4","HSPA2"
1.56466353946787e-29,-2.10828329876684,0.117,0.27,2.20445446075628e-25,"4","SPON2"
4.90663061756397e-29,1.08931911110025,0.324,0.179,6.91295187708588e-25,"4","ZC3H12A"
5.58689477462639e-28,-1.48325027392291,0.146,0.307,7.87137604797112e-24,"4","METRNL"
6.53341911115021e-27,2.16124790845578,0.104,0.031,9.20493418569953e-23,"4","RASD1"
2.44117890821316e-25,1.01912887514657,0.645,0.585,3.43937696378152e-21,"4","SAP18"
5.76326358563588e-25,1.14313352241059,0.267,0.145,8.11986206580239e-21,"4","DEDD2"
3.21909962616417e-24,1.45124094337608,0.185,0.085,4.5353894633027e-20,"4","FKBP4"
4.29708031021996e-24,1.35915875332485,0.217,0.109,6.05415644906891e-20,"4","NXF1"
2.08851168940251e-23,1.69786084639037,0.111,0.038,2.9425041191992e-19,"4","SGK1"
3.2190772431829e-22,-1.03655413807603,0.23,0.378,4.53535792792039e-18,"4","PLAC8"
2.51866219441871e-21,1.04331790137853,0.392,0.28,3.54854316571652e-17,"4","EIF4A3"
1.83496381405028e-20,1.64232931167587,0.14,0.06,2.58528051761543e-16,"4","ID1"
3.4682088588828e-20,-1.17715541061929,0.134,0.265,4.88635946127998e-16,"4","RNF125"
3.57803152691093e-20,-2.3043330496811,0.015,0.104,5.04108861826481e-16,"4","IGFBP7"
1.12508375612659e-19,1.18164542329432,0.204,0.107,1.58513050400676e-15,"4","CDKN1A"
4.47912846764536e-18,-2.52593264237373,0.019,0.102,6.31064409806555e-14,"4","CX3CR1"
1.31077011566693e-17,1.31737387030327,0.197,0.107,1.84674401596313e-13,"4","RGS16"
2.21759084142438e-17,-1.04940817137384,0.086,0.197,3.12436373648281e-13,"4","CD38"
2.38749559180689e-17,1.41000155951078,0.227,0.133,3.36374253929673e-13,"4","ID3"
4.19335276143762e-17,-1.02842777905227,0.083,0.193,5.90801470558946e-13,"4","TAF10"
1.63115893813292e-16,1.27993818229462,0.222,0.131,2.29813982793548e-12,"4","CD83"
1.83496778175704e-16,-1.05200490065562,0.123,0.24,2.58528610771749e-12,"4","IFITM3"
4.79966604671437e-16,1.12145299441621,0.261,0.167,6.76224949321588e-12,"4","DDIT3"
4.64152331914849e-15,-1.55586389490449,0.068,0.161,6.53944220434830e-11,"4","B3GNT7"
6.8723812531621e-15,1.58385684439332,0.129,0.062,9.68249794758008e-11,"4","PLK2"
1.39384954652123e-14,1.07347551871635,0.15,0.077,1.96379462609376e-10,"4","TUBB2A"
4.24529296067488e-14,-1.73582453867949,0.033,0.108,5.98119325229484e-10,"4","ITGAX"
1.68435892403536e-13,-1.52486523066789,0.038,0.113,2.37309328807342e-09,"4","ATXN7"
9.04930127020792e-13,1.40826856787517,0.106,0.05,1.27495605595959e-08,"4","ZNF296"
1.74186587562752e-12,-1.00601425804171,0.095,0.185,2.45411483217162e-08,"4","SEC14L1"
2.24774062332372e-12,1.02615492130394,0.154,0.086,3.1668417642008e-08,"4","PLK3"
2.49834411362454e-12,1.50680336109836,0.114,0.057,3.51991702168561e-08,"4","EGR2"
4.58175982816514e-12,-1.07463292093917,0.061,0.141,6.45524142190187e-08,"4","AUTS2"
4.83793473676595e-12,-1.27432305719999,0.058,0.134,6.81616625062954e-08,"4","LYN"
7.46390488136389e-12,1.00715396833494,0.18,0.109,1.05158955873536e-07,"4","LRIF1"
1.06208635192306e-11,-1.16729742259495,0.069,0.147,1.4963734612244e-07,"4","S1PR5"
1.3409874495988e-11,-1.24584162677774,0.034,0.1,1.88931721773974e-07,"4","PXN"
1.83656140997609e-11,-1.29873042644432,0.044,0.112,2.58753137051531e-07,"4","GTF3C1"
1.95333084642037e-11,-1.13243018455698,0.058,0.132,2.75204782952166e-07,"4","ESYT2"
2.93912309871397e-11,1.16203715242072,0.11,0.056,4.14093053377811e-07,"4","ARL4D"
4.47182278706504e-11,-1.0643713562668,0.065,0.14,6.30035112469594e-07,"4","HECTD1"
8.73974763548399e-11,-1.07416791210486,0.048,0.116,1.23134304436334e-06,"4","HIPK2"
2.71385348383552e-10,-1.03222692944922,0.07,0.141,3.82354817337586e-06,"4","CEP78"
3.38845830104767e-10,1.25391749938998,0.114,0.061,4.77399890034607e-06,"4","TSC22D1"
7.89678899866426e-10,1.31972058947129,0.111,0.06,1.11257860202181e-05,"4","GLA"
1.38989300420528e-09,1.04502978322527,0.188,0.125,1.95822025362482e-05,"4","NABP1"
1.40125918813029e-09,-1.09545054003546,0.065,0.132,1.97423407015676e-05,"4","RAP2B"
1.96472993244018e-09,-1.06431290053365,0.047,0.107,2.76810800181497e-05,"4","RAB37"
2.86552233873803e-09,1.34238032117768,0.11,0.061,4.03723442304802e-05,"4","PHYH"
1.98997589167974e-07,1.20203419707702,0.134,0.087,0.00280367703378759,"4","TCOF1"
2.19475154084965e-07,1.1654328464285,0.1,0.058,0.00309218544590308,"4","GEM"
3.20763851353159e-06,-1.01349527062411,0.061,0.108,0.0451924190171465,"4","PDE3B"
6.82789780192358e-240,2.42413372638546,0.507,0.131,9.61982521313014e-236,"2","KRT86"
1.05418195452074e-218,-5.00520226950742,0.024,0.415,1.48523695572428e-214,"2","FGFBP2"
6.86001575713428e-178,1.53361339070748,0.722,0.362,9.66507620022649e-174,"2","RGS1"
1.00163406613343e-161,2.01044274033346,0.441,0.14,1.41120223577539e-157,"2","TMIGD2"
5.53970256255752e-135,-1.96963093307482,0.29,0.573,7.8048869403873e-131,"2","GZMH"
6.10933185244175e-133,-2.50226937324391,0.135,0.435,8.60743764690519e-129,"2","KLF2"
3.89175344484426e-128,2.25317679023617,0.342,0.099,5.48309142844108e-124,"2","ITM2C"
1.72345572495115e-125,2.09526853881888,0.375,0.122,2.42817677088367e-121,"2","LDLRAD4"
4.45451507981881e-124,-2.47188831374801,0.131,0.414,6.27596629595672e-120,"2","FCGR3A"
7.27302948637995e-119,1.99255745321097,0.313,0.086,1.02469712433607e-114,"2","ITGA1"
2.4191481486509e-116,-2.28559289079194,0.169,0.439,3.40833782663426e-112,"2","PLAC8"
3.75373939619399e-112,1.04123713079009,0.707,0.422,5.28864343529771e-108,"2","ALOX5AP"
6.56734968679767e-107,-1.50060287521722,0.229,0.515,9.25273897372924e-103,"2","KLRF1"
5.76626260467604e-96,1.28497213351775,0.559,0.306,8.12408738372807e-92,"2","TNFRSF18"
1.4459534535176e-92,1.50155240610532,0.376,0.151,2.03720382066095e-88,"2","ZNF683"
9.35516731322263e-85,1.00575199629102,0.68,0.423,1.31804952275994e-80,"2","AREG"
1.93924877668421e-83,-2.64016469854088,0.099,0.311,2.73220760147038e-79,"2","SPON2"
1.23348021182687e-82,2.16329161492453,0.222,0.06,1.73785027044288e-78,"2","CD9"
4.79559212635517e-79,1.76347675588378,0.242,0.073,6.7565097468218e-75,"2","SPRY1"
6.54365265024567e-79,-3.02442609488952,0.047,0.239,9.21935221893113e-75,"2","SELL"
2.76646022169412e-76,1.46258218569589,0.277,0.097,3.89766580634485e-72,"2","SRGAP3"
2.98423940642518e-70,-1.12239424606645,0.366,0.571,4.20449489971244e-66,"2","EMP3"
3.85374797042054e-67,1.72003941884693,0.179,0.046,5.4295455155255e-63,"2","CSF1"
1.06620625920269e-66,-3.16417777694812,0.026,0.184,1.50217799859066e-62,"2","S1PR5"
3.58865566513366e-66,1.59913538877653,0.237,0.081,5.05605696660681e-62,"2","ACP5"
2.26651867086936e-64,1.08285216331903,0.352,0.161,3.19329815538784e-60,"2","KIR2DL4"
1.79095898427051e-63,1.24538962885795,0.415,0.216,2.52328211293872e-59,"2","GZMK"
7.53205856774617e-63,1.20346162100054,0.324,0.142,1.06119173160976e-58,"2","DUSP4"
2.00816920338716e-60,2.06127008858822,0.183,0.054,2.82930959065218e-56,"2","IGFBP2"
1.86680338360088e-59,1.22688375336933,0.317,0.143,2.63013928715528e-55,"2","ITGAE"
9.32002860486956e-59,2.28368215387352,0.136,0.03,1.31309883014007e-54,"2","CXCR6"
8.96625649922958e-57,1.39606437962504,0.263,0.108,1.26325587817646e-52,"2","TBCD"
2.32636073381733e-56,1.6511818291216,0.21,0.074,3.27760963787524e-52,"2","NDFIP2"
1.04547239515798e-53,1.23460438474514,0.285,0.127,1.47296605753808e-49,"2","OXNAD1"
4.18000142976548e-53,2.01314385916225,0.133,0.032,5.88920401439658e-49,"2","ENTPD1"
2.24254630323686e-52,1.61242880779491,0.194,0.068,3.15952348663042e-48,"2","ADGRG3"
5.3195789585976e-52,1.75889779887524,0.173,0.055,7.49475479476816e-48,"2","RAB3GAP1"
9.07970360101063e-51,-4.51883161403554,0.01,0.124,1.27923944034639e-46,"2","CX3CR1"
9.17947881809408e-51,1.33143355347473,0.295,0.141,1.29329677068127e-46,"2","PDE7A"
2.10750901927637e-50,-1.27148303871619,0.31,0.464,2.96926945725848e-46,"2","ARL4C"
2.03953571064991e-49,-3.96670606506004,0.01,0.122,2.87350186273465e-45,"2","PRSS23"
2.77845467030761e-49,1.8966073089799,0.144,0.041,3.91456478499639e-45,"2","CPNE7"
1.04884508757694e-48,1.04029975686923,0.346,0.18,1.47771784388715e-44,"2","IKZF3"
9.61312507114812e-47,1.61394472667206,0.157,0.05,1.35439319127406e-42,"2","CLNK"
1.49872966736144e-46,2.39049174603164,0.118,0.029,2.11156022834554e-42,"2","WIPF3"
1.63850469445077e-46,1.0411276426577,0.368,0.202,2.30848926401169e-42,"2","CLDND1"
4.83885606759104e-46,-1.56265576152918,0.42,0.539,6.81746431362902e-42,"2","DNAJB1"
1.76782663050957e-43,1.20983882953467,0.255,0.119,2.49069093972493e-39,"2","PCID2"
1.03552029356245e-42,-1.31631990030369,0.16,0.313,1.45894454160014e-38,"2","LYAR"
3.21794895275689e-42,1.73667505704269,0.147,0.048,4.53376827953918e-38,"2","TRAT1"
1.07854369315766e-41,1.47232363753107,0.189,0.075,1.51956020928983e-37,"2","BCL2L11"
1.91855674794245e-41,-1.36326956422396,0.27,0.404,2.70305460217611e-37,"2","EFHD2"
2.27008436700042e-41,1.5665809225605,0.159,0.056,3.19832186466689e-37,"2","DAPK2"
3.7318552054483e-41,-1.69787837508045,0.133,0.275,5.25781079895612e-37,"2","PLEK"
1.01531830596329e-40,1.52845322975131,0.169,0.063,1.43048196127168e-36,"2","RCAN3"
1.5341258663441e-39,1.00780201413487,0.297,0.154,2.16142993309221e-35,"2","LGALS3"
4.05182074876561e-39,1.32104659401211,0.189,0.077,5.70861025293587e-35,"2","AKAP5"
6.96069137280068e-39,1.01678803867699,0.26,0.128,9.80691807513887e-35,"2","LIMS1"
5.53660034928178e-38,-2.2321264692272,0.051,0.165,7.8005162321031e-34,"2","CEP78"
2.36802263058472e-36,1.1652321724339,0.266,0.14,3.33630708423081e-32,"2","RANBP2"
1.20283700623846e-35,1.27297948556359,0.177,0.074,1.69467705808937e-31,"2","DNPH1"
2.47744568511683e-35,-2.39885028753297,0.037,0.14,3.49047322576111e-31,"2","KLF3"
2.88131668798628e-35,1.04359621356319,0.264,0.139,4.05948708170387e-31,"2","CD38"
3.76657196988124e-34,1.05269177129516,0.2,0.09,5.30672324836569e-30,"2","NCF1"
7.27897222454771e-34,1.68224600587624,0.124,0.042,1.02553439671653e-29,"2","GPR82"
2.67378118841507e-33,1.11141802315159,0.194,0.088,3.767090316358e-29,"2","CD151"
1.10026387016822e-32,1.11245550505272,0.222,0.11,1.55016176668001e-28,"2","B3GNT7"
6.75560443209406e-32,-2.11705446103688,0.027,0.118,9.51797108437732e-28,"2","IGFBP7"
7.56458911162108e-32,1.04960427909802,0.233,0.119,1.06577495993629e-27,"2","ECI2"
1.86738230758267e-31,1.2143041767535,0.238,0.126,2.63095493315323e-27,"2","CD160"
9.06284665976198e-31,2.04707224799145,0.101,0.031,1.27686446589387e-26,"2","AFAP1L2"
1.03052272787538e-30,1.25364448379283,0.193,0.091,1.45190347130363e-26,"2","MX1"
2.61080726846555e-30,1.74580896057025,0.107,0.035,3.67836636054111e-26,"2","PLPP1"
2.54634764421406e-29,1.07966503640409,0.176,0.081,3.58754919593319e-25,"2","ATP8B4"
3.38184022712549e-29,1.16771832314049,0.167,0.074,4.7646746959971e-25,"2","ASXL2"
4.44325254271118e-29,1.2710576928421,0.168,0.076,6.26009850742579e-25,"2","GALNT2"
1.65401987509405e-28,1.176871576762,0.187,0.091,2.33034860202001e-24,"2","TOX"
2.68594606673429e-28,1.36888571793814,0.12,0.044,3.78422941342194e-24,"2","SUSD3"
2.71632802888352e-28,1.01564114411333,0.208,0.106,3.827034559894e-24,"2","ZBTB16"
7.06385113388077e-28,1.34695088049296,0.117,0.043,9.95225986252462e-24,"2","NBL1"
7.31945947961729e-28,1.13559260674573,0.172,0.081,1.03123864608328e-23,"2","BCAS4"
1.83163094582754e-27,1.28705382912564,0.138,0.057,2.58058483957642e-23,"2","EPS8L2"
3.06847336433991e-27,1.78722017100241,0.107,0.039,4.3231721230185e-23,"2","ADAM28"
4.0878267148036e-27,1.25732702282706,0.124,0.049,5.75933905848679e-23,"2","STRBP"
4.88637193076886e-27,-1.9279200806104,0.051,0.141,6.88440941326025e-23,"2","KLRG1"
6.1286981237558e-27,1.0940480378271,0.159,0.072,8.63472278655955e-23,"2","ARHGAP18"
1.68577172299943e-26,1.47387021754695,0.127,0.052,2.3750837805339e-22,"2","IRF4"
1.68400158192691e-25,1.16606778924702,0.175,0.086,2.37258982877682e-21,"2","FAM118A"
2.26792122075455e-25,-1.46378345912164,0.253,0.356,3.19527420792109e-21,"2","HSPA1B"
2.48416539422942e-25,-1.00269002637494,0.155,0.27,3.49994062392984e-21,"2","AHNAK"
6.19542227840202e-25,-1.50313257702507,0.075,0.169,8.72873044804061e-21,"2","TOB1"
1.01632020379535e-24,1.11126990263409,0.128,0.054,1.43189353512727e-20,"2","SEL1L3"
1.7932077205057e-24,1.62579090561678,0.106,0.04,2.52645035742048e-20,"2","SERPINE2"
1.81605931273981e-24,1.61421679053921,0.105,0.04,2.55864596571912e-20,"2","SIRPG"
4.98045443771134e-24,1.0517061444754,0.158,0.075,7.01696225729151e-20,"2","KDM5B"
2.38211000383326e-22,-2.03265698662546,0.031,0.101,3.35615478440068e-18,"2","TGFBR3"
2.51914413305842e-22,1.07950145946116,0.134,0.061,3.54922216906601e-18,"2","SUPT3H"
1.02207554084618e-20,-1.71230390311359,0.04,0.111,1.44000222949818e-16,"2","PXN"
1.15334395785073e-20,-1.37285126191385,0.391,0.467,1.6249463022159e-16,"2","HSPA1A"
1.39133728074886e-20,1.36700535286193,0.104,0.043,1.96025509484707e-16,"2","FUCA1"
3.65418737792913e-20,1.19970403588737,0.141,0.07,5.14838459676436e-16,"2","SFMBT2"
4.15611291655511e-20,-1.27572985458029,0.088,0.174,5.85554748813449e-16,"2","SORL1"
1.7734667672764e-19,1.1275435918701,0.107,0.046,2.49863732841573e-15,"2","ABCG1"
4.36825172977196e-19,-1.46893834351604,0.078,0.157,6.15442986207572e-15,"2","SH3BP5"
7.12709145874756e-19,-1.38362263715105,0.056,0.129,1.00413591562294e-14,"2","ADRB2"
3.97515228172744e-18,1.06281939995244,0.113,0.052,5.60059204972579e-14,"2","HIP1"
2.61192510443769e-16,-1.16878516073515,0.131,0.209,3.67994127964227e-12,"2","ADGRG1"
3.37404196642493e-16,-1.10388890431136,0.095,0.171,4.75368772649609e-12,"2","FCRL6"
3.54934034931082e-16,-1.17528646862239,0.198,0.282,5.00066561814402e-12,"2","LMNA"
4.15709186481815e-16,-1.41278245813372,0.042,0.103,5.85692672834229e-12,"2","TNF"
4.5474802421245e-16,-1.40955334748126,0.083,0.154,6.40694491312921e-12,"2","ICAM2"
7.33555952543945e-16,-1.78623969070861,0.057,0.12,1.03350698153916e-11,"2","GTF3C1"
1.93431334307762e-15,-1.1820341513516,0.091,0.163,2.72525406906206e-11,"2","PRKCB"
3.52029623482056e-15,-1.273801687597,0.129,0.202,4.95974536523868e-11,"2","RHOB"
1.13308905151703e-14,-1.22265956793919,0.082,0.149,1.59640916468235e-10,"2","LPCAT1"
1.52077655032075e-14,-1.00425315424597,0.565,0.593,2.14262208174691e-10,"2","JUN"
9.41481330936665e-14,-1.45209479693017,0.065,0.125,1.32645304715667e-09,"2","BPGM"
1.28619016780237e-13,-1.22857279098299,0.077,0.139,1.81211332741677e-09,"2","LINC00861"
1.79881650607868e-13,-1.23459101053577,0.06,0.119,2.53435257541425e-09,"2","F2R"
7.64652989191502e-13,-1.2255691386574,0.072,0.131,1.07731959647191e-08,"2","RASGRP2"
2.30552006959716e-12,-1.30092217321124,0.109,0.172,3.24824722605544e-08,"2","ZFAND2A"
1.84102155641798e-11,-2.4142248325514,0.076,0.129,2.59381527083729e-07,"2","HSPA6"
2.40675562535937e-11,-1.31118813448102,0.129,0.189,3.39087800056882e-07,"2","EGR1"
5.42868282347155e-11,-1.15668083737995,0.102,0.16,7.64847122998907e-07,"2","TTC38"
2.31530392560915e-10,-1.13505676379228,0.269,0.328,3.26203170079073e-06,"2","IFNG"
6.57179111468433e-09,-1.09256295900142,0.097,0.147,9.25899650147876e-05,"2","IL7R"
8.08908323501293e-09,-1.01186394218893,0.063,0.107,0.000113967093698097,"2","CD226"
8.16181585913322e-09,-1.13554906462023,0.128,0.179,0.000114991823639328,"2","IER3"
1.438422020914e-08,-1.00003007207855,0.068,0.112,0.000202659278526574,"2","STK38"
2.29527078736914e-159,2.42099659642991,0.447,0.121,3.23380701232438e-155,"3","SELL"
3.89843535624913e-157,2.98505100778647,0.369,0.08,5.4925055734194e-153,"3","IL7R"
1.47615673412291e-143,-1.00444145711293,0.833,0.964,2.07975722270577e-139,"3","CCL5"
6.15923320445598e-133,1.52327389190958,0.72,0.36,8.67774366175803e-129,"3","XCL1"
2.77051975035311e-119,-1.61439277486443,0.524,0.821,3.9033852762725e-115,"3","GZMA"
1.38638306755571e-118,-1.8369676174313,0.53,0.818,1.95327510387923e-114,"3","CCL4"
1.75917058389644e-92,2.23629711536969,0.467,0.21,2.4784954356517e-88,"3","LMNA"
2.43675482359882e-92,1.18023651110081,0.776,0.492,3.43314387096838e-88,"3","XCL2"
1.9750088495438e-81,-3.93507040482623,0.064,0.341,2.78258996812226e-77,"3","FGFBP2"
5.78670032748664e-77,1.01840374348654,0.71,0.459,8.15288209139593e-73,"3","CD44"
8.48958116593712e-71,-1.18268459833333,0.484,0.692,1.19609709046888e-66,"3","CD247"
2.22688909218836e-68,-1.76051751593877,0.273,0.529,3.13746404198418e-64,"3","GZMH"
1.38850381105111e-66,1.81030036296655,0.368,0.155,1.9562630193899e-62,"3","CRTAM"
9.45186752427356e-64,-2.44659183003407,0.121,0.368,1.3316736154949e-59,"3","FCGR3A"
1.11804886645049e-60,-1.18746408089273,0.521,0.712,1.5752190479421e-56,"3","PRF1"
1.22725963151547e-60,-2.80504582166086,0.117,0.359,1.72908609484215e-56,"3","CCL3"
4.32507645336235e-58,2.09999083323934,0.23,0.074,6.09360021514221e-54,"3","GPR183"
4.48936867439399e-56,3.264395843031,0.104,0.015,6.3250715253537e-52,"3","CCR7"
2.50660406755651e-52,-3.23761879040229,0.08,0.293,3.53155447078037e-48,"3","CCL4L2"
3.31484001483634e-52,-2.91001646014753,0.072,0.281,4.67027809690293e-48,"3","SPON2"
1.43697546852147e-43,1.43774179242792,0.278,0.122,2.02455473759989e-39,"3","TCF7"
4.58206121034535e-43,-1.14558650758946,0.351,0.547,6.45566603925556e-39,"3","ALOX5AP"
4.01730784253156e-42,1.88755893192917,0.234,0.095,5.65998501934271e-38,"3","LINC00996"
1.71611449005448e-41,1.23555073428005,0.404,0.228,2.41783370503775e-37,"3","MAFF"
2.65335023777494e-40,1.12806976508662,0.407,0.233,3.73830515000111e-36,"3","CD55"
1.4634609597353e-38,-1.3677474148909,0.255,0.449,2.06187014617107e-34,"3","CLIC3"
5.36414341322481e-38,1.00614451490908,0.556,0.385,7.55754165489244e-34,"3","RGCC"
2.4876184958822e-36,-1.74060967480689,0.089,0.263,3.50480569884843e-32,"3","IKZF3"
3.82957572373619e-35,-2.37498486841964,0.056,0.212,5.39548923717192e-31,"3","ADGRG1"
1.10005168165829e-34,1.44651105879461,0.29,0.147,1.54986281428837e-30,"3","NFKB1"
7.69024274377177e-34,-1.87899103888552,0.069,0.23,1.08347830017001e-29,"3","PRDM1"
2.49543247334049e-32,1.96062135463792,0.145,0.05,3.51581481168941e-28,"3","THEM4"
2.91515415797991e-31,-1.45211357189294,0.158,0.327,4.10716069317789e-27,"3","PYHIN1"
7.79232171234666e-31,-1.68183215271184,0.106,0.265,1.09786020605252e-26,"3","ABI3"
8.51035769275485e-27,2.58390692720042,0.12,0.041,1.19902429533223e-22,"3","SOX4"
2.06936617218985e-26,1.05419605521903,0.31,0.179,2.91552999999828e-22,"3","TMEM123"
3.29142953488781e-24,1.65490467067189,0.102,0.033,4.63729507170343e-20,"3","HVCN1"
6.27696162378072e-23,-3.81984491904982,0.012,0.104,8.84361123174466e-19,"3","CX3CR1"
5.66360240910156e-22,-1.14906634154287,0.153,0.291,7.97944943418319e-18,"3","GNPTAB"
8.73146283329509e-22,1.07540446565821,0.236,0.128,1.23017579858295e-17,"3","SATB1"
2.26828291460934e-21,-1.09074660573725,0.221,0.359,3.1957837983931e-17,"3","ABHD17A"
4.78331386386661e-21,-1.57976604803848,0.062,0.174,6.73921090280167e-17,"3","PTMS"
5.75195278643825e-21,1.17226396069614,0.127,0.051,8.10392628081285e-17,"3","YBX3"
6.28179423996348e-21,-3.21453966625924,0.015,0.102,8.85041990468455e-17,"3","PRSS23"
3.48942932667784e-19,1.37660897255939,0.165,0.081,4.9162569783564e-15,"3","ITGAX"
3.77954774369886e-19,-2.76720579191714,0.02,0.103,5.32500481609733e-15,"3","CSF1"
5.09624245501892e-19,-1.61735054622503,0.054,0.155,7.18009599487615e-15,"3","PLEKHF1"
9.52705344084662e-19,-1.00398482225963,0.171,0.3,1.34226655928088e-14,"3","GLIPR1"
3.13844482028017e-18,-1.17826190030594,0.104,0.218,4.42175490729273e-14,"3","ITGAE"
3.38196030011624e-18,-1.30028782539707,0.14,0.255,4.76484386683377e-14,"3","TMIGD2"
1.14498642843828e-17,-2.31917315046273,0.036,0.122,1.61317137902669e-13,"3","LAG3"
7.218957461955e-17,-1.2017318088392,0.354,0.476,1.01707891681484e-12,"3","MT2A"
2.10824349137667e-16,-1.62641138902571,0.059,0.15,2.97030425500059e-12,"3","S1PR5"
4.25711935551001e-16,-1.31617235837958,0.081,0.179,5.99785545997805e-12,"3","CD160"
9.41233490670387e-15,-1.09746062012173,0.105,0.203,1.32610386500551e-10,"3","GBP5"
1.44447862163747e-14,-1.21766133207444,0.168,0.267,2.03512593002503e-10,"3","KRT86"
1.97142626175395e-13,-1.38964505464352,0.073,0.156,2.77754246018514e-09,"3","TTC38"
1.22269549590435e-12,-1.07668160065917,0.087,0.173,1.72265568417964e-08,"3","FASLG"
1.56814768131131e-12,-1.07515991386547,0.085,0.17,2.20936326819951e-08,"3","SYNGR1"
1.7450953365551e-12,-1.52329168316445,0.043,0.112,2.45866481967248e-08,"3","F2R"
2.2650500073665e-12,-1.07292245469543,0.156,0.246,3.19122895537866e-08,"3","PLEK"
2.43970515668772e-12,-1.13474408401061,0.059,0.135,3.43730059525734e-08,"3","CD151"
3.28674142248184e-12,1.07913876128795,0.163,0.095,4.63068999013466e-08,"3","ELL2"
4.59747484884588e-12,1.0406082340432,0.218,0.143,6.47738231453896e-08,"3","HIF1A"
8.82837497716861e-12,1.00861055062633,0.2,0.127,1.24382975053329e-07,"3","NCAM1"
2.93049362506073e-11,-1.36651416367815,0.1,0.178,4.12877246834807e-07,"3","CD3D"
3.28534883167918e-11,-1.35427661362986,0.101,0.177,4.6287279689528e-07,"3","RNASEK"
4.75702752516618e-10,-1.22838450614866,0.089,0.159,6.70217608020663e-06,"3","FCRL6"
7.65310449680888e-10,1.02164830193665,0.101,0.052,1.0782458925554e-05,"3","FUT8"
1.31281493292914e-09,-1.18772012194767,0.076,0.142,1.84962495900387e-05,"3","ACP5"
2.79873448552023e-09,1.00343372058418,0.109,0.06,3.94313701664945e-05,"3","CD27"
2.99234260181182e-09,-1.04504137142579,0.065,0.128,4.21591149169267e-05,"3","NDFIP2"
1.20763274092751e-08,-1.24876180058489,0.051,0.106,0.000170143376869278,"3","SYTL2"
2.31643356271324e-08,-1.04123216242345,0.07,0.129,0.000326362324650669,"3","CISD3"
3.14717942957614e-07,-1.13369237858088,0.063,0.114,0.00443406109832983,"3","HIPK2"
4.77497062711029e-07,-1.39706494998717,0.061,0.109,0.00672745611653568,"3","GTF3C1"
0,4.87598194874979,0.788,0.058,0,"1","FGFBP2"
0,3.65033355941021,0.555,0.097,0,"1","SPON2"
0,3.19495916519284,0.704,0.145,0,"1","FCGR3A"
0,2.45846637760841,0.84,0.316,0,"1","GZMH"
0,1.48441132168638,0.92,0.708,0,"1","CST7"
0,1.06593013677483,0.993,0.932,0,"1","NKG7"
1.3487691236691e-303,1.60301602214384,0.868,0.588,1.9002808183374e-299,"1","PRF1"
8.0874828431447e-277,1.08187981636021,0.948,0.646,1.13944545777066e-272,"1","GZMB"
4.43954678252929e-258,1.10771818835998,0.943,0.83,6.25487746190551e-254,"1","CYBA"
2.90346195169735e-250,-2.89829832888414,0.115,0.569,4.09068754374639e-246,"1","XCL1"
1.85671381867006e-231,-2.72020942033918,0.111,0.547,2.61592409912425e-227,"1","COTL1"
1.00682204373501e-203,3.10779729804135,0.323,0.045,1.41851157741826e-199,"1","S1PR5"
1.71059022076711e-203,4.80677610160344,0.244,0.014,2.41005056203878e-199,"1","CX3CR1"
4.08921073824984e-193,1.90649339767,0.584,0.245,5.7612890091202e-189,"1","PLAC8"
2.52596521273733e-183,-1.69032136983386,0.25,0.643,3.55883238822563e-179,"1","KLRC1"
6.87743161345433e-183,4.06378536998144,0.234,0.016,9.68961340019581e-179,"1","PRSS23"
2.22042392417476e-176,1.76843614858475,0.619,0.32,3.12835526676983e-172,"1","ARL4C"
5.92963096088505e-175,1.04782548890434,0.904,0.76,8.35425706079095e-171,"1","S100A4"
4.05253294350921e-174,-2.26269563353757,0.229,0.592,5.70961366411013e-170,"1","RGS1"
6.170222210021e-173,1.46591200042146,0.662,0.313,8.69322607169858e-169,"1","KLRF1"
7.91853345186272e-160,-2.92179001658094,0.044,0.372,1.11564217803294e-155,"1","CAPG"
1.2430445638164e-158,-1.89859003158086,0.258,0.621,1.75132548596092e-154,"1","AREG"
9.5669601581517e-157,-1.49332345992106,0.294,0.66,1.34788901668199e-152,"1","XCL2"
1.0296264133849e-155,-2.98551133149884,0.059,0.383,1.45064065381798e-151,"1","GZMK"
1.99814933769206e-152,1.87840885219791,0.547,0.274,2.81519260187434e-148,"1","EFHD2"
1.57848901144646e-149,-2.34209022379151,0.187,0.523,2.22393316822692e-145,"1","RGCC"
9.19303737048146e-137,-3.0913020052585,0.052,0.342,1.29520703512713e-132,"1","KRT86"
3.96713855402124e-134,-2.02812457127395,0.171,0.487,5.58930150876052e-130,"1","TNFRSF18"
3.73798050146055e-132,1.05622101486584,0.897,0.705,5.26644072850777e-128,"1","CCL4"
1.45650315184396e-128,2.19943810511873,0.349,0.107,2.05206729063296e-124,"1","ADGRG1"
4.3586489087189e-128,2.02091471530819,0.404,0.148,6.14090044749406e-124,"1","PLEK"
1.02214664577114e-127,-1.00079807463372,0.685,0.856,1.44010240922697e-123,"1","CD7"
1.29427759687862e-125,-1.2301277543307,0.551,0.801,1.82350770624229e-121,"1","HSP90AB1"
4.97537471796548e-123,4.69101533855143,0.162,0.012,7.00980544014157e-119,"1","ASCL2"
2.68899596071678e-121,1.21779345798543,0.673,0.452,3.78852640905387e-117,"1","ITGB2"
2.82126192798614e-121,-3.62031412089128,0.028,0.281,3.97487593033968e-117,"1","DUSP4"
2.6578727195596e-117,-4.20344219228594,0.014,0.251,3.74467687458752e-113,"1","ITM2C"
4.70382906914852e-114,-1.37804578508757,0.309,0.596,6.62722477552335e-110,"1","CD44"
8.41261310457382e-114,-1.54488688499299,0.334,0.612,1.18525306030341e-109,"1","FOSB"
4.9136340898236e-111,1.33470512451603,0.522,0.255,6.92281906915247e-107,"1","KLF2"
2.93815604001962e-109,-2.23992586581545,0.254,0.532,4.13956804478364e-105,"1","HSPA1A"
4.26006323089907e-109,3.69357434529001,0.169,0.02,6.00200308601369e-105,"1","AKR1C3"
5.43197136059433e-106,-3.32804893551599,0.042,0.277,7.65310444994136e-102,"1","LDLRAD4"
1.20134991096387e-105,-2.46739349825459,0.055,0.301,1.692581889557e-101,"1","ZNF683"
3.96249959632259e-103,-4.35662240787231,0.011,0.221,5.58276568125889e-99,"1","SRGAP3"
7.1889808099458e-103,1.96551962085291,0.417,0.179,1.01285550631326e-98,"1","CCL4L2"
7.8209040964931e-102,1.13789319219835,0.598,0.35,1.10188717815491e-97,"1","GZMM"
1.35547610401744e-100,-1.15947525262013,0.595,0.813,1.90973028295017e-96,"1","CD69"
7.65002205866442e-100,-1.12813204310659,0.671,0.833,1.07781160784523e-95,"1","JUNB"
1.20928827313402e-98,1.12241876046804,0.658,0.434,1.70376624801853e-94,"1","EMP3"
2.78506793433848e-98,-2.31687620939132,0.071,0.312,3.92388221268948e-94,"1","TMIGD2"
1.22574677626615e-97,-1.11274165895371,0.544,0.774,1.72695463308138e-93,"1","FOS"
3.47065188589189e-95,-1.42300905906241,0.251,0.52,4.88980144203308e-91,"1","ZNF331"
3.65514624232026e-95,-3.15800702995077,0.018,0.223,5.14973554080501e-91,"1","ITGA1"
5.78071151616726e-94,5.7282484760684,0.133,0.012,8.14444445512806e-90,"1","PTGDS"
2.78432172034442e-93,-2.24531810337455,0.064,0.295,3.92283087179325e-89,"1","KIR2DL4"
1.19458237431493e-90,-1.36057205550434,0.453,0.673,1.6830471071723e-86,"1","DNAJA1"
2.07420067441133e-90,2.34554249669231,0.249,0.073,2.92234133017813e-86,"1","CEP78"
1.4280695898993e-89,3.31060071522963,0.146,0.019,2.01200724520912e-85,"1","LAIR2"
2.7489024320765e-87,-1.5554103125601,0.13,0.38,3.87292863655258e-83,"1","PLP2"
3.20462342844624e-87,-2.05667213173399,0.16,0.401,4.5149939483379e-83,"1","HSPA1B"
3.50021929048119e-83,-1.20294820184447,0.42,0.662,4.93145895835895e-79,"1","JUN"
1.52473864733352e-81,-3.86671511426935,0.01,0.182,2.1482042802282e-77,"1","SPRY1"
2.42742445454815e-80,-1.57777276812059,0.352,0.573,3.41999831401289e-76,"1","DNAJB1"
4.7994827604633e-78,2.34451607702008,0.186,0.043,6.76199126121675e-74,"1","IGFBP7"
3.23079264739505e-77,2.85561579233611,0.135,0.02,4.55186376091489e-73,"1","FGL2"
3.23686065082071e-77,-1.32286374199139,0.209,0.447,4.56041297094129e-73,"1","CD96"
8.61373894435286e-73,-2.91611181709842,0.031,0.205,1.21358967986987e-68,"1","ID3"
1.72845876414195e-72,1.39565089263772,0.457,0.277,2.43522555279959e-68,"1","ABHD17A"
3.84968050249508e-70,-1.73546341499782,0.098,0.299,5.42381485996532e-66,"1","CTSA"
1.07676213604226e-69,-4.31636909013364,0.007,0.155,1.51705017346994e-65,"1","ADGRG3"
1.89751448599387e-69,-4.03142559855694,0.01,0.159,2.67340815931677e-65,"1","CD9"
9.49691058572926e-69,1.8278222370553,0.257,0.095,1.3380197324234e-64,"1","FCRL6"
1.13816771946348e-68,2.4856253760793,0.193,0.056,1.60356449995209e-64,"1","GTF3C1"
1.17663916025972e-67,-1.63846773813985,0.138,0.345,1.65776691288992e-63,"1","NR4A1"
4.72161160263917e-66,-1.76910630737238,0.149,0.351,6.65227858695833e-62,"1","HSPH1"
7.5855348187947e-66,-1.04386977181238,0.312,0.54,1.06872600061999e-61,"1","PPP1R15A"
3.67088200905142e-65,-2.19234920895703,0.027,0.185,5.17190566255254e-61,"1","TMEM14C"
4.48297294640312e-65,-1.09879762881258,0.356,0.566,6.31606058418736e-61,"1","REL"
5.89574628366674e-65,-1.97680806435055,0.07,0.251,8.30651693905807e-61,"1","PDE4B"
1.25776008762484e-64,-3.3556565808072,0.019,0.167,1.77205818745463e-60,"1","LINC00996"
4.46500697946201e-64,1.21736551903819,0.456,0.274,6.29074833336403e-60,"1","ZEB2"
3.57021728845085e-63,1.85017928663475,0.244,0.093,5.0300791376984e-59,"1","TTC38"
4.02874555810596e-63,-1.54497650428663,0.121,0.32,5.67609961681548e-59,"1","RBPJ"
7.60939188785308e-63,1.34493487889813,0.436,0.266,1.07208722307962e-58,"1","FLNA"
1.02975732785193e-62,1.3411900850948,0.431,0.257,1.45082509921058e-58,"1","DSTN"
4.78113004821972e-62,-1.55974631520495,0.122,0.317,6.73613412493676e-58,"1","CLDND1"
1.01516668662592e-61,-3.30980515866254,0.023,0.169,1.43026834478726e-57,"1","RGS16"
2.45256076446476e-60,1.33337513217151,0.414,0.241,3.4554128610544e-56,"1","PYHIN1"
1.18319953209986e-59,-4.45130801279509,0.007,0.136,1.6670098207755e-55,"1","IGFBP2"
1.59999426445287e-57,1.04444873690192,0.547,0.397,2.25423191918765e-53,"1","RAP1B"
2.31630711630048e-57,-1.83411702860479,0.075,0.245,3.26344509615574e-53,"1","FABP5"
4.73882747314206e-57,1.01473480935462,0.466,0.291,6.67653402690985e-53,"1","HLA-F"
5.14705514916496e-57,1.8244118920566,0.196,0.065,7.25168599965851e-53,"1","KLF3"
3.8509696508746e-55,-1.75915793903612,0.067,0.229,5.42563114111723e-51,"1","OXNAD1"
6.24112243200925e-55,1.09031870300407,0.441,0.257,8.79311739445784e-51,"1","CCL3"
1.67570163087319e-54,-2.23794598828635,0.03,0.17,2.36089602773723e-50,"1","NCF1"
2.15705248230225e-53,-3.99146685047784,0.008,0.126,3.03907124231564e-49,"1","CSF1"
6.69446897695332e-53,-3.28236237049431,0.006,0.12,9.43183734162954e-49,"1","CLNK"
2.55586271618643e-52,2.63841076700733,0.115,0.024,3.60095498083506e-48,"1","ENC1"
3.19224830000275e-52,-2.64854908567291,0.038,0.176,4.49755862987387e-48,"1","IL7R"
5.31173544371038e-52,3.76476028793019,0.102,0.018,7.48370406664356e-48,"1","SCGB1A1"
6.96496463384969e-52,1.83870192924816,0.182,0.061,9.81293867263083e-48,"1","F2R"
1.81260352397553e-51,2.4580043825878,0.121,0.027,2.55377710492912e-47,"1","MTSS1"
4.15188648102884e-51,-3.3207111992958,0.012,0.13,5.84959286312154e-47,"1","RAB3GAP1"
2.88312690049681e-50,1.29204053373069,0.306,0.152,4.06203749010996e-46,"1","PRDM1"
2.92844450383253e-50,-1.43679201521216,0.118,0.287,4.12588546144965e-46,"1","NFKBIZ"
3.57354101897654e-50,-1.76912206736403,0.05,0.193,5.03476194163604e-46,"1","CXCR3"
3.89792978155807e-50,1.11438213526466,0.404,0.245,5.49179326923716e-46,"1","GNG2"
2.45068453927148e-48,-3.546381159223,0.003,0.106,3.45276944737958e-44,"1","CPNE7"
8.9807917445409e-48,-1.86569512043336,0.04,0.173,1.26530374888837e-43,"1","ACP5"
1.70417493443127e-47,-1.5878979175404,0.167,0.345,2.40101206512022e-43,"1","HSPB1"
2.00123623932998e-47,1.8049916353002,0.15,0.045,2.81954173759201e-43,"1","TGFBR3"
1.31949387742665e-46,-2.030520769976,0.15,0.305,1.8590349239064e-42,"1","LMNA"
3.84349404733984e-46,-1.512984819336,0.117,0.275,5.4150987632971e-42,"1","SLC16A3"
4.14338823560161e-46,-2.60924049853143,0.019,0.133,5.83761968513911e-42,"1","RCAN3"
4.29446114527526e-46,-1.37416828615453,0.261,0.433,6.05046630757831e-42,"1","HSPD1"
6.57058295545748e-46,1.827141110476,0.162,0.054,9.25729432594405e-42,"1","PXN"
3.17244482578858e-45,1.61130396615062,0.253,0.121,4.46965751505353e-41,"1","RNASEK"
4.50880618690186e-45,-1.03232444896771,0.139,0.307,6.35245703672603e-41,"1","MPG"
1.45963792331619e-44,-2.42057161780029,0.031,0.149,2.05648387016018e-40,"1","ATP8B4"
1.64567589274415e-44,1.50235197231965,0.216,0.092,2.31859276528723e-40,"1","SH3BP5"
3.94109539469934e-44,-2.26279807255585,0.024,0.138,5.55260930159189e-40,"1","SPRY2"
1.51792175703973e-43,2.36375383139457,0.124,0.034,2.13859996349327e-39,"1","SSBP3"
1.79807955289383e-43,1.86437759663554,0.118,0.03,2.53331428207212e-39,"1","DTHD1"
7.47742828807208e-43,1.3667630363026,0.233,0.106,1.05349487150648e-38,"1","SORL1"
1.05457669808926e-42,-1.63062944504072,0.052,0.181,1.48579310993795e-38,"1","SOCS3"
1.67192586216858e-42,-2.05825706581084,0.036,0.155,2.35557634720931e-38,"1","NDFIP2"
2.60509906630675e-42,-1.83585784461848,0.028,0.143,3.67032407451958e-38,"1","DNPH1"
1.29037912921056e-41,1.12770826199599,0.414,0.282,1.81801515514476e-37,"1","UCP2"
2.52712339545951e-41,-1.37474383589717,0.071,0.208,3.5604641518629e-37,"1","CAPN12"
2.60042266514823e-41,-1.9026882581886,0.059,0.187,3.66373549292735e-37,"1","CD83"
1.10023008203785e-40,-2.92222881671746,0.013,0.111,1.55011416258312e-36,"1","TRAT1"
3.28547880902972e-40,-3.14411001098556,0.009,0.102,4.62891109404198e-36,"1","STRBP"
7.74078397790402e-40,1.10701550987923,0.399,0.262,1.0905990546469e-35,"1","MYO1F"
1.02352213588206e-39,-1.41747842310081,0.068,0.199,1.44204033724423e-35,"1","TBCD"
9.76178244517488e-39,1.22929268563086,0.356,0.226,1.37533752870069e-34,"1","SPN"
9.91829586843387e-39,1.62212438194888,0.208,0.095,1.39738870490365e-34,"1","ICAM2"
2.65106019861495e-38,-2.38262052268761,0.03,0.135,3.73507871382861e-34,"1","GPR183"
3.18672393881028e-38,-1.32819769158484,0.099,0.236,4.4897753573898e-34,"1","CRTAM"
5.80201544393158e-38,-1.15668657194139,0.103,0.244,8.17445955895521e-34,"1","TYMP"
6.32786898540015e-38,-1.71662083526518,0.082,0.211,8.91533461353027e-34,"1","EGR1"
1.12298347600434e-37,1.08121571383129,0.374,0.239,1.58217141934252e-33,"1","SYNE2"
4.8507942887466e-37,-1.31058840166507,0.112,0.25,6.83428407341508e-33,"1","PRMT9"
7.39457118754009e-37,-1.58702985489854,0.101,0.236,1.04182113461252e-32,"1","STMN1"
1.27961183137353e-36,-1.14996542163483,0.105,0.242,1.80284510922217e-32,"1","ITGAE"
1.84366739243627e-36,-1.59807324719867,0.086,0.213,2.59754298920345e-32,"1","NFKB1"
2.25170620891656e-36,-1.06155133126995,0.174,0.325,3.17242887774253e-32,"1","IFRD1"
2.4378631387027e-36,-2.89608761398794,0.015,0.105,3.43470537611823e-32,"1","CD82"
2.47851785829241e-36,1.24336477592797,0.286,0.162,3.49198381054817e-32,"1","MYO1G"
6.98791543068964e-36,-1.05842059566746,0.096,0.232,9.84527405029864e-32,"1","CARD19"
9.10423924557128e-36,-1.13993258055446,0.16,0.304,1.28269626730854e-31,"1","CKS2"
1.04982789775548e-35,-1.14842019822135,0.077,0.203,1.47910252514769e-31,"1","TTC39C"
1.39212254396174e-35,-1.03271839704784,0.249,0.4,1.9613614521877e-31,"1","UBE2S"
4.11768658139377e-35,1.71812072003557,0.116,0.036,5.80140862452569e-31,"1","OSBPL5"
4.45268599823517e-35,-1.85892423233641,0.043,0.148,6.27338930291353e-31,"1","PFKFB3"
7.29864971417725e-35,2.0527244959676,0.141,0.053,1.02830675823043e-30,"1","CHST2"
2.56009982419917e-34,-2.28477774585062,0.029,0.125,3.60692464231421e-30,"1","GADD45G"
3.55654284277362e-34,-1.51372274536931,0.07,0.187,5.01081321118375e-30,"1","TCF7"
4.90078900183926e-34,1.69826757121133,0.142,0.054,6.90472162469134e-30,"1","GSAP"
7.09328444073281e-34,-1.78276050622407,0.027,0.123,9.99372844854846e-30,"1","DZIP3"
7.5577358182156e-34,-1.28451398869813,0.081,0.202,1.0648093994284e-29,"1","PPP1R14B"
8.13278570031835e-34,-1.07188148684755,0.162,0.306,1.14582817731785e-29,"1","MAFF"
9.7948048501922e-34,-1.0868233422567,0.084,0.21,1.37999005534358e-29,"1","LIMS1"
1.47656015777631e-33,1.637697419651,0.12,0.04,2.08032560629104e-29,"1","P2RY8"
1.90066193883509e-33,1.10500464526313,0.32,0.198,2.67784260562476e-29,"1","ABI3"
5.36798941078475e-33,1.50280367881988,0.179,0.08,7.56296028085464e-29,"1","RASGRP2"
8.06938065867712e-33,1.91942586668781,0.136,0.052,1.13689504100102e-28,"1","GK5"
2.64317370184795e-32,1.30623252912583,0.198,0.094,3.72396742853358e-28,"1","LPCAT1"
2.89152755452919e-32,1.28047552055266,0.236,0.127,4.07387317157617e-28,"1","PTPN12"
8.66281878823191e-32,1.23048169998029,0.213,0.106,1.22050453907399e-27,"1","PRKCB"
1.00819600998439e-31,-1.29724519949657,0.105,0.228,1.42044735846701e-27,"1","PTP4A1"
1.26014909052948e-31,-2.85701991695767,0.046,0.144,1.77542405364698e-27,"1","HSPA6"
1.85529946275554e-31,1.13987725558948,0.27,0.155,2.61393141307627e-27,"1","ITGAL"
4.90022517882517e-31,-1.17977372986476,0.087,0.206,6.90392725444679e-27,"1","TNFSF14"
2.40588118662379e-30,-1.88354852131286,0.021,0.103,3.38964600383426e-26,"1","KLHL6"
3.49519142545937e-30,-1.04023478922767,0.077,0.192,4.9243751993297e-26,"1","ECI2"
5.23089639723616e-30,-1.07397563155711,0.116,0.239,7.36980993406602e-26,"1","LGALS3"
6.30523649155566e-30,-1.01193464367146,0.164,0.297,8.88344769295277e-26,"1","CSRNP1"
7.50614732265943e-30,1.42558183434545,0.185,0.089,1.05754109628949e-25,"1","LINC00861"
8.80137494180973e-30,-1.1439617019483,0.121,0.242,1.24002571555157e-25,"1","ZC3H12A"
2.82243631361518e-29,-1.14837502727684,0.1,0.217,3.97653052225243e-25,"1","RHOB"
4.87506170371125e-29,-1.15643510019672,0.13,0.251,6.86847443435878e-25,"1","KDM6B"
7.09887808405834e-29,-1.62693776035602,0.042,0.134,1.00016093326298e-24,"1","GALNT2"
9.35464265199735e-29,1.27222264282221,0.168,0.077,1.31797560323991e-24,"1","ADRB2"
1.14940932169979e-28,1.27181880972042,0.265,0.16,1.61940279334283e-24,"1","ADD3"
1.42737915583005e-28,1.3554368455102,0.199,0.102,2.01103449264896e-24,"1","MYBL1"
1.81138052413988e-28,1.19478602765778,0.275,0.169,2.55205402046068e-24,"1","SYNE1"
1.87001724193725e-28,-1.24840491014311,0.087,0.197,2.63466729216539e-24,"1","PCID2"
1.16651267788986e-27,-1.68383691422871,0.032,0.116,1.64349971187903e-23,"1","DAPK2"
1.47832980008894e-27,-1.58285304507706,0.08,0.182,2.0828188553453e-23,"1","ATF3"
3.38677987143641e-27,-1.19781137971714,0.104,0.215,4.77163416086675e-23,"1","RANBP2"
6.46077240907448e-27,-1.23155547281318,0.074,0.176,9.10258224714503e-23,"1","SLC7A5"
7.78009483892751e-27,-1.09920913937047,0.076,0.179,1.0961375618565e-22,"1","TRAF5"
2.98007263253586e-26,1.41445573081104,0.135,0.057,4.19862433197978e-22,"1","THEMIS2"
5.67108283431999e-26,-1.34119779566791,0.04,0.126,7.98998860527344e-22,"1","GRAMD1A"
1.19474392453374e-25,1.16212093394896,0.228,0.13,1.68327471527559e-21,"1","RAB29"
1.20414322899128e-25,1.09582706189845,0.224,0.126,1.69651739532582e-21,"1","TBX21"
1.86662787195738e-25,-1.64373049330698,0.043,0.128,2.62989200880075e-21,"1","IFI44L"
2.36006536241641e-25,-1.43009536050946,0.052,0.14,3.32509608910849e-21,"1","NUDT14"
2.92828664579588e-25,-1.0190754470499,0.097,0.202,4.12566305526182e-21,"1","TNFSF10"
2.98383232009798e-25,-1.08674288779074,0.082,0.184,4.20392135578604e-21,"1","ERGIC1"
3.01752573166061e-25,-1.27254732800522,0.039,0.122,4.25139200333663e-21,"1","RNF130"
3.44860073573042e-25,-1.22818172021604,0.035,0.116,4.85873357657059e-21,"1","A1BG"
4.72972579623721e-25,-1.23847327508502,0.118,0.223,6.66371067431861e-21,"1","PDE7A"
7.67905837877197e-25,-1.08326057714306,0.083,0.184,1.08190253498518e-20,"1","DUSP10"
8.30667059282072e-25,1.09431997596182,0.234,0.137,1.17032681982251e-20,"1","PTPRE"
1.15252338156451e-24,-1.19604366150687,0.05,0.138,1.62379019228624e-20,"1","BCAS4"
1.51152831624924e-24,-1.62365080965328,0.031,0.107,2.12959224476355e-20,"1","EPS8L2"
1.74174169316302e-24,-1.05194139618897,0.098,0.202,2.45393987149738e-20,"1","PIM3"
4.83074101526582e-24,-1.61921729683207,0.046,0.128,6.80603101640801e-20,"1","KDM5B"
5.40460823475616e-24,-1.15721307451744,0.074,0.169,7.61455254194795e-20,"1","HLA-DMA"
8.7493042872983e-24,-1.6845571057439,0.038,0.116,1.23268948103746e-19,"1","P2RY10"
1.56974376080119e-23,-1.1962113712658,0.067,0.158,2.21161198459279e-19,"1","ABCB1"
2.27065292168147e-23,-1.17099408942117,0.049,0.132,3.19912290135703e-19,"1","SYPL1"
2.70478902690974e-23,1.50241462033803,0.129,0.058,3.81077726001313e-19,"1","TMEM71"
3.42322384152849e-23,-1.51312232733858,0.033,0.108,4.82298007032948e-19,"1","SUPT3H"
3.66951247675212e-23,-1.08353162903919,0.061,0.149,5.16997612849607e-19,"1","NINJ1"
9.59709784596431e-23,1.13891128038384,0.151,0.073,1.35213511551791e-18,"1","RASA3"
9.60993590548917e-23,-1.16670834874888,0.081,0.175,1.35394386972437e-18,"1","B3GNT7"
1.24798217051729e-22,-1.07197411067173,0.119,0.222,1.75828208004181e-18,"1","PHLDA1"
1.35846510242179e-22,-1.26897620043435,0.054,0.138,1.91394148280206e-18,"1","BCL2L11"
3.43455354300384e-22,-1.06222039424506,0.097,0.194,4.83894248673811e-18,"1","IER3"
5.65298674224047e-22,-1.04273240399719,0.062,0.148,7.96449302114259e-18,"1","MDFIC"
1.04045836865216e-21,-1.37085818620767,0.043,0.118,1.46590179559403e-17,"1","ICAM1"
1.24760419052247e-21,-1.31142572301304,0.066,0.15,1.75774954402711e-17,"1","MX1"
1.51769586223452e-21,1.07333596681088,0.233,0.144,2.13828170030222e-17,"1","CYTH1"
1.52579727491607e-21,-1.67080548907682,0.042,0.116,2.14969578062925e-17,"1","SFMBT2"
2.23431792014632e-21,-1.0809648257993,0.056,0.139,3.14793051769415e-17,"1","AKAP5"
3.96767691555286e-21,-1.2548238971282,0.032,0.102,5.59006000632243e-17,"1","SCCPDH"
5.25694551411595e-21,1.3334190731495,0.147,0.074,7.40651053483796e-17,"1","SLC15A4"
6.17858005253951e-21,-1.18118560019482,0.098,0.189,8.70500143602291e-17,"1","LTB"
1.17246147585961e-20,-1.05896031746092,0.099,0.19,1.6518809733386e-16,"1","ANKRD37"
1.74704248691886e-20,-1.13840557981585,0.055,0.134,2.46140815981998e-16,"1","TSPAN5"
1.76565392181815e-20,-1.34153454728857,0.068,0.149,2.48762981044959e-16,"1","CDKN1A"
2.03465204831462e-20,-1.19110610930756,0.038,0.108,2.86662127087047e-16,"1","CMTM7"
2.50337327431451e-20,-1.04674893393904,0.081,0.167,3.52700260618172e-16,"1","NUDT4"
2.97228756705392e-20,-1.00762987489737,0.094,0.184,4.18765595322227e-16,"1","SMC4"
7.1351889997606e-20,-1.33740019126902,0.033,0.1,1.00527677817627e-15,"1","SNRNP25"
7.9243866561089e-20,1.52705837835272,0.101,0.043,1.11646683597918e-15,"1","GAB3"
8.54929910034734e-20,-1.00919272052471,0.066,0.147,1.20451075024794e-15,"1","TUBA1C"
2.05392213332797e-19,-1.71829619516135,0.042,0.11,2.89377089364578e-15,"1","DNAJB4"
2.26977239277124e-19,1.14649557239064,0.172,0.097,3.19788232417541e-15,"1","RAP2B"
4.12455324049173e-19,-1.48204124634059,0.057,0.131,5.8110830605288e-15,"1","ELL2"
4.43889055547912e-19,1.13841420626693,0.239,0.157,6.25395290361453e-15,"1","GABARAP"
4.93777842814933e-19,1.07213651482053,0.169,0.094,6.95683602741958e-15,"1","CISD3"
1.28427527778462e-18,-1.1226375684868,0.059,0.134,1.80941543887075e-14,"1","CDK6"
1.32759984395017e-18,1.34236210603268,0.152,0.083,1.87045542014139e-14,"1","HIPK2"
1.4317911365052e-18,1.41253725829636,0.154,0.084,2.01725053222217e-14,"1","IGF2R"
2.09270549091545e-18,-1.34862740614843,0.045,0.113,2.94841276615078e-14,"1","SKI"
7.81266251749648e-18,1.19207727498804,0.222,0.144,1.10072602209008e-13,"1","HDDC2"
8.0236953716599e-18,1.34130674724334,0.501,0.432,1.13045844091316e-13,"1","MT2A"
9.81397271471278e-18,1.04803774638478,0.173,0.1,1.38269061577588e-13,"1","MVD"
1.12470299662783e-17,1.08087673204006,0.207,0.13,1.58459405194895e-13,"1","SYNGR1"
1.27103590285973e-17,1.10370216941089,0.146,0.079,1.79076248353907e-13,"1","PRR5"
7.14299589238105e-17,-1.321669886956,0.046,0.11,1.00637669127757e-12,"1","HELB"
1.8255242563695e-16,-1.33993831079491,0.047,0.11,2.57198112479898e-12,"1","IRS2"
3.25626643141169e-16,1.06370233880902,0.159,0.091,4.58775377521593e-12,"1","KLRG1"
4.89724559314324e-16,1.19541242270247,0.125,0.065,6.89972931617951e-12,"1","LLGL2"
6.39129816775264e-16,-1.05398612700654,0.057,0.124,9.0046999885467e-12,"1","PTTG1"
7.41233095230285e-16,1.27080937466304,0.112,0.056,1.04432330786995e-11,"1","ITGAM"
8.25225302228343e-15,1.45104057678079,0.111,0.058,1.16265992830951e-10,"1","ANXA4"
9.19014873298413e-15,1.15063432543296,0.133,0.074,1.29480005499013e-10,"1","CD226"
1.83347445347589e-14,1.02874799201034,0.139,0.079,2.58318215750218e-10,"1","STK38"
2.44307037198664e-14,1.12310522676853,0.127,0.07,3.44204184709198e-10,"1","CTBP2"
2.90205347247427e-14,-1.0030171576057,0.047,0.105,4.088703137369e-10,"1","NMT2"
2.98104569260022e-14,-1.02765508165624,0.103,0.176,4.19999527630446e-10,"1","ZFAND2A"
4.46087497671543e-14,-1.00114533704698,0.046,0.103,6.28492675469437e-10,"1","SESN1"
6.51126406685791e-14,1.18880972826692,0.109,0.057,9.1737199437961e-10,"1","DENND3"
8.64394486868603e-14,1.21480589593687,0.107,0.056,1.21784539254917e-09,"1","BCL9L"
1.1569270737862e-13,-1.12994987666811,0.061,0.121,1.62999455425738e-09,"1","DENND4A"
2.16439496166851e-13,-1.073272155032,0.051,0.108,3.04941606149477e-09,"1","TUBB2A"
2.50512728747319e-13,1.26338164125062,0.102,0.053,3.52947383532097e-09,"1","PATL2"
3.58362906750635e-13,1.03121030826929,0.161,0.1,5.0489749932097e-09,"1","ZNF276"
4.14806320451875e-13,-1.02586426549311,0.046,0.1,5.84420624884647e-09,"1","MEF2A"
4.66566726406033e-13,1.13794753445637,0.109,0.059,6.5734586083346e-09,"1","RHBDF2"
5.78764652579115e-13,-1.19259898890555,0.047,0.1,8.15421519018715e-09,"1","CTSZ"
8.41644933399353e-13,1.11282171084141,0.108,0.058,1.18579354666635e-08,"1","TMEM181"
7.48140821691556e-12,1.14920114334238,0.115,0.066,1.05405560368123e-07,"1","LAIR1"
8.90359968308001e-11,1.0578424131986,0.137,0.087,1.25442815934914e-06,"1","ZBTB44"
1.1072403291316e-10,-1.17572598554162,0.061,0.111,1.55999089971351e-06,"1","SIK3"
3.61517898240869e-10,1.21598442130437,0.104,0.061,5.0934256683156e-06,"1","TGFBR1"
2.7988796486499e-09,1.03190905966761,0.11,0.068,3.94334153698285e-05,"1","SLC2A4RG"
0,9.19152036083506,0.277,0.001,0,"5","KIF15"
0,8.96319150579515,0.269,0,0,"5","SPC24"
0,8.49971265824477,0.315,0.001,0,"5","DLGAP5"
0,7.92661019500397,0.315,0.001,0,"5","KIF2C"
0,7.71974633079139,0.362,0.001,0,"5","SPC25"
0,7.32103128918559,0.431,0.004,0,"5","ASPM"
0,7.27112037822261,0.638,0.004,0,"5","ZWINT"
0,7.21188661161538,0.462,0.007,0,"5","TOP2A"
0,7.06980083064259,0.346,0.001,0,"5","MND1"
0,6.94573944772092,0.446,0.006,0,"5","UBE2C"
0,6.9172122509933,0.4,0.003,0,"5","AURKB"
0,6.86352852106132,0.323,0.002,0,"5","HMMR"
0,6.79786116722072,0.6,0.01,0,"5","MKI67"
0,6.425773923724,0.377,0.003,0,"5","GTSE1"
0,6.41402965732579,0.9,0.018,0,"5","TYMS"
0,6.13023021946487,0.562,0.006,0,"5","TK1"
0,5.77867204843943,0.454,0.007,0,"5","CDK1"
0,5.64305962025466,0.354,0.003,0,"5","CDCA8"
0,5.62005636203161,0.554,0.007,0,"5","CDT1"
0,5.59990306819851,0.415,0.006,0,"5","BIRC5"
0,5.45818586222633,0.562,0.008,0,"5","ASF1B"
0,5.40208706594291,0.408,0.004,0,"5","RAD51AP1"
0,5.10280852993711,0.5,0.01,0,"5","TPX2"
0,4.84473925010409,0.562,0.011,0,"5","CLSPN"
0,4.76436958421023,0.562,0.011,0,"5","CENPW"
0,4.5176742980165,0.623,0.016,0,"5","CENPM"
7.90505033345994e-323,5.81557477060947,0.3,0.002,1.11374254148117e-318,"5","CDCA3"
8.65603011513864e-320,6.15085348375408,0.269,0.001,1.21954808292188e-315,"5","HJURP"
4.20733458291614e-318,7.88438882807646,0.262,0.001,5.92771369387055e-314,"5","KIF14"
8.10309377060928e-306,4.38240736325599,0.531,0.014,1.14164488134114e-301,"5","UBE2T"
5.73583786871772e-304,6.83022902880128,0.269,0.001,8.08122197323639e-300,"5","CDCA5"
2.38097170010169e-303,6.33454577491524,0.354,0.004,3.35455102827326e-299,"5","RRM2"
2.49259383277394e-300,5.07265057453245,0.469,0.01,3.51181545099521e-296,"5","GINS2"
9.0487832608099e-297,6.96905116514409,0.269,0.001,1.27488307361551e-292,"5","CKAP2L"
8.88451667673631e-294,5.87477212960883,0.323,0.003,1.25173955458538e-289,"5","CCNA2"
4.03381384090725e-281,7.20647240538174,0.246,0.001,5.68324032045422e-277,"5","MYBL2"
9.71463178628864e-281,7.32827462694358,0.277,0.002,1.36869447237021e-276,"5","CCNB2"
1.9009432182168e-279,6.23215114730095,0.262,0.001,2.67823890014566e-275,"5","CDCA2"
6.8379438327002e-279,7.54099788197261,0.238,0.001,9.63397906589132e-275,"5","DIAPH3"
6.75489693095372e-278,5.58021054383558,0.354,0.005,9.5169742860207e-274,"5","KIF11"
7.22067435623994e-277,7.70227156650583,0.254,0.001,1.01732081005064e-272,"5","CENPA"
3.16955183299372e-274,5.06379914144809,0.438,0.01,4.46558157750485e-270,"5","CENPU"
8.10026121346354e-271,6.32923855015179,0.238,0.001,1.14124580236488e-266,"5","PKMYT1"
2.63410918569794e-266,6.3455233444575,0.292,0.003,3.71119643172983e-262,"5","CDC45"
3.12235369653342e-259,5.23638681285344,0.538,0.019,4.39908412304593e-255,"5","NUSAP1"
1.18209982709075e-257,6.13469934550246,0.277,0.003,1.66546044638816e-253,"5","KIF23"
1.09044623650354e-256,5.12518001290034,0.377,0.007,1.53632970260983e-252,"5","NUF2"
2.49277577642328e-256,5.52197968988469,0.292,0.003,3.51207179140276e-252,"5","NCAPG"
2.98454494332049e-253,5.56498882760357,0.269,0.002,4.20492537064424e-249,"5","ESCO2"
7.70220729088049e-253,4.13982003801124,0.431,0.011,1.08516398521215e-248,"5","GGH"
2.82696098221627e-252,8.62709102964211,0.192,0,3.9829053278445e-248,"5","ANLN"
7.91211108721316e-239,4.69531395480656,0.423,0.012,1.11473733107746e-234,"5","CDKN3"
1.56370845192321e-235,3.91406470989007,0.5,0.018,2.2031088379146e-231,"5","MCM4"
1.90588021595143e-233,4.81566375889656,0.277,0.003,2.68519463625397e-229,"5","NCAPH"
1.96545744434424e-233,5.17348801070069,0.231,0.002,2.7691329933366e-229,"5","FOXM1"
6.58463222590736e-232,3.9669459494807,0.385,0.009,9.27708834308088e-228,"5","BRCA1"
1.53786311444458e-227,6.46491822083666,0.2,0.001,2.16669534194096e-223,"5","MELK"
3.00925893108565e-223,6.04010874357885,0.208,0.001,4.23974490800657e-219,"5","CEP55"
4.1757910966853e-222,4.21050077794473,0.431,0.014,5.88327207611992e-218,"5","MCM2"
4.38990875064041e-220,6.48570924059034,0.2,0.001,6.18494243877728e-216,"5","KIF4A"
9.16338288935102e-220,4.5069925416348,0.362,0.009,1.29102901528067e-215,"5","TCF19"
7.94877254648187e-218,5.24091905835679,0.554,0.027,1.11990256407383e-213,"5","CENPF"
3.12540646603261e-217,4.25807489575405,0.362,0.009,4.40338516999335e-213,"5","PRC1"
1.36526490998483e-216,5.57621819118159,0.231,0.002,1.92352173167763e-212,"5","FAM111B"
1.86231158859921e-216,5.73540127647136,0.231,0.002,2.62381079717742e-212,"5","RAD51"
1.06498541289446e-213,3.5341757023106,0.585,0.029,1.500457948227e-209,"5","MAD2L1"
3.69101279636173e-213,5.91190769168617,0.2,0.001,5.20026792879405e-209,"5","PBK"
2.60215556612747e-211,3.83268114421137,0.538,0.025,3.66617697711699e-207,"5","DHFR"
3.1565627487763e-211,5.19358414089248,0.231,0.002,4.44728125675092e-207,"5","SHCBP1"
2.07687430248754e-209,3.34132508303545,0.569,0.028,2.9261082047747e-205,"5","CENPH"
1.5420234781824e-208,6.69546263722257,0.215,0.002,2.17255687841118e-204,"5","PLK1"
1.50665224998194e-198,5.35745248048082,0.208,0.002,2.12272235499955e-194,"5","SKA3"
2.5222753870452e-197,4.73153330689932,0.238,0.003,3.55363379280798e-193,"5","DEPDC1B"
2.61513264925395e-196,3.63285822542154,0.431,0.016,3.68446038953389e-192,"5","CENPN"
2.21303607176779e-195,3.53216261424401,0.7,0.05,3.11794652151363e-191,"5","SMC2"
2.52034092837662e-193,6.13226021516728,0.185,0.001,3.55090833398982e-189,"5","MCM10"
6.69709187644358e-193,3.89217140925781,0.354,0.01,9.43553274472136e-189,"5","ORC6"
9.09400719103041e-193,5.54033131061259,0.215,0.002,1.28125467314427e-188,"5","TROAP"
3.5166082222368e-192,4.90751211580362,0.346,0.01,4.95454932430943e-188,"5","CENPE"
1.1381715210409e-189,7.98569985057943,0.146,0,1.60356985599452e-185,"5","NEIL3"
4.04834670618469e-189,5.55808608890042,0.2,0.002,5.70371567434361e-185,"5","DTL"
4.06385942112393e-187,6.19166185866282,0.185,0.001,5.7255715384215e-183,"5","BUB1B"
4.1522719798633e-183,3.83555991954998,0.385,0.014,5.8501359924294e-179,"5","CHEK1"
4.16572070705627e-181,5.58468123872478,0.185,0.001,5.86908390417158e-177,"5","POLQ"
5.45294858329048e-180,4.05439082536068,0.392,0.015,7.68265925899795e-176,"5","CDCA7"
3.86211005237417e-179,3.40207599055713,0.531,0.029,5.44132685278997e-175,"5","FEN1"
1.23944267016958e-176,4.26127130922152,0.277,0.006,1.74625077800193e-172,"5","CDCA7L"
4.11983668436062e-170,5.03797389332074,0.185,0.002,5.80443790459568e-166,"5","NEK2"
6.7664428077336e-170,3.50530837290078,0.315,0.009,9.53324127181587e-166,"5","NCAPG2"
6.89973112843415e-170,5.28118726946094,0.192,0.002,9.72103118685087e-166,"5","CDC6"
6.41560659284186e-169,4.43234617924704,0.338,0.011,9.0389481286549e-165,"5","BUB1"
4.53545889205629e-164,4.16708506614715,0.254,0.005,6.39000803301811e-160,"5","POC1A"
2.26384716874371e-161,3.1988003840964,0.415,0.019,3.18953427604301e-157,"5","CCDC34"
6.34388695154158e-161,2.79958626067309,0.669,0.054,8.93790232602694e-157,"5","DTYMK"
2.52494604623286e-160,6.14267765326515,0.154,0.001,3.55739648453748e-156,"5","ORC1"
1.12864068077938e-159,6.85880269172127,0.131,0,1.59014185515006e-155,"5","CIT"
1.48299961438352e-158,3.10783511515851,0.692,0.061,2.08939815670495e-154,"5","MCM7"
2.72275387037861e-157,3.7220507578491,0.362,0.014,3.83608792797643e-153,"5","FANCI"
1.06381988159962e-156,3.74080273850923,0.4,0.019,1.4988158311857e-152,"5","NDC80"
5.7329872751699e-156,4.81109413708805,0.185,0.002,8.07720577198688e-152,"5","DSCC1"
6.23201393406756e-156,3.54724785979184,0.546,0.038,8.78028443170779e-152,"5","HELLS"
1.92881623743119e-152,3.83864445861326,0.331,0.012,2.7175091969168e-148,"5","BRCA2"
2.05223914524093e-152,4.94148191840023,0.162,0.001,2.89139973172995e-148,"5","OIP5"
1.79765071241541e-151,4.28424543092617,0.977,0.176,2.53271008872207e-147,"5","STMN1"
1.8971463235271e-150,4.45166467524589,0.262,0.007,2.67288945521733e-146,"5","RMI2"
1.09600358586409e-147,3.17407628736305,0.477,0.029,1.54415945212392e-143,"5","LIG1"
3.18587479897981e-147,5.49112232845303,0.162,0.002,4.48857900428265e-143,"5","GINS1"
2.18396052087954e-146,2.50851449393355,0.631,0.052,3.07698197786719e-142,"5","CENPK"
2.19377042157236e-145,3.06706161459449,0.677,0.064,3.0908031469533e-141,"5","MCM5"
2.69475231021384e-144,3.42527721851553,0.385,0.019,3.79663652986028e-140,"5","ATAD5"
5.91806131420093e-144,2.67574971820158,0.692,0.065,8.3379565855777e-140,"5","TMEM106C"
2.36704052363219e-142,3.97484784374859,0.208,0.004,3.3349233937454e-138,"5","PRR11"
1.09257405566818e-141,5.46863106961412,0.246,0.007,1.5393275870309e-137,"5","CDC20"
1.73670365977828e-141,3.48599092102634,0.438,0.026,2.44684178626161e-137,"5","RNASEH2A"
8.8275795080661e-141,3.32065191228035,0.308,0.011,1.24371767689143e-136,"5","PAQR4"
1.95742433360631e-140,3.33458368924069,0.354,0.016,2.75781514361793e-136,"5","CHAF1A"
4.59231691796308e-139,7.49879478957255,0.115,0,6.47011530571818e-135,"5","E2F8"
1.71804535609386e-138,5.2175303077427,0.169,0.002,2.42055410220064e-134,"5","BRIP1"
2.28626347301647e-137,4.01495734336482,0.315,0.013,3.2211166071329e-133,"5","MXD3"
3.34966433298273e-136,2.51526401298564,0.554,0.043,4.71934207873936e-132,"5","RRM1"
6.14740637975633e-134,5.66535631602059,0.123,0.001,8.66108084843869e-130,"5","KIF18B"
7.03758072058836e-134,5.95885121342011,0.123,0.001,9.91524747723693e-130,"5","KIF20A"
6.27241873718048e-133,3.57471085889069,0.262,0.008,8.83721075881358e-129,"5","RACGAP1"
1.43672359680965e-132,3.85347445759523,0.231,0.006,2.02419987554512e-128,"5","CCNF"
5.6691273080927e-132,4.26370083973958,0.177,0.003,7.98723346437181e-128,"5","TRIP13"
6.10952805681101e-131,5.96955883921689,0.131,0.001,8.60771407924103e-127,"5","XRCC2"
3.24173378986351e-130,3.50378500684725,0.354,0.018,4.5672787365387e-126,"5","HMGB3"
5.81799290088894e-129,2.63191531856062,0.662,0.067,8.19697019806243e-125,"5","SNRNP25"
8.97485026095371e-129,6.74733449110161,0.108,0,1.26446665326577e-124,"5","CDC25C"
1.24349096665275e-128,2.74165219470513,0.585,0.052,1.75195442291706e-124,"5","PHF19"
7.93845406592585e-127,2.68926505216161,0.446,0.03,1.11844879334829e-122,"5","PRIM1"
1.45170862642276e-126,3.54477525952582,0.254,0.008,2.04531228376703e-122,"5","KNSTRN"
2.90479370818659e-125,2.94881723868236,0.385,0.022,4.09256385546408e-121,"5","WDR76"
3.16377380349846e-125,5.06103221989832,0.131,0.001,4.45744091174897e-121,"5","SKA1"
1.05494666445721e-123,4.61212590934395,0.169,0.003,1.48631435555376e-119,"5","PLK4"
3.03111266531851e-123,4.37301456567578,0.231,0.007,4.27053463416725e-119,"5","E2F1"
4.64653277423768e-123,2.70076324203609,0.508,0.041,6.54650002562346e-119,"5","GMNN"
2.7770524362395e-122,2.99765032316576,0.792,0.111,3.91258917741784e-118,"5","PCNA"
2.75162712377191e-121,5.32269174692358,0.123,0.001,3.87676745468225e-117,"5","DEPDC1"
5.69615211621267e-121,6.84881390771437,0.108,0,8.02530871653203e-117,"5","APOBEC3B"
4.15832857495607e-119,4.41516858475685,0.277,0.011,5.85866912925561e-115,"5","CCNB1"
2.76440358767018e-118,2.75931673798007,0.346,0.019,3.89476821466852e-114,"5","MIS18A"
1.11042261478028e-115,2.97166679263812,0.362,0.021,1.56447442196394e-111,"5","FBXO5"
1.44816264638358e-114,2.82450535191516,0.546,0.052,2.04031635248983e-110,"5","ATAD2"
1.13164936487418e-113,3.41142276131492,0.208,0.006,1.59438079017124e-109,"5","PSMC3IP"
2.11438158659432e-113,2.50221810818209,0.7,0.084,2.97895221735274e-109,"5","DNAJC9"
3.30762537518126e-112,3.04556894843391,0.323,0.017,4.66011339109288e-108,"5","RFC5"
9.35960392084529e-109,3.06869117635873,0.262,0.011,1.31867459640789e-104,"5","ARHGAP11A"
7.63793887581114e-108,3.53267825222333,0.3,0.015,1.07610920821303e-103,"5","SAC3D1"
1.73932429213456e-106,2.70470652536464,0.308,0.016,2.45053399518838e-102,"5","CDK2"
1.4753998917325e-105,3.00583147455165,0.331,0.019,2.07869090746192e-101,"5","DSN1"
8.57839035374842e-105,2.1562838950458,0.746,0.1,1.20860941693962e-100,"5","CCDC167"
9.81183772761762e-105,2.51006390994558,0.446,0.037,1.38238981744405e-100,"5","BARD1"
7.69664724390288e-104,2.67650601884839,0.315,0.018,1.08438063019348e-99,"5","PXMP2"
9.83407933497465e-103,2.90618703160144,0.285,0.014,1.38552343750458e-98,"5","POLA2"
8.7765406256222e-102,2.95863259257547,0.485,0.046,1.23652680874391e-97,"5","MCM6"
2.99496496733117e-101,2.83940265356026,0.292,0.016,4.21960614247289e-97,"5","NRM"
1.52656292608846e-99,4.12759068094313,0.146,0.003,2.15077450656603e-95,"5","DNA2"
1.55221078656213e-99,2.03939014102828,0.677,0.087,2.18690977718739e-95,"5","NUDT1"
2.73898389290604e-99,2.26887576357919,0.469,0.042,3.85895440671533e-95,"5","HIRIP3"
3.85131446316259e-98,5.65030479060449,0.1,0.001,5.42611694714978e-94,"5","ESPL1"
4.18487890556279e-97,4.99815448433402,0.108,0.001,5.89607589004742e-93,"5","TRAIP"
1.23086593799913e-96,2.80119159495037,0.254,0.012,1.73416702004697e-92,"5","RFC3"
1.90821940996703e-96,2.39313111230005,0.469,0.044,2.68849032670254e-92,"5","HADH"
1.85263951002307e-95,2.62065875377019,0.577,0.069,2.61018380567151e-91,"5","MCM3"
2.26447688076433e-95,3.49940126406261,0.2,0.007,3.19042147730887e-91,"5","PARPBP"
3.17011053130068e-95,2.47275010751277,0.292,0.017,4.46636872754953e-91,"5","TUBG1"
4.70255655857491e-95,2.79025167961079,0.9,0.195,6.62543193537619e-91,"5","DUT"
3.93995665796765e-94,4.12495385609528,0.123,0.002,5.55100493541062e-90,"5","PSRC1"
4.44629069497046e-94,2.30352932316478,0.569,0.066,6.26437896014388e-90,"5","EZH2"
1.52136654233002e-93,2.12185201357276,0.623,0.078,2.14345332148876e-89,"5","CBX5"
2.14836062874422e-93,2.58090264291596,0.515,0.056,3.02682528983773e-89,"5","KIF20B"
8.22425926288406e-93,5.41686314787641,0.1,0.001,1.15871588754774e-88,"5","E2F2"
1.06521497736697e-92,2.03310227098128,0.662,0.088,1.50078138161232e-88,"5","SKA2"
4.0275355655247e-92,2.7296213918935,0.423,0.038,5.67439485826775e-88,"5","TACC3"
6.33197728949521e-90,3.21461404347183,0.215,0.009,8.92112280316979e-86,"5","FANCD2"
9.06522326461252e-90,4.08858004216953,0.169,0.005,1.27719930575126e-85,"5","POLE2"
2.94619118253517e-89,4.24998840777111,0.115,0.002,4.15088875707381e-85,"5","RECQL4"
1.20848448649825e-88,3.16845973016599,0.215,0.009,1.70263379302738e-84,"5","TIMELESS"
1.7534746115087e-88,2.06191986808492,0.431,0.04,2.4704703801546e-84,"5","IFI27L1"
2.70607709236595e-87,2.54094085545046,0.4,0.036,3.81259201543438e-83,"5","RFC4"
1.43396854379742e-86,2.00612247617457,0.423,0.039,2.02031828135618e-82,"5","BCL2L12"
2.78032545476097e-85,2.03781683911987,0.677,0.101,3.91720053321273e-81,"5","USP1"
1.23949574151796e-83,5.47723823866596,0.1,0.001,1.74632555022465e-79,"5","TTK"
1.45223509109551e-83,3.6550401413098,0.154,0.005,2.04605401984447e-79,"5","CENPO"
1.74699712890178e-83,2.2639588640443,0.715,0.117,2.46134425490971e-79,"5","TMPO"
1.13549034733199e-82,3.58067813637145,0.146,0.004,1.59979235035603e-78,"5","ZNF367"
4.90846400246791e-82,1.7014290862156,0.446,0.046,6.91553493307704e-78,"5","ACOT7"
8.49329286365078e-82,2.36881103969778,0.408,0.039,1.19662003155976e-77,"5","PAICS"
1.6968141467226e-81,3.3953617255152,0.131,0.003,2.39064145131747e-77,"5","DDIAS"
2.22251831212644e-80,2.549640590433,0.254,0.015,3.13130604995495e-76,"5","FANCG"
7.93273250088524e-79,2.3510905382143,0.254,0.015,1.11764268204972e-74,"5","SLC43A3"
1.20422140609582e-78,2.04488770577567,0.477,0.055,1.6966275390484e-74,"5","ITGB3BP"
6.25161423491812e-78,2.07724607306862,0.838,0.172,8.80789929557613e-74,"5","CARHSP1"
1.29509474896316e-77,2.62449321407246,0.292,0.021,1.82465899181419e-73,"5","AURKA"
1.14851027686909e-76,2.03641762222959,0.492,0.06,1.61813612908086e-72,"5","RFC2"
1.28597804235232e-76,2.73632068085326,0.238,0.014,1.81181446387018e-72,"5","GPSM2"
1.56975984929131e-76,2.31246674310082,0.331,0.028,2.21163465166653e-72,"5","NUDT8"
3.12832018495651e-76,3.08583133969228,0.208,0.01,4.40749030858523e-72,"5","KNTC1"
4.96662668717658e-76,1.97792756414435,0.562,0.077,6.99748033956308e-72,"5","SAE1"
1.31629246546086e-75,3.30105013178258,0.169,0.007,1.85452445458781e-71,"5","CHAF1B"
3.35352995515843e-75,1.96710101327153,0.531,0.07,4.72478835382271e-71,"5","CDK4"
7.54999410074186e-73,3.5657985402191,0.131,0.004,1.06371866885352e-68,"5","STIL"
2.79949313929432e-72,2.26138474888761,0.369,0.036,3.94420588395177e-68,"5","CDCA4"
4.10389562328253e-72,2.19750812906169,0.277,0.02,5.78197854364275e-68,"5","SHMT1"
4.22470469482412e-72,3.87709223000146,0.123,0.003,5.95218644453771e-68,"5","SPAG5"
1.47368697489418e-71,2.73580274711958,0.585,0.093,2.07627757892842e-67,"5","PTTG1"
2.68862147083006e-71,2.1393632287737,0.369,0.037,3.78799879025247e-67,"5","MSH2"
1.18372190724241e-70,2.55216390820163,0.262,0.019,1.66774579511383e-66,"5","ZWILCH"
2.78003675987959e-70,1.91478998263104,0.385,0.04,3.91679379099435e-66,"5","NCAPH2"
6.9386980819888e-70,2.08187598500191,0.377,0.039,9.77593172771401e-66,"5","CAMK1"
7.40749568550066e-70,1.76980857996861,0.592,0.09,1.04364206713019e-65,"5","IMPDH2"
1.57377705906084e-69,3.16406508711734,0.177,0.008,2.21729449851082e-65,"5","KIF18A"
3.56047567834185e-69,1.69875189759132,0.769,0.149,5.01635418321584e-65,"5","RPA3"
5.73464570297932e-69,1.55967426370461,0.823,0.164,8.07954233092756e-65,"5","PSMC3"
1.79167480846996e-68,3.13726555152433,0.177,0.008,2.52429063765332e-64,"5","PHGDH"
1.84378225073395e-68,2.56982501098906,0.692,0.144,2.59770481305906e-64,"5","SMC4"
4.62243871782821e-68,1.96443897451337,0.485,0.065,6.51255390954816e-64,"5","KIF22"
1.59313472588616e-67,1.81348164533103,0.777,0.16,2.24456751530102e-63,"5","DNMT1"
1.60177728157761e-67,1.92546273088053,0.738,0.144,2.25674401201469e-63,"5","DDX39A"
2.02699142134833e-67,1.62591520230376,0.608,0.096,2.85582821353767e-63,"5","PRDX3"
2.66617721867925e-67,2.93560062324759,0.169,0.008,3.7563770833972e-63,"5","CEP85"
9.45079172844589e-67,3.25128528796301,0.154,0.006,1.33152204662074e-62,"5","ECT2"
3.78268779243755e-66,3.08365201220091,0.123,0.004,5.32942883076527e-62,"5","NRGN"
9.83343414781181e-66,3.01246368738186,0.138,0.005,1.38543253708521e-61,"5","SUV39H2"
1.02058955671408e-65,3.28358492750501,0.131,0.004,1.43790862645447e-61,"5","ARHGEF39"
1.407210156569e-64,1.61280809782509,0.438,0.055,1.98261838959007e-60,"5","TEX30"
4.73753332042316e-64,1.99372854109847,0.4,0.047,6.67471069514419e-60,"5","MTHFD1"
4.93353094576524e-64,2.90548131901393,0.192,0.011,6.95085174948864e-60,"5","WDHD1"
4.36786462862255e-63,2.7367322261582,0.192,0.011,6.15388447526631e-59,"5","SPDL1"
1.20352753582052e-62,1.54715572062558,0.569,0.091,1.69564994521754e-58,"5","LMNB1"
2.55722646273384e-62,2.14758847165944,0.308,0.029,3.60287636334571e-58,"5","TTF2"
7.92455307930807e-62,2.92876327824863,0.185,0.01,1.11649028334371e-57,"5","POLA1"
8.67326190185493e-62,2.38862721987974,0.331,0.035,1.22197586935234e-57,"5","UNG"
1.69860690722062e-61,2.65727748152187,0.185,0.01,2.39316727158314e-57,"5","CCNE2"
1.92736126493227e-61,1.87838069720783,0.362,0.041,2.71545928616308e-57,"5","RBBP8"
2.17045675429242e-60,2.30074531587702,0.308,0.031,3.05795652112258e-56,"5","NCAPD3"
3.00104648559481e-60,3.69678102349748,0.154,0.007,4.22817439355453e-56,"5","NPW"
3.24021264922208e-60,1.67249864376643,0.369,0.043,4.56513560148899e-56,"5","NUP37"
5.44604581108e-60,1.95331899955988,0.923,0.305,7.67293394323061e-56,"5","ANP32B"
7.93596800541803e-60,1.69343506352262,0.508,0.077,1.11809853228335e-55,"5","TPGS2"
2.22012144606253e-59,2.75160942495533,0.177,0.01,3.1279291053575e-55,"5","CENPP"
2.76308782662962e-59,1.46847502849835,0.7,0.138,3.89291443893847e-55,"5","RNASEH2B"
3.25599177312686e-59,1.62435859210437,0.477,0.069,4.58736680915843e-55,"5","VRK1"
4.0175703960952e-59,2.98941300810984,0.162,0.008,5.66035493105853e-55,"5","TMEM237"
6.57260636150828e-59,1.41629105628569,0.423,0.056,9.26014510272902e-55,"5","RUVBL2"
1.52325583893377e-58,1.85726023268577,0.308,0.031,2.14611515147378e-54,"5","GAMT"
1.78566366631973e-58,2.82483932089211,0.946,0.371,2.51582153947786e-54,"5","HMGB2"
3.8959993890242e-58,2.8906585261698,0.962,0.496,5.48907353919619e-54,"5","TUBA1B"
4.04226088529195e-58,2.30713627327638,0.962,0.456,5.69514136128783e-54,"5","HMGN2"
6.66694556101275e-58,1.78683285968506,0.315,0.033,9.39305960091087e-54,"5","RHNO1"
6.76651537462942e-58,2.1515028117483,0.385,0.049,9.53334351131539e-54,"5","POLD2"
7.95163309017649e-58,2.43917131863969,0.185,0.011,1.12030558607497e-53,"5","PARP2"
1.07947637262529e-57,1.16474135525245,0.708,0.137,1.52087426139177e-53,"5","SMS"
1.49823609679231e-57,1.38833260607994,0.477,0.07,2.11086483677069e-53,"5","POP7"
8.67862309724714e-57,1.59930557299507,0.562,0.097,1.22273120817115e-52,"5","DNPH1"
1.60846220877318e-56,3.74274924286299,0.108,0.003,2.26616240594054e-52,"5","SAPCD2"
2.29522937508507e-56,1.29317477143104,0.477,0.071,3.23374866655735e-52,"5","MAGOHB"
1.34545104573031e-55,2.54623198451505,0.162,0.009,1.89560597832944e-51,"5","RCCD1"
2.69992910139779e-55,1.46658345810297,0.669,0.133,3.80393011095935e-51,"5","MAD2L2"
4.1468084893354e-55,1.56038827347361,0.377,0.048,5.84243848062464e-51,"5","MYCBP"
7.38019203955371e-55,2.24163597409152,0.269,0.026,1.03979525645272e-50,"5","LRR1"
1.1797483681462e-54,1.42078386048737,0.654,0.128,1.66214747588118e-50,"5","HPRT1"
3.64909596830759e-54,2.03525235235024,0.392,0.054,5.14121130974856e-50,"5","CKAP2"
4.69262830084477e-54,1.68961337381647,0.9,0.265,6.6114440130602e-50,"5","RANBP1"
5.66156534618072e-54,1.44840731646131,0.508,0.083,7.97657941623402e-50,"5","DPM2"
7.68811425869672e-54,1.39928197164093,0.446,0.066,1.08317841790778e-49,"5","ACYP1"
2.17045823895176e-53,2.05966623144327,0.285,0.029,3.05795861285913e-49,"5","NCAPD2"
2.68162789492372e-53,1.38402495558959,0.562,0.1,3.77814554115803e-49,"5","GLO1"
6.76961447887919e-53,1.75359764460874,0.785,0.202,9.53770983929289e-49,"5","NUCB2"
7.94708653349533e-53,1.85014314324471,0.223,0.018,1.11966502170416e-48,"5","HAUS8"
1.32458665674213e-52,1.87091107061126,0.285,0.03,1.86621014068398e-48,"5","BLM"
1.46341080825235e-52,2.6969727290327,0.138,0.007,2.06179948774673e-48,"5","INCENP"
1.47898836988034e-52,1.58945509792156,0.431,0.064,2.08374671432441e-48,"5","YEATS4"
3.38384976236577e-52,1.46411697448565,0.623,0.124,4.76750593019714e-48,"5","TMEM14C"
3.99356653034527e-52,1.33141149061756,0.562,0.102,5.62653588460345e-48,"5","PPIH"
7.11171669297087e-52,1.42395891902111,0.531,0.093,1.00196976487267e-47,"5","SSRP1"
8.68038177392693e-52,1.48325916609406,0.546,0.099,1.22297898812857e-47,"5","ZDHHC12"
1.04154630138287e-51,1.21007747821597,0.638,0.127,1.46743458401833e-47,"5","HINT2"
3.02636526743154e-51,1.29060078113006,0.738,0.165,4.2638460252843e-47,"5","RBBP7"
5.72963913505736e-51,2.26385090208874,0.208,0.017,8.07248857738231e-47,"5","RFWD3"
7.51596963541066e-51,1.58144655798964,0.415,0.061,1.05892496193301e-46,"5","ACAT2"
8.05562507882104e-51,1.65958841635294,0.315,0.037,1.1349570173551e-46,"5","MYL6B"
9.38656668636591e-51,2.87845275767618,0.115,0.005,1.32247338044209e-46,"5","MTFR2"
1.04348939553788e-50,2.01092032043702,0.238,0.022,1.47017220937332e-46,"5","CEP152"
1.71029121478258e-50,1.45433999720674,0.362,0.048,2.40962929250718e-46,"5","TOPBP1"
1.93064940244251e-50,1.72851947100725,0.477,0.081,2.72009194310125e-46,"5","DCTPP1"
2.60085798986875e-50,1.68060725833352,0.569,0.111,3.66434882192609e-46,"5","NME1"
2.67339526080492e-50,3.51332638396572,0.108,0.004,3.76654658294805e-46,"5","DERL3"
3.24512640587851e-50,1.73041289348672,0.254,0.025,4.57205859324223e-46,"5","CENPJ"
4.88619116958126e-50,2.77447928836082,0.177,0.012,6.88415473882304e-46,"5","POLE"
6.30064818158954e-50,1.78907769185839,0.485,0.084,8.8769832230415e-46,"5","TFDP1"
6.32335770256083e-50,1.62394672824451,0.862,0.251,8.90897866713795e-46,"5","SIVA1"
6.64327394146595e-50,1.65622777381402,0.938,0.34,9.35970865613138e-46,"5","DEK"
7.91954194416793e-50,1.19060456144655,0.377,0.052,1.11578426451382e-45,"5","RAD51C"
1.0963663663422e-49,1.4337710189815,0.354,0.047,1.54467057353953e-45,"5","DENND6B"
1.43608662857443e-49,1.43113469719788,0.492,0.085,2.02330245099851e-45,"5","TIMM10"
2.61218520361115e-49,2.19184513922309,0.262,0.027,3.68030773336775e-45,"5","PIF1"
3.121299047489e-49,1.33488155324891,0.8,0.2,4.39759822800725e-45,"5","LSM5"
3.6592538291316e-49,1.68961578047021,0.446,0.074,5.15552271986351e-45,"5","CDKN2C"
4.07559754927847e-49,1.90576123596313,0.269,0.029,5.74210938717843e-45,"5","FANCL"
4.63840721267081e-49,1.68341668571516,0.592,0.121,6.5350519219319e-45,"5","HMGA1"
5.35126843975386e-49,1.53033801547683,0.354,0.047,7.53940210476921e-45,"5","PMM1"
5.68645392825934e-49,1.34466717772055,0.877,0.243,8.01164493952459e-45,"5","SNRPD1"
8.38317226079938e-49,1.45208913362308,0.592,0.12,1.18110513982402e-44,"5","SMC1A"
1.2145577713724e-48,1.53029936416068,0.846,0.245,1.71119044408658e-44,"5","IDH2"
1.48571649609601e-48,2.26815604204885,0.208,0.017,2.09322597134966e-44,"5","FIGNL1"
1.75432921917212e-48,1.37662398255086,0.446,0.072,2.47167443689159e-44,"5","SCCPDH"
1.90742970037259e-48,3.18311156122722,0.115,0.005,2.68737770485495e-44,"5","ASRGL1"
2.21294188920263e-48,1.48509221777242,0.708,0.167,3.11781382769758e-44,"5","CD38"
3.66818820142499e-48,1.46421298285987,0.431,0.068,5.16811035698767e-44,"5","ADSL"
3.99194895184021e-48,1.98903132943843,0.208,0.018,5.62425687824767e-44,"5","PIDD1"
4.35375711951096e-48,1.09643241573591,0.569,0.108,6.13400840567899e-44,"5","EXOSC8"
2.10247198077441e-47,2.42452877494156,0.154,0.01,2.96217277371307e-43,"5","PRELID2"
2.30592924083781e-47,2.03508806988162,0.2,0.017,3.24882370741639e-43,"5","CEP57L1"
2.3213566504303e-47,1.49634993154824,0.392,0.059,3.27055938479125e-43,"5","CCDC28B"
2.88538693817363e-47,1.24104519052931,0.5,0.089,4.06522165719283e-43,"5","BOLA3"
2.94754235797545e-47,2.13943816110471,0.231,0.022,4.15279242815161e-43,"5","LRRC45"
6.49080963301607e-47,1.64972753518121,0.315,0.04,9.14490169195634e-43,"5","SEPHS1"
1.35123298664478e-46,2.85005512306744,0.138,0.008,1.90375215488382e-42,"5","CNTLN"
2.05625064844437e-46,1.46071628581029,0.338,0.046,2.89705153859328e-42,"5","THOC3"
2.36200074516497e-46,1.11790902307455,0.554,0.107,3.32782284986292e-42,"5","UQCC2"
3.12784251237654e-46,1.70180170812786,0.308,0.039,4.4068173156873e-42,"5","EMC9"
9.73161629322238e-46,1.07661973516313,0.469,0.081,1.3710874195521e-41,"5","VPS25"
1.80452518013774e-45,1.83212086703188,0.223,0.021,2.54239552629606e-41,"5","LMNB2"
4.27867922932199e-45,2.36934794056799,0.146,0.009,6.02823116619176e-41,"5","CHEK2"
5.55423113877161e-45,2.72972987066591,0.138,0.008,7.82535625141532e-41,"5","NET1"
6.41572965537332e-45,1.24500641681827,0.754,0.189,9.03912151145547e-41,"5","ETFB"
9.3459393442407e-45,1.52765677839536,0.231,0.023,1.31674939421007e-40,"5","SMCO4"
1.36234764722389e-44,1.55716791587574,0.908,0.324,1.91941160017374e-40,"5","NUCKS1"
1.40356314736534e-44,1.35084060779996,0.285,0.034,1.97748011832303e-40,"5","COPRS"
2.48074049099241e-44,1.20046673198992,0.492,0.092,3.4951152777592e-40,"5","POLR3K"
3.64957408227801e-44,1.70094621453528,0.277,0.033,5.14188492452149e-40,"5","CCDC18"
3.94004579744184e-44,1.31789313179712,0.408,0.066,5.55113052401581e-40,"5","HAUS1"
1.6384548377663e-43,1.99522876967442,0.215,0.021,2.30841902092894e-39,"5","CTNNAL1"
1.66219935721575e-43,2.97655839340253,0.131,0.008,2.34187267438127e-39,"5","ARHGAP33"
2.22559413032046e-43,1.396116139536,0.462,0.084,3.1356395702085e-39,"5","GGCT"
2.68539716025088e-43,1.77250891478748,0.246,0.027,3.78345605907746e-39,"5","BUD13"
3.09227810957662e-43,2.16416452024124,0.223,0.023,4.35671062858251e-39,"5","MMS22L"
5.21501423302615e-43,1.0330097474397,0.485,0.09,7.34743355291054e-39,"5","PPA2"
5.8188089750345e-43,1.2857016352529,0.331,0.047,8.19811996492611e-39,"5","ACTL6A"
6.92249132106436e-43,1.37974278810501,0.446,0.08,9.75309802224757e-39,"5","GMPS"
9.51203849945385e-43,1.34500542643215,0.5,0.098,1.34015110418805e-38,"5","PMVK"
1.64153052671195e-42,1.55110803550082,0.946,0.472,2.31275235908446e-38,"5","RAN"
3.35807174994724e-42,2.26471589436383,0.138,0.009,4.73118728850067e-38,"5","IMPA2"
4.19907900890677e-42,1.21755376717048,0.362,0.055,5.91608241564875e-38,"5","THOC6"
4.2963641002824e-42,1.41396777459423,0.577,0.129,6.05314738088787e-38,"5","MIS18BP1"
5.37796490260446e-42,2.82475779096231,0.1,0.004,7.57701475127942e-38,"5","GINS3"
6.62840168139885e-42,2.11798293250615,0.185,0.016,9.33875512892283e-38,"5","CBR3"
6.83077171550447e-42,1.39825258535675,1,0.769,9.62387426997424e-38,"5","HMGB1"
6.94258396849118e-42,1.27925608528155,0.723,0.188,9.78140655320722e-38,"5","RNASEH2C"
7.45503223464412e-42,1.79037210497933,0.254,0.03,1.05033949153901e-37,"5","CSE1L"
7.86811236345274e-42,1.05078287474708,0.7,0.17,1.10853835088686e-37,"5","NDUFB6"
1.05249307436235e-41,1.66344354756554,0.215,0.022,1.48285749246912e-37,"5","BRI3BP"
1.06391387922874e-41,1.53957137030347,0.446,0.083,1.49894826444538e-37,"5","RPA1"
1.34860224899027e-41,1.9223816389535,0.246,0.028,1.90004570860239e-37,"5","POLD3"
1.56176062874199e-41,1.66158911372402,0.254,0.03,2.20036454983459e-37,"5","AHCY"
1.60100776857183e-41,1.27598712307191,0.746,0.199,2.25565984514085e-37,"5","TALDO1"
1.74140633772706e-41,2.08667771525047,0.231,0.025,2.45346738922366e-37,"5","DONSON"
1.9129346969873e-41,1.61640956562976,0.315,0.045,2.6951336945854e-37,"5","MSH6"
3.03799197200223e-41,1.33500884602823,0.354,0.055,4.28022688935394e-37,"5","TP53"
4.07840371355299e-41,1.90051578526598,0.246,0.029,5.74606299202481e-37,"5","TIPIN"
4.31305600200367e-41,1.00048347963314,0.5,0.097,6.07666460122296e-37,"5","HDAC2"
4.69362942108758e-41,1.45209836263529,0.308,0.043,6.61285449137029e-37,"5","MLH1"
6.66403469167733e-41,1.94913735812494,0.208,0.021,9.38895847710419e-37,"5","DDX11"
7.05778097488403e-41,1.47662345529669,0.338,0.052,9.94370761551411e-37,"5","ECI1"
7.10052868317529e-41,1.42348427992457,0.377,0.062,1.00039348617257e-36,"5","PAFAH1B3"
9.03389119622341e-41,1.31305621662842,0.777,0.221,1.27278493063592e-36,"5","LSM4"
1.07108115564913e-40,1.66717469561345,0.223,0.024,1.50904624019405e-36,"5","PCBD2"
1.57486496701797e-40,1.23575911990747,0.838,0.251,2.21882725203161e-36,"5","LSM3"
2.07134440689562e-40,1.60024367117568,0.285,0.038,2.91831713487524e-36,"5","PRIM2"
2.59198345288681e-40,1.26169604828794,0.492,0.099,3.65184548677223e-36,"5","FAM111A"
3.13996462864929e-40,1.24999835532614,0.746,0.205,4.42389616530399e-36,"5","PSIP1"
3.41559951173073e-40,1.02330853405279,0.638,0.148,4.81223815207743e-36,"5","AKR7A2"
3.46955362498174e-40,1.08959248832339,0.354,0.055,4.88825410223677e-36,"5","GSS"
5.89816561613724e-40,1.21801921037102,0.692,0.178,8.30992553657576e-36,"5","SMC3"
6.82260904458441e-40,1.73312963427212,0.292,0.04,9.61237388291497e-36,"5","NIPSNAP3A"
6.97959511830892e-40,2.47045628460947,0.131,0.008,9.83355156218543e-36,"5","CHTF18"
8.71309767571581e-40,1.29262442918192,0.431,0.079,1.2275883315316e-35,"5","PDS5B"
1.00733154878424e-39,1.25400018455846,0.654,0.162,1.41922941908212e-35,"5","SLBP"
1.067795431406e-39,1.47939728461157,0.223,0.024,1.50441698330792e-35,"5","SASS6"
1.30869371591338e-39,2.27392675660201,0.123,0.007,1.84381857635036e-35,"5","GSTCD"
1.58913343003167e-39,1.1677822952099,0.4,0.07,2.23893008957161e-35,"5","EXOSC3"
1.81852626631648e-39,1.47161688383168,0.277,0.037,2.56212165661329e-35,"5","SAMD1"
1.8496799366732e-39,1.00619085460658,0.4,0.069,2.60601406277888e-35,"5","NABP2"
2.05012440081576e-39,1.10534171049544,0.377,0.063,2.88842026830932e-35,"5","NTAN1"
2.20790151570087e-39,1.44173660730777,0.369,0.061,3.11071244547096e-35,"5","OXCT1"
2.66469853444261e-39,1.2417358227904,0.792,0.229,3.75429376517619e-35,"5","HNRNPAB"
2.82254113950908e-39,2.39567124363943,0.169,0.014,3.97667821145434e-35,"5","MTHFD1L"
4.24295472415369e-39,1.00826638935418,0.554,0.121,5.97789891086014e-35,"5","TMEM141"
5.79997783032613e-39,1.33863154118049,0.338,0.053,8.17158876514648e-35,"5","HACD3"
6.09034812755595e-39,1.23087424668476,0.377,0.064,8.58069147691357e-35,"5","TMEM18"
6.34141971609534e-39,1.08700474507345,0.523,0.11,8.93442623800672e-35,"5","RTN3"
7.03687128058189e-39,1.96078686588951,0.262,0.034,9.91424794721182e-35,"5","CKAP5"
8.18775554881523e-39,2.08999528719757,0.262,0.034,1.15357287927258e-34,"5","OAS3"
8.37169997662773e-39,1.65988567315657,0.285,0.039,1.17948880970708e-34,"5","DPF3"
8.39926087840062e-39,1.20502488008992,0.892,0.292,1.18337186515786e-34,"5","CBX3"
1.20302595022594e-38,1.28335151457903,0.454,0.089,1.69494326127333e-34,"5","SNRPA"
1.2302409770882e-38,1.59246920218179,0.485,0.103,1.73328651261956e-34,"5","CD9"
1.33501834513642e-38,1.08806155673598,0.677,0.17,1.8809073464627e-34,"5","PMF1"
1.36441369926435e-38,1.77383202744734,0.208,0.022,1.92232246089354e-34,"5","COQ2"
1.71012354134177e-38,1.05084752949938,0.569,0.127,2.40939305739641e-34,"5","PSMD14"
1.86471835018041e-38,1.25355447418095,0.831,0.263,2.62720168356918e-34,"5","ANAPC11"
2.76639887238198e-38,1.3367889442544,0.746,0.216,3.89757937129897e-34,"5","ARL6IP4"
2.98519582274057e-38,2.08407267377542,0.177,0.016,4.20584239465919e-34,"5","SCMH1"
4.03260855846331e-38,-2.14984569855179,0.262,0.85,5.68154219801896e-34,"5","HLA-B"
4.80997710447357e-38,1.74213013585827,0.192,0.019,6.77677674249282e-34,"5","LRRCC1"
5.0714434867428e-38,1.66835869082368,0.262,0.034,7.14515672847193e-34,"5","NUP93"
6.05389386302442e-38,2.19223379222642,0.154,0.012,8.5293310636151e-34,"5","POLD1"
7.47009944196905e-38,1.22895344011077,0.454,0.09,1.05246231037902e-33,"5","RTCB"
7.83535371563008e-38,1.51815258384783,0.977,0.501,1.10392298499512e-33,"5","ENO1"
9.40689005628348e-38,1.05294542876215,0.7,0.182,1.32533674002978e-33,"5","PARP1"
1.04587564591634e-37,1.40457323550499,0.7,0.197,1.47353419753153e-33,"5","RAD21"
1.24924994678206e-37,1.15389816750983,0.446,0.087,1.76006825002124e-33,"5","PSMD1"
1.33981913030655e-37,1.73571387800814,0.254,0.033,1.88767117268889e-33,"5","HSDL2"
4.28108677829826e-37,1.14957771449011,0.346,0.057,6.03162316194441e-33,"5","CNP"
5.39830072855888e-37,1.12662977437902,0.631,0.158,7.6056658964666e-33,"5","ZCRB1"
5.76547522493087e-37,1.36586304249423,0.923,0.35,8.12297804440511e-33,"5","CALM3"
5.7697770334676e-37,1.27729704756551,0.338,0.055,8.1290388624525e-33,"5","PRPS2"
7.37398424036188e-37,1.3755122334769,0.315,0.049,1.03892063962459e-32,"5","MGME1"
7.96285315557904e-37,1.04879660033646,0.462,0.093,1.12188638108953e-32,"5","SF3A2"
9.43197537290161e-37,1.33018951819582,0.254,0.033,1.32887101028811e-32,"5","SMUG1"
1.0799243119026e-36,1.65634497101157,0.192,0.02,1.52150536303957e-32,"5","MPP1"
1.31096372171792e-36,1.4400323389657,0.623,0.166,1.84701678752838e-32,"5","ITM2C"
1.57799598806517e-36,1.21130783634153,0.515,0.114,2.22323854758501e-32,"5","SUZ12"
1.61776573563165e-36,1.03596181023872,0.392,0.071,2.27927014493144e-32,"5","PRPSAP1"
1.87191836496508e-36,1.839578512002,0.192,0.02,2.63734578439931e-32,"5","CENPQ"
2.99474304972363e-36,1.22319070234558,0.331,0.054,4.21929348275563e-32,"5","SLC39A4"
3.00306620665501e-36,1.09206261925341,0.485,0.102,4.23101997855624e-32,"5","SNX10"
3.31356322073715e-36,1.10380178872474,0.431,0.084,4.66847922169657e-32,"5","EIF4EBP1"
3.5404737917468e-36,1.10428341905063,0.531,0.12,4.98817352519206e-32,"5","BAZ1B"
5.43506996251372e-36,1.02248415434282,0.431,0.085,7.65747007018558e-32,"5","HMGXB4"
7.99424531258678e-36,1.92349262128595,0.138,0.011,1.12630922209035e-31,"5","ARHGAP19"
8.98608592025248e-36,1.52785997716728,0.254,0.034,1.26604964530437e-31,"5","PRADC1"
9.45891485678437e-36,1.14241923326022,0.869,0.284,1.33266651417235e-31,"5","RALY"
1.09572267705749e-35,1.14084041178413,1,0.884,1.54376367970629e-31,"5","GAPDH"
1.31003628277718e-35,1.37643890021495,0.315,0.05,1.84571011880477e-31,"5","N4BP2"
1.34599428935566e-35,1.0491102244314,0.762,0.216,1.89637135427319e-31,"5","ILF2"
1.4550036084433e-35,1.30167124813843,0.277,0.04,2.04995458393576e-31,"5","MMAB"
1.52208134132785e-35,1.92278176247716,0.485,0.113,2.1444604017968e-31,"5","TUBA1C"
1.68775787898683e-35,1.68617555103474,0.915,0.397,2.37788207570454e-31,"5","COTL1"
1.78529843158031e-35,1.16582438348859,0.846,0.267,2.5153069602535e-31,"5","SNRPE"
1.83841942052738e-35,1.1773691186594,0.615,0.157,2.59014912158103e-31,"5","SLC25A39"
2.10857092510873e-35,1.07017899116114,0.385,0.071,2.97076557638569e-31,"5","FAM207A"
2.30278094397452e-35,1.03296709220959,0.523,0.117,3.2443880719657e-31,"5","GUSB"
2.92729590546191e-35,1.66972097093904,0.2,0.022,4.12426720120529e-31,"5","LRRC42"
3.32526891548044e-35,1.2684606242101,0.331,0.055,4.68497137502039e-31,"5","SERPINE2"
3.47406873254894e-35,1.20953507986558,0.385,0.071,4.8946154372882e-31,"5","ISOC2"
7.53219908339145e-35,1.558809518603,0.254,0.035,1.06121152885902e-30,"5","ANKRD26"
7.93676962532379e-35,1.23092618781066,0.362,0.065,1.11821147251187e-30,"5","RCC2"
8.47008524534037e-35,1.21985330110542,0.846,0.287,1.193350310216e-30,"5","SNRPF"
1.23905763742432e-34,1.53727070036636,0.185,0.019,1.74570830536713e-30,"5","TSPAN4"
1.59925522972995e-34,-1.36450387839923,1,1,2.25319069316652e-30,"5","KLRC2"
1.97823054728202e-34,2.8252432274553,0.108,0.007,2.78712901806563e-30,"5","NCS1"
2.18668884224205e-34,1.38009114142555,0.285,0.043,3.08082590983482e-30,"5","GALK1"
2.60114022047517e-34,1.02205112294037,0.662,0.18,3.66474645662747e-30,"5","FABP5"
3.5766539256583e-34,1.04592501909202,0.554,0.132,5.03914771585998e-30,"5","LAGE3"
3.68235541498535e-34,2.56718121783017,0.131,0.01,5.18807054417287e-30,"5","SLC29A1"
4.7037375928151e-34,1.85195121866602,0.177,0.018,6.62709589451719e-30,"5","SKP2"
4.76639100620528e-34,1.27932040402172,0.269,0.039,6.71536828864262e-30,"5","PDLIM7"
5.64693710669612e-34,1.09443977072899,0.723,0.211,7.95596968962416e-30,"5","PPM1G"
5.74542325488722e-34,1.41451676662934,0.277,0.042,8.09472682381061e-30,"5","BCKDK"
5.99150954400851e-34,1.93698828989276,0.123,0.009,8.44143779655359e-30,"5","RFX2"
9.42177806034044e-34,1.0850190668501,0.5,0.113,1.32743431092137e-29,"5","CD151"
1.10484229373925e-33,1.04731076431591,0.492,0.112,1.55661230764923e-29,"5","COMMD4"
1.10838230740973e-33,1.30627428571481,0.331,0.057,1.56159983290956e-29,"5","SPATS2L"
1.3522527317843e-33,1.62802919828357,0.192,0.022,1.90518887381091e-29,"5","PGAP2"
1.53175283044544e-33,2.24551724375014,0.138,0.011,2.15808656281459e-29,"5","ZGRF1"
1.63466182364139e-33,1.19691650479909,0.462,0.101,2.30307504332836e-29,"5","TSPAN5"
2.36244983180515e-33,1.37379769721766,0.331,0.058,3.32845556803027e-29,"5","SHMT2"
2.43552449116383e-33,1.16626812017781,0.838,0.291,3.43141045560072e-29,"5","BANF1"
2.72836895251296e-33,1.38238662664221,0.231,0.03,3.84399901719551e-29,"5","ARMC6"
3.86109426096729e-33,1.23912969339915,0.408,0.083,5.43989570427682e-29,"5","APOBEC3H"
5.57774541102152e-33,1.18620119443488,0.231,0.031,7.85848550958822e-29,"5","PAAF1"
5.62725097012175e-33,1.04553007417187,0.408,0.082,7.92823389180453e-29,"5","TMEM14A"
7.79992170645414e-33,1.20506532518144,0.438,0.094,1.09893096922232e-28,"5","MZT1"
7.80803232483988e-33,1.48615536240588,0.269,0.041,1.10007367424669e-28,"5","GCSH"
1.17860649656407e-32,2.21011957393917,0.131,0.01,1.66053869300912e-28,"5","EFCAB11"
1.47218099931025e-32,1.21403966668182,0.9,0.361,2.07415580992822e-28,"5","COX5A"
1.91844270887686e-32,1.2801387816088,0.3,0.05,2.7028939325366e-28,"5","FN3KRP"
2.78427067855397e-32,1.27662930296846,0.269,0.041,3.92275895901469e-28,"5","REEP4"
2.91800055123048e-32,1.14260951269755,0.269,0.041,4.11117097662862e-28,"5","ACADS"
4.5257003321741e-32,1.02420767286335,0.469,0.105,6.37625919800009e-28,"5","CPSF6"
4.81112514600665e-32,2.07440507585954,0.2,0.024,6.77839421820877e-28,"5","MASTL"
6.34008631102811e-32,1.12350168681653,0.4,0.082,8.93254760360751e-28,"5","CCDC14"
6.42013688517548e-32,1.08430653325323,0.285,0.046,9.04533085752373e-28,"5","TOR2A"
7.62759899148501e-32,1.21925246041804,0.369,0.072,1.07465242191032e-27,"5","EIF1AY"
8.40885469616495e-32,2.1606364424794,0.131,0.011,1.18472353814268e-27,"5","FANCB"
9.85607729924564e-32,2.00927284107781,0.131,0.011,1.38862273069072e-27,"5","CHAC2"
1.00766118925245e-31,1.21442769610726,0.531,0.135,1.41969384953778e-27,"5","PRKDC"
1.12070578901706e-31,1.47706320206892,0.169,0.018,1.57896238614614e-27,"5","GINS4"
1.15279122373881e-31,1.01119661813348,0.385,0.077,1.6241675551256e-27,"5","EBNA1BP2"
1.20249638002779e-31,2.0887219596092,0.177,0.02,1.69419714982116e-27,"5","B3GNTL1"
1.27794318135321e-31,1.32299803665985,0.254,0.038,1.80049414820853e-27,"5","CPSF3"
1.40191749903704e-31,1.10895344168694,0.354,0.067,1.97516156439329e-27,"5","R3HDM1"
1.45382240198956e-31,1.02962978143092,0.408,0.085,2.04829038216309e-27,"5","KLHDC3"
1.52721355512968e-31,1.46946039854933,0.269,0.042,2.1516911778222e-27,"5","DYRK4"
2.68322402478931e-31,-1.52477183907281,0.962,0.935,3.78039432852566e-27,"5","BTG1"
2.95259143164283e-31,1.29654329815925,0.262,0.04,4.15990606804158e-27,"5","FSD1"
4.05171615367141e-31,1.0644886295529,0.215,0.028,5.70846288890766e-27,"5","AAAS"
5.67186054083395e-31,2.03680977893872,0.254,0.039,7.99108431598096e-27,"5","EPAS1"
5.74150955070689e-31,1.92801072899984,0.138,0.012,8.08921280599094e-27,"5","TMEM97"
8.12379546319147e-31,1.00761433843793,0.331,0.061,1.14456154280905e-26,"5","SVBP"
8.82614425323351e-31,1.15166185360728,0.262,0.041,1.24351546383807e-26,"5","HSD17B4"
1.05771462853512e-30,1.18357649596279,0.946,0.452,1.49021414014313e-26,"5","COX8A"
1.06113233568925e-30,1.10712925943357,0.877,0.327,1.49502934775259e-26,"5","PKM"
1.31333295320098e-30,1.72476091059545,0.192,0.024,1.85035479776486e-26,"5","PRR4"
2.1765101136453e-30,1.05608072819138,0.7,0.212,3.06648509911486e-26,"5","NHP2"
2.58605953263005e-30,2.34353126488847,0.138,0.013,3.64349927552248e-26,"5","COL23A1"
4.01434362142522e-30,1.02559704317229,0.569,0.151,5.655808728226e-26,"5","SVIP"
4.02539475082232e-30,1.20843207022107,0.931,0.44,5.67137866443356e-26,"5","SLC25A5"
4.31244740870683e-30,1.14460558930326,0.346,0.067,6.07580715412705e-26,"5","PIGX"
4.60874958735822e-30,1.03671787349656,0.323,0.06,6.493267293629e-26,"5","MCMBP"
5.29242919495533e-30,2.00157775619616,0.123,0.01,7.45650349277256e-26,"5","BORA"
5.66493160602803e-30,1.22969083059086,0.3,0.053,7.98132213973289e-26,"5","CDKN2A"
6.41868967665706e-30,1.09802743263501,0.969,0.509,9.04329188544213e-26,"5","HMGN1"
7.1057653859194e-30,1.11276299666725,0.585,0.161,1.00113128522218e-25,"5","EBP"
8.61560799657256e-30,1.30078405249067,0.277,0.046,1.21385301063711e-25,"5","MRTO4"
1.08310908163557e-29,1.10336305644507,0.662,0.199,1.52599238511636e-25,"5","ANP32E"
1.48112592131507e-29,1.02517536018251,0.3,0.053,2.08675831054081e-25,"5","MKKS"
1.75105803652345e-29,1.32930445133692,0.238,0.036,2.46706566765789e-25,"5","KMT5A"
1.84022385880469e-29,1.02232207070687,0.8,0.274,2.59269139466993e-25,"5","PGAM1"
1.91023880125759e-29,1.43140871951363,0.138,0.013,2.69133544709182e-25,"5","SLC37A4"
1.97055576042475e-29,1.43534381703829,0.269,0.045,2.77631601086243e-25,"5","ISYNA1"
2.38643992354484e-29,1.15922751764885,0.208,0.028,3.36225520828233e-25,"5","ICMT"
2.94189258787774e-29,1.54797385803999,0.169,0.019,4.14483246706095e-25,"5","ACP2"
5.15750979950308e-29,1.39111249036121,0.2,0.027,7.2664155565199e-25,"5","SLC27A2"
5.98354676287081e-29,1.16435182829017,0.169,0.019,8.43021903420869e-25,"5","CLN6"
6.48077435002354e-29,1.26486946573347,0.277,0.048,9.13076298174817e-25,"5","FH"
7.63201518629065e-29,2.11148870978105,0.115,0.009,1.07527461959649e-24,"5","SOST"
7.68162171064772e-29,1.04435814554925,0.908,0.347,1.08226368281316e-24,"5","SNRPG"
8.22939240057248e-29,1.38044620670532,0.277,0.048,1.15943909531666e-24,"5","SPECC1"
1.13626741766797e-28,1.10655994331543,0.792,0.284,1.6008871647524e-24,"5","NASP"
1.57926520866397e-28,1.18718439657034,0.269,0.046,2.22502675248667e-24,"5","CASP2"
1.86637786282596e-28,1.80828591274927,0.154,0.017,2.62953977093549e-24,"5","MCM8"
1.88644101840667e-28,1.35915340511868,0.285,0.051,2.65780675083315e-24,"5","MCUR1"
1.97163239533219e-28,1.23024878312323,0.246,0.039,2.77783288178352e-24,"5","TIMM23"
1.99092874351416e-28,1.10547999431497,0.454,0.11,2.8050195067371e-24,"5","NDFIP2"
2.33887245526531e-28,1.18354541215555,0.323,0.063,3.2952374022233e-24,"5","SUSD3"
2.39764478501564e-28,1.37800071134936,0.231,0.035,3.37804173760853e-24,"5","XRCC1"
2.47221355236175e-28,2.3464798609357,0.115,0.009,3.48310167392247e-24,"5","NEMP1"
2.7621384299365e-28,1.47249244114711,0.208,0.029,3.89157683393753e-24,"5","SLC38A5"
2.77383487913265e-28,1.14114801944452,0.277,0.048,3.90805596120998e-24,"5","METTL21A"
2.79356265602169e-28,1.09043892511486,0.254,0.041,3.93585042606896e-24,"5","CRACR2B"
3.08453993613411e-28,1.63096640461128,0.2,0.027,4.34580831601935e-24,"5","UBR7"
3.76329385255139e-28,1.28069976728728,0.292,0.053,5.30210470885965e-24,"5","DERA"
3.86745035813586e-28,1.33267965650827,0.231,0.035,5.44885080957761e-24,"5","FADD"
4.10216462698765e-28,2.45141665260366,0.146,0.015,5.7795397429629e-24,"5","TIE1"
4.84376960453138e-28,1.23037771996758,0.269,0.046,6.82438699582426e-24,"5","ADCY3"
5.8678456903684e-28,1.86103953838519,0.123,0.011,8.26720779316004e-24,"5","EXO5"
5.90450524540546e-28,1.28606839701494,0.2,0.027,8.31885744025175e-24,"5","SENP1"
6.19103244907715e-28,1.56012102161637,0.192,0.026,8.7225456175048e-24,"5","ACAD9"
7.02105845776994e-28,1.70610300959378,0.138,0.014,9.89196926115206e-24,"5","ANKRD35"
7.49481944306205e-28,1.62258946934765,0.238,0.038,1.05594511133301e-23,"5","USP18"
8.67709467732288e-28,1.08414400780882,0.385,0.085,1.22251586908802e-23,"5","COMTD1"
1.13454272368635e-27,1.08538744479459,0.208,0.029,1.5984572434017e-23,"5","WEE1"
1.1766930247587e-27,1.28360681802922,0.231,0.036,1.65784280258253e-23,"5","CTPS1"
1.22203037957904e-27,1.02113007141841,0.692,0.223,1.72171860178891e-23,"5","C1QBP"
1.34704532771131e-27,1.09843270105474,0.523,0.143,1.89785216221247e-23,"5","SUPT16H"
1.47120834754399e-27,1.4315760911601,0.246,0.04,2.07278544085472e-23,"5","CDKAL1"
2.06644376324923e-27,1.05339938558973,0.746,0.257,2.91141261804185e-23,"5","CAPG"
3.54104775248022e-27,1.35126221547102,0.2,0.028,4.98898217846938e-23,"5","SLC25A40"
3.79649675154599e-27,1.11927315711964,0.908,0.402,5.34888427325315e-23,"5","LDHB"
4.35227441862519e-27,1.04173452780166,0.946,0.457,6.13191942840103e-23,"5","SNRPB"
5.57606167391714e-27,1.02472735677473,0.262,0.045,7.85611329238185e-23,"5","HAUS6"
5.94177367563967e-27,1.24873651957055,0.308,0.06,8.37136493160873e-23,"5","CDK5RAP2"
6.41938611131555e-27,1.21121615733199,0.185,0.024,9.04427309223249e-23,"5","ZNF814"
7.77516650549477e-27,1.50907296222955,0.138,0.014,1.09544320895916e-22,"5","MYEF2"
8.1935861291167e-27,1.85847576875691,0.131,0.013,1.15439434973125e-22,"5","FAM83D"
8.80017758228701e-27,1.26871623732035,0.246,0.041,1.23985701956842e-22,"5","HSPA14"
9.00844947091549e-27,1.0262106466829,0.908,0.431,1.26920044595728e-22,"5","MZT2B"
1.11212878153857e-26,1.23119770242759,0.269,0.048,1.56687824030969e-22,"5","PRPF19"
1.38276634841642e-26,2.51212407709533,0.208,0.031,1.94817950828389e-22,"5","MAML3"
1.40348064285276e-26,2.27171275350186,0.108,0.009,1.97736387771525e-22,"5","NREP"
1.47750479879578e-26,1.96742386384402,0.131,0.013,2.08165651102337e-22,"5","THEMIS"
1.68127778437811e-26,1.97169956544699,0.123,0.012,2.36875227041032e-22,"5","ZNF829"
1.96910439263307e-26,1.79766455727087,0.131,0.013,2.77427117878073e-22,"5","RHOBTB2"
1.98136239247895e-26,1.35705512227637,0.146,0.016,2.79154147476359e-22,"5","VAC14"
2.18356160537569e-26,1.20762389918536,0.285,0.053,3.07641994581381e-22,"5","ADK"
2.53998890210786e-26,1.85942965180915,0.146,0.016,3.57859036417977e-22,"5","CSTF2"
3.09756647224799e-26,1.11224066631322,0.238,0.039,4.36416140275019e-22,"5","FUNDC1"
3.35847071273064e-26,1.0666335516418,0.254,0.044,4.7317493871662e-22,"5","PHTF2"
4.22305410089717e-26,1.49258232138591,0.246,0.042,5.94986092275402e-22,"5","PCNT"
4.74655464449736e-26,1.10915173448995,0.231,0.038,6.68742083863233e-22,"5","MLST8"
5.80003333547871e-26,1.05448412170906,0.715,0.248,8.17166696635595e-22,"5","CKS2"
7.91086475476633e-26,1.71190376303058,0.131,0.013,1.11456173529903e-21,"5","NDC1"
9.82521054249745e-26,1.0027988767465,0.292,0.057,1.38427391333247e-21,"5","FBXO22"
1.10072259483133e-25,2.11021387153576,0.169,0.022,1.55080806385786e-21,"5","WWOX"
1.32787781879336e-25,1.13619057313045,0.315,0.065,1.87084705889797e-21,"5","NDUFAF4"
1.35845497862991e-25,1.24222950628323,0.969,0.609,1.91392721939167e-21,"5","GSTP1"
1.66692845984088e-25,1.20079438479466,0.192,0.028,2.34853550706981e-21,"5","SAAL1"
1.70852851995689e-25,1.20024354818853,0.208,0.032,2.40714583176726e-21,"5","KLHL23"
2.05494012786399e-25,1.07462468277662,0.3,0.06,2.89520514614758e-21,"5","AP1S1"
2.68559859247825e-25,1.24658362518222,0.223,0.036,3.78373985694261e-21,"5","PELP1"
2.92239505840471e-25,1.25598622002787,0.292,0.058,4.1173623977864e-21,"5","PGM2"
4.33294132377867e-25,1.52370883590908,0.177,0.024,6.10468103107177e-21,"5","CENPL"
4.48643031490517e-25,1.21673786271741,0.231,0.039,6.32093167066989e-21,"5","GTF2H3"
5.21697557898045e-25,1.46436888557821,0.223,0.037,7.35019689322556e-21,"5","HNRNPLL"
5.67966686641537e-25,1.25345320318921,0.231,0.039,8.00208264809261e-21,"5","FECH"
6.28583038560389e-25,1.39531759399777,0.169,0.022,8.85610643027732e-21,"5","TTI2"
6.30782880041844e-25,1.06010106379087,0.246,0.043,8.88709999690954e-21,"5","GPN3"
8.22171008337263e-25,1.07248445603813,0.223,0.037,1.15835673364637e-20,"5","FZR1"
8.66704579761622e-25,1.73408835849235,0.2,0.031,1.22110008242615e-20,"5","MYO1E"
9.18511227762245e-25,1.18893157212027,0.262,0.049,1.29409046879423e-20,"5","AFAP1L2"
9.27402075258933e-25,1.88180205770575,0.154,0.019,1.30661678383231e-20,"5","TIMM21"
9.65488859673767e-25,1.89969827601678,0.115,0.011,1.36027725439437e-20,"5","TSPAN13"
9.76411471739319e-25,1.00028202155198,0.223,0.037,1.37566612253353e-20,"5","SIGMAR1"
1.06239389921941e-24,1.08582443883513,0.3,0.061,1.49680676461023e-20,"5","CINP"
1.73568572542231e-24,1.05278643893063,0.192,0.028,2.44540761854749e-20,"5","ZFYVE19"
1.90597990323653e-24,1.44627439747383,0.2,0.031,2.68533508566994e-20,"5","BOLA1"
1.9060266083516e-24,2.29234278570902,0.1,0.008,2.68540088850657e-20,"5","SMIM10"
2.75191430553035e-24,1.59839123880571,0.138,0.016,3.87717206506172e-20,"5","ZNF85"
3.2711805797736e-24,1.38501973123666,0.169,0.023,4.60876631884302e-20,"5","INAFM1"
3.40585896997173e-24,1.15308520437449,0.292,0.06,4.79851470279317e-20,"5","OAS1"
3.8514063798209e-24,1.78301740783085,0.123,0.013,5.42624644852966e-20,"5","FAM166B"
4.98953931811847e-24,1.40038352998647,0.208,0.033,7.02976194529711e-20,"5","MIR181A1HG"
5.40178101711068e-24,1.06477437663996,0.215,0.036,7.61056927500724e-20,"5","CEP295"
5.47530097395973e-24,1.02463975844675,0.954,0.565,7.71415154221186e-20,"5","PPDPF"
5.49836315964438e-24,1.62875114436372,0.146,0.018,7.74664385562296e-20,"5","TST"
5.89897764296757e-24,1.22602000878908,0.208,0.033,8.31106960117701e-20,"5","XRCC4"
6.4465977929566e-24,1.52444260275026,0.162,0.021,9.08261163049655e-20,"5","TIMM8A"
9.77022397289032e-24,-1.27178929191681,0.954,0.871,1.37652685554052e-19,"5","DDX5"
1.00157615138793e-23,1.37253593327581,0.131,0.014,1.41112063969046e-19,"5","FKBPL"
1.30149952945056e-23,1.51467125275261,0.146,0.018,1.83368268704289e-19,"5","CPOX"
1.65935568010171e-23,1.6223473459064,0.123,0.013,2.3378662176953e-19,"5","SNX8"
1.65966741348234e-23,1.28403311091592,0.162,0.022,2.33830541885528e-19,"5","FDXR"
1.96153516512991e-23,1.05706742050618,0.185,0.028,2.76360689415153e-19,"5","G6PC3"
2.08284326575729e-23,1.21058721179062,0.185,0.028,2.93451787712545e-19,"5","NUDCD1"
2.23742268671115e-23,1.82685052197895,0.115,0.012,3.15230482330733e-19,"5","MESP1"
2.44682217229124e-23,1.41797735824452,0.138,0.016,3.44732775854113e-19,"5","CEP41"
2.52115835467383e-23,1.0233805679431,0.208,0.034,3.55206000589996e-19,"5","DOHH"
3.03865136656106e-23,1.04054204798806,0.3,0.064,4.28115591034787e-19,"5","ERI3"
3.58434331353806e-23,2.16250388428634,0.1,0.009,5.04998129444377e-19,"5","MACC1"
4.26799669318504e-23,1.51099996436474,0.169,0.024,6.0131805410284e-19,"5","TMEM39B"
4.38168200232639e-23,1.99250411125335,0.1,0.009,6.17335177307765e-19,"5","SUV39H1"
4.81534034736578e-23,1.32426110809927,0.154,0.02,6.78433301540364e-19,"5","LHPP"
4.83904225437777e-23,2.08713687413091,0.108,0.01,6.81772663219285e-19,"5","DNAH14"
5.67273201996404e-23,1.06776791905505,0.277,0.057,7.99231214292734e-19,"5","SLF2"
5.81515954784715e-23,1.28858807997225,0.2,0.033,8.19297828696185e-19,"5","CENPV"
6.5109072220118e-23,1.42708545015329,0.2,0.033,9.17321718509243e-19,"5","REC8"
7.07497913624628e-23,1.51552815346888,0.138,0.017,9.96793810505738e-19,"5","BDH1"
1.14875156679676e-22,1.46057412020732,0.154,0.02,1.61847608245995e-18,"5","GPA33"
1.26871689151639e-22,1.02483353094984,0.246,0.047,1.78749522845745e-18,"5","BLVRA"
1.28000726887255e-22,1.04518572222875,0.254,0.049,1.80340224111454e-18,"5","ACOT9"
1.30588099740895e-22,1.04691574842316,0.215,0.037,1.83985573724948e-18,"5","REPS1"
1.78829333243176e-22,1.50440365622081,0.146,0.019,2.51952647606311e-18,"5","MCEE"
1.88236706559735e-22,1.91139479376715,0.123,0.014,2.65206695872011e-18,"5","CCDC77"
1.92362619342383e-22,2.22826318712068,0.1,0.009,2.71019694391484e-18,"5","GEN1"
1.92645230042836e-22,1.2639031108904,0.154,0.021,2.71417864607352e-18,"5","UCK2"
2.11066818728511e-22,1.12117132384813,0.192,0.031,2.973720409066e-18,"5","AIMP2"
2.44722102958736e-22,1.23911491595783,0.154,0.021,3.44788970858564e-18,"5","GEMIN2"
2.47074496044887e-22,1.05383661218409,0.2,0.033,3.48103257477641e-18,"5","FBXO4"
2.74872550708999e-22,1.66648889011864,0.108,0.011,3.87267936693909e-18,"5","VANGL1"
3.82014766305732e-22,1.40533092669396,0.192,0.031,5.38220604248146e-18,"5","SFR1"
4.00527290389329e-22,1.52772063347189,0.115,0.012,5.64302899429526e-18,"5","EAF2"
4.13957534579619e-22,1.43202121747145,0.154,0.021,5.83224770469225e-18,"5","NEK6"
4.63293764950103e-22,1.31358677897726,0.2,0.034,6.527345854382e-18,"5","SH2B3"
4.77674881324401e-22,1.06201223687727,0.2,0.033,6.72996140297948e-18,"5","FAHD2A"
5.00481726805061e-22,1.9857448500589,0.1,0.009,7.0512870489565e-18,"5","KHK"
5.4159390602139e-22,1.75853063585549,0.1,0.009,7.63051654193536e-18,"5","COQ3"
6.03613695916864e-22,1.3333502566416,0.162,0.023,8.50431336177269e-18,"5","NUP188"
6.71909636126326e-22,1.73177613700238,0.123,0.014,9.4665348633838e-18,"5","CEP128"
9.29738632453312e-22,1.44635045164513,0.131,0.016,1.30990875926347e-17,"5","CCHCR1"
1.78422843160652e-21,1.3889092902214,0.138,0.018,2.51379943729043e-17,"5","WRAP53"
1.88769121066015e-21,1.38150997633719,0.154,0.022,2.65956814669909e-17,"5","ZNF714"
1.99709631242133e-21,1.16865013740627,0.138,0.018,2.81370899457041e-17,"5","GSTZ1"
2.15898498289282e-21,1.30875857215453,0.154,0.022,3.0417939423977e-17,"5","CCDC88A"
2.71035005047867e-21,1.0525122633199,0.208,0.037,3.81861218611939e-17,"5","GOT1"
2.81737972756032e-21,1.39004976405153,0.131,0.016,3.96940629815973e-17,"5","NCOA5"
3.0696546950305e-21,1.26086572139172,0.185,0.03,4.32483649982847e-17,"5","SFXN4"
3.43771164661427e-21,1.1199232369794,0.215,0.039,4.84339193891485e-17,"5","IFT52"
3.46566891539153e-21,1.01418192629013,0.162,0.024,4.88278093489512e-17,"5","PPP2R1B"
4.67588518145355e-21,1.56210878127447,0.108,0.011,6.5878546321499e-17,"5","RMI1"
4.68504663445271e-21,1.35910824104935,0.385,0.104,6.60076220328042e-17,"5","CDK6"
5.67334643538516e-21,1.11147646771635,0.208,0.037,7.99317779281416e-17,"5","CEP44"
8.26198868914771e-21,1.2973032440981,0.215,0.04,1.16403158641402e-16,"5","FARSB"
8.70345645708207e-21,1.22999643176407,0.508,0.165,1.22622998023829e-16,"5","KPNA2"
9.07765235607414e-21,1.29038500384596,0.185,0.031,1.27895044044728e-16,"5","TUBGCP3"
9.95435681113999e-21,1.03265347940272,0.162,0.024,1.40246933112151e-16,"5","ENO2"
9.98649336617628e-21,1.21185783943481,0.146,0.02,1.40699705036058e-16,"5","TUBGCP5"
1.06908827841853e-20,1.46283146855809,0.138,0.018,1.50623847546387e-16,"5","CCDC51"
1.12391750124345e-20,1.41114794582057,0.146,0.02,1.58348736750189e-16,"5","ABHD11"
1.19986340873411e-20,1.2840588185075,0.185,0.031,1.69048755656549e-16,"5","HSF2"
1.48209237088373e-20,1.99484107176326,0.108,0.012,2.08811994133809e-16,"5","MORN2"
1.93085562733468e-20,1.09377790157412,0.138,0.019,2.72038249335183e-16,"5","KLHL22"
2.13398315879784e-20,1.56031431697368,0.123,0.015,3.00656887243028e-16,"5","ZW10"
2.20982053686482e-20,1.06396873136551,0.231,0.046,3.11341615438884e-16,"5","COG4"
2.27244555707535e-20,1.18345226650024,0.208,0.038,3.20164854536346e-16,"5","GEMIN6"
2.34142554357325e-20,1.2649367684843,0.162,0.025,3.29883444834035e-16,"5","SFXN5"
2.60578210682591e-20,1.65746889354447,0.1,0.01,3.67128641030702e-16,"5","NLRX1"
2.73870381155836e-20,1.21884697936976,0.177,0.029,3.85855980010458e-16,"5","EXOSC2"
2.8520771357361e-20,1.07396267244209,0.331,0.083,4.01829147653858e-16,"5","STAG1"
2.95850438443914e-20,1.21771477390712,0.146,0.021,4.1682368272363e-16,"5","IFT74"
3.04328908760741e-20,1.04841931216709,0.138,0.019,4.28768999553008e-16,"5","TTI1"
3.40154986020107e-20,1.14452734378837,0.2,0.036,4.79244359803729e-16,"5","SMPD4"
3.66876950117805e-20,1.17241394631204,0.262,0.057,5.16892935020975e-16,"5","TBC1D31"
4.02482627040425e-20,1.23665003922175,0.131,0.017,5.67057773237255e-16,"5","IFT22"
4.69485088152715e-20,1.07614590840772,0.192,0.034,6.6145754069836e-16,"5","MBD3"
4.87604583413689e-20,1.2249867326238,0.162,0.025,6.86986097571546e-16,"5","HMBS"
6.5665623252735e-20,1.03235938806905,0.246,0.052,9.25162966007784e-16,"5","HAUS3"
6.78091085968845e-20,1.2487250686334,0.315,0.079,9.55362531021506e-16,"5","FAM126A"
7.00266736415064e-20,1.06066389467056,0.2,0.036,9.86605804935184e-16,"5","NDUFAF6"
7.13461184642487e-20,1.01147130623661,0.123,0.015,1.0051954630428e-15,"5","ZNF789"
7.81319671139156e-20,1.47367021999272,0.154,0.023,1.10080128466796e-15,"5","NUP155"
8.22703683076839e-20,1.41428261820592,0.169,0.028,1.15910721908696e-15,"5","CHAMP1"
9.9989602799619e-20,2.19865480584935,0.1,0.01,1.40875351384383e-15,"5","ZNF776"
1.11043823315121e-19,1.8966215806621,0.1,0.01,1.56449642668673e-15,"5","IGFBP6"
1.43511025310109e-19,1.04944360103636,0.131,0.017,2.02192683559412e-15,"5","RAD18"
1.44153245010795e-19,1.83945781287863,0.169,0.028,2.03097506895709e-15,"5","WRN"
1.60978849244106e-19,1.66280660285419,0.162,0.026,2.26803100700021e-15,"5","ZDHHC14"
1.69116242304256e-19,1.48423547721673,0.331,0.09,2.38267873782466e-15,"5","IGFBP2"
1.96290201552918e-19,1.43038374411719,0.146,0.021,2.76553264967906e-15,"5","INTS7"
1.98849518897659e-19,1.50663259548612,0.169,0.028,2.80159087174912e-15,"5","TNFSF13B"
4.36557871647762e-19,1.07808415005766,0.169,0.028,6.15066385364531e-15,"5","MROH1"
5.14560555822411e-19,1.28439321543785,0.638,0.295,7.24964367098195e-15,"5","ALDOA"
5.53140111302767e-19,1.09205907742691,0.138,0.02,7.79319102814468e-15,"5","ABCB10"
6.07911536130121e-19,1.46536264281123,0.138,0.02,8.56486563253728e-15,"5","MGLL"
6.72146555628964e-19,1.41141740874906,0.123,0.016,9.46987282225647e-15,"5","HAUS5"
8.40291552110986e-19,1.38962419723948,0.223,0.046,1.18388676776917e-14,"5","HES6"
8.62555609805249e-19,1.41939726684848,0.1,0.011,1.21525459865461e-14,"5","KHDC1"
1.28555379838018e-18,1.05681056775119,0.192,0.036,1.81121674653784e-14,"5","RTP4"
1.42766949381834e-18,-1.83333491267092,0.723,0.774,2.01144354984066e-14,"5","TSC22D3"
1.54245577718467e-18,1.11939087497962,0.192,0.036,2.17316594447548e-14,"5","RITA1"
1.56007998710112e-18,1.08496894368408,0.177,0.031,2.19799669382677e-14,"5","NHLRC2"
1.75711532758914e-18,1.03364031140588,0.138,0.02,2.47559978504035e-14,"5","RNF26"
1.86885345484917e-18,1.08136606693996,0.292,0.073,2.633027632537e-14,"5","SPTBN1"
2.44005713587361e-18,1.05084061614597,0.208,0.042,3.43779649873233e-14,"5","ING2"
2.54719136912159e-18,1.19000002251694,0.238,0.052,3.58873791995541e-14,"5","S100A13"
2.57054750192925e-18,1.33046212402335,0.192,0.037,3.62164437546811e-14,"5","ATP10A"
2.66044370074366e-18,1.70771264290963,0.1,0.011,3.74829912997774e-14,"5","LRP8"
4.07989206891835e-18,1.01857478407104,0.269,0.064,5.74815993589907e-14,"5","RIOK1"
4.5994645452616e-18,1.20019929530332,0.208,0.042,6.48018559781907e-14,"5","ALDH3A2"
4.86886066373761e-18,1.09341442647241,0.385,0.118,6.85973778913991e-14,"5","MX1"
6.27425909738319e-18,2.01288554105756,0.223,0.049,8.83980364230318e-14,"5","IFI27"
6.42508211080126e-18,1.07499012927378,0.285,0.071,9.0522981859079e-14,"5","TBC1D5"
6.81873858382001e-18,1.37025315704109,0.123,0.017,9.60692079074402e-14,"5","SAP130"
7.71863743924615e-18,1.17802570562495,0.154,0.025,1.08747882881539e-13,"5","GBE1"
9.53223793075598e-18,1.36812115422075,0.115,0.015,1.34299700206421e-13,"5","PROSER3"
1.02402408130874e-17,1.59226524988928,0.108,0.013,1.44274752815588e-13,"5","TAF9B"
1.46807113198026e-17,1.37166523477701,0.246,0.057,2.06836541784699e-13,"5","UBASH3B"
1.56542624307576e-17,1.01977549102637,0.146,0.023,2.20552903386944e-13,"5","BIVM"
1.6090656947264e-17,1.07902902028496,0.185,0.035,2.26701265730003e-13,"5","CPSF1"
1.64999382501522e-17,1.23235038977711,0.115,0.015,2.32467630006394e-13,"5","PXMP4"
1.81341133614785e-17,1.37667967465553,0.108,0.014,2.5549152314987e-13,"5","B4GALT6"
2.05611679460145e-17,1.27768712344478,0.162,0.028,2.89686295191398e-13,"5","CCP110"
2.27414884802496e-17,1.51827793870831,0.138,0.022,3.20404831198236e-13,"5","PRKAR2B"
2.91434457835807e-17,1.356745121285,0.162,0.028,4.10602007644868e-13,"5","ATAD3A"
3.12268703785078e-17,1.36114572381508,0.154,0.026,4.39955376762796e-13,"5","PPIL1"
4.31114301309977e-17,1.03218501974524,0.162,0.028,6.07396939115626e-13,"5","BCAT2"
4.40941392010721e-17,1.05701222398586,0.185,0.036,6.21242327203905e-13,"5","DIAPH2"
4.41379320765871e-17,-1.20148397527905,0.838,0.864,6.21859325027036e-13,"5","FTL"
5.79494526447894e-17,1.99945047021177,0.223,0.051,8.16449838312438e-13,"5","SNX9"
6.5323582456673e-17,1.3797194360841,0.262,0.066,9.20343953232066e-13,"5","TESC"
6.90466509955052e-17,1.03768483852225,0.146,0.024,9.72798265875673e-13,"5","FOXRED1"
1.16810545844454e-16,1.17397687187064,0.131,0.02,1.64574378040251e-12,"5","LMO7"
1.21907028849433e-16,1.50814733688152,0.115,0.016,1.71754812945966e-12,"5","GTSF1"
1.22316271117989e-16,1.00460580765455,0.138,0.022,1.72331394378135e-12,"5","WDR12"
1.37864310344588e-16,1.28899024859194,0.115,0.016,1.9423702684449e-12,"5","ZNF273"
1.59747518942354e-16,1.15794642632748,0.1,0.012,2.25068279437883e-12,"5","CEP76"
1.60949949624902e-16,1.13013271648822,0.123,0.018,2.26762384026525e-12,"5","LIN52"
3.21341776958278e-16,-1.61455563766155,0.738,0.777,4.52738429556517e-12,"5","CST7"
3.53911202498757e-16,1.22904684906626,0.123,0.019,4.98625493200499e-12,"5","IBA57"
4.11059789279877e-16,1.19981890161287,0.138,0.023,5.79142137116418e-12,"5","KLHL8"
4.54785659959366e-16,1.22134251678669,0.131,0.021,6.40747516316751e-12,"5","HLCS"
5.32471244463416e-16,1.19431372887154,0.138,0.023,7.50198736324506e-12,"5","SLC7A1"
5.60965470664551e-16,1.15166702228635,0.2,0.043,7.90344251619286e-12,"5","OGG1"
7.34851019534166e-16,1.03585041633557,0.1,0.013,1.03533160142169e-11,"5","DPY19L4"
7.57138011313784e-16,1.03472951751951,0.138,0.023,1.06673174413999e-11,"5","NUP43"
8.20367536601982e-16,1.88124152519485,0.115,0.017,1.15581582231853e-11,"5","MAPK12"
9.91151670454461e-16,1.1619803288229,0.115,0.017,1.39643358850329e-11,"5","CAMSAP1"
1.24150541264666e-15,1.29512812776543,0.208,0.047,1.74915697587788e-11,"5","IFIT3"
1.36163124983625e-15,1.42260086249836,0.154,0.028,1.9184022678943e-11,"5","DUS3L"
1.37297777096363e-15,1.14389879945803,0.431,0.15,1.93438838151065e-11,"5","PLCG2"
1.50152545177325e-15,1.07281361858102,0.146,0.026,2.11549920900334e-11,"5","APOLD1"
1.59181453981337e-15,1.2812676591733,0.115,0.017,2.24270750514306e-11,"5","TOR4A"
2.254479190512e-15,1.00682428864916,0.192,0.042,3.17633573151236e-11,"5","MAPK9"
3.07785414069457e-15,1.12816596933271,0.192,0.042,4.33638869882458e-11,"5","TIAM1"
3.39813565484775e-15,1.6186924335431,0.123,0.02,4.78763332411499e-11,"5","TADA2A"
4.39915294270089e-15,1.18828113696544,0.131,0.022,6.19796658097128e-11,"5","GPX7"
6.83433886026576e-15,1.01414883567398,0.154,0.029,9.62890002022843e-11,"5","XYLT1"
7.80708233388928e-15,1.38633306976408,0.131,0.022,1.09993983002166e-10,"5","LCLAT1"
1.59063101660054e-14,1.08551800696952,0.1,0.014,2.2410400392885e-10,"5","CLECL1"
1.61435085798245e-14,1.34459575230082,0.131,0.023,2.27445892381147e-10,"5","VKORC1L1"
1.66871872191179e-14,1.24772046295442,0.169,0.035,2.35105780730153e-10,"5","USP37"
2.57400711463595e-14,1.46816838546117,0.108,0.016,3.62651862381058e-10,"5","ZNF71"
3.04648947275056e-14,1.01367333781834,0.246,0.066,4.29219901815826e-10,"5","ALYREF"
3.52953310037267e-14,1.34412977160111,0.138,0.026,4.97275918511506e-10,"5","MOV10"
4.60263188443783e-14,1.32033009606131,0.185,0.042,6.48464806198446e-10,"5","FAM102B"
7.59028056761785e-14,1.0670805579636,0.177,0.039,1.06939462917168e-09,"5","AAGAB"
8.16303845136496e-14,1.02853434049869,0.185,0.042,1.15009048741281e-09,"5","FANCA"
9.23890718483971e-14,1.08652851495674,0.115,0.019,1.30166963327207e-09,"5","HAUS4"
1.13525167254025e-13,1.12508042418132,0.108,0.017,1.59945608144196e-09,"5","DHX32"
1.19221067946308e-13,1.29580896677275,0.238,0.065,1.67970562629554e-09,"5","FAF1"
1.30222098539943e-13,-1.05465060239623,0.823,0.835,1.83469914632926e-09,"5","KLRD1"
1.56488410419086e-13,1.32624325460483,0.1,0.015,2.2047652143945e-09,"5","KLC2"
2.83214825175276e-13,1.2280789625428,0.123,0.022,3.99021367189446e-09,"5","TTLL10"
2.94188135091457e-13,1.19327388548829,0.146,0.03,4.14481663530353e-09,"5","CMPK2"
2.95675938901191e-13,1.05126448412283,0.154,0.032,4.16577830317887e-09,"5","TRAP1"
2.98378608443951e-13,1.06591970053931,0.138,0.027,4.20385621436682e-09,"5","NUDT15"
3.39450277812202e-13,1.0033763291996,0.123,0.022,4.78251496409611e-09,"5","GEMIN8"
4.36427191886925e-13,1.32059419163742,0.115,0.02,6.14882270649488e-09,"5","SPECC1L"
5.90033468151502e-13,-1.72929261607143,0.762,0.781,8.3129815327865e-09,"5","JUNB"
7.06530495724146e-13,1.00539302573373,0.1,0.016,9.95430815425749e-09,"5","TMEM164"
9.15192813349116e-13,1.04417479185083,0.131,0.025,1.28941515472757e-08,"5","PPP1R12B"
1.0224212376433e-12,1.25600191495735,0.108,0.018,1.44048928171565e-08,"5","PCK2"
1.1651897725192e-12,1.29353953715306,0.192,0.049,1.6416358705023e-08,"5","CERS6"
1.19679600024441e-12,1.14867123699705,0.115,0.02,1.68616588474435e-08,"5","ETAA1"
2.55886637134316e-12,1.17882851100258,0.108,0.019,3.60518683058537e-08,"5","SMYD4"
3.28762310463703e-12,1.31445592456392,0.1,0.016,4.63193219212312e-08,"5","TMED8"
3.56598975246962e-12,1.10509214297226,0.169,0.04,5.02412296225444e-08,"5","SLC44A1"
4.6104808449029e-12,1.18734237348028,0.115,0.021,6.49570646238369e-08,"5","HACD1"
5.08335392667125e-12,1.01038784337968,0.146,0.032,7.16193734728713e-08,"5","CEP192"
5.33228299681222e-12,1.23106990160257,0.108,0.019,7.51265351420873e-08,"5","QSER1"
5.63276439352e-12,1.201394255096,0.138,0.029,7.93600175403033e-08,"5","TGDS"
5.72044574105395e-12,-2.33396571222278,0.169,0.452,8.05953600457091e-08,"5","HLA-DPB1"
5.92853623331197e-12,1.01990453644502,0.115,0.021,8.35271469911323e-08,"5","PPAT"
6.11819217736599e-12,-1.25674883194504,0.269,0.61,8.61992095869094e-08,"5","CLIC1"
7.21355948948285e-12,1.13489665564912,0.108,0.019,1.01631839647324e-07,"5","CEP97"
9.61801144668812e-12,1.21915987802782,0.146,0.033,1.35508163272389e-07,"5","TMEM184C"
9.99170773739423e-12,1.13701182850793,0.138,0.03,1.40773170312147e-07,"5","ANO6"
1.00135853627367e-11,1.24852673735354,0.115,0.022,1.41081404175597e-07,"5","SPATA5"
1.00135854425876e-11,1.15415220150009,0.115,0.022,1.41081405300617e-07,"5","IL2RA"
1.02228400978905e-11,1.29358006831645,0.177,0.045,1.4402959413918e-07,"5","TMEM238"
1.42229673018047e-11,1.16673162229332,0.146,0.033,2.00387386315126e-07,"5","IFIT1"
1.49265056050613e-11,1.01635175106988,0.1,0.017,2.10299537469709e-07,"5","TAF5"
1.63592605571442e-11,1.00943898911838,0.138,0.03,2.30485621989605e-07,"5","NUP133"
1.85712153384257e-11,2.30286908677766,0.108,0.02,2.6164985290308e-07,"5","EXT1"
1.96168593944823e-11,1.0226295838407,0.115,0.022,2.76381932008861e-07,"5","LZTR1"
2.94534519411467e-11,1.17724125211771,0.108,0.02,4.14969684398816e-07,"5","LAPTM4B"
3.97908204111422e-11,1.3087576380624,0.1,0.018,5.60612868772582e-07,"5","GPHN"
3.99537626407025e-11,1.49235836009886,0.1,0.018,5.62908561844858e-07,"5","CLEC12A"
4.04232470849869e-11,1.53991259745958,0.208,0.061,5.69523128180381e-07,"5","ENTPD1"
4.48752584166449e-11,1.00564576465442,0.162,0.04,6.3224751583211e-07,"5","PPP1R9A"
5.05280820869675e-11,1.30939607354139,0.115,0.023,7.11890148523285e-07,"5","RAD51B"
9.10217504637928e-11,1.32741042445989,0.1,0.018,1.28240544228438e-06,"5","LIN54"
1.13193785385895e-10,-1.62715724512888,0.238,0.51,1.59478724230188e-06,"5","SLC25A6"
1.31345987753189e-10,1.11404139543464,0.123,0.026,1.85053362145468e-06,"5","ZNF738"
1.36238555916448e-10,1.01902529297347,0.1,0.019,1.91946501430683e-06,"5","TCP11L1"
1.37554319755947e-10,1.06338756377123,0.108,0.021,1.93800281104154e-06,"5","TTL"
2.04624512595445e-10,1.953745038574,0.108,0.022,2.88295475795723e-06,"5","KCNQ5"
2.78294880638224e-10,1.23249047710267,0.185,0.051,3.92089657331194e-06,"5","ABR"
3.2350280722054e-10,-1.58789515177611,0.246,0.509,4.55783105093019e-06,"5","CD99"
3.61573015678886e-10,-1.06602603508754,0.862,0.768,5.09420221789982e-06,"5","S100A6"
6.84219864725236e-10,-3.02629272809038,0.115,0.352,9.63997367411385e-06,"5","HLA-F"
1.18494618044646e-09,1.14043019096791,0.131,0.032,1.66947067363102e-05,"5","LMBR1"
1.44549274523038e-09,1.02914353832827,0.185,0.055,2.03655472875508e-05,"5","PLPP1"
1.83715622438992e-09,-3.70710449260344,0.062,0.297,2.58836940454295e-05,"5","FGFBP2"
2.04552991512819e-09,1.33523416975246,0.215,0.07,2.8819470974241e-05,"5","SMYD3"
2.81241969813417e-09,-1.05356649455038,0.908,0.812,3.96241811270123e-05,"5","ZFP36L2"
2.84876296692354e-09,1.06869263718331,0.138,0.035,4.01362214409857e-05,"5","SNTB1"
3.49849934049058e-09,1.05677964453165,0.108,0.024,4.92903572081718e-05,"5","TET3"
5.43130346337961e-09,-2.67935711253647,0.246,0.429,7.65216344955553e-05,"5","KLRF1"
8.64083913395021e-09,-1.24233084218411,0.831,0.78,0.000121740782558224,"5","CXCR4"
1.08059747616063e-08,-1.34834263356176,0.869,0.727,0.000152245378416272,"5","IER2"
1.36741053167791e-08,-1.29626410901099,0.677,0.711,0.000192654469808101,"5","DUSP2"
1.97538245749271e-08,1.14041255383028,0.115,0.028,0.000278311634436148,"5","ATG7"
3.96618751635196e-08,-2.66318356556999,0.108,0.317,0.000558796159178828,"5","GPSM3"
6.36367853367348e-08,-1.31305360507084,0.238,0.473,0.000896578668609257,"5","PSMB9"
1.21032866268474e-07,1.15126525218727,0.223,0.082,0.00170523205285652,"5","PLCL2"
1.2282182718061e-07,-1.42079965910515,0.692,0.627,0.00173043672314761,"5","PNRC1"
2.48065722805709e-07,-1.7837671701028,0.585,0.575,0.00349499796860963,"5","LITAF"
4.09636318572244e-07,-2.89747429508112,0.169,0.344,0.00577136609236435,"5","KLF2"
5.23120765160901e-07,1.28948149828805,0.2,0.075,0.00737024846035194,"5","SIPA1L1"
6.33391514452321e-07,-1.3201359589835,0.785,0.676,0.00892385304711875,"5","PRF1"
8.78057749655393e-07,-1.35035961426699,0.777,0.682,0.0123709556348948,"5","TXNIP"
1.01132612836193e-06,-2.0745304254857,0.138,0.321,0.0142485738224912,"5","TAPBP"
1.46823428885219e-06,1.17311670990257,0.138,0.045,0.0206859528956385,"5","PACSIN2"
