"p_val","avg_log2FC","pct.1","pct.2","p_val_adj","cluster","gene"
4.47722288261338e-320,2.60800964761071,0.876,0.427,6.30795931931399e-316,"4","DNAJB1"
1.81968742008416e-312,2.88369619531576,0.754,0.237,2.56375760615657e-308,"4","HSPA1B"
4.55919860643663e-301,2.71434198602226,0.847,0.362,6.42345491660857e-297,"4","HSPA1A"
3.75257358384278e-268,2.29615639709018,0.895,0.522,5.2870009222761e-264,"4","JUN"
5.23844500917595e-188,1.6344126206069,0.956,0.84,7.380445173428e-184,"4","HSP90AA1"
6.81929812589673e-128,3.71353232866551,0.317,0.072,9.60770912957591e-124,"4","HSPA6"
5.90276639383369e-126,1.43928676798068,0.854,0.671,8.31640757227229e-122,"4","DUSP1"
2.30462370800462e-113,2.25330367893263,0.407,0.134,3.24698434220771e-109,"4","RHOB"
2.18492590475565e-111,1.72682968515607,0.72,0.469,3.07834210721024e-107,"4","GADD45B"
2.3886641912728e-106,1.45139180195309,0.78,0.567,3.36538897908424e-102,"4","DNAJA1"
3.04336402650974e-105,1.04254888165289,0.874,0.752,4.28779557694957e-101,"4","HSPA8"
1.93465571839549e-101,1.39747133490154,0.844,0.671,2.7257364416474e-97,"4","FOS"
6.00463244438037e-101,1.47435462707227,0.689,0.422,8.45992665088751e-97,"4","PPP1R15A"
2.86345113051085e-99,1.23300105560771,0.886,0.759,4.03431629777674e-95,"4","JUNB"
6.71316305151641e-91,1.81540685193725,0.509,0.242,9.45817542328147e-87,"4","HSPH1"
2.48438214637748e-86,1.381077808897,0.711,0.486,3.50024600603123e-82,"4","FOSB"
2.0628386103307e-85,0.811972605443743,0.933,0.875,2.90633331809493e-81,"4","UBC"
2.4587701691696e-85,1.1028191431317,0.846,0.696,3.46416129134305e-81,"4","HSP90AB1"
2.5217388046772e-78,1.61310920047546,0.488,0.237,3.5528778019097e-74,"4","NR4A1"
3.6869027565877e-77,2.12066687264593,0.353,0.133,5.19447729375642e-73,"4","EGR1"
4.42041679482337e-70,1.36601936627229,0.668,0.502,6.22792522222664e-66,"4","HSPE1"
1.4090148889944e-69,1.19412012891835,0.84,0.723,1.9851610771042e-65,"4","CD69"
2.02847689203695e-68,2.09151212206403,0.471,0.251,2.85792109319085e-64,"4","HSPB1"
4.16697835622399e-68,2.905070851138,0.168,0.034,5.87085580608398e-64,"4","BAG3"
2.38710003501964e-67,0.724377076277301,0.924,0.903,3.36318523933918e-63,"4","UBB"
5.17325176343199e-67,1.75368604291349,0.507,0.27,7.28859440949933e-63,"4","IFNG"
1.38566827027713e-64,0.760316064738861,0.957,0.844,1.95226802599344e-60,"4","FTL"
1.51855007978928e-63,2.24895932447674,0.311,0.121,2.13948520741512e-59,"4","ZFAND2A"
6.51724883430372e-60,1.60539531739707,0.488,0.278,9.18215188265051e-56,"4","CITED2"
2.31768419133022e-55,1.57771899721966,0.318,0.13,3.26538525716515e-51,"4","NEU1"
3.99433378168333e-55,1.1259364038247,0.849,0.79,5.62761686501364e-51,"4","ID2"
1.99615330713488e-52,1.13426880354801,0.695,0.561,2.81238039442233e-48,"4","SAT1"
5.09970460137141e-50,1.57831523482554,0.464,0.275,7.18497381287218e-46,"4","INTS6"
2.57720027066887e-49,-2.35416528980002,0.114,0.328,3.63101746134538e-45,"4","FGFBP2"
9.66571387895252e-49,2.64115457204908,0.132,0.029,1.36180242840562e-44,"4","SERPINH1"
3.51414373729875e-47,0.956864554809131,0.796,0.717,4.95107711148021e-43,"4","IER2"
8.05256873028809e-46,1.7738077920727,0.284,0.122,1.13452640841029e-41,"4","ATF3"
2.88455241474703e-45,1.97911811625514,0.297,0.136,4.06404589713709e-41,"4","IER3"
2.3965790688566e-44,2.48382614146238,0.151,0.042,3.37654025011206e-40,"4","DNAJA4"
2.2237463781172e-42,1.21238865559676,0.536,0.356,3.13303627212933e-38,"4","RGS2"
3.5809547224327e-42,-0.845362073014207,0.512,0.711,5.04520710843544e-38,"4","PRF1"
1.73998310472226e-41,1.40652232729718,0.424,0.261,2.45146219624319e-37,"4","CACYBP"
2.11886294674001e-40,0.931182434213542,0.746,0.65,2.985266005662e-36,"4","NFKBIA"
1.5117441602007e-39,1.39877247804106,0.504,0.352,2.12989634730677e-35,"4","HSPD1"
4.89068486778273e-39,1.97532943790842,0.199,0.073,6.89048591021909e-35,"4","GADD45G"
5.05500646259055e-39,1.57876266063126,0.287,0.136,7.12199860514382e-35,"4","ANKRD37"
7.06545172838607e-39,0.806107761320657,0.802,0.692,9.95451494012314e-35,"4","DUSP2"
4.00384269368746e-38,0.769567588046983,0.72,0.6,5.64101397113627e-34,"4","DYNLL1"
9.99331554487885e-38,2.13188829778834,0.187,0.068,1.40795822711798e-33,"4","DNAJB4"
2.50341019523789e-36,-1.24327685484728,0.254,0.448,3.52705462407066e-32,"4","ARL4C"
1.11231761078965e-33,-0.719573152867599,0.675,0.796,1.56714428184154e-29,"4","CST7"
1.41510164771486e-32,0.889140757970466,0.55,0.398,1.99373671146547e-28,"4","TUBB4B"
2.93141821643259e-31,1.33011214885084,0.332,0.186,4.13007512513187e-27,"4","HEXIM1"
1.69949564477596e-30,0.969399010042935,0.539,0.403,2.39441941392485e-26,"4","HERPUD1"
3.93153289226644e-30,-1.42673973459637,0.187,0.352,5.53913669191419e-26,"4","FCGR3A"
5.91786318641201e-30,1.68254908620169,0.151,0.054,8.33767744333588e-26,"4","HSPA2"
1.56466353946787e-29,-2.10828329876684,0.117,0.27,2.20445446075628e-25,"4","SPON2"
4.90663061756397e-29,1.08931911110025,0.324,0.179,6.91295187708588e-25,"4","ZC3H12A"
5.58689477462639e-28,-1.48325027392291,0.146,0.307,7.87137604797112e-24,"4","METRNL"
6.53341911115021e-27,2.16124790845578,0.104,0.031,9.20493418569953e-23,"4","RASD1"
1.16363113505083e-25,0.98658328543506,0.436,0.302,1.63943990617311e-21,"4","SERTAD1"
2.44117890821316e-25,1.01912887514657,0.645,0.585,3.43937696378152e-21,"4","SAP18"
4.85181522136343e-25,-0.686644874048972,0.42,0.597,6.83572246537893e-21,"4","KLRB1"
5.76326358563588e-25,1.14313352241059,0.267,0.145,8.11986206580239e-21,"4","DEDD2"
3.21909962616417e-24,1.45124094337608,0.185,0.085,4.5353894633027e-20,"4","FKBP4"
4.29708031021996e-24,1.35915875332485,0.217,0.109,6.05415644906891e-20,"4","NXF1"
2.08851168940251e-23,1.69786084639037,0.111,0.038,2.9425041191992e-19,"4","SGK1"
5.20849573619868e-23,0.61301824305259,0.712,0.641,7.33824964273032e-19,"4","CD74"
6.29126775817217e-23,-0.984358957029398,0.203,0.358,8.86376714448877e-19,"4","ZEB2"
8.25908501149135e-23,-0.56155965706817,0.67,0.757,1.16362248726902e-18,"4","GZMB"
3.2190772431829e-22,-1.03655413807603,0.23,0.378,4.53535792792039e-18,"4","PLAC8"
3.81714118072475e-22,0.307826948767386,0.964,0.96,5.3779702095231e-18,"4","EIF1"
5.02001493736844e-22,0.809793869839052,0.527,0.421,7.0726990452584e-18,"4","BRD2"
1.97066277105029e-21,0.919025116896763,0.535,0.442,2.77646677813275e-17,"4","BTG2"
2.51866219441871e-21,1.04331790137853,0.392,0.28,3.54854316571652e-17,"4","EIF4A3"
7.84442889287756e-21,0.971097927683474,0.361,0.237,1.10520158671752e-16,"4","PMAIP1"
1.83496381405028e-20,1.64232931167587,0.14,0.06,2.58528051761543e-16,"4","ID1"
3.4682088588828e-20,-1.17715541061929,0.134,0.265,4.88635946127998e-16,"4","RNF125"
3.57803152691093e-20,-2.3043330496811,0.015,0.104,5.04108861826481e-16,"4","IGFBP7"
4.13271225874344e-20,0.590340890097818,0.663,0.588,5.82257830134363e-16,"4","EIF4A2"
6.2653854293827e-20,-0.966205212244456,0.258,0.399,8.82730153145728e-16,"4","SYTL3"
9.6052185528767e-20,-0.393485412916889,0.742,0.817,1.3532792419148e-15,"4","ARPC2"
9.86557207358052e-20,-0.62261493078067,0.398,0.548,1.38996044944676e-15,"4","ITGB2"
1.12508375612659e-19,1.18164542329432,0.204,0.107,1.58513050400676e-15,"4","CDKN1A"
1.26483627769002e-19,0.867247149878998,0.486,0.38,1.78202783163747e-15,"4","TUBA1A"
1.64017814846837e-19,0.643065628490109,0.66,0.583,2.31084699337709e-15,"4","SRSF3"
3.1758595332403e-19,0.792758525550302,0.446,0.332,4.47446849638226e-15,"4","UBE2S"
3.49809745348362e-19,-0.911793071070018,0.245,0.385,4.92846950221308e-15,"4","EFHD2"
4.77044935248461e-19,-0.429873889583585,0.655,0.76,6.72108609271556e-15,"4","PTPRC"
1.02138927894949e-18,-0.910967856955681,0.156,0.289,1.43903535511194e-14,"4","GNPTAB"
1.55185995075867e-18,-0.325677940148569,0.883,0.892,2.18641548462389e-14,"4","GNLY"
3.31776901251274e-18,0.967869182062696,0.347,0.239,4.6744047617292e-14,"4","CKS2"
4.31595179434926e-18,-0.758051736826805,0.222,0.357,6.08074448305867e-14,"4","ABHD17A"
4.47912846764536e-18,-2.52593264237373,0.019,0.102,6.31064409806555e-14,"4","CX3CR1"
4.83979305243473e-18,-0.646339059129099,0.275,0.421,6.81878443157529e-14,"4","DDX17"
6.77709249010417e-18,-0.92430571857618,0.194,0.325,9.54824560930777e-14,"4","FOSL2"
8.71992473970876e-18,-0.355848726116299,0.938,0.954,1.22855019657757e-13,"4","NKG7"
9.97086168747038e-18,0.814004228963502,0.367,0.255,1.4047947031477e-13,"4","MYADM"
1.31077011566693e-17,1.31737387030327,0.197,0.107,1.84674401596313e-13,"4","RGS16"
1.47991014078858e-17,-0.681058289591667,0.224,0.369,2.08504539735703e-13,"4","BLOC1S1"
2.04025371352862e-17,-0.800769205105888,0.217,0.351,2.87451345699047e-13,"4","CAST"
2.21759084142438e-17,-1.04940817137384,0.086,0.197,3.12436373648281e-13,"4","CD38"
2.38749559180689e-17,1.41000155951078,0.227,0.133,3.36374253929673e-13,"4","ID3"
2.80111801431699e-17,0.494415067543687,0.356,0.235,3.94649517037121e-13,"4","LMNA"
4.19335276143762e-17,-1.02842777905227,0.083,0.193,5.90801470558946e-13,"4","TAF10"
6.523901194887e-17,0.552896072957477,0.477,0.36,9.19152439347629e-13,"4","HLA-DRB1"
7.04087421798912e-17,-0.237446205180582,0.979,0.983,9.91988768572487e-13,"4","HLA-C"
8.08451148866154e-17,0.778841368864796,0.482,0.392,1.13902682363752e-12,"4","TRA2B"
8.40194764893402e-17,0.492582705673485,0.581,0.491,1.18375040425831e-12,"4","TUBA1B"
1.59496968610291e-16,-0.868405936755669,0.165,0.289,2.24715279075039e-12,"4","SPN"
1.63115893813292e-16,1.27993818229462,0.222,0.131,2.29813982793548e-12,"4","CD83"
1.7752601335531e-16,-0.396337274626934,0.816,0.876,2.50116400216297e-12,"4","CYBA"
1.83349823861592e-16,-0.497151884303578,0.387,0.536,2.58321566838597e-12,"4","YWHAB"
1.83496778175704e-16,-1.05200490065562,0.123,0.24,2.58528610771749e-12,"4","IFITM3"
4.79966604671437e-16,1.12145299441621,0.261,0.167,6.76224949321588e-12,"4","DDIT3"
7.68734339040449e-16,-0.696467607904294,0.183,0.313,1.08306981027409e-11,"4","SRP9"
8.76744027876771e-16,-0.842450304290336,0.158,0.278,1.23524466087558e-11,"4","YPEL3"
9.3075847261994e-16,-0.741223557833771,0.392,0.503,1.31134561207423e-11,"4","GZMH"
1.00715899050419e-15,0.984014042659946,0.215,0.124,1.41898630172135e-11,"4","SOCS3"
1.60919242973074e-15,-0.647447873647382,0.325,0.45,2.26719121424764e-11,"4","GZMM"
1.77202305486645e-15,-0.645524622345331,0.269,0.405,2.49660328200134e-11,"4","MBP"
2.37917273568213e-15,-0.691777791303294,0.302,0.427,3.35201646730255e-11,"4","SLA"
3.06317663645913e-15,-0.443518372146577,0.375,0.515,4.31570956310727e-11,"4","JAK1"
3.7877736209635e-15,0.560990845459904,0.69,0.631,5.33659425457547e-11,"4","KLF6"
4.64152331914849e-15,-1.55586389490449,0.068,0.161,6.53944220434830e-11,"4","B3GNT7"
4.94214186757546e-15,-0.494250172812569,0.434,0.557,6.96298367722706e-11,"4","ARPC1B"
4.95245339835064e-15,-0.382704974268227,0.548,0.675,6.97751159293622e-11,"4","SUB1"
6.46159269357502e-15,-0.555833680025632,0.359,0.496,9.10373794597785e-11,"4","PRELID1"
6.8723812531621e-15,1.58385684439332,0.129,0.062,9.68249794758008e-11,"4","PLK2"
7.89107280927512e-15,0.988738661701903,0.292,0.199,1.11177324809877e-10,"4","IER5"
8.4409330638978e-15,-0.725526619321168,0.203,0.322,1.18924305937256e-10,"4","ALDOA"
8.7294588562647e-15,-0.751557487009265,0.219,0.341,1.22989345825913e-10,"4","FLNA"
1.30252241704618e-14,-0.648567713436001,0.318,0.444,1.83512383337636e-10,"4","PIK3R1"
1.39384954652123e-14,1.07347551871635,0.15,0.077,1.96379462609376e-10,"4","TUBB2A"
1.60102138288142e-14,-0.813757683840512,0.167,0.281,2.25567902634163e-10,"4","SMAP2"
2.84979454271113e-14,-0.674103495140721,0.219,0.34,4.01507553122572e-10,"4","CD81"
4.24529296067488e-14,-1.73582453867949,0.033,0.108,5.98119325229484e-10,"4","ITGAX"
4.5194096695781e-14,-0.76235965298215,0.377,0.482,6.36739628346859e-10,"4","CREM"
5.4789562424527e-14,-0.690578744917484,0.176,0.293,7.71930144999161e-10,"4","DYNLT1"
1.06805183011316e-13,-0.462496810002027,0.374,0.507,1.50477822344643e-09,"4","MSN"
1.15383196046024e-13,-0.707575172624485,0.144,0.252,1.62563384909244e-09,"4","HAVCR2"
1.54778572424299e-13,-0.43259778179151,0.305,0.438,2.18067530688595e-09,"4","BRK1"
1.58930941869464e-13,-0.599417975209953,0.242,0.364,2.23917803999888e-09,"4","SRSF9"
1.68435892403536e-13,-1.52486523066789,0.038,0.113,2.37309328807342e-09,"4","ATXN7"
1.7959342861684e-13,-0.956780913922141,0.111,0.21,2.53029181578266e-09,"4","ADD3"
2.48416485208619e-13,-0.656349524133072,0.217,0.335,3.49993986010424e-09,"4","NFE2L2"
3.07276473001172e-13,0.913386948645281,0.284,0.197,4.32921822811351e-09,"4","AHSA1"
4.05955958365137e-13,0.683708499879836,0.311,0.217,5.71951349740641e-09,"4","NFKBIZ"
4.26315389299497e-13,-0.792823079327858,0.095,0.19,6.00635751984061e-09,"4","PTGDR"
5.73395320946914e-13,-0.460711714215763,0.324,0.449,8.07856667682106e-09,"4","PSMB8"
6.47180457378235e-13,0.492447782325585,0.701,0.661,9.11812546400195e-09,"4","ZFP36"
7.17001183214941e-13,-0.619403105177183,0.24,0.355,1.01018296703153e-08,"4","AKNA"
8.10618038232378e-13,-0.616194698596577,0.236,0.356,1.1420797540656e-08,"4","PRMT2"
9.04930127020792e-13,1.40826856787517,0.106,0.05,1.27495605595959e-08,"4","ZNF296"
1.30384444732815e-12,-0.665060020853169,0.184,0.294,1.83698644184063e-08,"4","HNRNPR"
1.34076273967456e-12,-0.544383345037511,0.161,0.273,1.88900062392749e-08,"4","WASF2"
1.74186587562752e-12,-1.00601425804171,0.095,0.185,2.45411483217162e-08,"4","SEC14L1"
1.96777117110181e-12,-0.478738313511977,0.302,0.429,2.77239280296534e-08,"4","CCND3"
2.24774062332372e-12,1.02615492130394,0.154,0.086,3.1668417642008e-08,"4","PLK3"
2.49834411362454e-12,1.50680336109836,0.114,0.057,3.51991702168561e-08,"4","EGR2"
2.51221748818422e-12,0.697173491151384,0.465,0.387,3.53946321910275e-08,"4","CLK1"
2.88736773801543e-12,-0.588288476718983,0.183,0.293,4.06801240608994e-08,"4","DDX6"
3.52203243782396e-12,-0.437059816994889,0.383,0.503,4.96219150165018e-08,"4","NDUFB2"
3.63323807613421e-12,-0.522576662609022,0.215,0.331,5.11886912546549e-08,"4","NDUFS6"
3.86222043908953e-12,-0.652203090677558,0.184,0.289,5.44148237663324e-08,"4","ANKRD11"
4.45084930093539e-12,-0.227108489204538,0.971,0.98,6.27080158008787e-08,"4","TPT1"
4.58175982816514e-12,-1.07463292093917,0.061,0.141,6.45524142190187e-08,"4","AUTS2"
4.83793473676595e-12,-1.27432305719999,0.058,0.134,6.81616625062954e-08,"4","LYN"
4.98974849984622e-12,-0.418751787805943,0.391,0.511,7.03005666143334e-08,"4","DBI"
5.04487329373853e-12,-0.750735960618523,0.173,0.274,7.10772198354821e-08,"4","MAP3K8"
5.85853462844831e-12,-0.45816189438317,0.376,0.492,8.25408943802082e-08,"4","LIMD2"
6.85543906375466e-12,-0.454519186494959,0.472,0.574,9.65862809692394e-08,"4","FCER1G"
7.34328724429896e-12,0.921885573266255,0.204,0.128,1.03459573984928e-07,"4","MARCKSL1"
7.46390488136389e-12,1.00715396833494,0.18,0.109,1.05158955873536e-07,"4","LRIF1"
8.05694798885944e-12,-0.786398807484222,0.09,0.176,1.13514340215041e-07,"4","PTPN12"
8.75574161359779e-12,-0.661286165948235,0.232,0.342,1.23359643593979e-07,"4","UCP2"
8.87255643860991e-12,-0.570229088752086,0.187,0.296,1.25005447663575e-07,"4","TNFRSF1B"
9.92589235799478e-12,-0.559738643653561,0.198,0.305,1.39845897431788e-07,"4","DNAJC8"
1.06208635192306e-11,-1.16729742259495,0.069,0.147,1.4963734612244e-07,"4","S1PR5"
1.11922665111052e-11,-0.511870974848446,0.719,0.776,1.5768784287496e-07,"4","CCL4"
1.14825141442285e-11,-0.452256685184525,0.293,0.416,1.61777141778035e-07,"4","TRAPPC1"
1.23784501283892e-11,-0.815991064601621,0.162,0.262,1.74399983858876e-07,"4","STAT4"
1.3409874495988e-11,-1.24584162677774,0.034,0.1,1.88931721773974e-07,"4","PXN"
1.35114225230142e-11,-0.845709517688997,0.11,0.199,1.90362431926748e-07,"4","ARAP2"
1.47394744053126e-11,-0.244254356333999,0.833,0.89,2.07664454896449e-07,"4","MYL6"
1.57368737478124e-11,0.659584766734536,0.496,0.426,2.21716814232929e-07,"4","ZFP36L1"
1.79389170114384e-11,-0.492983451538935,0.268,0.386,2.52741401774155e-07,"4","NDUFB7"
1.83656140997609e-11,-1.29873042644432,0.044,0.112,2.58753137051531e-07,"4","GTF3C1"
1.95333084642037e-11,-1.13243018455698,0.058,0.132,2.75204782952166e-07,"4","ESYT2"
1.98819886887935e-11,-0.68535700322779,0.105,0.195,2.80117338636412e-07,"4","S1PR4"
2.06345695567305e-11,-0.41055115634657,0.372,0.493,2.90720450484776e-07,"4","PNISR"
2.08583124966322e-11,-0.808614598095038,0.107,0.196,2.93872764765051e-07,"4","OGT"
2.53855310450863e-11,-0.439228019647749,0.289,0.405,3.57656746894221e-07,"4","CHST12"
2.68927879753948e-11,-0.45714349346702,0.32,0.438,3.78892489785337e-07,"4","SRRM1"
2.7703387412002e-11,-0.59583080856456,0.216,0.324,3.90313025247696e-07,"4","MYO1F"
2.93912309871397e-11,1.16203715242072,0.11,0.056,4.14093053377811e-07,"4","ARL4D"
2.95045141452583e-11,-0.666795311981566,0.096,0.181,4.15689099792544e-07,"4","TFDP2"
3.61257536027188e-11,-0.355753151895469,0.575,0.672,5.08975742508705e-07,"4","CD247"
3.64022456280513e-11,-0.61874590473067,0.176,0.277,5.12871238653614e-07,"4","ATM"
3.83745752112938e-11,-0.496587100354696,0.243,0.359,5.40659390151919e-07,"4","APMAP"
3.91448827008335e-11,-0.579385500912947,0.222,0.331,5.51512252372044e-07,"4","DSTN"
4.47182278706504e-11,-1.0643713562668,0.065,0.14,6.30035112469594e-07,"4","HECTD1"
4.67953919658584e-11,-0.381138640778077,0.47,0.582,6.59300277406979e-07,"4","NCL"
5.03026693113415e-11,-0.367506971694445,0.357,0.485,7.0871430792749e-07,"4","N4BP2L2"
5.33114799902663e-11,-0.919020393296232,0.116,0.204,7.51105441582862e-07,"4","PDE7A"
5.58636688570372e-11,-0.894894165236295,0.081,0.16,7.87063230526797e-07,"4","SORL1"
5.60581298257243e-11,-0.320146085110609,0.452,0.568,7.8980299111463e-07,"4","S100A11"
5.93839676517759e-11,-0.757554200176309,0.11,0.197,8.36660720245871e-07,"4","PLEKHA2"
6.02212718500649e-11,-0.406096180538146,0.399,0.525,8.48457499095565e-07,"4","STK4"
6.13388485631626e-11,-0.44478834530248,0.345,0.46,8.64203037406398e-07,"4","SET"
6.64379004399576e-11,-0.619648255838524,0.157,0.256,9.36043579298562e-07,"4","UQCRFS1"
7.45595370017975e-11,-0.882924657012311,0.13,0.216,1.05046931681832e-06,"4","ZBTB1"
7.55736831156477e-11,-0.672958919592362,0.149,0.243,1.06475762141636e-06,"4","ADAR"
8.73974763548399e-11,-1.07416791210486,0.048,0.116,1.23134304436334e-06,"4","HIPK2"
8.84737694761598e-11,-0.979811619620448,0.07,0.146,1.24650693814962e-06,"4","MYBL1"
9.25848285314159e-11,-0.856926505886038,0.077,0.154,1.30442764917912e-06,"4","NDUFC1"
9.47990388774177e-11,-0.419761632456811,0.207,0.316,1.33562365874394e-06,"4","THRAP3"
9.5862822881732e-11,-0.60054402266938,0.187,0.289,1.35061131158072e-06,"4","BPTF"
1.09265144798186e-10,-0.675938327825515,0.085,0.166,1.53943662506164e-06,"4","BCL7C"
1.1004951648945e-10,-0.341734140287886,0.475,0.595,1.55048763781986e-06,"4","LITAF"
1.31273972581268e-10,0.641238060334818,0.415,0.34,1.84951899969749e-06,"4","SNHG8"
1.47200954126879e-10,-0.835973716127254,0.114,0.198,2.07391424269359e-06,"4","ADGRG1"
1.74065833653852e-10,-0.643272332016748,0.09,0.171,2.45241353034912e-06,"4","POLR2B"
1.78510049808833e-10,-0.746607927703957,0.068,0.143,2.51502809175664e-06,"4","ABT1"
1.88232054304213e-10,0.394473970746382,0.523,0.43,2.65200141309205e-06,"4","HLA-DPB1"
1.90578175867639e-10,-0.47979737666518,0.272,0.384,2.68505591979917e-06,"4","EID1"
2.09434245941314e-10,-0.384721158566686,0.257,0.374,2.95071909106717e-06,"4","SF1"
2.17769518274348e-10,-0.937592849155385,0.082,0.158,3.06815474296729e-06,"4","PDE4D"
2.24026188751624e-10,-0.36024996624883,0.487,0.604,3.15630497332163e-06,"4","COX6C"
2.4347459118227e-10,-0.572490433640127,0.114,0.201,3.430313515167e-06,"4","BOD1L1"
2.47439526557189e-10,-0.650610216350348,0.132,0.221,3.48617548966424e-06,"4","SELPLG"
2.65053993191172e-10,-0.806633544947465,0.104,0.186,3.73434571007042e-06,"4","PABPN1"
2.71385348383552e-10,-1.03222692944922,0.07,0.141,3.82354817337586e-06,"4","CEP78"
2.78517601986779e-10,-0.383591380183959,0.343,0.455,3.92403449439173e-06,"4","ARPC5"
3.19879950703513e-10,0.456486782142868,0.657,0.63,4.5067886254618e-06,"4","SRSF7"
3.37988118869567e-10,-0.703336886354477,0.114,0.198,4.76191460675333e-06,"4","KLF13"
3.38845830104767e-10,1.25391749938998,0.114,0.061,4.77399890034607e-06,"4","TSC22D1"
3.41789502997679e-10,-0.660441919260353,0.111,0.196,4.8154723077343e-06,"4","HSH2D"
3.73159691874951e-10,-0.371838676605296,0.351,0.464,5.25744689882618e-06,"4","AKAP13"
3.84830552247896e-10,-0.421032902895636,0.307,0.422,5.4218776506206e-06,"4","CD164"
3.86015905114955e-10,-0.589771122591019,0.167,0.262,5.4385780871646e-06,"4","MTPN"
4.30049145891354e-10,-0.270375989488367,0.707,0.783,6.05896241646329e-06,"4","ARHGDIB"
4.48937003489244e-10,-0.704472362970233,0.148,0.237,6.32507344215996e-06,"4","NCR3"
4.64689730517582e-10,-0.591051202116107,0.172,0.265,6.54701361326221e-06,"4","RNF19A"
4.84293791969968e-10,-0.664713759371015,0.103,0.185,6.82321523506487e-06,"4","FGR"
4.97462515251715e-10,-0.607706020369477,0.116,0.2,7.00874937738141e-06,"4","RBM38"
4.99554204883197e-10,-0.272516968962475,0.789,0.833,7.03821919259937e-06,"4","CTSW"
5.04886237700848e-10,-0.388605290361239,0.32,0.427,7.11334220296725e-06,"4","WIPF1"
5.25910427272402e-10,-0.67988841369845,0.091,0.17,7.40955200984087e-06,"4","CTDSP1"
5.32583258835334e-10,-0.381049662712823,0.26,0.371,7.50356553373102e-06,"4","DEK"
5.6430201866441e-10,-0.248445451159864,0.777,0.842,7.95045114096287e-06,"4","CALM1"
5.94718536407923e-10,-0.45118729486771,0.32,0.431,8.37898945945123e-06,"4","TGFB1"
6.04602350575487e-10,-0.281446166284803,0.807,0.856,8.51824251725803e-06,"4","MYL12A"
6.39764753992639e-10,-0.461144590151882,0.2,0.298,9.01364561900229e-06,"4","RNF7"
6.71976709691446e-10,-0.423715794240263,0.216,0.322,9.46747986284279e-06,"4","FIS1"
7.26047722644191e-10,-0.440047284293967,0.269,0.375,1.0229286364334e-05,"4","HMGN3"
7.89678899866426e-10,1.31972058947129,0.111,0.06,1.11257860202181e-05,"4","GLA"
7.90606919769106e-10,-0.420655639136473,0.276,0.383,1.11388608926269e-05,"4","GNAI2"
8.05243715347601e-10,-0.541273897308445,0.149,0.24,1.13450787055323e-05,"4","SPCS3"
8.10165048128249e-10,-0.31017779791917,0.544,0.65,1.14144153630789e-05,"4","SUMO2"
8.23383199856223e-10,-0.611694648268763,0.203,0.299,1.16006459027743e-05,"4","SH2D2A"
9.38312430018249e-10,-0.343367284573369,0.54,0.631,1.32198838265271e-05,"4","GSTP1"
9.91506516908601e-10,-0.432177169578675,0.17,0.268,1.39693353167253e-05,"4","AP2S1"
1.01929185489328e-09,-0.290799220501576,0.428,0.544,1.43608029435914e-05,"4","ATP6V0E1"
1.02839677197594e-09,-0.516453813726885,0.138,0.228,1.44890821203691e-05,"4","B4GALT1"
1.08096419354838e-09,-0.527723364906691,0.193,0.287,1.52297045229032e-05,"4","MAPK1"
1.0903097863195e-09,-0.356299904182107,0.489,0.597,1.53613745794554e-05,"4","YWHAZ"
1.09533518808898e-09,-0.650184225384355,0.1,0.179,1.54321774649856e-05,"4","ADH5"
1.0955216984892e-09,-0.519995951647907,0.225,0.322,1.54348052100143e-05,"4","SLC38A1"
1.11626548356251e-09,-0.65277237274328,0.205,0.3,1.57270643979121e-05,"4","CEBPB"
1.1285072453035e-09,-0.516142096611797,0.313,0.413,1.5899538579081e-05,"4","ETS1"
1.14079456972361e-09,0.912127035724948,0.248,0.177,1.60726546928359e-05,"4","PHLDA1"
1.18080778346473e-09,-0.92177943306351,0.109,0.185,1.66364008612346e-05,"4","PTGER2"
1.23779802212784e-09,-0.434558154193011,0.365,0.467,1.74393363337592e-05,"4","RUNX3"
1.24089236266328e-09,-0.556771902519798,0.2,0.295,1.7482932497563e-05,"4","HNRNPD"
1.29020311870303e-09,-0.569011921799175,0.155,0.245,1.8177671739407e-05,"4","PLEK"
1.3544573133331e-09,-0.656722120781992,0.143,0.228,1.908294908755e-05,"4","SLA2"
1.38989300420528e-09,1.04502978322527,0.188,0.125,1.95822025362482e-05,"4","NABP1"
1.40125918813029e-09,-1.09545054003546,0.065,0.132,1.97423407015676e-05,"4","RAP2B"
1.47337967850399e-09,0.856554597818296,0.17,0.107,2.07584462904427e-05,"4","TOB2"
1.68547376698167e-09,-0.582488039472729,0.142,0.23,2.37466399030048e-05,"4","RNF115"
1.77131736957325e-09,-0.600417082396515,0.116,0.199,2.49560904199176e-05,"4","MCTP2"
1.85571394077363e-09,-0.750328557784345,0.077,0.147,2.61451537115596e-05,"4","PDHB"
1.92829190666173e-09,-0.473182123361282,0.253,0.351,2.71677046729571e-05,"4","PTP4A2"
1.96472993244018e-09,-1.06431290053365,0.047,0.107,2.76810800181497e-05,"4","RAB37"
2.00361485963712e-09,-0.315816745342237,0.664,0.739,2.82289297574274e-05,"4","CORO1A"
2.05887999396531e-09,-0.401761802021737,0.247,0.353,2.90075602349772e-05,"4","UBE2L3"
2.11604403815844e-09,-0.698947507297609,0.064,0.131,2.98129444536143e-05,"4","INPP4A"
2.37354312713183e-09,0.376630036054431,0.333,0.244,3.34408491181603e-05,"4","HLA-DRA"
2.40746960264757e-09,-0.451567952674023,0.321,0.425,3.39188392317016e-05,"4","LRRFIP1"
2.49687725198608e-09,-0.648177460215057,0.127,0.208,3.51785036032318e-05,"4","ADD1"
2.56122094726548e-09,-0.369619651487845,0.323,0.433,3.60850419260233e-05,"4","SPCS2"
2.56893165812186e-09,-0.850657180371827,0.079,0.15,3.61936781312789e-05,"4","MIS18BP1"
2.60422070807102e-09,-0.534808458834816,0.188,0.281,3.66908655560125e-05,"4","SLFN5"
2.86552233873803e-09,1.34238032117768,0.11,0.061,4.03723442304802e-05,"4","PHYH"
2.87203663724408e-09,-0.30612459097666,0.403,0.514,4.04641241821319e-05,"4","VAMP8"
3.23521811921118e-09,-0.273848834637616,0.68,0.755,4.55809880815663e-05,"4","TMA7"
3.26825787302593e-09,-0.383361634032561,0.322,0.43,4.60464851730624e-05,"4","UQCR10"
3.27377127251526e-09,-0.300122856731666,0.475,0.595,4.61241634584675e-05,"4","GMFG"
3.74139947221195e-09,-0.822420617048264,0.079,0.149,5.27125771639942e-05,"4","SNRK"
3.8951094730008e-09,-0.797866804524224,0.083,0.154,5.48781973651083e-05,"4","BRD7"
3.93747206343114e-09,-0.892722514106774,0.053,0.115,5.54750439016813e-05,"4","SFSWAP"
4.1957382303406e-09,-0.460819418975452,0.179,0.271,5.91137559272687e-05,"4","STUB1"
4.26479062085891e-09,0.770928371627492,0.265,0.197,6.00866350572812e-05,"4","MYLIP"
4.43794983813294e-09,-0.435205639854044,0.139,0.226,6.2526275269455e-05,"4","ITGA4"
4.68678822333354e-09,-0.384454099543134,0.321,0.423,6.60321592785462e-05,"4","GTF3A"
4.74141007671744e-09,-0.82933447376362,0.111,0.186,6.6801726570872e-05,"4","SLIRP"
4.82455135808072e-09,0.398081465627905,0.542,0.475,6.79731040839993e-05,"4","HSPA5"
5.02312657547952e-09,-0.550148449138443,0.125,0.205,7.07708303219309e-05,"4","PSMB4"
5.20407921176108e-09,-0.783578165842535,0.081,0.152,7.33202720145018e-05,"4","NCAM1"
5.25458286330074e-09,-0.638091892060065,0.103,0.179,7.40318179610442e-05,"4","USP34"
5.27591451538012e-09,-0.389029181096216,0.379,0.479,7.43323596071905e-05,"4","COX8A"
5.33432618215576e-09,-0.36579178016993,0.266,0.37,7.51553215803926e-05,"4","NDUFA11"
5.67212266455876e-09,-0.529209774474826,0.138,0.222,7.99145362209684e-05,"4","LNPEP"
6.03058762877662e-09,-0.323463979286581,0.423,0.523,8.49649491018338e-05,"4","PPIB"
7.25623425612101e-09,0.568185572525189,0.341,0.264,0.000102233084434489,"4","IFRD1"
7.405711006844e-09,-0.525682750196658,0.345,0.441,0.000104339062375425,"4","KLRF1"
7.40867127531827e-09,-0.425881407850704,0.219,0.313,0.000104380769597959,"4","NSA2"
7.57241074714712e-09,-0.939608521218265,0.059,0.121,0.000106687695016556,"4","BLOC1S4"
7.69683094847448e-09,-0.510302208499089,0.166,0.253,0.000108440651233057,"4","ARHGAP30"
7.98204989690869e-09,-0.576592989869093,0.127,0.207,0.000112459100997547,"4","CAPNS1"
8.17331921559629e-09,-0.605774301824154,0.074,0.142,0.000115153894428536,"4","COMMD1"
8.87213742134469e-09,-0.354061244458866,0.296,0.405,0.000124999544129325,"4","TERF2IP"
9.01000438993385e-09,-0.446681302424707,0.144,0.229,0.000126941951849778,"4","ZRANB2"
9.73233259203069e-09,-0.559648650986866,0.149,0.232,0.00013711883388912,"4","SAMD9"
1.06793086858979e-08,-0.656725910672125,0.085,0.153,0.000150460780075615,"4","TTC38"
1.1512621470743e-08,-0.558157660725981,0.143,0.223,0.000162201323901298,"4","SSBP4"
1.15307017778477e-08,-0.454688487563756,0.258,0.355,0.000162456057348096,"4","SH3BGRL"
1.1681102095468e-08,-0.410388427328202,0.229,0.33,0.000164575047423049,"4","NDUFC2"
1.18002852883599e-08,-0.303489016481518,0.303,0.407,0.000166254219427703,"4","GNG5"
1.18281931587346e-08,-0.562328867033134,0.207,0.295,0.000166647413413412,"4","FMNL1"
1.24663135304187e-08,-0.635046903851338,0.118,0.194,0.000175637891330068,"4","PRKX"
1.3775474943475e-08,-0.528858445791396,0.176,0.263,0.000194082666478619,"4","IQGAP2"
1.42245799771572e-08,-0.184700618165041,0.875,0.916,0.000200410107298168,"4","SERF2"
1.48900257025664e-08,-0.436225597363547,0.37,0.465,0.000209785572123457,"4","FYN"
1.64815796487801e-08,0.603225976648005,0.35,0.284,0.000232208975671663,"4","AMD1"
1.86748045150928e-08,-0.673982606472948,0.103,0.175,0.000263109320813142,"4","DIP2A"
1.90010958613668e-08,-0.38125527537917,0.237,0.332,0.000267706439590797,"4","ARHGAP9"
2.09582719083588e-08,-0.417075391933895,0.19,0.278,0.000295281092916867,"4","LSM3"
2.25417671738743e-08,-0.435413507263166,0.178,0.264,0.000317590957712715,"4","MED10"
2.27270593864116e-08,-0.447690755667912,0.43,0.521,0.000320201539695153,"4","EMP3"
2.40385973691433e-08,-0.583692088589488,0.125,0.201,0.00033867979833386,"4","VPS13C"
2.60512487460927e-08,-0.228985237963301,0.694,0.761,0.0003670360435837,"4","PPIA"
2.64541925231449e-08,-0.656712080616851,0.081,0.148,0.000372713118458589,"4","OLA1"
2.73895822531785e-08,-0.333758166872036,0.36,0.456,0.000385891824365032,"4","ARGLU1"
2.93931790621217e-08,-0.620253245896392,0.101,0.173,0.000414120499806233,"4","USP47"
3.04893604699573e-08,-0.635391572126135,0.051,0.108,0.000429564599661229,"4","NUDT1"
3.16530734100647e-08,-0.417111991523899,0.192,0.282,0.000445960151274401,"4","BHLHE40"
3.27370225464276e-08,-0.454065992799854,0.131,0.21,0.000461231910656618,"4","CD300A"
3.31424014289288e-08,-0.379684604141944,0.29,0.388,0.000466943293732178,"4","COX5A"
3.52030099638373e-08,-0.64367776058203,0.167,0.247,0.000495975207380504,"4","AHNAK"
3.65621459958584e-08,-0.512696061816176,0.144,0.223,0.000515124074935649,"4","DDOST"
3.70306484806638e-08,-0.409708972438002,0.224,0.318,0.000521724806444072,"4","PSMB6"
3.71943057572401e-08,-0.961960699116118,0.069,0.129,0.000524030573813756,"4","LINC00996"
3.76206288466643e-08,0.501601423509935,0.666,0.64,0.000530037039820654,"4","DDIT4"
3.82488978589246e-08,-0.637308011546034,0.088,0.154,0.000538888721934389,"4","TM9SF3"
4.08550702992605e-08,-0.32348326534403,0.404,0.51,0.000575607085446281,"4","PARK7"
4.14180570034026e-08,-0.626097331997008,0.068,0.129,0.000583539005120939,"4","DNAJC21"
4.39606203425269e-08,0.601147353818279,0.31,0.243,0.000619361180005862,"4","CSRNP1"
4.74135530630003e-08,-0.443755418629076,0.35,0.439,0.000668009549104611,"4","RNF213"
4.78087165076561e-08,-0.3579504649483,0.204,0.296,0.000673577006876367,"4","TUFM"
4.80322561395758e-08,-0.784715015700828,0.052,0.109,0.000676726456750483,"4","ADNP"
4.9176292346879e-08,-0.359859052786317,0.224,0.316,0.000692844782875178,"4","BCLAF1"
4.99335513171829e-08,-0.476275857043321,0.096,0.166,0.00070351380450779,"4","CXXC5"
5.03844841801344e-08,-0.337368596459657,0.243,0.339,0.000709866997613914,"4","DDX46"
5.05492170159839e-08,-0.389266414876581,0.273,0.372,0.000712187918538197,"4","CDC42SE1"
5.15791750296652e-08,-0.44634461881278,0.068,0.13,0.000726698996992953,"4","NHLRC3"
5.25518484384006e-08,-0.38301884627766,0.254,0.346,0.000740402992648626,"4","TLN1"
6.07417242516231e-08,-0.251156001899624,0.636,0.714,0.000855790152981118,"4","MYL12B"
6.16971981622437e-08,-0.725529843464941,0.079,0.141,0.000869251824907851,"4","TRAPPC10"
6.17077539507706e-08,-0.555728042815158,0.102,0.172,0.000869400545412407,"4","PJA2"
6.34136056947146e-08,-0.56141524796516,0.232,0.313,0.000893434290632834,"4","VPS37B"
6.94816018551446e-08,-0.55260568850485,0.197,0.28,0.000978926288537133,"4","PTPN4"
7.44348695585587e-08,-0.538632431877876,0.113,0.184,0.00104871287721053,"4","GTF2I"
7.51881680850692e-08,-0.569085545307106,0.241,0.323,0.00105932610015054,"4","CNOT6L"
7.55909036799926e-08,0.767822694528575,0.303,0.243,0.00106500024194742,"4","PPP1R10"
7.75416585222102e-08,-0.275330049818431,0.202,0.295,0.00109248442691942,"4","ZNHIT1"
7.80783117749439e-08,-0.425289889963121,0.13,0.206,0.00110004533459718,"4","NIPBL"
7.9831809945389e-08,-0.432549874830154,0.149,0.228,0.00112475037032059,"4","RAB8A"
8.91748665536194e-08,0.743435021385285,0.232,0.168,0.00125638469487394,"4","PLIN2"
8.92068039758608e-08,-0.276518854792341,0.483,0.589,0.0012568346612159,"4","UBL5"
8.97691058514641e-08,-0.50916376576119,0.146,0.221,0.00126475693234128,"4","CTNNB1"
9.2585215119513e-08,-0.206946055118149,0.638,0.721,0.00130443309581882,"4","ARPC3"
9.28156199492887e-08,-0.433881944040959,0.194,0.279,0.00130767926946553,"4","LAMTOR1"
9.35026196650803e-08,-0.194607647368463,0.877,0.894,0.00131735840846132,"4","HLA-E"
9.36928608162456e-08,-0.42985495913846,0.17,0.25,0.00132003871604008,"4","ABI3"
9.45591007289379e-08,-0.389990345765123,0.365,0.463,0.00133224317017001,"4","POMP"
9.53306848671261e-08,0.574242739334687,0.288,0.219,0.00134311401909294,"4","TSPYL2"
9.62283749052429e-08,-0.436589237144229,0.136,0.21,0.00135576157403997,"4","FOXN3"
9.8892743912413e-08,-0.305656931121348,0.466,0.563,0.00139329986898199,"4","LCP1"
9.93827155923757e-08,-0.296368076727326,0.272,0.371,0.00140020307998098,"4","IQGAP1"
1.01278885885359e-07,-0.798199054208271,0.05,0.103,0.00142691822323882,"4","EIF3B"
1.02648248818051e-07,-0.399789666509968,0.277,0.372,0.00144621117759752,"4","RBX1"
1.03821056878479e-07,-0.207434283262837,0.777,0.847,0.00146273487036089,"4","KLRD1"
1.05259492859698e-07,-0.531367772494573,0.196,0.277,0.00148300099490029,"4","CLTA"
1.05532917493493e-07,0.848487711430823,0.253,0.193,0.00148685327456582,"4","CHORDC1"
1.11481874874759e-07,-0.619069213282638,0.089,0.153,0.00157066813511047,"4","KMT2C"
1.11526614064456e-07,-0.459829144761181,0.155,0.233,0.00157129846555412,"4","PYCARD"
1.12602552256986e-07,-0.794353826439511,0.059,0.114,0.00158645735874868,"4","COMMD2"
1.13731333186387e-07,-0.398500955195587,0.117,0.19,0.00160236075326301,"4","TXNL4A"
1.13806931937111e-07,-0.656168907084005,0.081,0.145,0.00160342586406195,"4","ADAM10"
1.17858838623333e-07,-0.898082904271305,0.108,0.171,0.00166051317736413,"4","XIST"
1.2438617346179e-07,-0.642720607036184,0.092,0.156,0.00175247679790315,"4","EIF4E2"
1.32842934318045e-07,-0.459724086978336,0.15,0.228,0.00187162410160694,"4","GOLGA4"
1.3341752498318e-07,-0.503476409895702,0.174,0.25,0.00187971950948803,"4","PRPF4B"
1.48666729535046e-07,-0.324774840007485,0.291,0.384,0.00209456555241926,"4","ARPC5L"
1.54035737909123e-07,0.924609004364322,0.135,0.086,0.00217020951140164,"4","ICAM1"
1.63668514820861e-07,-0.505686499773974,0.165,0.242,0.00230592570531111,"4","PAK2"
1.71671026178012e-07,-0.472504318016113,0.159,0.237,0.00241867308782201,"4","WAS"
1.72767862792767e-07,-0.57397754597061,0.113,0.181,0.0024341264188873,"4","LSM1"
1.73524578006986e-07,-0.427367911065681,0.161,0.24,0.00244478777954043,"4","GSTO1"
1.82210760558573e-07,-0.453998186624189,0.145,0.22,0.00256716740550974,"4","PSMB8-AS1"
1.8503781172375e-07,-0.744473860994535,0.09,0.151,0.00260699772937591,"4","ATP2B1"
1.91441059797266e-07,-0.813037057089307,0.052,0.104,0.00269721309148368,"4","UBLCP1"
1.98625247100678e-07,-0.256244777998662,0.595,0.677,0.00279843110640145,"4","HOPX"
1.98997589167974e-07,1.20203419707702,0.134,0.087,0.00280367703378759,"4","TCOF1"
2.15509399315721e-07,-0.460873363336779,0.123,0.193,0.00303631192695919,"4","NUB1"
2.18283840597133e-07,-0.688317282476219,0.117,0.184,0.003075401030173,"4","CYTH1"
2.1828695513365e-07,-0.599019051267359,0.094,0.157,0.00307544491087799,"4","SMARCE1"
2.19475154084965e-07,1.1654328464285,0.1,0.058,0.00309218544590308,"4","GEM"
2.19998722310987e-07,-0.366349505060458,0.36,0.447,0.0030995619986395,"4","BST2"
2.22067137549563e-07,-0.337326072803183,0.316,0.41,0.00312870390093579,"4","UBE2D2"
2.2894942970367e-07,0.975390947969762,0.15,0.099,0.00322566851509501,"4","ABHD3"
2.30893867678647e-07,-0.246387982618004,0.407,0.503,0.00325306370172446,"4","SERBP1"
2.3413919384701e-07,-0.461671887017704,0.149,0.223,0.00329878710211053,"4","CCT7"
2.60262519035931e-07,-0.371937891917588,0.211,0.297,0.00366683863069724,"4","SNRPD3"
2.62829307319054e-07,-0.374157439352833,0.184,0.266,0.00370300211081815,"4","TMEM160"
2.65233800221027e-07,-0.355415272415986,0.254,0.342,0.00373687901131406,"4","CAPZA1"
2.70982662672567e-07,-0.256046500636991,0.279,0.375,0.0038178747343938,"4","ACTR2"
2.73003606329089e-07,-0.392356034496408,0.158,0.234,0.00384634780957054,"4","PPM1G"
2.73178318813666e-07,-0.765380226326976,0.096,0.157,0.00384880933376574,"4","FCRL6"
2.83003090579964e-07,-0.741243325163433,0.069,0.126,0.00398723054318112,"4","TRIP12"
2.86101677613603e-07,-0.221231141969051,0.211,0.295,0.00403088653589805,"4","MACF1"
2.92999464595631e-07,-0.450574033702006,0.121,0.192,0.00412806945668785,"4","CRBN"
2.93626547707908e-07,-0.272378786243171,0.34,0.439,0.00413690443065672,"4","SEC11A"
3.08790692925537e-07,0.56229339907042,0.195,0.136,0.00435055207262789,"4","HLA-DQB1"
3.18092391937726e-07,-0.50940837454971,0.078,0.137,0.00448160371001062,"4","SMC5"
3.19560110202429e-07,-0.495442459656898,0.116,0.184,0.00450228239264202,"4","PTPRA"
3.23228981769446e-07,-0.326286974257739,0.181,0.264,0.00455397312414972,"4","TAOK3"
3.29572590049225e-07,-0.457664302042092,0.144,0.216,0.00464334822120353,"4","GSPT1"
3.34352503096502e-07,-0.654634045971644,0.119,0.186,0.00471069241612662,"4","ZNF292"
3.40559763313026e-07,-0.362685754845731,0.227,0.31,0.00479814650531722,"4","ZNF207"
3.42894651574017e-07,-0.311846322888257,0.231,0.316,0.00483104274602632,"4","TNRC6B"
3.51617832372835e-07,-0.540954929326796,0.11,0.176,0.00495394364030087,"4","PPP4R3A"
3.61896575512347e-07,-0.677710928081739,0.103,0.166,0.00509876085239346,"4","SASH3"
3.68573031380915e-07,-0.663202958129442,0.06,0.113,0.00519282543912571,"4","COMMD5"
3.8501423563525e-07,-0.491804241603662,0.101,0.166,0.00542446556586504,"4","RAB18"
3.94241547675688e-07,-0.397842224861516,0.161,0.238,0.00555446916520277,"4","NDUFB3"
4.04462090727241e-07,-0.384375997942231,0.127,0.197,0.00569846639625609,"4","WNK1"
4.09213114325618e-07,-0.297285152494533,0.137,0.21,0.00576540356773363,"4","SNRPC"
4.19492734901796e-07,-0.696922172642004,0.059,0.111,0.0059102331420314,"4","LENG8"
4.22717064777616e-07,-0.399484190602163,0.207,0.289,0.00595566072565183,"4","SMCHD1"
4.33857632835179e-07,-0.440158895632705,0.118,0.187,0.00611262018901484,"4","STAG2"
4.45952467636071e-07,-0.284948249017908,0.399,0.495,0.00628302431652461,"4","NDUFS5"
4.53103422817115e-07,-0.433155043531555,0.155,0.228,0.00638377412407034,"4","RPN2"
4.54114142506352e-07,-0.451580128647254,0.117,0.185,0.00639801415377199,"4","PSMC1"
4.5960971655491e-07,-0.376554346719991,0.117,0.185,0.00647544129654212,"4","MXD4"
4.62374519868001e-07,-0.544062835474949,0.384,0.468,0.00651439461042026,"4","MT2A"
4.7657272880445e-07,-0.296426326197453,0.235,0.325,0.00671443317612589,"4","AURKAIP1"
4.81052271731978e-07,-0.508320483233605,0.282,0.363,0.00677754545643183,"4","FAM177A1"
4.84715333839816e-07,-0.375126188858074,0.268,0.355,0.00682915433846916,"4","ATP6V1F"
4.85586970234207e-07,-0.614405747356307,0.081,0.139,0.00684143482362974,"4","SMARCC1"
4.86749313361686e-07,-0.329002989288981,0.251,0.338,0.0068578110759528,"4","TXK"
4.89044139653753e-07,-0.56675798986147,0.073,0.129,0.00689014288358173,"4","HUWE1"
4.91540906455104e-07,-0.331356251198017,0.254,0.344,0.00692531983104596,"4","NDUFB4"
4.9755206267865e-07,-0.440362338077739,0.135,0.206,0.00701001101107949,"4","STK10"
5.08801233333861e-07,-0.931445394761229,0.053,0.103,0.00716850057644076,"4","IGFBP2"
5.14831889322805e-07,-0.314388672128621,0.377,0.463,0.007253466488669,"4","IFI16"
5.20950728989598e-07,-0.407735552897257,0.147,0.219,0.00733967482073445,"4","PGLS"
5.28699834520341e-07,-0.746981780500886,0.102,0.164,0.00744885196855709,"4","IFNGR1"
5.41321622533405e-07,-0.61055855116783,0.083,0.142,0.00762668033987314,"4","COA4"
5.46455292373283e-07,-0.260769290010672,0.426,0.521,0.00769900861424718,"4","PSME2"
5.51386385313102e-07,-0.962771079366664,0.052,0.101,0.00776848278267629,"4","CD226"
5.65228023195574e-07,-0.419698696871671,0.181,0.259,0.00796349761880244,"4","CCNDBP1"
5.76262646131794e-07,0.963587710841494,0.133,0.087,0.00811896442135085,"4","GALM"
6.001913150879e-07,-0.516802324154612,0.147,0.216,0.00845609543827342,"4","SMARCA5"
6.14709571929317e-07,-0.584332172092014,0.112,0.176,0.00866064315891215,"4","ATF7IP"
6.24547235644836e-07,-0.384165226982881,0.123,0.191,0.0087992460030001,"4","HELZ"
6.74893710463781e-07,-0.651370302529382,0.107,0.169,0.00950857748672422,"4","CMIP"
6.86941190926045e-07,-0.504213353364334,0.134,0.203,0.00967831443895705,"4","ITGAL"
7.12214970574826e-07,-0.843154957718256,0.068,0.121,0.0100343967204287,"4","USP1"
7.26483494634241e-07,-0.336302415117423,0.132,0.2,0.0102354259559018,"4","SMC3"
7.35889318308381e-07,-0.355595452046832,0.202,0.283,0.0103679446056468,"4","SSU72"
7.4618230199798e-07,-0.591324555564604,0.085,0.144,0.0105129624528495,"4","CFDP1"
7.51096134557753e-07,-0.369117487155088,0.117,0.183,0.0105821934397842,"4","RIN3"
7.87444652978435e-07,-0.270709370147205,0.387,0.482,0.0110943077158132,"4","MORF4L1"
7.96528329757199e-07,-0.431387054288544,0.124,0.191,0.0112222876379492,"4","SRPK2"
7.99322111547622e-07,-0.680761751845384,0.058,0.109,0.0112616492295944,"4","PPP1R16B"
8.10472161029368e-07,-0.565469839414854,0.063,0.117,0.0114187422767428,"4","ZDHHC12"
8.12080073742662e-07,-0.323309140316251,0.153,0.229,0.0114413961589604,"4","EIF6"
8.228380521972e-07,-0.481011854528424,0.154,0.226,0.0115929653174063,"4","PTPN6"
8.24761193440098e-07,-0.873087109616123,0.058,0.107,0.0116200604543775,"4","TNFSF12"
8.29509771087553e-07,-0.275514840200484,0.211,0.291,0.0116869631648525,"4","PCSK7"
8.62642979044991e-07,-0.33894660938828,0.232,0.316,0.0121537769317649,"4","PDIA6"
8.70435855547867e-07,-0.443136480956315,0.179,0.252,0.0122635707688139,"4","CPNE1"
8.72979065019789e-07,-0.41765296619669,0.103,0.167,0.0122994020470638,"4","SETX"
8.73222469780195e-07,-0.690965196452533,0.079,0.134,0.0123028313767332,"4","PMPCB"
8.74955851508859e-07,0.71962071367831,0.274,0.219,0.0123272529919083,"4","GLUL"
8.76315720469986e-07,-0.573657336249536,0.075,0.13,0.0123464121857016,"4","BORCS7"
9.10056868080262e-07,-0.242551261024326,0.22,0.304,0.0128217912143828,"4","CCDC12"
9.15373623608843e-07,-0.38303944376214,0.207,0.286,0.012896698983025,"4","VDAC1"
9.18166724010329e-07,-0.570459470544024,0.109,0.172,0.0129360509745815,"4","RAB29"
9.3780596304754e-07,-0.455168048043755,0.09,0.15,0.0132127482133768,"4","TRAPPC2L"
9.41399199818331e-07,-0.469272862540357,0.179,0.253,0.0132633733262405,"4","RHOG"
9.48536483378867e-07,-0.348459674818319,0.165,0.242,0.0133639305143249,"4","UTRN"
9.62549734602779e-07,-0.547887402600287,0.083,0.141,0.0135613632108186,"4","COMT"
9.7706999876714e-07,-0.585478549090984,0.088,0.147,0.0137659392126302,"4","GTF2H5"
1.00188518997532e-06,-0.388054358359693,0.121,0.188,0.0141155604415623,"4","MDM4"
1.00795978390601e-06,-0.766434693180844,0.051,0.1,0.0142011453954517,"4","HMGXB4"
1.01088489472498e-06,-0.433526920283216,0.094,0.154,0.0142423572817802,"4","NFATC2IP"
1.03942797964498e-06,-0.522387487062476,0.084,0.143,0.0146445008052181,"4","DHRS3"
1.06712396689815e-06,-0.435044111748988,0.111,0.175,0.015034709569628,"4","SPAG7"
1.06744281588961e-06,0.919560314287425,0.149,0.102,0.0150392018330688,"4","ABHD5"
1.08335447746147e-06,-0.617367540101711,0.071,0.125,0.0152633812329547,"4","EXOC7"
1.08618156183962e-06,-0.54533647002548,0.111,0.174,0.0153032120247584,"4","IL27RA"
1.09187622224613e-06,-0.301051996059597,0.173,0.25,0.0153834440952258,"4","PCM1"
1.1321873299135e-06,-0.271436751368376,0.361,0.458,0.0159513872911513,"4","COX7B"
1.14240326026096e-06,0.907955571759279,0.194,0.142,0.0160953195338167,"4","SLC5A3"
1.1713686517383e-06,0.462260419654513,0.522,0.5,0.0165034129343409,"4","SOD1"
1.18474960662567e-06,-0.523637122837553,0.076,0.131,0.016691937207749,"4","TSG101"
1.21791761605815e-06,-0.230921090847824,0.372,0.464,0.0171592412926433,"4","PSMB1"
1.22392265011291e-06,-0.508061383710875,0.078,0.133,0.0172438462174408,"4","JARID2"
1.2392762929375e-06,-0.641712981791373,0.105,0.165,0.0174601636911965,"4","SYNGR1"
1.26001358746822e-06,-0.360461144139391,0.258,0.337,0.0177523314338398,"4","NDUFB10"
1.26451261121595e-06,-0.533510849567921,0.098,0.159,0.0178157181794215,"4","TMEM208"
1.27076923670786e-06,-0.456310802528287,0.11,0.172,0.0179038677759771,"4","TMEM179B"
1.29199219870673e-06,-0.369609645204022,0.092,0.151,0.0182028780875791,"4","PTBP3"
1.30476902271212e-06,-0.544168885296264,0.107,0.168,0.018382890760991,"4","FASLG"
1.31899129797888e-06,-0.340788689131277,0.257,0.342,0.0185832683972245,"4","SF3B6"
1.32738082361514e-06,-0.373892187697481,0.211,0.288,0.0187014684239137,"4","HP1BP3"
1.34676967129302e-06,-0.780789216607633,0.052,0.1,0.0189746378988474,"4","ZSWIM7"
1.34847516583135e-06,-0.596793805467875,0.061,0.111,0.0189986666113979,"4","IMMT"
1.36450967895103e-06,-0.273133542364937,0.4,0.489,0.0192245768667411,"4","HNRNPA3"
1.39442564199216e-06,-0.419704988743381,0.145,0.213,0.0196460628700276,"4","NDUFAF3"
1.44017261954561e-06,-0.583100624709174,0.083,0.139,0.0202905920367782,"4","YPEL1"
1.48670750454056e-06,-0.35890044712949,0.272,0.354,0.0209462220314719,"4","XRCC5"
1.51988717451046e-06,-0.290947671645889,0.28,0.367,0.0214136904016779,"4","PNN"
1.53667987073762e-06,-0.500164054534231,0.132,0.198,0.0216502826988224,"4","RAB11FIP1"
1.54496106072029e-06,-0.576908437764368,0.096,0.155,0.0217669563844882,"4","ZNF638"
1.55324780832621e-06,-0.706641554124191,0.088,0.144,0.021883708371508,"4","PRPF6"
1.56062503500983e-06,-0.646849225320191,0.077,0.13,0.0219876461182536,"4","RFTN1"
1.56468076147316e-06,-0.292891528510653,0.259,0.347,0.0220447872483954,"4","ARHGDIA"
1.60559761473928e-06,-0.307092467162355,0.16,0.233,0.0226212647940618,"4","LAPTM4A"
1.61742402200835e-06,0.15264325465151,0.973,0.934,0.0227878870460756,"4","CCL5"
1.61811232808001e-06,-0.277025033325119,0.29,0.378,0.0227975845903192,"4","PSMD8"
1.63079604754182e-06,-0.269510711737956,0.575,0.667,0.0229762855138167,"4","UQCRB"
1.65193273855112e-06,-0.499778495014027,0.116,0.178,0.0232740803534467,"4","PTPRE"
1.70333222190242e-06,-0.526660043856376,0.11,0.172,0.0239982476743832,"4","RFC1"
1.70518511697992e-06,-0.506646473574041,0.104,0.164,0.0240243531131301,"4","ORAI1"
1.71777852464307e-06,-0.561102444607619,0.156,0.224,0.0242017816336962,"4","FKBP5"
1.72579748148627e-06,0.260917477540223,0.565,0.493,0.0243147607166601,"4","SLC25A6"
1.73212687811757e-06,-0.673987782552229,0.079,0.133,0.0244039355857984,"4","NCR1"
1.80086976943341e-06,0.212588284037653,0.9,0.88,0.0253724541815473,"4","EEF1D"
1.84107232529987e-06,-0.491751802266142,0.114,0.178,0.0259388679911499,"4","TMOD3"
1.87795641662907e-06,-0.25207692835593,0.171,0.248,0.0264585279538869,"4","PSMA3"
1.90767925364659e-06,-0.706563941581413,0.064,0.115,0.0268772930046268,"4","IGF2R"
1.91618566258579e-06,-0.512783641236917,0.14,0.204,0.0269971398001712,"4","DIAPH1"
1.92968289410843e-06,-0.582448881866587,0.067,0.118,0.0271873022950937,"4","PACS1"
1.98374064203985e-06,-0.546575756261874,0.18,0.251,0.0279489219056994,"4","CNOT2"
1.99541701364986e-06,-0.493908557485588,0.056,0.104,0.0281134303053129,"4","MPHOSPH9"
2.0011568260372e-06,-0.28172261812874,0.374,0.46,0.0281942985220381,"4","CAP1"
2.01206920678714e-06,-0.455879984401645,0.162,0.231,0.0283480430544239,"4","INPP5D"
2.0225454697376e-06,-0.666658233224897,0.078,0.131,0.028495643123133,"4","BEX4"
2.0461896385709e-06,-0.330216622252144,0.236,0.314,0.0288287658178254,"4","ROCK1"
2.05151752499062e-06,-0.260208552017624,0.328,0.421,0.0289038304095929,"4","HSP90B1"
2.07088093986071e-06,-0.412765457420054,0.086,0.143,0.0291766415616975,"4","GLRX5"
2.07155913335605e-06,-0.478535695497291,0.098,0.158,0.0291861966298534,"4","SRPRA"
2.09248081298164e-06,-0.62588851994642,0.106,0.165,0.0294809621740983,"4","ECI2"
2.27218115265876e-06,-0.445862295521845,0.119,0.182,0.0320127602598092,"4","MLLT6"
2.2833415400372e-06,-0.335749690620321,0.272,0.355,0.0321699989575841,"4","PPP1R18"
2.28923930972144e-06,-0.627185363764473,0.054,0.102,0.0322530926346654,"4","KPNA3"
2.31440448834701e-06,-0.378666814550263,0.079,0.134,0.032607644836321,"4","CREBZF"
2.40927491343187e-06,-0.778609402566721,0.079,0.132,0.0339442742553416,"4","MX1"
2.41097126316507e-06,-0.277858643666078,0.263,0.347,0.0339681741267327,"4","SKAP1"
2.46531649123741e-06,-0.2419617610786,0.407,0.506,0.0347338440450439,"4","APRT"
2.49293667178225e-06,-0.744404726805212,0.069,0.119,0.0351229847687401,"4","ATXN7L3B"
2.53432592683297e-06,-0.404403259968791,0.148,0.216,0.0357061179831497,"4","SNW1"
2.5650116274832e-06,-0.311533519225577,0.307,0.393,0.0361384488196108,"4","OSTF1"
2.57608115322077e-06,-0.406267737021398,0.142,0.208,0.0362944073677275,"4","ZC3H13"
2.5790060736377e-06,-0.309765729177577,0.203,0.283,0.0363356165714815,"4","OSTC"
2.62505522442984e-06,-0.312478227475197,0.225,0.306,0.0369844030569919,"4","XRCC6"
2.6335300964143e-06,-0.49399278667698,0.08,0.135,0.037103805528381,"4","ZCCHC17"
2.65916631671115e-06,-0.465145399609633,0.126,0.189,0.0374649942361434,"4","PPCS"
2.71917444602729e-06,0.357178328392777,0.408,0.339,0.0383104487700785,"4","HLA-DPA1"
2.73517087983806e-06,-0.694835410703201,0.067,0.117,0.0385358225260385,"4","N4BP1"
2.79522506725238e-06,-0.241651916523355,0.158,0.228,0.0393819259725188,"4","PSIP1"
2.81784043959976e-06,-0.346036910146138,0.244,0.323,0.039700553953521,"4","PPP1CB"
2.88605587183639e-06,-0.438576760269939,0.1,0.158,0.040661641178303,"4","STX8"
2.89736740440059e-06,-0.31899109798312,0.175,0.246,0.0408210093605999,"4","MAP2K2"
2.98040521386561e-06,-0.532586464583394,0.1,0.158,0.0419909290581525,"4","NUDT5"
3.01323560808578e-06,-0.526056258524752,0.122,0.184,0.0424534764823205,"4","PARP14"
3.19398157183381e-06,-0.386584395971754,0.152,0.217,0.0450000063655665,"4","OSBPL8"
3.20495154043458e-06,-0.356534609419175,0.216,0.292,0.0451545622531828,"4","DOCK8"
3.20763851353159e-06,-1.01349527062411,0.061,0.108,0.0451924190171465,"4","PDE3B"
3.23477209104219e-06,-0.345065751462973,0.226,0.305,0.0455747039906934,"4","TMED9"
3.24417255674432e-06,-0.466586253980062,0.16,0.228,0.0457071471519707,"4","PSMB10"
3.30300377101808e-06,-0.598557920618534,0.093,0.148,0.0465360201298737,"4","MBD4"
3.51009516227265e-06,-0.516952764344634,0.091,0.147,0.0494537307412594,"4","HINT2"
3.51240334157542e-06,-0.46851467954352,0.106,0.165,0.0494862506794561,"4","UBE2V2"
3.52781375914206e-06,-0.624947221408087,0.119,0.178,0.0497033680525525,"4","SAMD9L"
3.64887943697288e-06,-0.389605684340482,0.106,0.166,0.0514090623875109,"4","NCKAP1L"
3.68515336481429e-06,-0.814009650993393,0.072,0.122,0.0519201257568685,"4","DCAF11"
3.69067677195805e-06,-0.338696782018714,0.132,0.197,0.051997945040117,"4","FNBP4"
3.75315524232829e-06,-0.686750925422557,0.054,0.1,0.0528782042091633,"4","TFDP1"
3.8222914211994e-06,-0.39664177440146,0.208,0.282,0.0538522638332783,"4","GCC2"
3.85988052994027e-06,-0.496859372672225,0.067,0.117,0.0543818567863284,"4","R3HDM2"
3.8775082912469e-06,-0.304837425816936,0.248,0.328,0.0546302143153776,"4","IKZF1"
3.88903044143985e-06,-0.637111547546786,0.075,0.126,0.0547925498894461,"4","ELF2"
3.92362087668586e-06,-0.223702558303208,0.25,0.334,0.055279894531627,"4","TAX1BP1"
4.07689700633731e-06,-0.439710496981803,0.151,0.217,0.0574394019222863,"4","TTC14"
4.12917434205949e-06,-0.232194246904031,0.247,0.33,0.0581759373052761,"4","AP2M1"
4.18845036310122e-06,-0.370327786938345,0.236,0.309,0.0590110771657331,"4","PYHIN1"
4.22967425997218e-06,-0.337239271420308,0.128,0.192,0.059591880648748,"4","EMC7"
4.23837650576935e-06,-0.443633567509141,0.107,0.166,0.0597144865897844,"4","REST"
4.25754726040833e-06,-0.511396069542041,0.096,0.151,0.059984583351893,"4","PSMD11"
4.35273852914519e-06,-0.500432213671506,0.117,0.177,0.0613257331371266,"4","SERINC1"
4.39882240043881e-06,-0.313829362146063,0.288,0.37,0.0619750087997824,"4","PAIP2"
4.49897841649278e-06,-0.262177966769392,0.248,0.331,0.0633861069099668,"4","NDUFA3"
4.5401514204147e-06,-0.53384546285638,0.082,0.136,0.0639661933622228,"4","PFDN1"
4.64589162738456e-06,-0.503444748166414,0.096,0.152,0.065455967138221,"4","PRKDC"
4.72309685172779e-06,-0.219238397172304,0.513,0.6,0.0665437115439928,"4","GUK1"
4.89769129999498e-06,-0.456667043168426,0.078,0.13,0.0690035727256292,"4","ERLEC1"
4.96421588945344e-06,-0.197779226740731,0.766,0.829,0.0699408376665095,"4","IFITM2"
4.96772982869416e-06,-0.73062041214655,0.07,0.119,0.069990345556472,"4","PLEKHA1"
4.99936809398372e-06,-0.255227127458775,0.255,0.335,0.0704360970761367,"4","PSMA4"
5.20642807161267e-06,0.622889034658434,0.296,0.248,0.0733533651009509,"4","TCP1"
5.23242717252563e-06,0.718656658154976,0.118,0.077,0.0737196664337136,"4","TNF"
5.26759296078685e-06,-0.274032285317216,0.211,0.289,0.0742151172245259,"4","EIF2S2"
5.27026988457962e-06,-0.578485961656195,0.115,0.173,0.0742528324038422,"4","RNASEK"
5.27147339080776e-06,0.234383152799652,0.795,0.769,0.0742697886030906,"4","TSC22D3"
5.29823422858204e-06,-0.724097600415121,0.067,0.115,0.0746468220464924,"4","KLF3"
5.45672184806669e-06,0.423629838633021,0.47,0.43,0.0768797541174116,"4","EIF5"
5.48548619818397e-06,-0.252966651860416,0.134,0.2,0.0772850150462139,"4","IMP3"
5.51377684295894e-06,-0.37746625624229,0.11,0.169,0.0776836019404485,"4","NRDC"
5.53383714794367e-06,-0.835341652074567,0.083,0.133,0.0779662315773784,"4","FBXO34"
5.53778545048817e-06,-0.267636516493044,0.456,0.538,0.0780218592119278,"4","TMBIM6"
5.58247540687961e-06,-0.451879117197051,0.118,0.177,0.0786514960075268,"4","STT3B"
5.6359887607077e-06,-0.482419651144604,0.192,0.261,0.0794054456496108,"4","KRT86"
5.69915971387779e-06,-0.245135433746766,0.237,0.317,0.0802954612088242,"4","SCAND1"
5.70644645136156e-06,-0.430133384075227,0.077,0.128,0.080398124053233,"4","ZNF22"
5.7162202840189e-06,-0.276206889049718,0.297,0.377,0.0805358275815423,"4","DHRS7"
5.79131124670727e-06,-0.472398039607202,0.239,0.308,0.0815937841548587,"4","GNG2"
5.8330343401489e-06,-0.344039700735294,0.189,0.261,0.0821816208183579,"4","USP15"
5.83682645372823e-06,0.298538973737375,0.579,0.535,0.0822350479065771,"4","STK17A"
5.86368742259431e-06,-0.574869231060712,0.091,0.145,0.0826134920969313,"4","PSMD14"
5.8843139584482e-06,-0.360851928183483,0.266,0.342,0.0829040993605767,"4","PTPN22"
6.03977331274122e-06,-0.562564676846731,0.079,0.129,0.085094366203211,"4","HEBP2"
6.06707899105997e-06,0.870004641458304,0.159,0.113,0.0854790759050439,"4","TUBA1C"
6.15420978932332e-06,-0.197114218058641,0.564,0.656,0.0867066617217763,"4","SKP1"
6.2191263496166e-06,-0.281447803465927,0.266,0.348,0.0876212711397483,"4","VAPA"
6.31030063429872e-06,-0.440147658009325,0.196,0.264,0.0889058256366347,"4","IVNS1ABP"
6.34822978466487e-06,-0.17286328463132,0.253,0.336,0.0894402094361434,"4","DYNLRB1"
6.3765520865469e-06,-0.309141463046243,0.208,0.286,0.0898392423473593,"4","MOB1A"
6.38087668920647e-06,-0.578050184025134,0.061,0.108,0.0899001716742299,"4","IWS1"
6.38730300072435e-06,-0.418141689787466,0.21,0.282,0.0899907119772054,"4","SLC9A3R1"
6.44593313467772e-06,-0.297251932903483,0.475,0.553,0.0908167519344744,"4","LY6E"
6.45874380448673e-06,-0.416322257329735,0.089,0.143,0.0909972414614136,"4","CEP350"
6.55186460625665e-06,-0.27807144861495,0.333,0.421,0.09230922043755,"4","SRRM2"
6.57079893154506e-06,-0.290803345723964,0.246,0.327,0.0925759861465383,"4","G3BP2"
6.7279455263543e-06,-0.446023601831773,0.135,0.198,0.0947900245208057,"4","FRG1"
6.72837248963275e-06,-0.458547169004526,0.106,0.163,0.0947960400064358,"4","SMIM7"
6.74519425866839e-06,-0.243182561213387,0.399,0.483,0.0950330419103789,"4","PRRC2C"
6.75725399667914e-06,-0.394746096423981,0.112,0.171,0.0952029515592124,"4","PDCD2"
6.79221204671473e-06,-0.279547479820904,0.219,0.295,0.0956954755261638,"4","BCAP31"
6.9747296450597e-06,-0.214638058494577,0.274,0.358,0.0982669659692461,"4","ENSA"
7.11427992101818e-06,-0.734531821563815,0.065,0.112,0.100233089807225,"4","EIF4EBP2"
7.14386218875375e-06,-0.385724954411667,0.152,0.216,0.100649874377352,"4","PAFAH1B1"
7.15818900483837e-06,-0.400873922550332,0.134,0.194,0.100851724889168,"4","MAZ"
7.40423799428335e-06,-0.686773913975879,0.075,0.125,0.104318309101458,"4","USP14"
7.48559581779961e-06,1.19166089011295,0.135,0.094,0.105464559476979,"4","IER5L"
7.54414165675078e-06,-0.340410848734511,0.128,0.189,0.106289411801962,"4","SAMHD1"
7.56216743079364e-06,-0.637186829932223,0.057,0.102,0.106543376932452,"4","MTERF4"
7.59099226561497e-06,-0.494496856512441,0.084,0.137,0.106949490030249,"4","TSPAN32"
7.69384870129481e-06,-0.287652599258485,0.102,0.16,0.108398634352543,"4","CCM2"
7.7496403021024e-06,-0.318041996042489,0.115,0.175,0.109184682216321,"4","USP8"
7.9036621666815e-06,-0.356490446637927,0.132,0.194,0.111354696266376,"4","THOC7"
7.90729534545579e-06,-0.683903380868424,0.069,0.116,0.111405884122127,"4","VAV3"
8.02982116870764e-06,-0.526391816420255,0.085,0.137,0.113132150445922,"4","DOCK2"
8.19153312731946e-06,-0.379366035756048,0.179,0.244,0.115410510230804,"4","TOP1"
8.2951580530744e-06,-0.332845650186395,0.125,0.187,0.116870481809765,"4","HSBP1"
9.20106362357714e-06,0.477106644814987,0.411,0.368,0.129633785392578,"4","SOCS1"
9.26197936061662e-06,-0.299585491562634,0.234,0.307,0.130492027211728,"4","MYH9"
9.30677571342503e-06,-0.39643727333516,0.149,0.212,0.131123163026445,"4","MYO1G"
9.33830871406515e-06,-0.232180311085277,0.405,0.496,0.131567431472464,"4","ARF6"
9.40721563655021e-06,-0.525063879481431,0.063,0.11,0.132538261103356,"4","GOSR1"
9.73355190715645e-06,-0.449544723923967,0.086,0.138,0.137136012819927,"4","SMC1A"
9.76749727277974e-06,0.150444705873068,0.732,0.674,0.137614269076194,"4","TXNIP"
9.79283019217696e-06,-0.165939013966102,0.867,0.902,0.137971184577581,"4","CFL1"
9.92587570238645e-06,-0.26437366043814,0.116,0.177,0.139845662770923,"4","ILK"
1.00817556183125e-05,-0.643406152697299,0.114,0.169,0.142041854906404,"4","MGAT1"
1.01295495956782e-05,0.318575171459956,0.616,0.592,0.14271522425351,"4","FUS"
1.01989701171097e-05,-0.221697677599823,0.401,0.489,0.143693289979958,"4","SEC61B"
1.05162699152626e-05,-0.376905225912364,0.22,0.293,0.148163726836135,"4","RTN4"
1.06610776778172e-05,1.10922430710312,0.113,0.075,0.150203923402766,"4","CDKN2C"
1.06954269038175e-05,-0.802600996393137,0.074,0.121,0.150687869647885,"4","ABLIM1"
1.09315929100267e-05,-0.337378182039135,0.078,0.128,0.154015212509367,"4","CSNK1G2"
1.10499103869338e-05,-0.420562611982724,0.144,0.205,0.15568218744151,"4","BDP1"
1.11949150115912e-05,-0.368177092049304,0.109,0.166,0.157725157598309,"4","NDUFS4"
1.1413432736137e-05,-0.384836540980915,0.203,0.274,0.160803853819434,"4","RAB2A"
1.15224223174132e-05,-0.634245399422743,0.058,0.102,0.162339408030035,"4","ARHGEF6"
1.15959759102476e-05,-0.302926279368634,0.23,0.3,0.163375704599479,"4","SYAP1"
1.16807401814359e-05,-0.564121064492608,0.092,0.143,0.164569948416251,"4","VOPP1"
1.17020418446529e-05,-0.473566600490207,0.121,0.179,0.164870067549314,"4","HDDC2"
1.17432840856429e-05,-0.561009842868649,0.083,0.133,0.165451129482623,"4","ATP8A1"
1.18153559755895e-05,-0.389989002636483,0.172,0.237,0.166466550340081,"4","RORA"
1.23090067665229e-05,-0.203541898155368,0.193,0.265,0.173421596333541,"4","CHMP2A"
1.23329711925062e-05,-0.594596386718675,0.062,0.107,0.17375923113122,"4","ARHGAP18"
1.23939603825305e-05,-0.208640236466512,0.489,0.579,0.174618507829473,"4","ISG20"
1.23965449512737e-05,-0.42814821694311,0.066,0.114,0.174654921818496,"4","XPA"
1.24093977818832e-05,-0.336953383625171,0.206,0.278,0.174836005348953,"4","ZC3H15"
1.24134062194962e-05,-0.625859151230659,0.069,0.116,0.174892480226483,"4","SLFN13"
1.25360182822472e-05,-0.344090945075742,0.145,0.208,0.176619961578581,"4","SH2D1B"
1.25579954470547e-05,-0.332131615437051,0.183,0.252,0.176929597853553,"4","MAF1"
1.27172812455865e-05,-0.210050058639714,0.23,0.306,0.179173775469068,"4","NDUFA12"
1.28589503308831e-05,-0.201603559925332,0.333,0.423,0.181169751211813,"4","BZW1"
1.29264029813811e-05,-0.506187546395596,0.106,0.161,0.182120091604679,"4","EIF2AK2"
1.31015629257984e-05,-0.261243541591109,0.451,0.523,0.184587920061574,"4","ENO1"
1.31070927451616e-05,-0.313936457363516,0.137,0.198,0.184665829686582,"4","EAPP"
1.31889900369991e-05,-0.244103957538574,0.15,0.216,0.18581968063128,"4","MED4"
1.32563027462831e-05,-0.284475302463229,0.239,0.312,0.186768049392382,"4","GLIPR2"
1.33432516418684e-05,-0.52020414180823,0.101,0.153,0.187993072382284,"4","TOP2B"
1.33620000997523e-05,-0.36191504369172,0.179,0.246,0.188257219405411,"4","PSMD13"
1.34251681672694e-05,-0.487007315804864,0.117,0.174,0.189147194308659,"4","TADA3"
1.35710879280465e-05,-0.377116180900675,0.097,0.152,0.191203057818247,"4","MLEC"
1.37191580682868e-05,-0.19442895396758,0.252,0.328,0.193289218024093,"4","COX7A2L"
1.37992343119921e-05,-0.33623492698294,0.237,0.308,0.194417412221656,"4","RALY"
1.39180371663895e-05,-0.528743078643748,0.073,0.12,0.196091225637262,"4","NUP210"
1.39387038212276e-05,-0.386369074225435,0.117,0.174,0.196382398137275,"4","PHF20L1"
1.41824777512158e-05,0.695398797317055,0.211,0.164,0.199816929036879,"4","KPNA2"
1.45196109683765e-05,-0.669505350392714,0.063,0.108,0.204566798933456,"4","TM9SF2"
1.46449149348411e-05,-0.518868909870234,0.077,0.125,0.206332206516976,"4","CTBP1"
1.49462830536493e-05,-0.28515461154263,0.174,0.242,0.210578181942865,"4","PIN1"
1.50565198739354e-05,-0.462662470960331,0.126,0.182,0.212131308503876,"4","DNMT1"
1.51721024825559e-05,-0.382235537141956,0.131,0.19,0.21375975187673,"4","UBE2F"
1.5200367964723e-05,-0.35310505743882,0.133,0.194,0.214157984254982,"4","TIAL1"
1.54121321455381e-05,-0.603877592136156,0.102,0.155,0.217141529798486,"4","PTPN18"
1.54242779214481e-05,-0.392853813264112,0.109,0.165,0.217312651635282,"4","SMAP1"
1.56669144265036e-05,-0.513178285106636,0.096,0.148,0.220731157355009,"4","CCDC186"
1.56706979788362e-05,-0.537412798599682,0.11,0.164,0.220784463823823,"4","MTF2"
1.59225701081056e-05,-0.442734855857283,0.086,0.136,0.224333090253099,"4","PUM1"
1.60373826143064e-05,-0.331698084527753,0.152,0.213,0.225950683652962,"4","SYNE1"
1.61264180281524e-05,-0.407357692232849,0.263,0.334,0.227205103598639,"4","ATP1B3"
1.65763598648023e-05,-0.281368906554056,0.277,0.352,0.233544334135199,"4","NOP10"
1.67763729134633e-05,-0.20409793357758,0.158,0.224,0.236362317977784,"4","VCP"
1.68786854354306e-05,-0.2038064018078,0.41,0.502,0.237803799099782,"4","NEDD8"
1.68945655221392e-05,-0.290958136167795,0.154,0.218,0.238027533641419,"4","SRSF4"
1.71216765670663e-05,-0.259443893349634,0.094,0.148,0.241227301153398,"4","NSD1"
1.71677144536991e-05,-0.401225879055937,0.079,0.129,0.241875928938166,"4","PSMC2"
1.7173613382735e-05,1.23224700443132,0.12,0.082,0.241959038949353,"4","CSF1"
1.72742779543962e-05,-0.315700999764114,0.393,0.467,0.243377302099488,"4","VAMP2"
1.72905614397113e-05,-0.342162626523453,0.122,0.18,0.243606720124093,"4","CD2BP2"
1.73267283863145e-05,-0.393726260924421,0.078,0.127,0.244116276234785,"4","ZC3H18"
1.7388387347599e-05,-0.223360502235685,0.399,0.481,0.244984989340323,"4","SNRPB"
1.76616860461526e-05,-0.473127627638148,0.115,0.172,0.248835494704244,"4","DNAJA2"
1.78719075385951e-05,-0.375649190221884,0.134,0.194,0.251797305311266,"4","PSMC4"
1.79338146891187e-05,-0.51831262509134,0.119,0.175,0.252669515154993,"4","SERPINB6"
1.80021907944832e-05,-0.397000784618984,0.068,0.114,0.253632866103473,"4","BLOC1S6"
1.82192508899468e-05,-0.225260113598832,0.253,0.331,0.256691025788461,"4","LAMTOR5"
1.82772443987415e-05,-0.289527347780385,0.328,0.402,0.25750809633387,"4","TCF25"
1.84991393712917e-05,-0.354579351108555,0.063,0.109,0.260634374602128,"4","NCOA1"
1.87984491378236e-05,-0.520812819387571,0.098,0.15,0.264851349902796,"4","TRIM38"
1.89047964311576e-05,-0.33633814993286,0.161,0.224,0.26634967691858,"4","NUCB2"
1.89175113741861e-05,0.732729037312138,0.168,0.123,0.266528817750908,"4","NFKBID"
1.89768339109454e-05,-0.222367168357438,0.401,0.492,0.26736461297131,"4","ATP6V1G1"
1.89932147741694e-05,-0.321024671290484,0.071,0.118,0.267595402953273,"4","TXNDC9"
1.90063811227578e-05,-0.340176670989815,0.081,0.131,0.267780903638535,"4","GPAA1"
1.91625073561281e-05,-0.211608892379687,0.5,0.588,0.269980566140489,"4","HNRNPK"
1.94489399615674e-05,0.929272538118998,0.135,0.095,0.274016115118523,"4","MXD1"
1.94635441087742e-05,-0.267302889605903,0.391,0.469,0.27422187294852,"4","MATK"
2.00774029700522e-05,-0.431329006183403,0.096,0.148,0.282870530445065,"4","VPS36"
2.05236436400406e-05,-0.319699631407471,0.123,0.181,0.289157615244531,"4","TMED4"
2.07036559924005e-05,-0.265717787286622,0.352,0.442,0.29169380927693,"4","BIN2"
2.07611475428478e-05,-0.309964195301204,0.377,0.45,0.292503807731182,"4","ADGRE5"
2.08672819372869e-05,-0.612320102111796,0.072,0.118,0.293999135214435,"4","SNX10"
2.09647535127241e-05,-0.568713302815904,0.069,0.114,0.29537241224077,"4","MBD2"
2.12369891022712e-05,-0.206707533395857,0.57,0.656,0.2992079394619,"4","SRSF5"
2.1298350073749e-05,-0.274269132519578,0.412,0.487,0.30007245418905,"4","PDIA3"
2.16607910174727e-05,-0.327733463058468,0.078,0.125,0.305178884645173,"4","STIM2"
2.16999655125706e-05,-0.590167907017506,0.08,0.128,0.305730814106607,"4","CNTRL"
2.17249333166295e-05,-0.331887110452824,0.16,0.221,0.306082585497993,"4","CDV3"
2.17348773723861e-05,-0.648234448392952,0.063,0.107,0.306222687299548,"4","HOOK3"
2.18602246477727e-05,-0.644603348233757,0.064,0.108,0.30798870506247,"4","LMNB1"
2.20661867840954e-05,-0.312910557120018,0.262,0.337,0.310890505601121,"4","KRT10"
2.21550537309918e-05,-0.216167863326324,0.325,0.408,0.312142552015944,"4","MTDH"
2.22976054438501e-05,-0.525753174805259,0.098,0.149,0.314150963098403,"4","KIF2A"
2.2866348681296e-05,-0.479183242880399,0.092,0.142,0.322163986570779,"4","RNF168"
2.31996867234228e-05,-0.3242753022187,0.383,0.457,0.326860386246304,"4","RAP1B"
2.32265176095908e-05,-0.423339814989735,0.135,0.192,0.327238406601524,"4","APH1A"
2.37829279721485e-05,-0.249553736046155,0.412,0.491,0.335077672199601,"4","IL2RB"
2.41197979538544e-05,-0.235804981578688,0.383,0.465,0.339823833371854,"4","ITGB1"
2.46188881590321e-05,-0.36678090510414,0.118,0.175,0.346855515272603,"4","TXNDC17"
2.46981227290861e-05,-0.276488002837326,0.134,0.195,0.347971851130095,"4","LSM6"
2.47702755702925e-05,-0.295893463121276,0.325,0.405,0.348988412509851,"4","NDUFB11"
2.48746209890061e-05,-0.166744215342846,0.204,0.275,0.350458535114107,"4","SIVA1"
2.52828736624786e-05,-0.227022810759714,0.171,0.238,0.35621040703066,"4","EIF4H"
2.52981333147009e-05,-0.190139780533639,0.183,0.252,0.35642540027082,"4","CANX"
2.55857462495496e-05,-0.385080839163827,0.127,0.184,0.360477578909904,"4","DDX27"
2.60448071056236e-05,-0.378976079868817,0.134,0.191,0.366945287311131,"4","C1D"
2.60539516150988e-05,-0.380151199543289,0.111,0.167,0.367074124305126,"4","SCAMP2"
2.62812708285733e-05,-0.385890624192199,0.173,0.237,0.37027682470377,"4","ZNF706"
2.62836453298504e-05,-0.684443299107343,0.06,0.101,0.370310279052262,"4","TLE1"
2.63136736754835e-05,-0.382628797856457,0.127,0.182,0.370733348413887,"4","SMARCA2"
2.65757949533409e-05,-0.307995295788495,0.306,0.376,0.37442637509762,"4","CD3E"
2.66569403779089e-05,-0.346703265596039,0.117,0.172,0.375569632984359,"4","NRBP1"
2.66817934930086e-05,-0.265642268382502,0.129,0.187,0.375919788522998,"4","PSMC3"
2.66830293630749e-05,-0.28884649795311,0.177,0.243,0.375937200696362,"4","CSK"
2.67084300380738e-05,-0.159789143951321,0.216,0.287,0.376295070806422,"4","APBB1IP"
2.67276663661966e-05,-0.287588621932108,0.111,0.166,0.376566091433344,"4","ACAP2"
2.73411866937411e-05,-0.188511551299196,0.197,0.268,0.385209979328118,"4","SNRPD1"
2.74519656928019e-05,-0.33796040118859,0.202,0.272,0.386770744645886,"4","TCEA1"
2.75772968231539e-05,-0.475602056261479,0.073,0.118,0.388536534941415,"4","CDK11A"
2.76547839177021e-05,-0.261274929497835,0.215,0.285,0.389628250616505,"4","TPM4"
2.7860812713709e-05,-0.447585318514445,0.083,0.132,0.392530990323446,"4","UQCRC1"
2.80447063568038e-05,-0.283771969297877,0.21,0.282,0.395121867861009,"4","DCTN3"
2.80739825615161e-05,-0.222124984009027,0.45,0.532,0.3955343403092,"4","HMGN1"
2.83544609563668e-05,-0.252071401801742,0.461,0.542,0.399486000414252,"4","CD48"
2.83879027780437e-05,-0.40287302552147,0.148,0.209,0.399957162239858,"4","RASA2"
2.84324498196107e-05,-0.394079251102414,0.101,0.154,0.400584785508495,"4","ZBTB8OS"
2.89704988813069e-05,0.582090501084092,0.136,0.095,0.408165358738732,"4","HLA-DQA1"
2.92246142040071e-05,-0.397402280918646,0.116,0.171,0.411745589520256,"4","RPA3"
2.92308942132088e-05,-0.443038131071512,0.093,0.142,0.411834068569899,"4","WDR82"
2.99254039456283e-05,-0.326814467046832,0.137,0.196,0.421619016189957,"4","TMEM9B"
3.01833093823512e-05,-0.502645786225326,0.087,0.135,0.425252645887946,"4","KAT6A"
3.05425923980455e-05,-0.294121515521026,0.09,0.14,0.430314584296063,"4","CTDNEP1"
3.05902263602077e-05,-0.584456426093306,0.061,0.104,0.430985699188967,"4","HACD4"
3.07363751132218e-05,-0.43578428298724,0.097,0.149,0.433044788970182,"4","PRKCB"
3.07474026346655e-05,-0.22785761117855,0.215,0.285,0.433200155719802,"4","SSB"
3.07559763967796e-05,-0.236935446612881,0.267,0.347,0.433320951454228,"4","LMAN2"
3.10313271644103e-05,-0.450800572469887,0.074,0.12,0.437200368419377,"4","FRYL"
3.17532676745071e-05,-0.401753263284862,0.08,0.128,0.44737178826613,"4","PWP1"
3.18747513176919e-05,-0.583056222280387,0.106,0.156,0.449083371314961,"4","AHI1"
3.21871985247904e-05,-0.276314921643055,0.188,0.254,0.453485440015772,"4","NDUFAB1"
3.22572028665466e-05,-0.215501307725815,0.315,0.396,0.454471731186776,"4","GPR65"
3.24299943087499e-05,-0.338532750911137,0.119,0.175,0.456906189815978,"4","ZBTB7A"
3.31901652457751e-05,-0.381389842970096,0.16,0.219,0.467616238147725,"4","PITPNC1"
3.32347638183987e-05,-0.215139770134752,0.347,0.429,0.468244587437419,"4","HNRNPF"
3.32937502885121e-05,-0.334103265000619,0.182,0.246,0.469075647814848,"4","LRPAP1"
3.34814777934948e-05,-0.744486195596664,0.067,0.11,0.471720540632548,"4","ZBTB44"
3.36342410251392e-05,-0.388655361305789,0.132,0.188,0.473872821803187,"4","SMG1"
3.41199326351412e-05,-0.218519413272741,0.082,0.131,0.480715730896505,"4","SNRNP27"
3.41985516873536e-05,0.198587228780919,0.862,0.875,0.481823394723124,"4","DDX5"
3.51274054609389e-05,-0.181365628056885,0.358,0.444,0.494910015539168,"4","JTB"
3.59327559917403e-05,-0.46813918861795,0.177,0.237,0.506256599167629,"4","EML4"
3.59997907082871e-05,-0.502939697456982,0.154,0.211,0.507201051289057,"4","PRDM1"
3.60605476492748e-05,-0.561188788916262,0.085,0.132,0.508057055830633,"4","TOMM5"
3.61710728128603e-05,-0.653735279896253,0.092,0.139,0.509614244860389,"4","ICAM2"
3.61795950557112e-05,-0.375780750568716,0.108,0.161,0.509734314739915,"4","YIPF4"
3.62305823913752e-05,-0.327815055863088,0.122,0.177,0.510452675312085,"4","ZCRB1"
3.66506338170562e-05,-0.213401693044868,0.43,0.516,0.516370779848505,"4","SLC25A3"
3.68195595867079e-05,-0.145960407452464,0.667,0.722,0.518750775017127,"4","CHCHD2"
3.68744400679372e-05,-0.437514716387768,0.103,0.154,0.519523986117168,"4","CEP57"
3.70764423161122e-05,-0.278743900506311,0.323,0.399,0.522369995791705,"4","SDCBP"
3.71177904752605e-05,-0.412923884389151,0.108,0.16,0.522952550005945,"4","ANKRD13D"
3.82019681405849e-05,-0.268734297894707,0.187,0.251,0.538227529132701,"4","HNRNPAB"
3.82063574551309e-05,-0.484449206095703,0.064,0.107,0.53828937018534,"4","SKA2"
3.83887876988952e-05,-0.853722054083852,0.068,0.11,0.540859629889734,"4","UBA6"
3.88956319441331e-05,-0.34866730119887,0.137,0.195,0.548000558460892,"4","CLNS1A"
3.89467005967208e-05,-0.558841987820017,0.074,0.119,0.5487200647072,"4","RPIA"
3.89806359509349e-05,-0.42351562575414,0.14,0.197,0.549198179912722,"4","MAPRE2"
3.90182607272692e-05,-0.3819415201791,0.206,0.27,0.549728275386496,"4","MAFF"
3.92215179280208e-05,-0.401299341633139,0.15,0.21,0.552591966087885,"4","TWF2"
3.98653075626132e-05,-0.331282877301424,0.143,0.201,0.561662318249657,"4","CYC1"
4.00418399072481e-05,-0.403226106306982,0.143,0.199,0.564149482453218,"4","SRP72"
4.01387889395157e-05,-0.277236111279,0.251,0.321,0.565515397368837,"4","BTN3A2"
4.01792559328389e-05,-0.217039887167286,0.107,0.159,0.566085536837768,"4","TRAPPC4"
4.07614246997853e-05,-0.282550006347355,0.114,0.168,0.574287712595275,"4","RICTOR"
4.29607719983312e-05,-0.38102010343685,0.114,0.167,0.605274316684489,"4","GLG1"
4.30377607818208e-05,-0.347773043790684,0.129,0.184,0.606359011655074,"4","ACAA2"
4.31138486551421e-05,0.582292222077355,0.173,0.13,0.607431013702298,"4","BATF"
4.33666121053576e-05,-0.546760905348919,0.077,0.121,0.610992197952383,"4","SMARCC2"
4.3629880506148e-05,-0.379725067845672,0.102,0.154,0.61470138645112,"4","AP2B1"
4.40503542081863e-05,-0.319985628200832,0.115,0.168,0.620625440439136,"4","RNPEPL1"
4.40630789168647e-05,-0.196100614859648,0.194,0.262,0.620804718859706,"4","GADD45GIP1"
4.44229798980263e-05,-0.379868915465242,0.118,0.171,0.625875363783292,"4","CHST11"
4.44542423040679e-05,-0.489350025132508,0.066,0.108,0.626315819822013,"4","MZT1"
4.45745854834072e-05,0.667863002102061,0.115,0.078,0.628011334875723,"4","DDAH2"
4.4773614266229e-05,-0.396850334644893,0.125,0.177,0.630815451396901,"4","APOL6"
4.50926837602124e-05,-0.284264641649309,0.142,0.201,0.635310821497632,"4","TTC3"
4.53768094747135e-05,-0.421975715933271,0.107,0.158,0.639313868689238,"4","EMC6"
4.54206324260651e-05,-0.326219896755044,0.095,0.144,0.639931290250831,"4","PDCD6IP"
4.56061764554571e-05,-0.26461490539159,0.105,0.158,0.642545420080935,"4","RNASEH2B"
4.63582774088682e-05,-0.314147278840871,0.185,0.25,0.653141770413544,"4","SAR1A"
4.68561634473247e-05,-0.228843286669364,0.258,0.329,0.660156486809358,"4","TRAF3IP3"
4.70997236459988e-05,-0.289268276176451,0.11,0.163,0.663588006448476,"4","ASAH1"
4.81807370146622e-05,-0.306903448141551,0.114,0.169,0.678818403799576,"4","LSM10"
4.84656504237282e-05,-0.262695192233953,0.091,0.138,0.682832548819907,"4","DDX39B"
4.85407152701262e-05,-0.203445946599655,0.284,0.361,0.683890137440809,"4","TSTD1"
4.89577299934546e-05,-0.310742151252257,0.15,0.21,0.689765457877782,"4","CCDC69"
4.89623913194765e-05,-0.378616700767258,0.159,0.217,0.689831131300105,"4","RAD21"
4.90262135934503e-05,-0.432508354095609,0.152,0.209,0.690730323318122,"4","PREX1"
4.91069955730185e-05,-0.484674076189551,0.119,0.171,0.691868460628258,"4","ZNF644"
5.02587198330742e-05,0.536315519424724,0.177,0.132,0.708095103728182,"4","TOB1"
5.05004555361379e-05,-0.210049293853499,0.112,0.165,0.711500918048647,"4","PSMD2"
5.15205766483194e-05,-0.42923008409928,0.088,0.136,0.725873404398172,"4","LPCAT1"
5.17026515396007e-05,0.570933027383573,0.369,0.329,0.728438657541434,"4","PRDX1"
5.19477720065817e-05,0.505495520766569,0.249,0.2,0.73189215980073,"4","ATP1A1"
5.31481500826016e-05,-0.421453406422729,0.114,0.164,0.748804286513774,"4","SIRT7"
5.3496284153921e-05,-0.122844236871311,0.156,0.222,0.753709147444593,"4","PRMT1"
5.37464674529952e-05,0.587789374752954,0.189,0.144,0.75723397994525,"4","INSIG1"
5.4643145578534e-05,-0.311253171273655,0.114,0.166,0.769867278055966,"4","BNIP2"
5.52051723542567e-05,-0.283852947995725,0.237,0.307,0.777785673299123,"4","PSMA5"
5.5285967118957e-05,-0.673378725649027,0.06,0.1,0.778923990738985,"4","RAPGEF1"
5.53921410950193e-05,-0.302500256319254,0.161,0.221,0.780419875887727,"4","TRIM22"
5.5646659333528e-05,-0.263908186019164,0.368,0.445,0.784005783350076,"4","PPP1CA"
5.56676550126899e-05,-0.416219603932543,0.126,0.179,0.784301591473788,"4","IRF2BP2"
5.57500076472132e-05,-0.428526343681879,0.114,0.166,0.785461857741587,"4","DNAJC3"
5.59414967300762e-05,-0.301265457769349,0.179,0.242,0.788159747430043,"4","PDAP1"
5.6906820489326e-05,-0.279906699411444,0.263,0.336,0.801760193874114,"4","UBXN4"
5.72858035119288e-05,-0.337359988907019,0.119,0.174,0.807099685679564,"4","TKT"
5.77476069588507e-05,-0.557733769734422,0.081,0.126,0.813606034443248,"4","APPL1"
5.78790598956845e-05,-0.679067541407192,0.066,0.107,0.815458074870299,"4","B3GNT2"
5.84543840452065e-05,-0.292429200884589,0.207,0.272,0.823563816812915,"4","RASSF5"
5.84764899376044e-05,-0.577657971070734,0.071,0.114,0.823875266730908,"4","PRDX3"
5.88221046717457e-05,-0.511062567513162,0.068,0.111,0.828744632720225,"4","ASXL2"
5.92248791064039e-05,-0.179408811638499,0.583,0.654,0.834419321730125,"4","RAC2"
6.10623723104351e-05,-0.189566086773847,0.182,0.247,0.860307763481719,"4","VAMP5"
6.17957252265466e-05,-0.364368263993963,0.086,0.133,0.870639972716816,"4","GUSB"
6.19085099399759e-05,-0.272543742730342,0.202,0.267,0.87222899654432,"4","NDUFA6"
6.29729633554406e-05,-0.231493325881548,0.3,0.372,0.887226080714803,"4","DAZAP2"
6.3182646383084e-05,-0.213810549856758,0.218,0.287,0.890180304891271,"4","MDH2"
6.38277798798439e-05,-0.393211297273226,0.125,0.178,0.89926959072712,"4","XAF1"
6.41107347452035e-05,-0.638190546559515,0.061,0.102,0.903256141825172,"4","MTCH2"
6.41470593784089e-05,-0.460215192197405,0.079,0.124,0.903767919582403,"4","ST8SIA4"
6.67591222872739e-05,-0.259620184390261,0.156,0.214,0.940569273905401,"4","HADHA"
6.73464019568314e-05,-0.322440593003803,0.119,0.171,0.948843457169798,"4","OTUB1"
6.76322175685978e-05,-0.211178010077354,0.252,0.321,0.952870313323975,"4","PA2G4"
6.80981247901814e-05,-0.207599184937219,0.301,0.381,0.959434480168866,"4","LUC7L3"
6.81342680768813e-05,-0.5298218984436,0.065,0.107,0.95994370293518,"4","TRADD"
6.87665811833387e-05,-0.374595364168727,0.128,0.179,0.968852362292059,"4","PRDM2"
6.90289230632158e-05,-0.463194311950205,0.087,0.132,0.972548497037648,"4","ATP6V1D"
6.91700496134517e-05,-0.397807256919102,0.102,0.151,0.97453682900392,"4","EPB41"
6.92230802824779e-05,0.449908726550122,0.385,0.332,0.975283978099831,"4","KLF2"
6.97963121972608e-05,-0.15120308141805,0.365,0.452,0.983360242547207,"4","COPE"
6.98239244379444e-05,-0.64040784847587,0.071,0.113,0.983749271406198,"4","CLTC"
7.07103782383184e-05,-0.244251545327641,0.145,0.2,0.996238518999668,"4","M6PR"
7.07590959860989e-05,-0.270695405795676,0.124,0.179,0.996924903348148,"4","VPS4B"
0.000157333928823652,0.850112632701254,0.103,0.071,1,"4","CD82"
0.00368636192851082,0.807039014831123,0.113,0.087,1,"4","ASXL1"
0.000117907461903442,0.798467177203756,0.11,0.076,1,"4","KLF10"
0.0027751109188332,0.79415929288878,0.119,0.093,1,"4","TFRC"
0.000192332438505803,0.701292737835997,0.102,0.07,1,"4","TNFSF9"
0.00834487131465463,0.693367412437545,0.163,0.137,1,"4","TOPORS"
0.000183329845098423,0.683654329263882,0.194,0.153,1,"4","ARRDC3"
0.000721401423570726,0.683214732725786,0.169,0.134,1,"4","GADD45A"
0.00018277719318252,0.678407768777058,0.197,0.157,1,"4","SLC20A1"
0.0012626282461786,0.673603629348794,0.217,0.185,1,"4","FABP5"
0.00343487214333051,0.641512113388473,0.179,0.151,1,"4","SNHG9"
0.00408465713195653,0.640915571455991,0.162,0.134,1,"4","HLA-DMA"
7.37403843605186e-05,0.628280933781203,0.139,0.1,1,"4","ERO1B"
0.00151081323916217,0.615276689007385,0.167,0.134,1,"4","NUDT4"
0.000360499143882301,0.614347109656315,0.257,0.221,1,"4","VMP1"
0.00145347331826751,0.571590743426861,0.195,0.161,1,"4","CDC42EP3"
7.49916263153828e-05,0.554945045946667,0.225,0.181,1,"4","CARD19"
0.000424137549050571,0.553631294778864,0.142,0.107,1,"4","KLRG1"
0.00759551933133724,0.534778010074459,0.149,0.121,1,"4","WDR74"
0.00191843418594682,0.532009323676883,0.23,0.196,1,"4","MORF4L2"
0.000479308796598518,0.524291901228257,0.297,0.262,1,"4","CCT4"
0.0042520001771437,0.517663813657162,0.142,0.113,1,"4","TGIF1"
0.00768844953962426,0.506525683346454,0.151,0.124,1,"4","GRPEL1"
0.00646426022936614,0.481285701335162,0.395,0.39,1,"4","SQSTM1"
0.00185928006739405,0.472398852447486,0.284,0.25,1,"4","YME1L1"
0.000422469023533051,0.459498663327068,0.302,0.264,1,"4","ZFAND5"
0.000270783760407068,0.454286897937948,0.165,0.124,1,"4","DUSP5"
0.00270569705720797,0.44730610562171,0.196,0.162,1,"4","OASL"
0.00928462617237837,0.446109225392756,0.214,0.188,1,"4","EHD1"
0.000103346872242836,0.439427106811482,0.38,0.338,1,"4","ATF4"
0.000259608152394445,0.433613831388408,0.342,0.31,1,"4","ZC3HAV1"
0.00253562444935809,0.430591976532334,0.355,0.324,1,"4","SLC2A3"
7.56052830513712e-05,0.42767214021592,0.283,0.233,1,"4","TIGIT"
0.00506919853133763,0.377179220600301,0.227,0.194,1,"4","LGALS3"
0.00111598920544039,0.364565998980811,0.302,0.26,1,"4","CAPG"
0.00969962793207776,0.358141747433063,0.36,0.341,1,"4","PPP1R2"
0.00137416602167524,0.356533953706185,0.429,0.405,1,"4","MAP1LC3B"
0.000318031717900388,0.356297440691675,0.466,0.435,1,"4","CCNL1"
0.00938317404313565,0.331571404284509,0.234,0.203,1,"4","JMJD6"
0.0060682162575509,0.315855851886274,0.464,0.442,1,"4","EIF4A1"
0.0039553284600672,0.303051407735908,0.54,0.532,1,"4","RSRP1"
0.00390160721897866,0.300590458712784,0.507,0.497,1,"4","CYCS"
0.00329501178570683,0.298059898659424,0.491,0.482,1,"4","DNAJB6"
0.00341041852095344,0.293745348069015,0.458,0.429,1,"4","ZNF331"
0.00107715404374692,0.271361200628349,0.492,0.472,1,"4","RGS1"
0.00907781906491091,0.259669501610957,0.307,0.273,1,"4","GZMK"
0.00840698591389044,0.241430175980057,0.549,0.537,1,"4","IRF1"
0.00473531745229716,0.237412949202906,0.307,0.266,1,"4","BIRC3"
0.00256677395541323,0.229656758195055,0.619,0.612,1,"4","TPI1"
0.0082480945199471,0.228848486402748,0.519,0.508,1,"4","RBM8A"
7.46211824657178e-05,0.213655353688421,0.202,0.151,1,"4","LTB"
0.00063023150828981,0.213385982728632,0.594,0.578,1,"4","SRSF2"
0.00979908893109712,0.206424870048728,0.528,0.511,1,"4","CYTIP"
0.00933022089120811,0.204254418262821,0.453,0.431,1,"4","CKLF"
0.00610286964780522,0.20336707583978,0.446,0.409,1,"4","RGCC"
0.000507212628411431,0.134735833748233,0.836,0.849,1,"4","PFDN5"
0.000613265395554835,0.10818969920533,0.566,0.507,1,"4","KLRC1"
0.00544130514015231,0.0900052960486324,0.948,0.933,1,"4","BTG1"
0.000225594523448707,0.08113103190004,0.988,0.984,1,"4","PTMA"
0.00022837295207009,0.0798210598710027,1,1,1,"4","KLRC2"
0.00689546470798497,0.0639342134085104,0.153,0.197,1,"4","SSR3"
0.00225002841870818,0.058333569418699,0.974,0.976,1,"4","ACTB"
0.00734317655731358,0.0246945000250629,0.454,0.398,1,"4","COTL1"
0.00721095757241794,0.00828840632559413,0.255,0.311,1,"4","POLR1D"
0.000151754524928659,0.00309719619080795,0.737,0.775,1,"4","GZMA"
0.00951702730437376,0.000497600794184594,0.195,0.243,1,"4","PHB"
0.00381298311706224,-0.00233654334243295,0.103,0.141,1,"4","PBDC1"
0.00475746261554911,-0.00262676217919333,0.083,0.116,1,"4","AKAP8L"
0.00372389546088375,-0.00621380010862232,0.087,0.12,1,"4","CEBPZOS"
0.0063592356023245,-0.0149643272817554,0.108,0.143,1,"4","PSMD6"
0.00434550711414357,-0.0162940082738076,0.098,0.133,1,"4","GOPC"
0.0047488054495979,-0.018916831335271,0.337,0.395,1,"4","PTPN7"
0.00996715239219874,-0.0197089737027019,0.167,0.209,1,"4","PPP1CC"
0.00627602611770396,-0.0227034695498387,0.202,0.251,1,"4","LAT2"
0.00835555715897602,-0.0265929079685403,0.218,0.268,1,"4","PHPT1"
0.00814594588792363,-0.0297145680778479,0.246,0.298,1,"4","LSM8"
0.00311774772145435,-0.0307432360707194,0.126,0.167,1,"4","ZNHIT3"
0.0093265463805995,-0.0332413553899531,0.123,0.158,1,"4","STOML2"
0.00179176542330851,-0.0355358678210886,0.5,0.569,1,"4","JUND"
0.00593142088789797,-0.0365604026111055,0.104,0.14,1,"4","SMIM19"
0.00381425037336296,-0.0417615388650979,0.073,0.104,1,"4","TNPO1"
0.00704246375504839,-0.0430050275904598,0.214,0.263,1,"4","NDUFS7"
0.00417900215775901,-0.0434374060844012,0.128,0.167,1,"4","POLR2I"
0.00570191330774676,-0.0439746003675384,0.075,0.105,1,"4","GTPBP4"
0.0077499522531646,-0.0456873079119427,0.127,0.164,1,"4","PRPF38A"
0.00876763886941973,-0.047123924497515,0.167,0.207,1,"4","ETFB"
0.00485974579934419,-0.0485831399449738,0.079,0.11,1,"4","CCNK"
0.00260433330349687,-0.0511666537836144,0.224,0.281,1,"4","MRFAP1"
0.00880657287112308,-0.0532980469028803,0.28,0.336,1,"4","EIF3D"
0.00545186575254195,-0.0542433117730882,0.133,0.174,1,"4","METTL23"
0.00517441227638906,-0.0555787558907951,0.158,0.202,1,"4","PSMG2"
0.00574786887490513,-0.0564963417282169,0.202,0.252,1,"4","ATRAID"
0.00880355753516998,-0.0582801710331016,0.142,0.181,1,"4","EMC4"
0.000121614012752429,-0.0608395475802388,0.15,0.209,1,"4","RNASEH2C"
0.00551098623326675,-0.0611046810541027,0.253,0.305,1,"4","BUD31"
0.00808629234595555,-0.0616100597663652,0.158,0.198,1,"4","NDUFB5"
0.00754276627038459,-0.0622636405224115,0.247,0.298,1,"4","TBCB"
0.00105228918337462,-0.0653630857154471,0.096,0.136,1,"4","PQBP1"
0.00308618727024008,-0.0685257562681124,0.111,0.15,1,"4","CHCHD5"
0.00141298644594409,-0.0712364804781971,0.117,0.161,1,"4","CLPP"
0.00780955345239146,-0.0713030648269952,0.118,0.154,1,"4","FCMR"
0.00238437150508475,-0.0730185582943654,0.231,0.287,1,"4","WTAP"
0.00435019645211275,-0.0751427057399207,0.078,0.109,1,"4","SNTB2"
0.00371610864353865,-0.0756559704950659,0.173,0.222,1,"4","SYTL1"
0.00728811668139401,-0.0763685076894991,0.16,0.202,1,"4","BAG1"
0.00548541585592769,-0.0783022792844099,0.082,0.114,1,"4","ELP5"
0.00486489412951127,-0.0783450089114839,0.176,0.223,1,"4","COPZ1"
0.00614733427567153,-0.0791952875834701,0.375,0.438,1,"4","TMEM258"
0.00407929864299404,-0.079387410711091,0.319,0.38,1,"4","CFLAR"
0.00347919066098836,-0.0815930890259975,0.552,0.632,1,"4","EDF1"
0.00911745332914843,-0.0821691396105976,0.115,0.148,1,"4","KAT6B"
0.000943225151735863,-0.0822555034002364,0.278,0.345,1,"4","RBMX"
0.00565789932919658,-0.0838989725990291,0.282,0.339,1,"4","ANXA6"
0.00294057447505495,-0.0840570095937176,0.157,0.204,1,"4","METAP2"
0.0011347784270537,-0.0847749089589447,0.212,0.27,1,"4","CTSS"
0.00308079629826625,-0.0850982744838452,0.156,0.202,1,"4","LAMTOR2"
0.000243532183093702,-0.0869488875036481,0.101,0.149,1,"4","SUMF2"
0.00599553920848412,-0.0897101540273477,0.071,0.1,1,"4","VRK3"
0.00701806804695373,-0.089921476482965,0.09,0.121,1,"4","UQCC2"
0.000990777049237407,-0.0904521645816914,0.981,0.981,1,"4","HLA-A"
0.00403892539597545,-0.0911778401954349,0.137,0.177,1,"4","PKN1"
0.00986538771757111,-0.0915186855197054,0.079,0.107,1,"4","PPM1A"
0.000943644021983655,-0.0919683911059985,0.316,0.38,1,"4","TBCA"
0.00452283410352107,-0.0924775040828294,1,1,1,"4","B2M"
0.0011373267874645,-0.0931631851011153,0.19,0.246,1,"4","SSNA1"
0.00139781664751534,-0.0937632253221929,0.17,0.223,1,"4","CHD9"
7.37343524845318e-05,-0.093896824928524,0.128,0.184,1,"4","SYNCRIP"
0.00375220832696108,-0.0943918343286022,0.077,0.108,1,"4","PSMD3"
0.00849002026461277,-0.0954817352053482,0.111,0.145,1,"4","ACAA1"
0.00251677594180157,-0.0955692945959257,0.387,0.451,1,"4","MZT2B"
0.00233500705043454,-0.0955735429499659,0.128,0.17,1,"4","PCMTD1"
0.00830762104563285,-0.0961899432771596,0.158,0.198,1,"4","NOSIP"
0.000399991877569263,-0.09765455534595,0.161,0.218,1,"4","TXNL1"
0.00967756297667469,-0.10120466241176,0.355,0.411,1,"4","PRPF38B"
0.00359038190881988,-0.101486146041032,0.27,0.326,1,"4","RNPS1"
0.0016145913980881,-0.103661036907764,0.524,0.588,1,"4","NDUFA4"
0.00677182187343703,-0.105967510403847,0.195,0.24,1,"4","LSM4"
0.00805198182025401,-0.10632738480686,0.764,0.808,1,"4","CD7"
0.00601196026301998,-0.106587212032328,0.168,0.212,1,"4","KPNB1"
0.00977560741304776,-0.106601432230699,0.289,0.345,1,"4","NCOR1"
0.00315009701574328,-0.106694436453127,0.167,0.213,1,"4","UBALD2"
0.00360089057196706,-0.106717700739476,0.11,0.147,1,"4","HEXA"
0.00341807297571201,-0.107496492202685,0.377,0.441,1,"4","UBXN1"
0.00775530052048202,-0.109035855984043,0.353,0.409,1,"4","SRSF11"
0.00166144176099815,-0.109147818874124,0.281,0.342,1,"4","PPP1R12A"
0.00616615345395184,-0.109720426864828,0.18,0.225,1,"4","TOMM22"
0.00632454221175379,-0.109832441384052,0.567,0.628,1,"4","SSR4"
0.00225707222931216,-0.109854700552771,0.133,0.176,1,"4","RBM5"
0.00413344410137341,-0.11045549486957,0.086,0.118,1,"4","BRI3"
0.00134817557086599,-0.110781726092011,0.297,0.363,1,"4","UFC1"
0.00721133070058897,-0.110997116756736,0.106,0.14,1,"4","HADHB"
0.000512932321575426,-0.111517807692672,0.179,0.235,1,"4","NONO"
0.00912614341849277,-0.111562387312514,0.453,0.508,1,"4","TAGLN2"
0.00516992260286494,-0.111891226961935,0.11,0.146,1,"4","DNAJC2"
0.00209245243244588,-0.1134442988314,0.24,0.3,1,"4","EIF3I"
0.002794238073379,-0.113556319639209,0.41,0.478,1,"4","ANAPC16"
0.00116540668140754,-0.114009048868519,0.162,0.213,1,"4","RBM17"
0.00065115953647203,-0.11424081634679,0.358,0.433,1,"4","LAMTOR4"
0.000905634345375274,-0.115570811187363,0.382,0.457,1,"4","NDUFA1"
0.00278714721212463,-0.11563871276419,0.295,0.355,1,"4","ACTN4"
0.00701854653792503,-0.116148892350658,0.251,0.301,1,"4","MZT2A"
0.00319465393168534,-0.116436072382732,0.209,0.259,1,"4","YWHAE"
0.000101695561990477,-0.117442678117684,0.874,0.904,1,"4","NACA"
0.00516469443971116,-0.118494246441615,0.204,0.253,1,"4","CHURC1"
7.16378368842637e-05,-0.119390962965326,0.125,0.18,1,"4","ABCF1"
0.0067107803010531,-0.119569019683363,0.14,0.179,1,"4","PDLIM2"
0.00897126355859118,-0.119915784851322,0.076,0.104,1,"4","SF3A3"
0.00819553500457322,-0.119981265682201,0.249,0.298,1,"4","GABARAPL1"
0.000499898836206318,-0.120323644876254,0.136,0.187,1,"4","FIBP"
0.00193288985002825,-0.121089287940698,0.625,0.684,1,"4","PSME1"
0.00613304205780031,-0.121576168517986,0.096,0.13,1,"4","UBE2J2"
0.000566163811997876,-0.121924216319953,0.239,0.308,1,"4","SF3B2"
0.00514010093281622,-0.121973006517262,0.089,0.122,1,"4","CCDC82"
0.00770310478541197,-0.12201494370022,0.522,0.594,1,"4","COX7A2"
0.00160548255997072,-0.122116873098065,0.84,0.865,1,"4","HCST"
0.00493275362343172,-0.122868995549337,0.778,0.822,1,"4","ZFP36L2"
0.0014665266466804,-0.124005043719352,0.157,0.207,1,"4","PUF60"
0.000426895761502569,-0.124935686251273,0.212,0.274,1,"4","ORMDL1"
0.00791795410340037,-0.125763889307319,0.278,0.332,1,"4","SERPINB1"
0.000536270609370351,-0.126327929291099,0.115,0.162,1,"4","MGMT"
0.00191169859592249,-0.126735087862182,0.088,0.124,1,"4","PPP1R35"
0.00547144948105429,-0.127442645409379,0.237,0.287,1,"4","RANBP1"
0.0048890254156815,-0.127454862059775,0.521,0.582,1,"4","TPM3"
0.000910818818119217,-0.127490494961598,0.202,0.258,1,"4","RAB27A"
0.000468700190421534,-0.128186112994805,0.189,0.246,1,"4","AIP"
0.00778949112478734,-0.128321094811285,0.106,0.139,1,"4","TIMM17B"
0.00716962493070829,-0.128628545794876,0.14,0.177,1,"4","KRAS"
0.00124075751284805,-0.128934461192169,0.226,0.287,1,"4","RTF1"
0.00154218423453612,-0.129617768802367,0.101,0.14,1,"4","RAB1B"
0.000529808713964626,-0.129993555808781,0.169,0.225,1,"4","PHB2"
0.00867748673428418,-0.130320553673897,0.18,0.221,1,"4","RBMS1"
0.000738824587454085,-0.130431990008845,0.202,0.262,1,"4","PRPF40A"
0.00143895727874093,-0.130681109648224,0.733,0.782,1,"4","HMGB1"
0.00271501882346998,-0.131378534537607,0.179,0.227,1,"4","RER1"
0.00287184822143937,-0.132092986660769,0.159,0.204,1,"4","SPSB3"
0.00819011866871203,-0.133043756577603,0.125,0.161,1,"4","GFOD1"
0.00488495614818902,-0.133213311954298,0.107,0.142,1,"4","PPIE"
7.66570716858793e-05,-0.134279394962177,0.096,0.144,1,"4","POP5"
0.00112452041825106,-0.134507210393074,0.184,0.236,1,"4","LSM14A"
0.00792566318841572,-0.134939240847359,0.073,0.101,1,"4","CLIP1"
0.00128500782951131,-0.135229608637698,0.256,0.317,1,"4","DDT"
0.00111857250569291,-0.135733006823356,0.36,0.433,1,"4","ICAM3"
0.00125783642059064,-0.136643697496851,0.202,0.254,1,"4","SNX6"
0.00053115273439262,-0.137123615735068,0.395,0.471,1,"4","ARF1"
0.000305485282637962,-0.137588979752773,0.135,0.189,1,"4","SNF8"
0.00101406035807493,-0.138298163514833,0.289,0.354,1,"4","DHX36"
0.000241086272883152,-0.13892013278073,0.107,0.154,1,"4","SNRNP200"
0.00268902144553468,-0.139974610271307,0.093,0.128,1,"4","PRPF8"
0.00218694013514608,-0.140616385863225,0.137,0.182,1,"4","FBXO7"
0.000856927419260452,-0.141090620815648,0.065,0.1,1,"4","RC3H1"
0.00470159070787344,-0.14240349325041,0.114,0.151,1,"4","ARIH2"
0.00474425191608016,-0.143445964854262,0.13,0.168,1,"4","TMEM259"
0.000214554356690028,-0.144008334037218,0.141,0.195,1,"4","TCIRG1"
0.00106776959978437,-0.144446700891162,0.189,0.241,1,"4","C1QBP"
0.00480664433140061,-0.144707809008246,0.079,0.111,1,"4","C1GALT1"
0.00187023295860527,-0.146179725496067,0.132,0.176,1,"4","RAB14"
0.00429365085705871,-0.146251181088239,0.578,0.638,1,"4","PNRC1"
0.00689903804758553,-0.146256965545358,0.192,0.237,1,"4","CSNK1D"
0.00294196870100453,-0.14643005958059,0.097,0.134,1,"4","CHCHD1"
0.000730865140886546,-0.146795708239833,0.492,0.57,1,"4","IL2RG"
0.00330015771969092,-0.147024740691076,0.116,0.155,1,"4","PRKCSH"
0.00370513942726765,-0.147784307156924,0.248,0.298,1,"4","SLTM"
0.00421284864992185,-0.147922678187393,0.229,0.28,1,"4","EIF5B"
0.00141163152083429,-0.148659789681462,0.091,0.128,1,"4","CCDC66"
0.00462299405011526,-0.148744216453617,0.101,0.137,1,"4","SDHB"
0.0058389219574367,-0.149672337588601,0.167,0.21,1,"4","RBBP4"
0.00581741980186829,-0.149946462524282,0.235,0.284,1,"4","DGUOK"
0.000233700834794849,-0.15036099631776,0.324,0.403,1,"4","NDUFA13"
0.0021971593606477,-0.150513963845158,0.143,0.187,1,"4","TACC1"
0.00810477220054631,-0.15089204641857,0.15,0.189,1,"4","ASH1L"
0.00903805506517039,-0.151120901763268,0.22,0.265,1,"4","KHDRBS1"
0.00699626465188665,-0.151508592012037,0.082,0.112,1,"4","CDK11B"
0.00207945589400109,-0.151608671099119,0.079,0.114,1,"4","RSRC1"
0.000811281194014372,-0.151656312719386,0.3,0.365,1,"4","HCLS1"
0.0017317217587762,-0.151714413006467,0.174,0.223,1,"4","SH3KBP1"
0.00028090874228513,-0.15173134449079,0.285,0.357,1,"4","SCAF11"
0.000420155826326027,-0.152986290460653,0.263,0.332,1,"4","SCP2"
0.000500718485452922,-0.153102667313467,0.413,0.493,1,"4","COX5B"
0.00999178856221306,-0.153455893864238,0.247,0.296,1,"4","AAK1"
0.0035770241575067,-0.153892413083581,0.079,0.111,1,"4","SNX14"
0.00407870833344412,-0.153909245578538,0.221,0.273,1,"4","PET100"
0.00659846903651706,-0.154702984494612,0.072,0.1,1,"4","SIK3"
0.00901189246812594,-0.155536149429599,0.107,0.14,1,"4","CASP3"
0.00158344093231222,-0.155921691436222,0.526,0.59,1,"4","PSMA7"
0.000895643135333385,-0.156207794226487,0.191,0.247,1,"4","CMTM6"
0.00848030095416838,-0.15634367478925,0.101,0.132,1,"4","PHF5A"
0.000864701008340912,-0.157704367352897,0.322,0.393,1,"4","CCDC85B"
0.000829620837598974,-0.157719824486904,0.359,0.432,1,"4","CUTA"
0.00547000408189877,-0.159158017975107,0.212,0.26,1,"4","CCDC107"
0.00127726041776218,-0.159216867063367,0.342,0.407,1,"4","MBNL1"
0.000362444560501845,-0.159388421679404,0.212,0.274,1,"4","TMED10"
0.00235407004914579,-0.159524931352577,0.228,0.28,1,"4","ZAP70"
0.00421230304624262,-0.159606841901018,0.11,0.146,1,"4","LYPLA1"
0.00376616262445844,-0.159785748991922,0.115,0.154,1,"4","EPS15"
0.00860474729190111,-0.160100505653104,0.087,0.117,1,"4","RNF13"
0.000711002904390994,-0.160379176445417,0.261,0.325,1,"4","RWDD1"
0.00379979054459451,-0.160485699305266,0.54,0.601,1,"4","CDC42"
0.000902084967054217,-0.16087182788347,0.235,0.294,1,"4","EIF3A"
0.00084282802368096,-0.1609420987774,0.3,0.365,1,"4","RHOC"
0.00604424333078184,-0.161532711228193,0.209,0.254,1,"4","SH3GLB1"
0.0059542129650282,-0.16173886001998,0.131,0.169,1,"4","G6PD"
0.002657872219095,-0.162155470885555,0.218,0.268,1,"4","PRDX2"
0.000793707779698351,-0.162922126751001,0.188,0.242,1,"4","ZFAND6"
0.00762018345407706,-0.163244135660432,0.167,0.206,1,"4","CDKN1B"
8.72172478621413e-05,-0.163293758775146,0.297,0.374,1,"4","ERP29"
0.000187819137472678,-0.163531739710108,0.288,0.362,1,"4","BSG"
0.00963681971156449,-0.16361010672982,0.182,0.221,1,"4","TGOLN2"
0.000693878341736406,-0.163654708837349,0.191,0.248,1,"4","RSBN1L"
0.00465045381625253,-0.163766814131436,0.186,0.232,1,"4","SEMA4D"
0.00324416791662819,-0.163785592017675,0.095,0.13,1,"4","VKORC1"
0.00040886761406984,-0.163843025119737,0.064,0.101,1,"4","CYP20A1"
0.00249356674169902,-0.163924432092689,0.312,0.371,1,"4","PDCD4"
0.000435468247264774,-0.164208289782182,0.095,0.137,1,"4","PEX2"
0.00148010618212272,-0.165508346581349,0.086,0.123,1,"4","PRKD3"
0.00401892842466403,-0.166246914823399,0.465,0.521,1,"4","APOBEC3G"
0.000770733929665757,-0.166318868451509,0.146,0.195,1,"4","KANSL1"
0.00966443118886211,-0.166371153764932,0.15,0.188,1,"4","FKBP11"
0.00167486821925555,-0.16670051581485,0.204,0.256,1,"4","COX14"
0.00279612102802117,-0.166712574691028,0.081,0.115,1,"4","FAM136A"
0.00339009990059293,-0.167057877588587,0.184,0.233,1,"4","MIEN1"
0.000101055767822251,-0.167419098968104,0.208,0.276,1,"4","RSL1D1"
0.000100907013661077,-0.167466491689188,0.253,0.33,1,"4","CSDE1"
0.00135000777354359,-0.168109354165291,0.318,0.383,1,"4","ANKRD12"
0.000981812884359335,-0.168201380992099,0.255,0.316,1,"4","EMB"
0.00129048160325742,-0.168711053165865,0.202,0.255,1,"4","MYCBP2"
0.00673353217085513,-0.169706180002572,0.182,0.223,1,"4","ACP1"
0.000157203936535047,-0.170808552866838,0.209,0.275,1,"4","OCIAD1"
0.001762928818475,-0.170840197049238,0.202,0.254,1,"4","LYST"
0.00103111441472736,-0.170969159522808,0.307,0.373,1,"4","SF3B1"
0.0049293850804652,-0.171024026959276,0.164,0.206,1,"4","KDELR2"
0.00128571143039679,-0.171322447559332,0.12,0.165,1,"4","PLEKHJ1"
9.96270253038297e-05,-0.17191071848533,0.118,0.172,1,"4","TRAPPC6A"
0.00832794504513143,-0.173962286829885,0.078,0.106,1,"4","PDS5A"
0.0057929763958829,-0.17410371112476,0.244,0.293,1,"4","NKTR"
0.000241135093586671,-0.174181535634861,0.355,0.424,1,"4","GNAS"
0.00649817477190467,-0.174250417841896,0.125,0.162,1,"4","PSMF1"
0.00755170142423919,-0.174256828705548,0.18,0.223,1,"4","FERMT3"
0.00772089676478001,-0.174597077675836,0.13,0.167,1,"4","EMC3"
0.000172688122911261,-0.174919052648426,0.084,0.128,1,"4","SMIM12"
0.000402276278800947,-0.175226704358864,0.444,0.515,1,"4","POLR2L"
0.000217622334543314,-0.175572516790091,0.283,0.347,1,"4","NUCKS1"
0.00290091691381284,-0.175724897850058,0.219,0.27,1,"4","EVI2B"
0.000258151803525271,-0.176374429520454,0.167,0.222,1,"4","CIR1"
0.00266684544259826,-0.176552595854041,0.219,0.271,1,"4","MGST3"
0.00124943483918608,-0.177052910141329,0.085,0.123,1,"4","NELFCD"
0.000142984076805991,-0.177087092846888,0.112,0.163,1,"4","FUNDC2"
0.00468143219424154,-0.177119938737242,0.092,0.125,1,"4","CHD6"
0.005379872178389,-0.177670215816183,0.099,0.133,1,"4","PIGT"
0.00221525062289288,-0.177801351252396,0.144,0.186,1,"4","COX20"
0.00112916883054123,-0.177980237063344,0.136,0.182,1,"4","TIMM13"
0.000713268350397725,-0.17807275221003,0.184,0.24,1,"4","RNF181"
0.00596331429487859,-0.178235369490422,0.173,0.216,1,"4","PTPN2"
0.000156436224092882,-0.178477677290584,0.219,0.286,1,"4","ANAPC11"
0.000312752244626585,-0.178658136961227,0.352,0.42,1,"4","GYPC"
0.0099521634791357,-0.178774916651609,0.212,0.253,1,"4","RHEB"
0.000199679006913528,-0.179516900507933,0.221,0.286,1,"4","TMCO1"
0.000263949621160149,-0.179831627084009,0.179,0.237,1,"4","DCXR"
0.000819715189914891,-0.180869561208883,0.068,0.104,1,"4","TRIP11"
0.0079285372893377,-0.181125000013225,0.079,0.107,1,"4","TMEM107"
0.000266295242160045,-0.18128141566769,0.074,0.114,1,"4","LPGAT1"
0.000959006468618857,-0.181318401814606,0.107,0.148,1,"4","HIPK1"
0.00528831303756607,-0.181730639025996,0.174,0.218,1,"4","TMEM219"
0.000621845219253463,-0.181866666308471,0.186,0.243,1,"4","PPP4C"
0.00196189854810667,-0.182006624664808,0.126,0.168,1,"4","ERICH1"
8.5094082846775e-05,-0.182240020809431,0.299,0.374,1,"4","CALM3"
0.000558141689271348,-0.182663294750454,0.169,0.223,1,"4","POLR2F"
0.00670959476892814,-0.183022891377022,0.075,0.103,1,"4","TBC1D15"
9.63222118683008e-05,-0.183154580817778,0.174,0.234,1,"4","DGKZ"
0.000287817009511391,-0.183196628652594,0.172,0.23,1,"4","NT5C"
0.000343708943211612,-0.183253978972059,0.206,0.265,1,"4","MYDGF"
0.00123913320395883,-0.18332686976686,0.134,0.181,1,"4","PSMC6"
0.00223596981834789,-0.183386988312845,0.219,0.272,1,"4","SRSF10"
0.00621471471805879,-0.183444357471391,0.114,0.15,1,"4","DERL2"
0.00129234860309646,-0.183615818506,0.395,0.468,1,"4","ACTR3"
0.00033085374103109,-0.183713576395993,0.273,0.342,1,"4","UBE2B"
0.00152213129491335,-0.184344705149117,0.217,0.272,1,"4","MEAF6"
0.0024645493500345,-0.184428870058782,0.115,0.155,1,"4","DDRGK1"
0.000557091798782906,-0.184488954174394,0.169,0.225,1,"4","GRB2"
0.000293298936346265,-0.184748503859185,0.075,0.115,1,"4","MPHOSPH10"
0.000163691374710018,-0.184772794344816,0.28,0.352,1,"4","SSBP1"
0.00271357910663196,-0.184817178450869,0.319,0.374,1,"4","TBC1D10C"
0.00088376814520873,-0.185138592820261,0.142,0.19,1,"4","ITGB1BP1"
0.00426863174447844,-0.185235660344113,0.09,0.123,1,"4","VPS35"
0.000348507400612905,-0.185563517356839,0.898,0.911,1,"4","PFN1"
0.00138106879495917,-0.185863207635942,0.252,0.308,1,"4","POLR2K"
0.00044482452281716,-0.186263172679833,0.216,0.275,1,"4","COX17"
0.00180746864132194,-0.186283042639839,0.221,0.277,1,"4","WDR1"
0.0010978247629715,-0.186541572075728,0.17,0.219,1,"4","RNH1"
0.000308695124231122,-0.186545926837702,0.448,0.525,1,"4","COX6A1"
0.00153192100857007,-0.186683321827787,0.266,0.325,1,"4","P4HB"
0.00414111716219675,-0.186826691815054,0.18,0.225,1,"4","DENND2D"
0.00123592893113422,-0.18688742385577,0.204,0.255,1,"4","HSPA9"
0.00354718015902272,-0.187072904545681,0.324,0.38,1,"4","CD96"
0.00220937878583104,-0.187140572121192,0.08,0.114,1,"4","YIPF3"
0.00159097068500572,-0.187238954640204,0.27,0.329,1,"4","ANXA11"
0.00150421544430612,-0.187740981356054,0.098,0.137,1,"4","ORMDL2"
0.00621333327666374,-0.187960944835664,0.31,0.36,1,"4","SAMSN1"
0.00861766542624947,-0.188093246273221,0.161,0.2,1,"4","RAB11A"
0.00139867706659096,-0.188377773115222,0.132,0.176,1,"4","ISCA1"
0.000206497332650038,-0.188448143080035,0.154,0.208,1,"4","GPATCH8"
0.00582175062965934,-0.188944733422614,0.082,0.113,1,"4","DBF4"
0.000524123984121089,-0.189101350367265,0.421,0.494,1,"4","RAN"
0.00522536771823536,-0.189433725874291,0.136,0.175,1,"4","PPM1B"
0.00084201337940916,-0.189501331863641,0.361,0.428,1,"4","SPCS1"
0.00148575526300238,-0.190586933295062,0.245,0.301,1,"4","ATP6V0B"
0.0011721079798208,-0.190697146736834,0.153,0.201,1,"4","VDAC3"
0.000536806747008034,-0.191134527550108,0.349,0.416,1,"4","CELF2"
0.00464388371077671,-0.191146759957206,0.16,0.2,1,"4","AKIRIN1"
0.000595834115823444,-0.192683052321111,0.183,0.238,1,"4","U2SURP"
0.000765578672502795,-0.192796544133723,0.15,0.2,1,"4","TES"
0.00698423413693944,-0.193103730160325,0.161,0.201,1,"4","RCN2"
0.000174509957405753,-0.193818945176029,0.186,0.247,1,"4","TRAM1"
0.00551170819541637,-0.194151378453905,0.122,0.159,1,"4","RBM4"
0.00244852035592677,-0.194449532694383,0.103,0.14,1,"4","CRELD2"
0.00624010851706096,-0.19445166151373,0.096,0.129,1,"4","MVD"
0.000187548804647643,-0.194626275896554,0.15,0.206,1,"4","ZMAT2"
0.00981379239228336,-0.194853317634118,0.301,0.352,1,"4","BAX"
0.002401419559668,-0.195381542641935,0.086,0.121,1,"4","ESYT1"
8.08766832837625e-05,-0.195549022591776,0.403,0.482,1,"4","DRAP1"
0.000878579040943892,-0.19569945584586,0.11,0.152,1,"4","ARL5A"
0.000202032023634179,-0.195793148214408,0.27,0.338,1,"4","SAMD3"
0.00020370051779766,-0.196671299483901,0.482,0.562,1,"4","CCNI"
0.000804157021971519,-0.197119697473363,0.09,0.129,1,"4","SUZ12"
0.0034548881898135,-0.197483429291396,0.083,0.116,1,"4","PHAX"
0.000410812506815477,-0.197725983562775,0.299,0.366,1,"4","HNRNPM"
0.000283947294959291,-0.197839657615799,0.174,0.231,1,"4","MDH1"
0.00654117827657574,-0.197973900921407,0.096,0.128,1,"4","SAR1B"
0.0099368048892333,-0.198571446907521,0.09,0.119,1,"4","FAM118A"
0.000661741158366234,-0.198728696177523,0.167,0.219,1,"4","TALDO1"
9.80232871875344e-05,-0.198736116972849,0.376,0.461,1,"4","STK17B"
0.000252698874561696,-0.199816978161514,0.318,0.388,1,"4","HIGD2A"
0.000315846198062044,-0.200385765387514,0.35,0.423,1,"4","DAD1"
0.000101150168180976,-0.200459425160469,0.539,0.628,1,"4","SARAF"
0.00542691106877328,-0.200947693283517,0.184,0.227,1,"4","SKIL"
0.00016070377467124,-0.201371757097512,0.594,0.656,1,"4","EVL"
0.000132098463806235,-0.20177914821194,0.436,0.515,1,"4","ARL6IP5"
0.000793899370542654,-0.201911333896343,0.068,0.103,1,"4","ZBP1"
0.00610263485562567,-0.202139357515255,0.134,0.172,1,"4","MAGED2"
7.14503932122502e-05,-0.202442020049341,0.138,0.196,1,"4","ERP44"
0.000529032876545708,-0.202993405590852,0.161,0.214,1,"4","TMEM165"
0.00986275049676049,-0.203192787841067,0.085,0.114,1,"4","RAP1GDS1"
0.00503439661126218,-0.204040931702704,0.079,0.111,1,"4","DDA1"
0.000294790868335065,-0.204680738491968,0.134,0.185,1,"4","RBBP7"
0.00178779881104095,-0.204885637343528,0.097,0.135,1,"4","HAT1"
0.000184555418745862,-0.204948843041039,0.12,0.17,1,"4","ZNF655"
0.00100058157690138,-0.205182686711278,0.453,0.514,1,"4","CALR"
0.00313986835288804,-0.205314668833147,0.106,0.142,1,"4","RB1CC1"
0.00697649604905785,-0.205348961091834,0.116,0.152,1,"4","RASGRP1"
0.00171766670980176,-0.205890391821421,0.108,0.147,1,"4","MNAT1"
0.00159659071307896,-0.206043110614398,0.071,0.105,1,"4","CCNC"
0.00367067118285989,-0.206197480235261,0.227,0.271,1,"4","CD55"
0.000206584022938926,-0.206394632987651,0.286,0.349,1,"4","FNBP1"
0.000561894555121388,-0.20658766474695,0.17,0.224,1,"4","PRKACB"
0.003928882207561,-0.206644738943222,0.124,0.162,1,"4","FNTA"
0.00326637263207018,-0.207282537298818,0.135,0.175,1,"4","FDX1"
0.00625549058768931,-0.207680592103472,0.185,0.229,1,"4","NHP2"
0.00387471993702788,-0.207787886535208,0.297,0.349,1,"4","GIMAP7"
0.00165558337145745,-0.207804035795256,0.098,0.137,1,"4","RIOK3"
0.00228946314756381,-0.208286855500191,0.089,0.125,1,"4","PITPNB"
0.000222437423205149,-0.208752038804432,0.251,0.316,1,"4","KTN1"
0.00686058108317131,-0.210143477744213,0.103,0.136,1,"4","TSNAX"
0.00053480075856087,-0.210171594983598,0.211,0.27,1,"4","ROMO1"
0.0019731987952379,-0.210521463024948,0.243,0.297,1,"4","TAP1"
0.00384315678225083,-0.210957675315334,0.141,0.181,1,"4","TOX4"
0.000133167504235245,-0.211596575424283,0.296,0.369,1,"4","UBE2I"
0.00137385170104693,-0.211666744123725,0.189,0.24,1,"4","UQCRC2"
0.000185619251098863,-0.211896195623669,0.217,0.282,1,"4","TPST2"
0.000493585179205166,-0.212026599512115,0.185,0.24,1,"4","PPP2CA"
0.000404602654147108,-0.212126419577678,0.146,0.198,1,"4","PPP1R7"
0.00195857724773112,-0.212449484455135,0.119,0.16,1,"4","ATXN10"
0.00900066714798733,-0.212482585074072,0.076,0.104,1,"4","FBXO6"
0.00499332199104526,-0.21282401991371,0.105,0.139,1,"4","RAB9A"
0.00121186310277192,-0.212825924606475,0.201,0.252,1,"4","COMMD7"
0.000158327148062613,-0.212863303813583,0.155,0.211,1,"4","SHISA5"
0.000208314900016538,-0.213001531318504,0.2,0.262,1,"4","APOBEC3C"
0.00648371437451747,-0.213010085808747,0.139,0.175,1,"4","G3BP1"
0.00262623753658874,-0.213208618533727,0.127,0.168,1,"4","ST3GAL1"
0.00742927526623843,-0.214092741778055,0.132,0.167,1,"4","EMD"
0.00115384536192838,-0.214106852263565,0.177,0.224,1,"4","TMX4"
0.000902228524901356,-0.214213667004385,0.313,0.375,1,"4","ARID4B"
0.000593054895857799,-0.214370147810257,0.197,0.256,1,"4","ATP6AP2"
0.00349221574684264,-0.214612718120632,0.128,0.165,1,"4","MGAT4A"
0.000731130461161201,-0.21481024006558,0.119,0.165,1,"4","TMEM109"
0.00526705968486913,-0.215197662922922,0.082,0.113,1,"4","SPEN"
0.00634045241236099,-0.215296113572846,0.239,0.286,1,"4","PSMA2"
0.00212100462289465,-0.215611346724666,0.145,0.189,1,"4","MOB4"
0.000263601016253948,-0.216338298033833,0.266,0.335,1,"4","FKBP1A"
0.000171327774938445,-0.216588752937594,0.278,0.348,1,"4","ERH"
0.00182318221851949,-0.217575018309104,0.114,0.155,1,"4","DPM3"
0.0025749458634798,-0.217672174057864,0.138,0.18,1,"4","CYFIP2"
0.000326062354937097,-0.217686421421849,0.184,0.242,1,"4","PSMB7"
0.00644334539232314,-0.218659473722184,0.209,0.253,1,"4","PHF20"
0.000831978425114045,-0.218994658231376,0.125,0.17,1,"4","MCTS1"
0.00505919897997499,-0.219218605381547,0.15,0.19,1,"4","RABGAP1L"
0.000251845082304296,-0.219335864430384,0.17,0.228,1,"4","NDUFA5"
0.00360147009948547,-0.219480018737428,0.106,0.142,1,"4","AKR1A1"
0.00129309444157927,-0.219532834403633,0.073,0.107,1,"4","MORC3"
0.000573924878274841,-0.219618094232315,0.28,0.34,1,"4","ANXA2"
0.00763571388204591,-0.22037183621228,0.087,0.117,1,"4","SNX2"
0.00108145775709032,-0.220716472297112,0.086,0.125,1,"4","NLRC5"
0.000247118652259884,-0.221012193670448,0.08,0.123,1,"4","ILKAP"
0.000173747409256249,-0.221232643928475,0.306,0.378,1,"4","PIP4K2A"
0.00364078820970594,-0.222355355352978,0.141,0.182,1,"4","RALBP1"
0.000134477317754084,-0.222390835081047,0.299,0.372,1,"4","CD47"
0.00182241897740075,-0.223000926988558,0.08,0.115,1,"4","HTATSF1"
7.11224101391131e-05,-0.223168850420854,0.218,0.283,1,"4","UBE2L6"
0.00034265305670123,-0.223223066622732,0.155,0.207,1,"4","AP3S1"
0.00129382000606295,-0.223509159408439,0.109,0.149,1,"4","TINF2"
0.00226455747940861,-0.224855266372597,0.786,0.811,1,"4","S100A4"
0.00126654696779527,-0.2250844086155,0.096,0.135,1,"4","NUDCD2"
0.00184657104842003,-0.225120284551264,0.14,0.181,1,"4","TMF1"
0.00108446584660781,-0.225173366836201,0.19,0.242,1,"4","MANF"
0.00399100899975798,-0.226082737325242,0.167,0.21,1,"4","TSC22D4"
0.000195330168409275,-0.226456949473888,0.245,0.311,1,"4","NAP1L4"
0.00720999119488147,-0.226564034606778,0.084,0.114,1,"4","JOSD2"
0.000443963608534565,-0.228157608923759,0.141,0.19,1,"4","FAAP20"
0.00554790926674579,-0.228825275246714,0.081,0.112,1,"4","NAE1"
0.00321738648579335,-0.229051577638486,0.097,0.132,1,"4","BAZ2B"
0.000633515074554104,-0.230527264567296,0.167,0.22,1,"4","GTF3C6"
0.00772703998444068,-0.23099810113101,0.092,0.122,1,"4","PDIA4"
0.000252049458270165,-0.231156528752131,0.201,0.261,1,"4","PSMB2"
0.001759968549082,-0.231619975460376,0.237,0.288,1,"4","SNRPE"
0.000149157821852678,-0.231654290284351,0.177,0.237,1,"4","USP16"
0.00103574820241795,-0.231654662234758,0.144,0.191,1,"4","IAH1"
0.00010936529308106,-0.231752887208005,0.229,0.296,1,"4","PGAM1"
0.000416307764812425,-0.231893525915779,0.25,0.313,1,"4","BANF1"
0.000885642127758446,-0.231908998470758,0.088,0.126,1,"4","COMMD4"
0.000285045123375642,-0.232641270681761,0.274,0.34,1,"4","PRKCH"
0.00013965996531269,-0.232914741774495,0.111,0.161,1,"4","THUMPD1"
0.000207720200387945,-0.233685867293035,0.101,0.146,1,"4","ZBTB16"
0.00261662708250966,-0.233777633884923,0.197,0.242,1,"4","TMIGD2"
0.00694511695239715,-0.234259885666397,0.199,0.239,1,"4","IKZF3"
0.000629553913603339,-0.235203086330283,0.089,0.129,1,"4","DHX9"
0.000588707258014515,-0.235676469931201,0.114,0.158,1,"4","CDKN2D"
0.000657032733352367,-0.236292696033345,0.094,0.135,1,"4","CPNE3"
0.000186536646080968,-0.236562109055194,0.147,0.202,1,"4","PDCD5"
0.00138766387394832,-0.237156099260779,0.325,0.39,1,"4","LEPROTL1"
0.00745724252808337,-0.237710274920884,0.111,0.143,1,"4","SRA1"
0.00113244597129834,-0.237936138159654,0.102,0.142,1,"4","TMUB1"
0.00902520461357376,-0.238017174575236,0.074,0.101,1,"4","KIN"
0.00145149260743623,-0.23826923712479,0.086,0.123,1,"4","TSR2"
0.00177863505175627,-0.238352165432445,0.108,0.145,1,"4","UBE3A"
0.000237421362881726,-0.238696720028222,0.131,0.181,1,"4","NDUFA10"
0.000277721910443468,-0.238803944704486,0.3,0.365,1,"4","EIF5A"
0.000619914613374115,-0.238832758645764,0.131,0.178,1,"4","DNAJC19"
0.00111744042707979,-0.239064107503635,0.199,0.249,1,"4","STRAP"
0.000226347980768355,-0.239354170229444,0.162,0.217,1,"4","SS18L2"
0.00638640089558309,-0.239576579945082,0.096,0.128,1,"4","SCFD1"
0.000149813069309905,-0.239806728367805,0.175,0.234,1,"4","EIF3J"
0.00325917481093797,-0.240009621071071,0.141,0.181,1,"4","FAM50A"
0.000221364203260403,-0.240194699776578,0.114,0.163,1,"4","NDUFS3"
0.000746310146015216,-0.240675747039727,0.112,0.155,1,"4","WBP11"
0.00219068145826461,-0.240777769210881,0.245,0.298,1,"4","EPC1"
0.00789576200341865,-0.241142838006817,0.087,0.117,1,"4","EHMT1"
0.000139589423894554,-0.242349989406353,0.077,0.12,1,"4","COPB2"
0.000670419526154036,-0.242445296297574,0.451,0.504,1,"4","TNFAIP3"
0.000290550843452209,-0.242465449330006,0.212,0.274,1,"4","PRKAR1A"
0.00356140626431055,-0.242816215755587,0.135,0.175,1,"4","RNF126"
0.00106277803611765,-0.242939905601516,0.371,0.426,1,"4","CTSC"
0.00586489252345896,-0.243562529447942,0.103,0.137,1,"4","TMED5"
0.00230492135095336,-0.243631805625553,0.076,0.109,1,"4","ATP11B"
0.00454042222090625,-0.244224828300735,0.095,0.128,1,"4","PFDN4"
0.00189423948054323,-0.245332407216466,0.152,0.197,1,"4","SDHC"
0.00832575547229663,-0.245516838750129,0.099,0.13,1,"4","SP3"
0.00990930200729328,-0.245796701081557,0.149,0.186,1,"4","TMEM256"
0.00211155526978579,-0.245862388616101,0.072,0.104,1,"4","DTNBP1"
0.00741144616536984,-0.245973587355841,0.179,0.219,1,"4","LAT"
0.00797008377666254,-0.246264008976608,0.092,0.122,1,"4","PDHA1"
0.000407453234925708,-0.246703566730968,0.147,0.198,1,"4","TSEN54"
0.000401619306003576,-0.247583297182612,0.11,0.156,1,"4","ETNK1"
0.00434952778482691,-0.247602420523746,0.07,0.1,1,"4","HENMT1"
0.000225384348668848,-0.247816310364915,0.163,0.218,1,"4","FDPS"
0.00963943092898005,-0.248513972519924,0.084,0.113,1,"4","NENF"
0.00141842758677709,-0.248864975795481,0.242,0.297,1,"4","TMED2"
0.00329906285869989,-0.24982526716167,0.086,0.119,1,"4","MAPKAPK2"
0.00247974365659739,-0.250307244601517,0.107,0.145,1,"4","SREK1"
0.00516660497011457,-0.250531545810923,0.146,0.183,1,"4","LASP1"
0.00620424485499271,-0.250661346156109,0.114,0.149,1,"4","UBA2"
0.00105768605503227,-0.250728764389974,0.096,0.136,1,"4","NUDT16L1"
0.000448739688962832,-0.251121223985515,0.307,0.369,1,"4","SNRPG"
0.000391863429807225,-0.252288419795896,0.163,0.215,1,"4","PSMD7"
0.000834123850061139,-0.252525509787063,0.147,0.195,1,"4","PDCD10"
9.0473758401916e-05,-0.252536942364009,0.178,0.24,1,"4","GLRX"
0.00610330707331031,-0.252623956699724,0.073,0.101,1,"4","RCAN3"
0.00163541579032972,-0.252658767843381,0.084,0.12,1,"4","IFT20"
0.000747500310327517,-0.252758206613912,0.132,0.179,1,"4","HSD17B10"
0.000767831349506858,-0.253504626016157,0.121,0.166,1,"4","DCTN6"
0.00611274281710596,-0.254077911100909,0.077,0.106,1,"4","RFXANK"
0.000690676004350495,-0.254249699105971,0.184,0.238,1,"4","SUPT4H1"
0.000138304918247662,-0.254715755116722,0.206,0.27,1,"4","RHOF"
0.00286848825731845,-0.254778472706056,0.253,0.303,1,"4","CARD16"
0.000432429093773046,-0.255498353827717,0.09,0.131,1,"4","OTULIN"
0.000382727835053532,-0.255549548823104,0.102,0.146,1,"4","FYTTD1"
0.000790070879788277,-0.256065243336933,0.101,0.142,1,"4","RAB6A"
0.00022227131100595,-0.256114630854006,0.123,0.173,1,"4","FUBP1"
0.00165362558940228,-0.256114937949383,0.075,0.108,1,"4","SCLT1"
0.00373176764572622,-0.257109995929352,0.091,0.124,1,"4","RTN3"
0.00129076338653496,-0.25801630407096,0.111,0.152,1,"4","VPS51"
0.000194136298746805,-0.261105588747387,0.265,0.328,1,"4","ANP32B"
0.000471919729752443,-0.261398821107151,0.152,0.203,1,"4","MIER1"
8.5829414549054e-05,-0.261457684788717,0.143,0.201,1,"4","DBNL"
0.000214626226070802,-0.261709721932402,0.077,0.117,1,"4","CDK6"
0.000623820980111849,-0.26175052598322,0.169,0.222,1,"4","CAPZA2"
0.000817238165989317,-0.262244720745857,0.127,0.171,1,"4","SPPL2A"
0.00284081612898425,-0.262393171498628,0.105,0.141,1,"4","PIN4"
0.00646719848800315,-0.262781812403225,0.075,0.103,1,"4","STK38"
0.00024697707403851,-0.263178381456307,0.149,0.202,1,"4","XRN2"
0.000132256864839641,-0.263500966141356,0.237,0.301,1,"4","TPR"
0.00250607193570119,-0.263522114431853,0.089,0.124,1,"4","CCNT1"
0.00268251047286203,-0.263710903047253,0.074,0.106,1,"4","TARDBP"
0.00960062546896836,-0.264116485719372,0.094,0.123,1,"4","CNIH1"
0.00730052440736701,-0.264369897100588,0.076,0.104,1,"4","ADIPOR1"
9.59867077858633e-05,-0.264955806797903,0.314,0.388,1,"4","CDC42SE2"
0.00438888716833563,-0.265157558168245,0.112,0.147,1,"4","BCL2"
0.000110989731208201,-0.26561765849782,0.101,0.149,1,"4","LAGE3"
0.000166996379984546,-0.265734078836592,0.135,0.188,1,"4","LARP7"
0.00313837823987705,-0.265798862617917,0.121,0.16,1,"4","SAP30BP"
0.000754906608260168,-0.267214663208413,0.076,0.112,1,"4","DUSP11"
0.00223476452352655,-0.267499586620731,0.11,0.148,1,"4","ERGIC2"
0.000181341923757703,-0.26806111457198,0.123,0.174,1,"4","RBM6"
0.00104472768086237,-0.268346062488035,0.108,0.149,1,"4","CDC5L"
0.000636285328652554,-0.268874888433396,0.12,0.166,1,"4","AKR7A2"
0.00568181049203468,-0.26944453396982,0.079,0.109,1,"4","CFAP97"
0.00135319500074626,-0.269652144174562,0.096,0.135,1,"4","ITK"
0.000258634837985156,-0.269890327822533,0.199,0.258,1,"4","POLR3GL"
0.00131861450268774,-0.270397153959122,0.072,0.107,1,"4","DDX50"
0.00156272122628102,-0.270604028072284,0.18,0.23,1,"4","RNF166"
0.00114577689253613,-0.270727288818821,0.069,0.103,1,"4","CCDC28A"
0.00762549000455322,-0.271130333798086,0.1,0.132,1,"4","SPRY1"
0.00409132556467003,-0.27153260138564,0.085,0.117,1,"4","NSRP1"
0.00317988584340005,-0.271895591724641,0.114,0.15,1,"4","BCL7B"
0.000550835654073572,-0.272203353874276,0.202,0.256,1,"4","KIF5B"
0.00431509533573886,-0.272462120831663,0.091,0.123,1,"4","MIF4GD"
0.00425757008401655,-0.272700555730023,0.072,0.102,1,"4","VPS4A"
0.000110624383370816,-0.272810002401234,0.164,0.223,1,"4","SRP19"
0.00954665415650432,-0.273661394192224,0.178,0.216,1,"4","NBEAL1"
0.00803383462069426,-0.273866043564804,0.114,0.147,1,"4","STXBP2"
0.000246304794129624,-0.274969524818996,0.208,0.267,1,"4","IDH2"
0.00124892091423688,-0.275521414983763,0.188,0.239,1,"4","NDFIP1"
0.00772444220341614,-0.275870945592778,0.112,0.144,1,"4","HPRT1"
0.00235088688600376,-0.275871293969227,0.088,0.122,1,"4","FAM172A"
9.7020683762698e-05,-0.276289168301136,0.112,0.161,1,"4","SP140"
0.00815291752791242,-0.276562631930214,0.089,0.118,1,"4","SETD5"
0.00411569490286528,-0.277431579804591,0.101,0.135,1,"4","ATG3"
0.00243252266675352,-0.278334374723428,0.144,0.185,1,"4","DERL1"
9.83841430335253e-05,-0.279400058418919,0.098,0.147,1,"4","MEA1"
0.00144598984062879,-0.279903757328479,0.07,0.103,1,"4","CCDC25"
0.000447149878447717,-0.2803459872911,0.109,0.153,1,"4","RBM33"
0.00250346120945562,-0.281122959190539,0.107,0.145,1,"4","CNOT7"
0.000482683696264239,-0.281217400978561,0.089,0.13,1,"4","DNM2"
0.000918522337478554,-0.281252087423828,0.121,0.164,1,"4","USF2"
0.000904615810339826,-0.284029157723387,0.087,0.125,1,"4","ZNF430"
0.00859783629583799,-0.284297583258735,0.083,0.111,1,"4","SMAD2"
0.000135910716730725,-0.285350781981965,0.212,0.276,1,"4","IK"
0.00218872048541081,-0.285401936248981,0.11,0.148,1,"4","AGO2"
0.000437776541317675,-0.286029416664383,0.1,0.143,1,"4","SENP6"
0.00197983789121747,-0.286205706613565,0.082,0.116,1,"4","GALNT1"
0.000296147454284419,-0.286454386547201,0.205,0.264,1,"4","ANP32A"
0.00121711069838116,-0.286462373956532,0.113,0.153,1,"4","SDHA"
0.00131941354259576,-0.287227268883166,0.21,0.257,1,"4","CHD1"
0.000740372252732789,-0.287433389290946,0.092,0.132,1,"4","SETD2"
0.000606694869896312,-0.2880940296876,0.072,0.108,1,"4","ZNF106"
0.000103657515323528,-0.288251214863912,0.141,0.194,1,"4","CARHSP1"
0.000663195987903482,-0.28844727790112,0.12,0.165,1,"4","IFI35"
7.89623871900151e-05,-0.289126351730252,0.406,0.479,1,"4","HMGN2"
0.000369107467316403,-0.290159364903988,0.103,0.148,1,"4","RPAIN"
0.00255812823061147,-0.290283201185264,0.09,0.124,1,"4","GPCPD1"
0.00214157779927206,-0.291205007720949,0.087,0.122,1,"4","UPF3B"
0.000112091715577485,-0.291620567643429,0.193,0.254,1,"4","METTL9"
0.00144861171938277,-0.291630518518209,0.107,0.146,1,"4","CCDC115"
0.00011909414504794,-0.292100568400625,0.125,0.177,1,"4","APEX1"
0.00700013879165914,-0.292226219128607,0.464,0.505,1,"4","REL"
0.000131458129281891,-0.292403124577207,0.096,0.144,1,"4","SZRD1"
0.00278486735320435,-0.293433606580512,0.141,0.182,1,"4","TSPAN14"
0.0029607014112187,-0.293936514030226,0.072,0.103,1,"4","EXOSC6"
0.00118204391629991,-0.294327329079723,0.089,0.127,1,"4","CTNNBL1"
0.00445539016811632,-0.294531184028568,0.073,0.102,1,"4","BOLA3"
0.000179498467184881,-0.294705410743248,0.175,0.231,1,"4","YY1"
0.000235275866259653,-0.295450397967088,0.099,0.145,1,"4","DUSP23"
0.00311474016802571,-0.295708195749315,0.095,0.129,1,"4","IST1"
0.00335794780596689,-0.296013779718081,0.07,0.101,1,"4","ZNF511"
9.4340600548493e-05,-0.29625558158929,0.254,0.32,1,"4","ATRX"
0.00124524040572335,-0.297033539251689,0.104,0.143,1,"4","CCDC124"
0.00298742739087319,-0.297838094776831,0.077,0.108,1,"4","MRFAP1L1"
0.00419627419363885,-0.298393181472381,0.076,0.106,1,"4","UFL1"
0.000115287971949341,-0.299113565935163,0.272,0.338,1,"4","SRI"
0.00155879974648201,-0.299138031867598,0.099,0.138,1,"4","SURF1"
7.34531209729831e-05,-0.299162987629507,0.109,0.161,1,"4","NDUFA9"
0.000215418050183764,-0.300741338687983,0.124,0.173,1,"4","MAPK1IP1L"
0.000188414793581101,-0.301061417875314,0.064,0.104,1,"4","RTCB"
0.000826360007345784,-0.301106634929355,0.088,0.127,1,"4","RAD23B"
0.000174896313923345,-0.301146731565746,0.083,0.125,1,"4","PLEKHO1"
0.00156495135756591,-0.301266274569925,0.082,0.118,1,"4","TRIM28"
0.00139072253756212,-0.301500343221745,0.123,0.165,1,"4","COMMD8"
0.000213720103086139,-0.301588191185486,0.123,0.172,1,"4","IRF2"
0.000132792787321103,-0.301707544232071,0.164,0.22,1,"4","ARPP19"
8.16104367574262e-05,-0.302166985953886,0.081,0.127,1,"4","ZNF276"
0.000141320514284748,-0.302546715534622,0.122,0.173,1,"4","MED28"
0.000456087064924209,-0.302722832159,0.13,0.177,1,"4","BIRC6"
0.00490592086423352,-0.302786730949975,0.072,0.101,1,"4","PPP6R3"
0.00291905186328384,-0.303679542261764,0.129,0.167,1,"4","RNF145"
0.000760548473752822,-0.304209053445588,0.096,0.136,1,"4","TMPO"
0.000112935955930528,-0.30487940760949,0.202,0.263,1,"4","MPG"
0.00607138646253939,-0.305745794978619,0.087,0.117,1,"4","AKAP5"
0.000139708636519069,-0.305907380145851,0.089,0.134,1,"4","TCEAL8"
0.000228999124612052,-0.306208362704279,0.13,0.18,1,"4","TERF1"
0.000226433264930188,-0.307499348707438,0.219,0.277,1,"4","GIMAP4"
0.00334411783893729,-0.307545086562949,0.069,0.1,1,"4","ACO2"
0.00463619479732472,-0.308024489969837,0.094,0.126,1,"4","NINJ1"
0.000197913527401544,-0.308329380306399,0.069,0.109,1,"4","CSNK2A1"
0.000153755785299341,-0.30884910874157,0.126,0.177,1,"4","SUCLG1"
0.00319650791178336,-0.30885837701007,0.145,0.185,1,"4","LBR"
0.000165961516510988,-0.309039489091482,0.13,0.182,1,"4","CDC40"
0.00488866530058514,-0.309901465778278,0.109,0.143,1,"4","PLEKHF1"
0.00907055333156389,-0.310201347475487,0.079,0.107,1,"4","DDHD1"
0.000600725522522817,-0.31025960900746,0.096,0.138,1,"4","ZMYM2"
0.000978336268275653,-0.311052305172964,0.205,0.258,1,"4","KRTCAP2"
0.00010795465643829,-0.311206445062205,0.256,0.318,1,"4","CCND2"
0.00283766572088144,-0.312116877587014,0.091,0.125,1,"4","NGLY1"
0.000508427846098105,-0.312614985929719,0.181,0.232,1,"4","RASSF1"
0.00305321734485671,-0.312810695130809,0.079,0.112,1,"4","RAB4A"
0.000751891016176091,-0.312831641619809,0.209,0.263,1,"4","AOAH"
0.00306340704562717,-0.312910453003536,0.077,0.109,1,"4","UCHL5"
9.97130406308225e-05,-0.313060591301827,0.142,0.197,1,"4","RNF167"
0.000817717705609172,-0.313256255251093,0.138,0.184,1,"4","TMEM167A"
0.00415424681882987,-0.313434501248816,0.13,0.166,1,"4","CREBRF"
7.42771512585199e-05,-0.313498159333085,0.061,0.101,1,"4","TRIAP1"
0.00228860560840884,-0.313727084897984,0.079,0.113,1,"4","IRAK4"
0.00987110797988455,-0.314010389801287,0.121,0.153,1,"4","ALG13"
0.000532258140812989,-0.314250795092539,0.184,0.236,1,"4","ILF2"
0.00164707596629149,-0.314677415704959,0.193,0.24,1,"4","RAB8B"
0.000833612996364508,-0.314776187999359,0.067,0.101,1,"4","ADCY7"
7.15469282246358e-05,-0.315182245487403,0.104,0.155,1,"4","PILRB"
0.00261168883602716,-0.315362409213699,0.164,0.206,1,"4","SFT2D1"
0.000211948845442313,-0.315744229600651,0.072,0.112,1,"4","HPS1"
0.000141311503143875,-0.316098613023387,0.087,0.132,1,"4","MOB3A"
0.000300758952114014,-0.316440673425518,0.066,0.104,1,"4","PPA2"
0.000943303167398051,-0.316842991872583,0.156,0.203,1,"4","SEC11C"
0.000263114393949698,-0.318471579475292,0.207,0.264,1,"4","CLDND1"
0.00709040157083216,-0.318711077114804,0.103,0.135,1,"4","MFNG"
0.000661744438901675,-0.318824098894231,0.108,0.15,1,"4","ZNF148"
0.000152649013907498,-0.320869752053404,0.112,0.16,1,"4","FAM204A"
0.002160741770372,-0.320989954392947,0.104,0.142,1,"4","GON4L"
7.99831694589374e-05,-0.321031420528615,0.139,0.195,1,"4","ECHS1"
7.78052655699158e-05,-0.321078044431734,0.134,0.189,1,"4","DECR1"
0.00501634526634518,-0.321456531160062,0.11,0.144,1,"4","ARFGAP2"
0.000581290104250885,-0.323571828461135,0.145,0.191,1,"4","ITSN2"
0.000585839103528524,-0.323852118787872,0.077,0.115,1,"4","EP300"
0.00191952057056674,-0.324947829160097,0.085,0.12,1,"4","LYPLA2"
0.000168356684307933,-0.325007511774748,0.097,0.143,1,"4","HAGH"
0.000159815738683316,-0.325596687931329,0.242,0.306,1,"4","NDUFB9"
0.000396918997420429,-0.326914905333036,0.104,0.147,1,"4","UBE2M"
0.000380474445182776,-0.329101611763861,0.366,0.424,1,"4","CLIC3"
0.000413961448400942,-0.329166068120372,0.159,0.209,1,"4","KDM5A"
0.00467164953798606,-0.329190779181977,0.093,0.125,1,"4","TAF11"
0.000917862250985336,-0.32975311147373,0.129,0.172,1,"4","AGTRAP"
0.00042422236497498,-0.329945474672501,0.095,0.136,1,"4","FKBP3"
0.00738564894342737,-0.330329055078905,0.117,0.15,1,"4","GGA1"
0.000677034568374392,-0.332465749682261,0.065,0.1,1,"4","SMIM15"
9.40899436610675e-05,-0.332798959270794,0.101,0.149,1,"4","STAU1"
0.000103381603410982,-0.332851130139339,0.072,0.114,1,"4","TSR3"
0.000111837166011681,-0.332859725635235,0.301,0.356,1,"4","HLA-F"
8.96991591119323e-05,-0.333024453057028,0.141,0.197,1,"4","HMOX2"
7.13682160308738e-05,-0.333752709923452,0.087,0.134,1,"4","NAA20"
0.000644967466080182,-0.333863504860819,0.089,0.128,1,"4","EIF2AK1"
0.000190285748990729,-0.33549189907199,0.161,0.216,1,"4","SDF2L1"
0.00290097970686336,-0.335845883934871,0.078,0.11,1,"4","TPP1"
0.000259750416901508,-0.337002179208543,0.062,0.1,1,"4","TIMM10"
0.00321701930941659,-0.33792935657706,0.087,0.12,1,"4","TPGS1"
0.00013629259151623,-0.338492250798957,0.09,0.135,1,"4","PCGF5"
0.000113653472621304,-0.338697925147288,0.173,0.23,1,"4","ATG12"
0.000190074087997895,-0.338943283805689,0.123,0.172,1,"4","PHF3"
0.000758583093595992,-0.339826105733892,0.095,0.134,1,"4","ARID1A"
0.00124429963173367,-0.343118684207503,0.074,0.108,1,"4","ASCC2"
0.00136084765400319,-0.34398322607487,0.104,0.143,1,"4","URI1"
0.00106668811991983,-0.344854861697627,0.099,0.138,1,"4","TRIM56"
0.000221703167389129,-0.346470492703683,0.135,0.187,1,"4","SIPA1"
0.00148487786995894,-0.347648292043386,0.151,0.196,1,"4","IL16"
0.00264765911531836,-0.348054756027004,0.071,0.102,1,"4","SLC15A4"
0.000592202886611573,-0.348303784140922,0.079,0.118,1,"4","RRAGA"
0.00100017941123418,-0.349350879571478,0.1,0.139,1,"4","MARK3"
0.00167247400449199,-0.350162479638986,0.084,0.119,1,"4","ATP2B4"
0.0038779295066815,-0.350239392257633,0.081,0.113,1,"4","CYB5R3"
0.000102049936502093,-0.350265413648595,0.127,0.18,1,"4","COPB1"
0.000307407762793764,-0.35125490257549,0.123,0.171,1,"4","SSR1"
0.000229268975131185,-0.353276779631747,0.074,0.113,1,"4","FAM111A"
9.19339667101872e-05,-0.355970140960506,0.106,0.155,1,"4","SERINC3"
0.000111006887954989,-0.356449358086179,0.098,0.145,1,"4","POLE3"
0.00161153596773502,-0.356983561154171,0.073,0.106,1,"4","XIAP"
0.00211792937832283,-0.358586088444103,0.077,0.11,1,"4","GOLIM4"
0.0002453192827489,-0.358667824882346,0.069,0.108,1,"4","ZFC3H1"
0.000675947736755627,-0.359049112677584,0.093,0.133,1,"4","FAM162A"
0.00694987461644308,-0.3593708965143,0.086,0.116,1,"4","DCAF13"
0.000298871069832362,-0.359399759984578,0.13,0.177,1,"4","EBP"
7.52665900441875e-05,-0.359589683860732,0.175,0.234,1,"4","SLC16A3"
0.00269774412529345,-0.359921330215136,0.072,0.103,1,"4","CREBBP"
0.00149873217768979,-0.359933205368847,0.112,0.151,1,"4","LMAN1"
0.00263118995917825,-0.360246867317876,0.087,0.121,1,"4","CNDP2"
0.00114046288176033,-0.361264264452788,0.093,0.13,1,"4","CTCF"
0.000484706459113102,-0.361764935739478,0.071,0.108,1,"4","RNF4"
0.0073425579780863,-0.36288868600693,0.087,0.116,1,"4","CD9"
0.000898339100500277,-0.363148208680119,0.184,0.231,1,"4","PNRC2"
0.00025636907116335,-0.363324013943475,0.074,0.114,1,"4","CAPRIN1"
0.000346655653761636,-0.363682906473405,0.092,0.133,1,"4","LLPH"
0.000302379990474133,-0.364709762991265,0.108,0.152,1,"4","HERC1"
0.000302495326510232,-0.365257766094139,0.091,0.134,1,"4","RPF1"
8.5884792372355e-05,-0.366107050034042,0.089,0.136,1,"4","VTI1B"
0.000184347960862571,-0.366161709194217,0.12,0.169,1,"4","MAP4"
0.00196492716466247,-0.366174822295009,0.141,0.182,1,"4","BLOC1S2"
0.00237765312419024,-0.366240476419998,0.086,0.12,1,"4","PSMB5"
0.00178999411154821,-0.366874602080715,0.139,0.18,1,"4","TIPARP"
0.000184189894034238,-0.369207085495679,0.114,0.161,1,"4","RRBP1"
0.000240547356788243,-0.369421033357594,0.129,0.177,1,"4","HDAC1"
0.000185464182248434,-0.370021861658067,0.075,0.116,1,"4","UBE2G2"
0.000125978933409098,-0.370694525787111,0.089,0.134,1,"4","JPX"
9.89027760421835e-05,-0.371835435618803,0.095,0.141,1,"4","MIB2"
0.000267751253828195,-0.373181865613106,0.135,0.184,1,"4","TIMM8B"
0.00085664626299746,-0.374112808472757,0.136,0.181,1,"4","CCDC88C"
0.0021906042729094,-0.374603362346962,0.075,0.107,1,"4","USP48"
0.000515619410371357,-0.374928734013207,0.137,0.185,1,"4","NSMCE1"
0.000518023855667067,-0.37734330317132,0.088,0.128,1,"4","MYO9B"
0.000116699696407295,-0.378759073802269,0.135,0.187,1,"4","MECP2"
0.000177611107742259,-0.378869662198371,0.101,0.147,1,"4","BTF3L4"
0.000444227874602101,-0.380320484640455,0.073,0.11,1,"4","MAN1A2"
0.000548458518442072,-0.380685362979986,0.084,0.123,1,"4","GPS2"
0.00037818163705401,-0.381182268307728,0.087,0.127,1,"4","NMI"
0.00262799472554595,-0.381276478249935,0.094,0.128,1,"4","AP1S2"
0.000870856403597731,-0.383959802167474,0.095,0.133,1,"4","LPP"
0.000252350695964152,-0.384616276647217,0.109,0.154,1,"4","DOCK10"
0.000513230848362402,-0.384638182189593,0.124,0.168,1,"4","RBL2"
0.000520004904715724,-0.384961924245241,0.096,0.138,1,"4","GLOD4"
0.000115852144312816,-0.385877493617958,0.09,0.134,1,"4","MAP3K2"
0.000245030450410535,-0.386276780354616,0.068,0.106,1,"4","POLR3K"
0.00235281522065099,-0.387941352212625,0.08,0.113,1,"4","TMEM70"
0.00098723735685673,-0.388543460994322,0.079,0.115,1,"4","UBR2"
0.00270669711919738,-0.389822487040367,0.094,0.128,1,"4","TSSC4"
8.89819455832039e-05,-0.390965184804833,0.11,0.16,1,"4","XRN1"
0.000741471760167105,-0.392334167799704,0.242,0.29,1,"4","SYNE2"
0.00596113899924612,-0.394022219143845,0.114,0.146,1,"4","NR4A3"
0.000107976534874585,-0.395937527519135,0.144,0.198,1,"4","ANXA7"
0.000876406089457567,-0.3963331482763,0.112,0.152,1,"4","RASGEF1B"
0.000845201608128316,-0.396899770113636,0.096,0.135,1,"4","BAZ1B"
0.000125035956409609,-0.398763235004479,0.092,0.137,1,"4","CD320"
0.00100478497051653,-0.400072725640198,0.162,0.207,1,"4","JMJD1C"
0.00038000360907965,-0.402636268256185,0.092,0.133,1,"4","GPRIN3"
0.00180892243036394,-0.402649346104387,0.068,0.1,1,"4","QKI"
0.00139026025085895,-0.403724980969715,0.069,0.102,1,"4","XPC"
0.00152018951384444,-0.40666820969938,0.101,0.139,1,"4","SLC39A10"
0.000184292435965065,-0.407222792250587,0.084,0.127,1,"4","ZNF24"
0.000951460807033358,-0.409277549069549,0.087,0.124,1,"4","KLHL24"
0.000416657379731936,-0.410859401244363,0.073,0.111,1,"4","PGP"
0.00134626164797241,-0.412829943852432,0.094,0.13,1,"4","NME2"
0.0074815758724052,-0.413232250878053,0.073,0.1,1,"4","SLC25A26"
0.000640678693418513,-0.414104643501083,0.07,0.106,1,"4","NFATC2"
0.00124086237342902,-0.416639969142847,0.09,0.126,1,"4","SEC31A"
0.000414806849782771,-0.417671937999041,0.076,0.114,1,"4","ATP6AP1"
0.000216341301094829,-0.420355719593426,0.067,0.106,1,"4","PSME4"
0.000125428167347987,-0.42044924325829,0.093,0.138,1,"4","CUL3"
0.00238728724471374,-0.421221587847165,0.071,0.101,1,"4","CERS2"
0.000406596714971994,-0.421669166955795,0.093,0.134,1,"4","UBE2J1"
0.00352042152333006,-0.421693714020603,0.1,0.133,1,"4","BAZ2A"
0.000187629304038369,-0.42292788185189,0.079,0.12,1,"4","EFCAB14"
0.000127672658875267,-0.423099696374734,0.132,0.184,1,"4","NSMCE3"
0.000153772150193311,-0.424881509563368,0.067,0.107,1,"4","PRR5"
0.000170779220732801,-0.424889724655886,0.11,0.157,1,"4","LAP3"
0.00383026849989588,-0.426912364083708,0.093,0.125,1,"4","LINC00861"
0.000785783007191981,-0.428387007865159,0.11,0.15,1,"4","SLC7A5"
0.00346863481932353,-0.430922234725778,0.1,0.134,1,"4","COPS8"
0.000310961549577968,-0.431588915671398,0.094,0.136,1,"4","RBM26"
0.000192382828041155,-0.433379976712449,0.079,0.119,1,"4","CPSF6"
0.000233685032535539,-0.433604627105705,0.109,0.154,1,"4","SRSF1"
0.000231823749183877,-0.433965562357158,0.12,0.167,1,"4","SNRPA1"
0.000630282203555149,-0.435792276351463,0.14,0.184,1,"4","JOSD1"
0.000129428104889308,-0.439542038728859,0.127,0.176,1,"4","TEX264"
0.000915647388470344,-0.44190648459357,0.088,0.125,1,"4","SHOC2"
0.000125297417376162,-0.445173120578203,0.074,0.115,1,"4","ABHD2"
0.00018629880053845,-0.445523836752158,0.102,0.147,1,"4","COPA"
0.000204911363095237,-0.446698897822386,0.079,0.12,1,"4","TRIM33"
0.00128169927995618,-0.448415894026176,0.083,0.118,1,"4","MOB2"
0.000232331677392575,-0.448535283148494,0.076,0.116,1,"4","GLO1"
0.00100009101602355,-0.449543768434781,0.084,0.121,1,"4","CRIPT"
0.00189671044521573,-0.451343146254682,0.087,0.121,1,"4","MSI2"
0.000342561153626002,-0.452308406657348,0.078,0.116,1,"4","TRIM44"
0.00149724643092868,-0.453161051536648,0.08,0.114,1,"4","TSPAN5"
0.00243291531338984,-0.459026491338091,0.101,0.136,1,"4","HMGA1"
0.000991957528079509,-0.459434945213162,0.082,0.118,1,"4","RASGRP2"
8.48611183473056e-05,-0.462620278297569,0.079,0.123,1,"4","APBA2"
0.000230458176600919,-0.464852092115584,0.113,0.158,1,"4","NEDD9"
0.000108744309245298,-0.465119032847399,0.082,0.126,1,"4","NELFE"
0.00346723728429683,-0.466324036765982,0.071,0.1,1,"4","RNF130"
0.00607984574439488,-0.466354709831937,0.072,0.1,1,"4","FBXO11"
0.000312216671961658,-0.469002761959216,0.07,0.107,1,"4","EIF4G1"
9.60826354041607e-05,-0.470077248326982,0.111,0.159,1,"4","SUPT16H"
9.2154552249483e-05,-0.470241102562645,0.064,0.104,1,"4","RASA3"
0.000125318939928981,-0.471459193459861,0.061,0.1,1,"4","ZNF91"
0.00105872420163032,-0.471585840488506,0.13,0.172,1,"4","EPSTI1"
8.78040160186415e-05,-0.47477287101183,0.067,0.108,1,"4","ASCC3"
0.000268333695852245,-0.477249893608719,0.07,0.108,1,"4","NCOA4"
0.000460954000929036,-0.48055958466168,0.085,0.124,1,"4","STX4"
0.000209246455463793,-0.482830160996057,0.16,0.209,1,"4","GOLGB1"
0.000290255109553571,-0.48331719895766,0.099,0.143,1,"4","KPNA4"
0.00028801199625326,-0.485447767691387,0.09,0.131,1,"4","TGFBR2"
0.000390793745891314,-0.489482556801383,0.091,0.131,1,"4","HNRNPH2"
0.000572555440723126,-0.491633689391139,0.068,0.104,1,"4","ITCH"
0.00011174542087825,-0.492206015484374,0.148,0.199,1,"4","RALGAPA1"
0.00134288525487558,-0.49368411728561,0.071,0.104,1,"4","PRKAG1"
0.000457361906920199,-0.495086985685783,0.075,0.112,1,"4","UBE2Q2"
0.000650321666867528,-0.496959873255736,0.068,0.103,1,"4","DNAJC9"
0.00452759863976024,-0.497265549983118,0.126,0.161,1,"4","PLCG2"
0.00253013806397466,-0.497594979003457,0.075,0.106,1,"4","TBK1"
0.00116089664417019,-0.498923743924657,0.071,0.105,1,"4","SMNDC1"
0.000223694624748555,-0.500949802413307,0.079,0.119,1,"4","CHMP2B"
0.00145164315109312,-0.51119174502008,0.072,0.104,1,"4","SLK"
0.00016224945764756,-0.511823391696142,0.132,0.181,1,"4","NFKB1"
0.000611629566805341,-0.512281837975705,0.071,0.106,1,"4","PUM2"
0.000262670964589659,-0.512479351225192,0.19,0.244,1,"4","IFI6"
0.000149232061346948,-0.513121732467236,0.101,0.147,1,"4","PPP1R11"
0.000215693785660687,-0.514585452849468,0.097,0.141,1,"4","CDK13"
0.00010071674842689,-0.515865160433952,0.137,0.188,1,"4","RANBP2"
0.000315732883192436,-0.516138750871847,0.073,0.111,1,"4","USP33"
0.000630891002931531,-0.520250717093844,0.073,0.108,1,"4","ZNF652"
7.71378809574561e-05,-0.521022488357999,0.094,0.14,1,"4","BID"
0.000512867349910827,-0.524577813054808,0.1,0.14,1,"4","PLEKHB2"
0.000122702741275143,-0.529807697352665,0.072,0.113,1,"4","NDUFA8"
0.000139761318127896,-0.530994647083014,0.086,0.128,1,"4","APLP2"
0.000161333016917913,-0.533659904712279,0.081,0.123,1,"4","BNIP3L"
9.74909325092372e-05,-0.539019631865969,0.085,0.128,1,"4","TOX"
7.44014502293364e-05,-0.543547623704567,0.066,0.107,1,"4","TNRC6A"
0.000201431416451299,-0.544976092319606,0.079,0.119,1,"4","TOR1A"
0.000517996646972087,-0.548204158683422,0.083,0.121,1,"4","NFAT5"
7.14912460558494e-05,-0.55820662542827,0.08,0.125,1,"4","PBRM1"
0.000193114197288092,-0.564748021086494,0.066,0.105,1,"4","HDLBP"
0.00285906139838658,-0.566332887646394,0.075,0.106,1,"4","TOR1AIP1"
0.000331265582705575,-0.567316497264012,0.064,0.1,1,"4","KIAA1143"
9.98894865160907e-05,-0.572347814872248,0.089,0.133,1,"4","CCPG1"
0.0001782421755006,-0.572770366128894,0.16,0.21,1,"4","LDLRAD4"
0.000644685266647465,-0.572957954992191,0.073,0.108,1,"4","ZPR1"
0.000100575901612555,-0.575979795061061,0.093,0.137,1,"4","ARFGAP3"
0.00516414307377593,-0.605529541796929,0.081,0.11,1,"4","BRAF"
0.000164357114418271,-0.608178084776088,0.077,0.116,1,"4","GNA13"
0.000148093375741828,-0.615936973728733,0.072,0.112,1,"4","CBX6"
0.000107538376594555,-0.616934163647071,0.108,0.155,1,"4","SACM1L"
0.000442803042843481,-0.622350778994215,0.085,0.123,1,"4","BFAR"
7.73849546672304e-05,-0.624054708997718,0.083,0.127,1,"4","SECISBP2"
0.000188329513166062,-0.646438040560411,0.069,0.107,1,"4","ZNF451"
0.00838357477013867,-0.65615204199171,0.079,0.105,1,"4","IFI44L"
7.22309795460474e-05,-0.684921762317952,0.079,0.123,1,"4","USP11"
0.000104969781212478,-0.688808421278078,0.065,0.104,1,"4","USP36"
0.000446875180192479,-0.691675359401978,0.066,0.101,1,"4","ABCE1"
0.000180597219383514,-0.695337859394185,0.063,0.101,1,"4","YES1"
0.000297513298359681,-0.70136560405345,0.138,0.182,1,"4","ITM2C"
7.83401636808417e-05,-0.942019005318683,0.074,0.114,1,"4","ELL2"
6.82789780192358e-240,2.42413372638546,0.507,0.131,9.61982521313014e-236,"2","KRT86"
1.05418195452074e-218,-5.00520226950742,0.024,0.415,1.48523695572428e-214,"2","FGFBP2"
6.86001575713428e-178,1.53361339070748,0.722,0.362,9.66507620022649e-174,"2","RGS1"
1.00163406613343e-161,2.01044274033346,0.441,0.14,1.41120223577539e-157,"2","TMIGD2"
8.87855396808931e-145,0.921943805577548,0.918,0.747,1.2508994685641e-140,"2","CD7"
5.53970256255752e-135,-1.96963093307482,0.29,0.573,7.8048869403873e-131,"2","GZMH"
6.10933185244175e-133,-2.50226937324391,0.135,0.435,8.60743764690519e-129,"2","KLF2"
3.89175344484426e-128,2.25317679023617,0.342,0.099,5.48309142844108e-124,"2","ITM2C"
1.72345572495115e-125,2.09526853881888,0.375,0.122,2.42817677088367e-121,"2","LDLRAD4"
4.45451507981881e-124,-2.47188831374801,0.131,0.414,6.27596629595672e-120,"2","FCGR3A"
7.27302948637995e-119,1.99255745321097,0.313,0.086,1.02469712433607e-114,"2","ITGA1"
2.4191481486509e-116,-2.28559289079194,0.169,0.439,3.40833782663426e-112,"2","PLAC8"
3.75373939619399e-112,1.04123713079009,0.707,0.422,5.28864343529771e-108,"2","ALOX5AP"
1.18278054325973e-109,-0.683378265374558,0.932,0.961,1.66641950739863e-105,"2","NKG7"
6.56734968679767e-107,-1.50060287521722,0.229,0.515,9.25273897372924e-103,"2","KLRF1"
5.76626260467604e-96,1.28497213351775,0.559,0.306,8.12408738372807e-92,"2","TNFRSF18"
1.4459534535176e-92,1.50155240610532,0.376,0.151,2.03720382066095e-88,"2","ZNF683"
9.35516731322263e-85,1.00575199629102,0.68,0.423,1.31804952275994e-80,"2","AREG"
1.93924877668421e-83,-2.64016469854088,0.099,0.311,2.73220760147038e-79,"2","SPON2"
1.23348021182687e-82,2.16329161492453,0.222,0.06,1.73785027044288e-78,"2","CD9"
2.26450232975938e-80,0.536560350875682,0.965,0.929,3.19045733239799e-76,"2","CCL5"
4.79559212635517e-79,1.76347675588378,0.242,0.073,6.7565097468218e-75,"2","SPRY1"
6.54365265024567e-79,-3.02442609488952,0.047,0.239,9.21935221893113e-75,"2","SELL"
1.49252484613373e-77,-0.330312545906546,1,1,2.10281825571781e-73,"2","B2M"
2.76646022169412e-76,1.46258218569589,0.277,0.097,3.89766580634485e-72,"2","SRGAP3"
2.16066145259267e-72,-0.772639706381368,0.74,0.837,3.04415592055782e-68,"2","S100A4"
2.79645840335739e-71,0.831608917723288,0.713,0.501,3.93993024449022e-67,"2","KLRB1"
2.98423940642518e-70,-1.12239424606645,0.366,0.571,4.20449489971244e-66,"2","EMP3"
4.35550582369861e-69,0.946149428525535,0.526,0.299,6.13647215500897e-65,"2","CD96"
3.85374797042054e-67,1.72003941884693,0.179,0.046,5.4295455155255e-63,"2","CSF1"
1.06620625920269e-66,-3.16417777694812,0.026,0.184,1.50217799859066e-62,"2","S1PR5"
3.58865566513366e-66,1.59913538877653,0.237,0.081,5.05605696660681e-62,"2","ACP5"
1.48811748049071e-65,0.859704287862032,0.62,0.413,2.09660871826337e-61,"2","IL2RB"
2.26651867086936e-64,1.08285216331903,0.352,0.161,3.19329815538784e-60,"2","KIR2DL4"
1.79095898427051e-63,1.24538962885795,0.415,0.216,2.52328211293872e-59,"2","GZMK"
7.53205856774617e-63,1.20346162100054,0.324,0.142,1.06119173160976e-58,"2","DUSP4"
1.01020939958605e-61,-0.926347655880552,0.468,0.646,1.42328402307678e-57,"2","ANXA1"
2.00816920338716e-60,2.06127008858822,0.183,0.054,2.82930959065218e-56,"2","IGFBP2"
1.86680338360088e-59,1.22688375336933,0.317,0.143,2.63013928715528e-55,"2","ITGAE"
8.01048544191116e-59,-0.809108733315326,0.733,0.796,1.12859729391086e-54,"2","CST7"
9.32002860486956e-59,2.28368215387352,0.136,0.03,1.31309883014007e-54,"2","CXCR6"
3.70694986945715e-58,0.955202343808396,0.401,0.205,5.22272167107818e-54,"2","CAPG"
1.7855754293286e-57,-0.662797532112485,0.85,0.874,2.51569722238106e-53,"2","CYBA"
8.96625649922958e-57,1.39606437962504,0.263,0.108,1.26325587817646e-52,"2","TBCD"
2.32636073381733e-56,1.6511818291216,0.21,0.074,3.27760963787524e-52,"2","NDFIP2"
5.95349064219155e-55,0.765884606997991,0.652,0.454,8.38787296578368e-51,"2","KLRC1"
1.04547239515798e-53,1.23460438474514,0.285,0.127,1.47296605753808e-49,"2","OXNAD1"
1.12163694024199e-53,0.575214376369172,0.833,0.695,1.58027428510694e-49,"2","CD63"
4.18000142976548e-53,2.01314385916225,0.133,0.032,5.88920401439658e-49,"2","ENTPD1"
2.24254630323686e-52,1.61242880779491,0.194,0.068,3.15952348663042e-48,"2","ADGRG3"
5.3195789585976e-52,1.75889779887524,0.173,0.055,7.49475479476816e-48,"2","RAB3GAP1"
8.11830793653421e-52,0.983157592345651,0.458,0.27,1.1437884051783e-47,"2","PTPN22"
1.95842309869852e-51,0.840025634132419,0.567,0.374,2.75922230375634e-47,"2","CKLF"
2.51499980551861e-51,0.583528377350337,0.756,0.595,3.54338322599517e-47,"2","EVL"
9.07970360101063e-51,-4.51883161403554,0.01,0.124,1.27923944034639e-46,"2","CX3CR1"
9.17947881809408e-51,1.33143355347473,0.295,0.141,1.29329677068127e-46,"2","PDE7A"
2.10750901927637e-50,-1.27148303871619,0.31,0.464,2.96926945725848e-46,"2","ARL4C"
2.03953571064991e-49,-3.96670606506004,0.01,0.122,2.87350186273465e-45,"2","PRSS23"
2.77845467030761e-49,1.8966073089799,0.144,0.041,3.91456478499639e-45,"2","CPNE7"
1.04884508757694e-48,1.04029975686923,0.346,0.18,1.47771784388715e-44,"2","IKZF3"
7.38356635851161e-48,0.89203026921904,0.474,0.295,1.0402706642507e-43,"2","SAMSN1"
8.38087735874989e-48,0.596192964956877,0.552,0.341,1.18078181107427e-43,"2","COTL1"
9.61312507114812e-47,1.61394472667206,0.157,0.05,1.35439319127406e-42,"2","CLNK"
1.49872966736144e-46,2.39049174603164,0.118,0.029,2.11156022834554e-42,"2","WIPF3"
1.63850469445077e-46,1.0411276426577,0.368,0.202,2.30848926401169e-42,"2","CLDND1"
4.83885606759104e-46,-1.56265576152918,0.42,0.539,6.81746431362902e-42,"2","DNAJB1"
4.11400837190298e-45,-0.897268665159049,0.432,0.565,5.7962263951741e-41,"2","ITGB2"
2.29946109921117e-44,-0.820648343537641,0.411,0.58,3.23971074267862e-40,"2","CMC1"
2.7067062007274e-44,-0.435850233782732,0.737,0.884,3.81347836620484e-40,"2","HLA-B"
7.40162078011238e-44,0.979190250853204,0.342,0.185,1.04281435171003e-39,"2","CTSA"
1.76782663050957e-43,1.20983882953467,0.255,0.119,2.49069093972493e-39,"2","PCID2"
7.46931153002626e-43,0.848050973979021,0.368,0.205,1.0523513014654e-38,"2","RBPJ"
1.03552029356245e-42,-1.31631990030369,0.16,0.313,1.45894454160014e-38,"2","LYAR"
2.32584871268413e-42,0.893070594064602,0.42,0.256,3.27688825130067e-38,"2","CCND2"
3.21794895275689e-42,1.73667505704269,0.147,0.048,4.53376827953918e-38,"2","TRAT1"
1.07854369315766e-41,1.47232363753107,0.189,0.075,1.51956020928983e-37,"2","BCL2L11"
1.66896539991167e-41,0.628601204236264,0.662,0.508,2.35140535193555e-37,"2","FCER1G"
1.84931986972018e-41,0.471821217776549,0.929,0.866,2.60550676444876e-37,"2","GAPDH"
1.91855674794245e-41,-1.36326956422396,0.27,0.404,2.70305460217611e-37,"2","EFHD2"
2.27008436700042e-41,1.5665809225605,0.159,0.056,3.19832186466689e-37,"2","DAPK2"
3.7318552054483e-41,-1.69787837508045,0.133,0.275,5.25781079895612e-37,"2","PLEK"
1.01531830596329e-40,1.52845322975131,0.169,0.063,1.43048196127168e-36,"2","RCAN3"
1.5341258663441e-39,1.00780201413487,0.297,0.154,2.16142993309221e-35,"2","LGALS3"
1.75637655448156e-39,0.811119634611377,0.349,0.194,2.47455892760907e-35,"2","LAT2"
4.05182074876561e-39,1.32104659401211,0.189,0.077,5.70861025293587e-35,"2","AKAP5"
6.96069137280068e-39,1.01678803867699,0.26,0.128,9.80691807513887e-35,"2","LIMS1"
2.55752357826865e-38,-0.371815737373477,0.671,0.776,3.6032949694227e-34,"2","GZMB"
2.9250940288551e-38,0.643742724592919,0.535,0.36,4.12116497725396e-34,"2","RGCC"
5.53660034928178e-38,-2.2321264692272,0.051,0.165,7.8005162321031e-34,"2","CEP78"
1.88524977812839e-37,0.562629295819623,0.669,0.497,2.65612841240509e-33,"2","CLEC2B"
3.85990747121285e-37,0.634453189259025,0.551,0.38,5.43822363619178e-33,"2","ZNF331"
8.11544980167474e-37,0.947395153963958,0.3,0.162,1.14338572255795e-32,"2","PRMT9"
2.36802263058472e-36,1.1652321724339,0.266,0.14,3.33630708423081e-32,"2","RANBP2"
1.20283700623846e-35,1.27297948556359,0.177,0.074,1.69467705808937e-31,"2","DNPH1"
2.47744568511683e-35,-2.39885028753297,0.037,0.14,3.49047322576111e-31,"2","KLF3"
2.49428047832785e-35,0.74205704277227,0.354,0.207,3.51419176591611e-31,"2","MPG"
2.88131668798628e-35,1.04359621356319,0.264,0.139,4.05948708170387e-31,"2","CD38"
1.10345428124516e-34,0.771325175495038,0.417,0.266,1.55465673684631e-30,"2","G3BP2"
1.6118407717888e-34,0.945440781945405,0.247,0.124,2.27092246337324e-30,"2","TTC39C"
1.95176271944588e-34,0.987553214585343,0.318,0.181,2.7498384954273e-30,"2","SLC16A3"
3.76657196988124e-34,1.05269177129516,0.2,0.09,5.30672324836569e-30,"2","NCF1"
7.27897222454771e-34,1.68224600587624,0.124,0.042,1.02553439671653e-29,"2","GPR82"
7.74032134929498e-34,0.923522200769271,0.27,0.144,1.09053387490217e-29,"2","PHYKPL"
1.03784333649203e-33,0.879814456169395,0.283,0.151,1.46221747678363e-29,"2","PDE4B"
1.29673796890616e-33,-0.507928932288623,0.731,0.788,1.82697412439189e-29,"2","S100A6"
2.67378118841507e-33,1.11141802315159,0.194,0.088,3.767090316358e-29,"2","CD151"
2.84153385088328e-33,0.717029649890843,0.427,0.27,4.00343704250946e-29,"2","ITM2A"
6.69068625878229e-33,0.771818629090214,0.304,0.169,9.42650786999837e-29,"2","CHCHD10"
7.21253396741967e-33,0.445873857057935,0.789,0.678,1.01617391066976e-28,"2","PABPC1"
1.10026387016822e-32,1.11245550505272,0.222,0.11,1.55016176668001e-28,"2","B3GNT7"
1.51474418892345e-32,0.619767512256036,0.609,0.467,2.13412308777425e-28,"2","APOBEC3G"
6.75560443209406e-32,-2.11705446103688,0.027,0.118,9.51797108437732e-28,"2","IGFBP7"
7.56458911162108e-32,1.04960427909802,0.233,0.119,1.06577495993629e-27,"2","ECI2"
9.38830372410024e-32,0.381713924761974,0.885,0.782,1.32271811168848e-27,"2","ZFP36L2"
1.4324086356181e-31,0.346049016312989,0.542,0.369,2.01812052672234e-27,"2","XCL1"
1.84417536292148e-31,0.997728229767006,0.208,0.1,2.59825866882008e-27,"2","TMEM14C"
1.86738230758267e-31,1.2143041767535,0.238,0.126,2.63095493315323e-27,"2","CD160"
9.06284665976198e-31,2.04707224799145,0.101,0.031,1.27686446589387e-26,"2","AFAP1L2"
1.03052272787538e-30,1.25364448379283,0.193,0.091,1.45190347130363e-26,"2","MX1"
1.21765052489845e-30,-0.74102812134162,0.653,0.69,1.71554782452943e-26,"2","PRF1"
2.61080726846555e-30,1.74580896057025,0.107,0.035,3.67836636054111e-26,"2","PLPP1"
2.87699792808694e-30,0.794232880273546,0.262,0.142,4.05340238088169e-26,"2","GPR171"
4.60401498661757e-30,0.597899625290726,0.379,0.232,6.4865967146455e-26,"2","OCIAD2"
1.08685891997783e-29,0.552712835896656,0.436,0.286,1.53127553235676e-25,"2","SKAP1"
2.12105692131466e-29,-0.645101922538942,0.756,0.779,2.98835709644023e-25,"2","HSPA8"
2.34058714941486e-29,0.523789231242227,0.605,0.456,3.2976532348106e-25,"2","CTSD"
2.54634764421406e-29,1.07966503640409,0.176,0.081,3.58754919593319e-25,"2","ATP8B4"
3.38184022712549e-29,1.16771832314049,0.167,0.074,4.7646746959971e-25,"2","ASXL2"
4.26942657290152e-29,-0.815186859598637,0.845,0.866,6.01519509856095e-25,"2","HSP90AA1"
4.44325254271118e-29,1.2710576928421,0.168,0.076,6.26009850742579e-25,"2","GALNT2"
8.69456395835565e-29,0.848024282265673,0.281,0.162,1.22497711609273e-24,"2","PREX1"
1.65401987509405e-28,1.176871576762,0.187,0.091,2.33034860202001e-24,"2","TOX"
2.68594606673429e-28,1.36888571793814,0.12,0.044,3.78422941342194e-24,"2","SUSD3"
2.71632802888352e-28,1.01564114411333,0.208,0.106,3.827034559894e-24,"2","ZBTB16"
3.28616996625547e-28,0.6177182210654,0.411,0.272,4.62988486545734e-24,"2","ARHGAP9"
3.51347484789017e-28,0.369439875980734,0.789,0.678,4.95013471319246e-24,"2","VIM"
4.04189664506652e-28,0.604069519543761,0.372,0.234,5.69462818323422e-24,"2","GLIPR1"
7.06385113388077e-28,1.34695088049296,0.117,0.043,9.95225986252462e-24,"2","NBL1"
7.31945947961729e-28,1.13559260674573,0.172,0.081,1.03123864608328e-23,"2","BCAS4"
1.83163094582754e-27,1.28705382912564,0.138,0.057,2.58058483957642e-23,"2","EPS8L2"
2.29756979529563e-27,0.382959039486408,0.847,0.75,3.23704608459202e-23,"2","CXCR4"
3.06847336433991e-27,1.78722017100241,0.107,0.039,4.3231721230185e-23,"2","ADAM28"
4.0878267148036e-27,1.25732702282706,0.124,0.049,5.75933905848679e-23,"2","STRBP"
4.88637193076886e-27,-1.9279200806104,0.051,0.141,6.88440941326025e-23,"2","KLRG1"
6.1286981237558e-27,1.0940480378271,0.159,0.072,8.63472278655955e-23,"2","ARHGAP18"
6.27629329050394e-27,-0.401818003392584,0.832,0.831,8.84266961699101e-23,"2","CALM1"
1.11291015506283e-26,0.652169597330237,0.28,0.161,1.56797911746803e-22,"2","TYMP"
1.68577172299943e-26,1.47387021754695,0.127,0.052,2.3750837805339e-22,"2","IRF4"
1.75310188713719e-26,0.969703130972575,0.213,0.112,2.46994524878759e-22,"2","SLC7A5"
2.20023858936844e-26,0.951996911444179,0.22,0.118,3.0999161485612e-22,"2","NEDD9"
2.30682114017276e-26,0.875818009734842,0.233,0.128,3.2500803043894e-22,"2","MAP4"
2.39600004467097e-26,0.434455823463717,0.644,0.496,3.37572446293692e-22,"2","STK17A"
2.78983400265036e-26,0.524788773531188,0.529,0.388,3.93059712633409e-22,"2","BST2"
3.55456737604504e-26,-0.294069898487571,0.958,0.962,5.00802997610986e-22,"2","EIF1"
4.38636451086502e-26,0.586832284223526,0.476,0.335,6.17994895935772e-22,"2","LEPROTL1"
4.90248814232937e-26,-0.553311902027348,0.349,0.49,6.90711554372785e-22,"2","HLA-DPB1"
5.08069058072239e-26,-0.582094869033514,0.7,0.744,7.15818495917977e-22,"2","IER2"
6.36815577277044e-26,0.591164574837522,0.456,0.318,8.97209466825627e-22,"2","PDCD4"
1.03446342715693e-25,0.992666783940795,0.186,0.093,1.4574555225214e-21,"2","RGS16"
1.0432981136412e-25,-0.445009419008649,0.91,0.905,1.46990271230909e-21,"2","UBB"
1.68400158192691e-25,1.16606778924702,0.175,0.086,2.37258982877682e-21,"2","FAM118A"
2.26792122075455e-25,-1.46378345912164,0.253,0.356,3.19527420792109e-21,"2","HSPA1B"
2.48416539422942e-25,-1.00269002637494,0.155,0.27,3.49994062392984e-21,"2","AHNAK"
2.60123010814006e-25,0.668091840131062,0.31,0.189,3.66487309935854e-21,"2","EML4"
3.08657407222824e-25,0.726544048013272,0.22,0.116,4.34867421036236e-21,"2","ID3"
4.21381888062811e-25,0.553098476618938,0.395,0.256,5.93684942091695e-21,"2","PLP2"
6.19542227840202e-25,-1.50313257702507,0.075,0.169,8.72873044804061e-21,"2","TOB1"
9.35435699494622e-25,0.965036024682959,0.128,0.053,1.31793535701797e-20,"2","KLHL6"
1.01632020379535e-24,1.11126990263409,0.128,0.054,1.43189353512727e-20,"2","SEL1L3"
1.21676397207803e-24,0.46389320605194,0.704,0.576,1.71429876026074e-20,"2","GSTP1"
1.46177060215369e-24,0.501932438491957,0.553,0.411,2.05948860137433e-20,"2","MATK"
1.7932077205057e-24,1.62579090561678,0.106,0.04,2.52645035742048e-20,"2","SERPINE2"
1.81605931273981e-24,1.61421679053921,0.105,0.04,2.55864596571912e-20,"2","SIRPG"
3.08187077272844e-24,0.86957048587359,0.169,0.082,4.3420477316971e-20,"2","RGL4"
3.3208133544556e-24,0.755690033897263,0.279,0.169,4.67869393509249e-20,"2","GSPT1"
3.55732168790254e-24,0.675187925550144,0.355,0.234,5.01191052608589e-20,"2","UBE2L6"
4.51362430573383e-24,0.87161945157453,0.234,0.133,6.35924528434839e-20,"2","EPSTI1"
4.98045443771134e-24,1.0517061444754,0.158,0.075,7.01696225729151e-20,"2","KDM5B"
5.04797921434239e-24,-0.776905146172835,0.379,0.475,7.112097915087e-20,"2","RAP1B"
6.53310403776532e-24,0.584795291233402,0.514,0.381,9.20449027880755e-20,"2","PIK3R1"
8.06600140087069e-24,0.84147651651045,0.226,0.127,1.13641893736867e-19,"2","FASLG"
8.30612751018081e-24,0.942751367101953,0.174,0.087,1.17025030490937e-19,"2","PFKFB3"
8.382129789818e-24,0.462800277467973,0.467,0.328,1.18095826608746e-19,"2","SP100"
1.29661640003468e-23,0.901116737750468,0.228,0.13,1.82680284600886e-19,"2","FAM3C"
1.53745881006835e-23,0.182608565949016,0.984,0.976,2.16612571750529e-19,"2","TPT1"
1.91522536236895e-23,0.929511706561375,0.178,0.091,2.69836101304162e-19,"2","PLEKHO1"
2.5677395727181e-23,0.927290333892056,0.191,0.101,3.61768828400254e-19,"2","ABCB1"
3.65966734049479e-23,0.978060621321251,0.168,0.084,5.15610531602311e-19,"2","CDK6"
5.78887536170198e-23,0.685087845471434,0.381,0.266,8.15594649710192e-19,"2","ALDOA"
6.81215646122702e-23,0.400105612974861,0.619,0.472,9.59764723822275e-19,"2","HMGN1"
1.02672909204441e-22,0.766982740307904,0.233,0.132,1.44655861778137e-18,"2","CAPN12"
1.71312347534124e-22,0.647459303880376,0.289,0.179,2.41361966440828e-18,"2","SLA2"
1.92235182199323e-22,0.803702400835138,0.229,0.132,2.70840148200626e-18,"2","PPP1R14B"
2.38211000383326e-22,-2.03265698662546,0.031,0.101,3.35615478440068e-18,"2","TGFBR3"
2.51003648649708e-22,0.565998400394598,0.275,0.166,3.53639040582574e-18,"2","ETFB"
2.51914413305842e-22,1.07950145946116,0.134,0.061,3.54922216906601e-18,"2","SUPT3H"
5.37826295227744e-22,0.453113297061753,0.44,0.306,7.57743467346369e-18,"2","TSTD1"
8.41140716511065e-22,-0.857830350976662,0.295,0.39,1.18508315549244e-17,"2","CD47"
1.01409871674066e-21,0.640715370400146,0.298,0.19,1.42876368201591e-17,"2","SEMA4D"
1.12116115057227e-21,0.40260442015581,0.574,0.436,1.57960394504127e-17,"2","TSPO"
1.7216835758751e-21,0.780592621984628,0.271,0.169,2.42567999005043e-17,"2","ZBTB1"
2.61572054804312e-21,0.794614236559368,0.189,0.102,3.68528868013795e-17,"2","DENND1B"
2.96466361307798e-21,-0.00632811240234155,0.787,0.938,4.17691456446556e-17,"2","GNLY"
5.38140826941706e-21,-0.717711814743504,0.403,0.488,7.58186611078169e-17,"2","PPP2R5C"
5.628163286584e-21,0.419864747922226,0.594,0.459,7.92951925446819e-17,"2","ACAP1"
1.02207554084618e-20,-1.71230390311359,0.04,0.111,1.44000222949818e-16,"2","PXN"
1.15334395785073e-20,-1.37285126191385,0.391,0.467,1.6249463022159e-16,"2","HSPA1A"
1.39133728074886e-20,1.36700535286193,0.104,0.043,1.96025509484707e-16,"2","FUCA1"
1.71333891214346e-20,0.524902664545545,0.381,0.263,2.41392319331892e-16,"2","NAP1L4"
2.02551240368831e-20,0.919396802467439,0.142,0.069,2.85374442555645e-16,"2","DZIP3"
2.34624750456163e-20,0.766143593544823,0.234,0.14,3.30562810917689e-16,"2","IRF2BP2"
3.65418737792913e-20,1.19970403588737,0.141,0.07,5.14838459676436e-16,"2","SFMBT2"
3.79121833196445e-20,0.673423727095541,0.803,0.753,5.34144750790471e-16,"2","GZMA"
4.15611291655511e-20,-1.27572985458029,0.088,0.174,5.85554748813449e-16,"2","SORL1"
4.84155106184132e-20,0.520423172992879,0.372,0.252,6.82126129102824e-16,"2","GABARAPL1"
1.24262129195316e-19,0.472999696907036,0.34,0.227,1.75072913823281e-15,"2","RHOH"
1.7734667672764e-19,1.1275435918701,0.107,0.046,2.49863732841573e-15,"2","ABCG1"
1.89374015924417e-19,0.414587883567538,0.56,0.435,2.66809051035911e-15,"2","PGK1"
1.96545376437914e-19,0.834521454433018,0.165,0.087,2.76912780863377e-15,"2","NUDT14"
2.18601609713656e-19,0.380041996399827,0.503,0.365,3.0798780792557e-15,"2","GYPC"
2.54580395799071e-19,0.73244619304847,0.214,0.127,3.58678319641311e-15,"2","CXXC5"
4.36825172977196e-19,-1.46893834351604,0.078,0.157,6.15442986207572e-15,"2","SH3BP5"
7.12709145874756e-19,-1.38362263715105,0.056,0.129,1.00413591562294e-14,"2","ADRB2"
7.20563273545003e-19,-0.306706563860909,0.821,0.841,1.01520159609755e-14,"2","KLRD1"
8.10402424293768e-19,0.55036523594045,0.354,0.246,1.14177597558749e-14,"2","DOCK8"
1.0279827380168e-18,0.395948823562621,0.645,0.54,1.44832487959187e-14,"2","PPDPF"
1.6323009172029e-18,-0.862031766168488,0.47,0.53,2.29974876224717e-14,"2","GADD45B"
1.7781308977086e-18,0.455120678739436,0.456,0.333,2.50520862178165e-14,"2","COX5A"
1.9178403813313e-18,0.851663377459284,0.173,0.096,2.70204531325767e-14,"2","MDFIC"
2.5137570361103e-18,0.408543682598543,0.446,0.323,3.54163228817581e-14,"2","CALM3"
2.53235482568378e-18,0.888937093333052,0.138,0.07,3.56783471390588e-14,"2","P2RY10"
2.76101158257177e-18,0.766653182152998,0.151,0.078,3.88998921868537e-14,"2","SPRY2"
2.91350360070171e-18,0.583384100520218,0.267,0.17,4.10483522302864e-14,"2","CCDC69"
3.01938414563104e-18,0.44708301846881,0.317,0.211,4.25401032277958e-14,"2","METTL9"
3.97515228172744e-18,1.06281939995244,0.113,0.052,5.60059204972579e-14,"2","HIP1"
5.22643119890097e-18,0.750232856714944,0.305,0.207,7.36351891613158e-14,"2","CEBPD"
8.8190650068835e-18,0.560155590006453,0.172,0.095,1.24251806881982e-13,"2","LINC00996"
9.42499115048295e-18,0.4047666169851,0.536,0.409,1.32788700319154e-13,"2","IFI16"
1.24547760986176e-17,0.394236818536156,0.478,0.359,1.75475340453423e-13,"2","DDX17"
1.24763966087292e-17,0.843385801306843,0.241,0.154,1.75779951820386e-13,"2","ANKRD28"
1.5874157517069e-17,0.353093173906537,0.532,0.407,2.23651005257986e-13,"2","STK17B"
1.63332041084404e-17,0.539010560539426,0.308,0.209,2.30118512683817e-13,"2","CBLB"
2.48517910659047e-17,0.326252334671548,0.63,0.508,3.50136884327532e-13,"2","LCP1"
2.9888110707367e-17,0.843483002875629,0.301,0.205,4.21093591756093e-13,"2","IFI6"
3.43807765557058e-17,0.414610190414608,0.614,0.506,4.84390760893339e-13,"2","LY6E"
4.64356973037237e-17,0.835993515001167,0.195,0.116,6.54232539312163e-13,"2","BCL2"
4.85069840011007e-17,-0.55927597110212,0.367,0.458,6.83414897591507e-13,"2","GZMM"
5.46271223143583e-17,0.915199824586467,0.157,0.087,7.69641526286994e-13,"2","TSPAN5"
5.49995830189804e-17,0.608525939119832,0.214,0.129,7.74889125154415e-13,"2","SCML4"
6.83560568271598e-17,0.426195401644953,0.402,0.288,9.63068484637855e-13,"2","FKBP1A"
6.99190211354711e-17,0.678805491476508,0.197,0.118,9.85089088777653e-13,"2","TBL1XR1"
9.80614075116713e-17,-0.376714879372372,0.878,0.857,1.38158717043194e-12,"2","FTL"
1.28984921761982e-16,0.340202832917288,0.696,0.576,1.81726856270457e-12,"2","SARAF"
1.63690389797872e-16,-0.633051851971802,0.55,0.599,2.30623390186222e-12,"2","SAT1"
1.6486977484855e-16,0.742607268066484,0.185,0.109,2.32285025784122e-12,"2","DHRS3"
1.75613714816795e-16,0.502418888111605,0.3,0.203,2.47422162805383e-12,"2","LCP2"
1.81637383861601e-16,0.660001301505592,0.194,0.116,2.55908910122609e-12,"2","PARVG"
1.90247996661943e-16,0.544493474958346,0.201,0.12,2.68040402497012e-12,"2","TRAF5"
1.92758880373008e-16,0.445416334305868,0.346,0.239,2.71577986557531e-12,"2","VDAC1"
1.93794560891647e-16,0.49420451664803,0.256,0.164,2.73037156840241e-12,"2","PARP1"
2.06743563870308e-16,-0.436424800256879,0.529,0.596,2.91281007136878e-12,"2","LITAF"
2.15646388346664e-16,0.508477889168267,0.265,0.173,3.03824196541615e-12,"2","SURF4"
2.34571550663116e-16,0.475971081845857,0.336,0.234,3.30487857729264e-12,"2","SLFN5"
2.61192510443769e-16,-1.16878516073515,0.131,0.209,3.67994127964227e-12,"2","ADGRG1"
3.33774633723574e-16,0.828062052279322,0.146,0.079,4.70255081453143e-12,"2","IFI44L"
3.37206779623656e-16,0.861580458220683,0.131,0.068,4.75090631811768e-12,"2","CCDC50"
3.37404196642493e-16,-1.10388890431136,0.095,0.171,4.75368772649609e-12,"2","FCRL6"
3.54934034931082e-16,-1.17528646862239,0.198,0.282,5.00066561814402e-12,"2","LMNA"
3.84095311598415e-16,0.880023286447908,0.1,0.046,5.41151884511007e-12,"2","MAGEH1"
4.1097254170101e-16,0.339693697010209,0.543,0.423,5.79019214002553e-12,"2","ELF1"
4.15709186481815e-16,-1.41278245813372,0.042,0.103,5.85692672834229e-12,"2","TNF"
4.5474802421245e-16,-1.40955334748126,0.083,0.154,6.40694491312921e-12,"2","ICAM2"
4.77052502015356e-16,0.272194676063044,0.799,0.694,6.72119270089435e-12,"2","CORO1A"
5.10425584409902e-16,0.408449912673637,0.299,0.2,7.19138605875111e-12,"2","TMEM14B"
5.69565045283746e-16,0.63874847175361,0.238,0.154,8.0246019230027e-12,"2","HELZ"
5.8127518429402e-16,0.911867034546785,0.119,0.06,8.18958607151845e-12,"2","CTDP1"
6.0963610493585e-16,0.536644665254779,0.308,0.213,8.5891630824412e-12,"2","COMMD7"
6.30091366707641e-16,0.614435268261102,0.226,0.142,8.87735726554395e-12,"2","SAMD9L"
6.72423161968349e-16,0.566690839326956,0.373,0.27,9.47376992897206e-12,"2","FOSL2"
6.74537938394838e-16,0.587525181763089,0.235,0.151,9.50356501404487e-12,"2","NSMCE1"
7.08685189614927e-16,-0.877425322684174,0.195,0.284,9.98466563648471e-12,"2","CCL4L2"
7.33555952543945e-16,-1.78623969070861,0.057,0.12,1.03350698153916e-11,"2","GTF3C1"
7.4624932615038e-16,0.901456256901753,0.119,0.061,1.05139067561327e-11,"2","LGALS9"
8.11731990075368e-16,-0.673633040444597,0.291,0.373,1.14364920081719e-11,"2","HLA-F"
8.75027128043719e-16,0.567547086075163,0.421,0.316,1.2328257207008e-11,"2","FAM177A1"
9.85726870691631e-16,0.793744518566543,0.177,0.104,1.38879058811744e-11,"2","ATXN1"
1.00373921261354e-15,0.67133915590084,0.247,0.162,1.41416817665122e-11,"2","PTP4A1"
1.0076116963461e-15,0.195611512186353,0.636,0.499,1.41962411898203e-11,"2","XCL2"
1.00940991248449e-15,0.910390367776723,0.102,0.048,1.4221576256994e-11,"2","AP1S1"
1.0627570792891e-15,0.572421242660103,0.218,0.137,1.49731844901042e-11,"2","CHST11"
1.23276255437406e-15,-0.414940637809475,0.44,0.533,1.73683916285761e-11,"2","CD99"
1.76288508623891e-15,0.710070620971032,0.155,0.087,2.483728798002e-11,"2","N4BP1"
1.93431334307762e-15,-1.1820341513516,0.091,0.163,2.72525406906206e-11,"2","PRKCB"
2.04654470377179e-15,-0.161482657902979,0.987,0.98,2.88337683314407e-11,"2","HLA-C"
2.34864764048398e-15,0.342704970446572,0.404,0.292,3.30900966067789e-11,"2","SRI"
3.0792355484056e-15,-0.667030212924643,0.346,0.42,4.33833496414865e-11,"2","XBP1"
3.52029623482056e-15,-1.273801687597,0.129,0.202,4.95974536523868e-11,"2","RHOB"
3.60713406674652e-15,0.422196968299056,0.409,0.3,5.08209118663918e-11,"2","VAPA"
3.73116467982033e-15,0.732624169552516,0.144,0.08,5.25683791739887e-11,"2","POLR3K"
4.46798252133066e-15,0.417189005730585,0.315,0.219,6.29494057430277e-11,"2","RAB27A"
6.25341279423716e-15,0.969393038804269,0.143,0.081,8.81043328580074e-11,"2","PPP1R16B"
6.31981770758319e-15,0.699982498549987,0.192,0.118,8.90399116821396e-11,"2","AGO2"
6.74740516898927e-15,-0.886563496133215,0.263,0.336,9.50641914258899e-11,"2","DSTN"
8.93043486761839e-15,0.692640756277062,0.214,0.137,1.25820896849876e-10,"2","STAT1"
9.10567076369826e-15,0.401782013661581,0.317,0.22,1.28289795389745e-10,"2","GADD45GIP1"
9.11193955496918e-15,0.549698809686318,0.244,0.161,1.28378116389961e-10,"2","RAB11FIP1"
9.20163764005268e-15,0.396705000125599,0.511,0.404,1.29641872710702e-10,"2","YPEL5"
1.13308905151703e-14,-1.22265956793919,0.082,0.149,1.59640916468235e-10,"2","LPCAT1"
1.2201057537411e-14,0.514332418123199,0.242,0.159,1.71900699644583e-10,"2","ECHS1"
1.26427747131563e-14,0.740504694660332,0.175,0.106,1.7812405293366e-10,"2","AUTS2"
1.52077655032075e-14,-1.00425315424597,0.565,0.593,2.14262208174691e-10,"2","JUN"
1.5294990906609e-14,-0.260537358758366,0.891,0.891,2.15491126883214e-10,"2","HLA-E"
1.54883432543416e-14,0.363293867708072,0.242,0.156,2.18215268110418e-10,"2","GATA3"
1.5812386734183e-14,0.547690542365377,0.238,0.157,2.22780716697905e-10,"2","PLEKHA2"
1.62419857170976e-14,-0.771299071090899,0.581,0.612,2.28833336768188e-10,"2","DNAJA1"
1.63776939195563e-14,-0.397380177364141,0.619,0.654,2.30745329632628e-10,"2","S100A10"
1.67625043186067e-14,0.898056208366298,0.114,0.058,2.36166923344849e-10,"2","ABHD15"
1.79962074902483e-14,0.297309707312727,0.549,0.432,2.53548567330108e-10,"2","DRAP1"
1.93666248110278e-14,0.453318005831716,0.266,0.179,2.7285637696257e-10,"2","RGS10"
2.2425323913505e-14,0.310822096179781,0.724,0.635,3.15950388617373e-10,"2","HOPX"
2.27217046430509e-14,0.744507338668909,0.134,0.074,3.20126096715945e-10,"2","TMEM156"
2.55534438928999e-14,0.389773945932546,0.396,0.291,3.60022471007067e-10,"2","UBXN4"
2.92231471855099e-14,0.980234492388025,0.142,0.081,4.11724920696649e-10,"2","PDE3B"
2.96461048776302e-14,0.481460567068698,0.221,0.142,4.17683971620931e-10,"2","LPXN"
2.97504656393892e-14,0.809427097002482,0.106,0.053,4.19154310393355e-10,"2","CLN3"
3.88160873839176e-14,-0.89119859887256,0.144,0.22,5.46879855152015e-10,"2","CD300A"
4.37768235952951e-14,0.717105349895203,0.192,0.121,6.16771667634113e-10,"2","MPST"
4.52298274325765e-14,0.948387395618538,0.1,0.049,6.3724303869757e-10,"2","GEM"
4.64120813742451e-14,0.908341446770637,0.131,0.072,6.53899814481739e-10,"2","SKI"
5.18176661607522e-14,0.682021976499694,0.17,0.103,7.30059098538838e-10,"2","OTULIN"
5.20297362240936e-14,0.370781597039618,0.413,0.304,7.33046953661254e-10,"2","PKM"
5.33324904040894e-14,0.536866569481581,0.199,0.124,7.51401457303215e-10,"2","CXCR3"
5.49203352744623e-14,0.532482709368864,0.182,0.111,7.73772603681899e-10,"2","GCHFR"
5.8874171782435e-14,0.757230290665806,0.193,0.122,8.29478206242726e-10,"2","HERC1"
6.29580248523456e-14,0.426022287439556,0.405,0.304,8.87015612144697e-10,"2","ECH1"
6.75140159224457e-14,0.708798156604741,0.16,0.095,9.51204970331338e-10,"2","MSI2"
7.972340657954e-14,0.642104414901971,0.157,0.093,1.12322307529914e-09,"2","ABLIM1"
8.08416139909324e-14,0.959488629185721,0.108,0.055,1.13897749951825e-09,"2","FAM102A"
9.41481330936665e-14,-1.45209479693017,0.065,0.125,1.32645304715667e-09,"2","BPGM"
1.25219363433212e-13,0.336744641054155,0.485,0.38,1.76421561141052e-09,"2","GNAS"
1.28619016780237e-13,-1.22857279098299,0.077,0.139,1.81211332741677e-09,"2","LINC00861"
1.30253965915016e-13,0.677696092887934,0.17,0.104,1.83514812577666e-09,"2","ATP8A1"
1.40234634257201e-13,0.409348727713607,0.366,0.27,1.9757657620497e-09,"2","GLIPR2"
1.69194452487351e-13,-0.889338963369745,0.222,0.294,2.38378064109428e-09,"2","TPST2"
1.7007774540642e-13,0.441577485964739,0.25,0.168,2.39622535503105e-09,"2","ADD1"
1.79881650607868e-13,-1.23459101053577,0.06,0.119,2.53435257541425e-09,"2","F2R"
1.93248413324457e-13,0.380230740677014,0.331,0.237,2.72267689532827e-09,"2","GNPTAB"
2.17818202849191e-13,-0.479179469738844,0.556,0.593,3.06884065994225e-09,"2","FXYD5"
2.43521203532036e-13,0.354799530786066,0.567,0.463,3.43097023656285e-09,"2","TNFAIP3"
2.43660417076828e-13,0.937343195028174,0.116,0.063,3.43293161619542e-09,"2","SCCPDH"
2.51260669794489e-13,0.572769651430327,0.233,0.156,3.54001157673456e-09,"2","LPIN1"
2.56059362108675e-13,0.866590064468321,0.108,0.056,3.60762035274913e-09,"2","CHPT1"
2.72273392710694e-13,0.652777332960944,0.136,0.077,3.83605982990097e-09,"2","RNF130"
2.79315460739602e-13,0.447671195276543,0.375,0.28,3.93527552636026e-09,"2","CNOT6L"
2.79450467545084e-13,-0.284340691060346,0.399,0.47,3.93717763724269e-09,"2","IFITM1"
3.05113321674883e-13,0.492196944313569,0.207,0.132,4.29874158907742e-09,"2","GYG1"
3.13523283653011e-13,0.470869476328718,0.215,0.139,4.41722954338727e-09,"2","TTC1"
3.2342600706888e-13,0.726447170185385,0.152,0.091,4.55674901359346e-09,"2","SNX10"
3.32681131151077e-13,0.867278268055883,0.114,0.061,4.68714445678752e-09,"2","SIPA1L1"
3.70519559119945e-13,0.435257275765288,0.361,0.265,5.2202500684409e-09,"2","MYH9"
3.74856489062763e-13,0.808031342860762,0.107,0.056,5.28135307440527e-09,"2","DNMT3A"
3.85305518780742e-13,0.852520948674718,0.104,0.054,5.42856945410187e-09,"2","SSH1"
4.44667878152952e-13,0.604693984590843,0.139,0.08,6.26492573529695e-09,"2","HDLBP"
4.50178253358353e-13,0.409537773134269,0.324,0.231,6.34256141156584e-09,"2","ROMO1"
4.94521213675098e-13,0.3838834164631,0.235,0.154,6.96730937946845e-09,"2","PMF1"
6.08993513079844e-13,-0.254763509480781,0.874,0.872,8.58010960578192e-09,"2","DDX5"
6.70536138195226e-13,0.296660637583915,0.563,0.452,9.44718365103253e-09,"2","SERBP1"
7.21063741588275e-13,0.635282283517876,0.198,0.13,1.01590670552372e-08,"2","EIF2AK2"
7.64652989191502e-13,-1.2255691386574,0.072,0.131,1.07731959647191e-08,"2","RASGRP2"
7.89850167575841e-13,0.654978380564009,0.223,0.15,1.1128199010976e-08,"2","TIPARP"
8.12155448488454e-13,0.58745964739238,0.167,0.102,1.14424581137538e-08,"2","PDE4A"
1.02932804648596e-12,0.418223841058464,0.383,0.287,1.45022028469406e-08,"2","STAT3"
1.04765125632933e-12,0.535712833828612,0.177,0.112,1.4760358550424e-08,"2","COA4"
1.08157122463518e-12,0.665410018803931,0.159,0.097,1.5238256983885e-08,"2","PRKD3"
1.08274933846032e-12,0.582893697022061,0.201,0.13,1.52548554295675e-08,"2","NAMPT"
1.52295690882456e-12,0.318198270826926,0.426,0.324,2.14569398884292e-08,"2","PRDX6"
1.53776770814574e-12,0.39380602117945,0.271,0.19,2.16656092400653e-08,"2","TMX4"
1.75311517787221e-12,0.814451197402496,0.119,0.066,2.46996397410415e-08,"2","CTSZ"
1.98375094685751e-12,0.42973979982453,0.242,0.164,2.79490670902755e-08,"2","CARD19"
2.15118925206922e-12,0.728547081690985,0.129,0.074,3.03081053724033e-08,"2","ZFYVE28"
2.15254096289163e-12,0.558311679780747,0.128,0.072,3.03271496261802e-08,"2","A1BG"
2.30552006959716e-12,-1.30092217321124,0.109,0.172,3.24824722605544e-08,"2","ZFAND2A"
2.31099325966246e-12,0.53009919881092,0.199,0.13,3.25595840353844e-08,"2","ERGIC1"
2.52063350123846e-12,0.529605221253577,0.206,0.135,3.55132053989486e-08,"2","IFI35"
2.60122363060434e-12,0.233586147119243,0.498,0.384,3.66486397315846e-08,"2","GPX4"
2.68396995565864e-12,0.602226898437423,0.218,0.148,3.78144527052746e-08,"2","SEC14L1"
2.85380771790363e-12,0.39938908236619,0.293,0.208,4.02072969375442e-08,"2","PSMD13"
3.03854278752896e-12,0.359278566706741,0.562,0.469,4.28100293334955e-08,"2","REL"
3.43319142728793e-12,0.504929317082568,0.3,0.22,4.83702340190596e-08,"2","STAT4"
3.47874684658048e-12,0.433651588534867,0.203,0.132,4.90120643214723e-08,"2","PTMS"
4.37297310349266e-12,0.501365404588851,0.182,0.116,6.16108180551081e-08,"2","GPI"
4.845264382235e-12,0.521677761350825,0.189,0.122,6.8264929881309e-08,"2","TM9SF3"
5.43500891007628e-12,0.278975224239229,0.567,0.458,7.65738405340647e-08,"2","PARK7"
5.57767866959451e-12,0.462356550612042,0.201,0.132,7.8583914775917e-08,"2","ATXN10"
5.9146729092952e-12,0.33646210783071,0.31,0.223,8.333182661906e-08,"2","YWHAE"
6.77384524862834e-12,0.295980346792049,0.483,0.376,9.54367057079247e-08,"2","WIPF1"
7.9750372382993e-12,0.258439119660161,0.552,0.445,1.12360299650399e-07,"2","NDUFS5"
8.54770383160156e-12,0.7129094152042,0.128,0.075,1.20428599283434e-07,"2","EIF4EBP1"
8.63121221224329e-12,-0.366274761147036,0.41,0.495,1.21605148858296e-07,"2","PSMB9"
9.07655203033419e-12,0.34775283524953,0.268,0.188,1.27879541555378e-07,"2","VCP"
9.63683393937576e-12,0.290502301033573,0.402,0.304,1.35773353371865e-07,"2","NCOR1"
1.05219268171489e-11,-0.750015474365619,0.507,0.54,1.48243426926811e-07,"2","HSPE1"
1.09790232338679e-11,-0.728245762850005,0.281,0.344,1.54683458341964e-07,"2","UCP2"
1.32475825923616e-11,-0.950212658063528,0.116,0.179,1.86645191143782e-07,"2","MGAT4A"
1.41435612773791e-11,0.326077465708476,0.444,0.344,1.99268634836994e-07,"2","SYTL3"
1.45429951844863e-11,0.233603607891531,0.389,0.291,2.04896259154228e-07,"2","DYNLRB1"
1.47750858146833e-11,0.579533892250801,0.168,0.107,2.08166184043073e-07,"2","GPRIN3"
1.70510270008583e-11,0.25989607298979,0.482,0.374,2.40231919415092e-07,"2","SF3B5"
1.84102155641798e-11,-2.4142248325514,0.076,0.129,2.59381527083729e-07,"2","HSPA6"
1.85074220736997e-11,-0.740721436488347,0.278,0.34,2.60751069596354e-07,"2","FLNA"
1.85619362141638e-11,0.334387242137818,0.341,0.254,2.61519119321354e-07,"2","RNF7"
1.86809153428204e-11,0.457719957809153,0.205,0.137,2.63195416264996e-07,"2","DCTN6"
2.04579556827253e-11,0.448767371135332,0.326,0.246,2.88232137613917e-07,"2","MAPK1"
2.18873932972652e-11,-0.917668089480115,0.15,0.214,3.0837148416517e-07,"2","ADD3"
2.19920671413845e-11,0.665956938537088,0.128,0.075,3.09846233954966e-07,"2","TFDP1"
2.40675562535937e-11,-1.31118813448102,0.129,0.189,3.39087800056882e-07,"2","EGR1"
2.52367662528058e-11,0.621598367082352,0.118,0.067,3.55560799735781e-07,"2","FAM126A"
2.56655316941963e-11,0.232538978229048,0.521,0.415,3.61601676039532e-07,"2","PSMB1"
2.69581024783571e-11,0.326279435617634,0.282,0.202,3.79812705817573e-07,"2","ADAR"
2.92382067311995e-11,0.0399052834750178,0.821,0.707,4.1193709463587e-07,"2","CD69"
2.97837125687952e-11,0.796139532641776,0.109,0.061,4.19622726381755e-07,"2","IFI44"
3.18213455795576e-11,0.541697127318379,0.162,0.102,4.48330937870387e-07,"2","NINJ1"
3.2797930835897e-11,0.31221223481184,0.337,0.249,4.62090047546952e-07,"2","RTF1"
3.4793374079761e-11,0.442051913383847,0.289,0.213,4.90203847409752e-07,"2","PCM1"
3.49035109406057e-11,0.480197814524381,0.215,0.147,4.91755565642194e-07,"2","TNFSF10"
3.60349908166614e-11,0.499957997667313,0.188,0.125,5.07696985615942e-07,"2","ZNF638"
3.6868429691162e-11,0.412108300094368,0.214,0.144,5.19439305918782e-07,"2","MAGED2"
3.78256709900171e-11,0.307292424675458,0.575,0.473,5.32925878578352e-07,"2","PSME2"
4.52406054766176e-11,0.412639216490918,0.288,0.209,6.37394890560066e-07,"2","HAVCR2"
5.23297154962076e-11,0.367590153187002,0.383,0.296,7.3727336162607e-07,"2","TXK"
5.42868282347155e-11,-1.15668083737995,0.102,0.16,7.64847122998907e-07,"2","TTC38"
5.48444958791386e-11,0.273506038263501,0.442,0.344,7.72704102441183e-07,"2","SOCS1"
5.48567029145899e-11,-0.634595478292663,0.581,0.601,7.72876087363657e-07,"2","SAP18"
6.46236741581454e-11,0.729962741827356,0.188,0.126,9.1048294521411e-07,"2","PDE4D"
6.64514064809295e-11,0.553216229573663,0.217,0.151,9.36233865909816e-07,"2","GTF2I"
7.92542451167307e-11,0.581861240809684,0.188,0.126,1.11661305944962e-06,"2","RASGEF1B"
8.77146497886808e-11,0.400496953798098,0.375,0.295,1.23581170087272e-06,"2","CD81"
9.63709991774657e-11,0.34339957877154,0.392,0.302,1.35777100741131e-06,"2","TLN1"
9.92727933870739e-11,-0.544138215235235,0.262,0.336,1.39865438603048e-06,"2","GPSM3"
1.09045482752962e-10,0.353354537067635,0.295,0.215,1.53634180650648e-06,"2","HNRNPAB"
1.10776656824448e-10,0.537720714066127,0.181,0.12,1.56073231799964e-06,"2","HPRT1"
1.11821425999688e-10,0.485601821426006,0.231,0.164,1.5754520709096e-06,"2","GBP5"
1.15314358943264e-10,0.369348809225638,0.248,0.176,1.62466400315164e-06,"2","AP3S1"
1.42359067437369e-10,0.368997279324045,0.25,0.178,2.00569690112509e-06,"2","DEF6"
1.42764953506345e-10,0.394765267046337,0.258,0.186,2.0114154299509e-06,"2","CTNNB1"
1.46239814538364e-10,0.195019107444976,0.494,0.39,2.06037274703102e-06,"2","SEC11A"
1.47711572547655e-10,0.597969269756928,0.16,0.103,2.08110834562391e-06,"2","MYO9B"
1.73552379585947e-10,0.397739078878604,0.237,0.166,2.4451794759864e-06,"2","ANXA7"
1.92344555669113e-10,0.250794230226793,0.469,0.372,2.70994244482214e-06,"2","EZR"
2.06982840352363e-10,0.11179410992017,0.97,0.932,2.91618123772444e-06,"2","SRGN"
2.08399335891738e-10,0.301209033854288,0.22,0.15,2.9361382433787e-06,"2","RIN3"
2.08768100303038e-10,0.348559794678644,0.255,0.181,2.9413337651695e-06,"2","SMARCA5"
2.1000657485786e-10,0.532516277704342,0.202,0.138,2.95878263317238e-06,"2","CMIP"
2.31530392560915e-10,-1.13505676379228,0.269,0.328,3.26203170079073e-06,"2","IFNG"
2.33989461264643e-10,0.590967385039629,0.161,0.105,3.29667751975756e-06,"2","BEX4"
2.3928737243475e-10,0.531408412113344,0.302,0.229,3.3713197902332e-06,"2","IVNS1ABP"
2.47711254223327e-10,0.286255355027798,0.562,0.477,3.49000386075245e-06,"2","CD44"
2.49031022678243e-10,0.484150256520124,0.245,0.177,3.50859807851377e-06,"2","RASA2"
2.55994632636464e-10,0.627040649072784,0.163,0.107,3.60670837921514e-06,"2","FBXO34"
2.57862652352716e-10,0.660489483954521,0.127,0.077,3.63302690899741e-06,"2","TCTN3"
2.58776594394239e-10,-0.949070797862188,0.132,0.191,3.64590343842044e-06,"2","CYTH1"
2.59454900581716e-10,0.366226032334064,0.293,0.217,3.65546009429579e-06,"2","STARD3NL"
2.68439094726699e-10,0.219899183387001,0.445,0.344,3.78203840560447e-06,"2","CSTB"
2.70978065735983e-10,0.431839058586317,0.155,0.099,3.81780996815427e-06,"2","NELFCD"
2.77307963542053e-10,0.443247596364719,0.294,0.22,3.90699189834398e-06,"2","RNF125"
2.87187824214213e-10,0.574007177330863,0.152,0.098,4.04618925535405e-06,"2","RIF1"
3.0021985799605e-10,0.350528707458444,0.209,0.142,4.22979757930635e-06,"2","ZYX"
3.05111416952487e-10,0.469746311834288,0.257,0.187,4.29871475344359e-06,"2","PITPNC1"
3.07516716942315e-10,-0.643024113350815,0.28,0.339,4.33260302500027e-06,"2","ARL6IP1"
3.09950974813117e-10,0.414417090940303,0.191,0.129,4.366899284142e-06,"2","NUDT5"
3.11158518221577e-10,0.429806965673712,0.196,0.133,4.3839123632238e-06,"2","SP140"
3.16520897688992e-10,0.458313078367717,0.262,0.19,4.45946292754021e-06,"2","FKBP5"
4.12077748184761e-10,0.826670725397352,0.128,0.079,5.8057633941751e-06,"2","TLE1"
4.1534408225001e-10,0.43653976228737,0.216,0.15,5.85178277482039e-06,"2","COPB1"
4.20384968887578e-10,0.762379419228339,0.101,0.057,5.92280382665709e-06,"2","CASK"
4.32322421120962e-10,-0.899402598588103,0.121,0.18,6.09099059117323e-06,"2","NEU1"
4.84107628612314e-10,0.246488700723402,0.38,0.292,6.82059237951889e-06,"2","TAX1BP1"
5.10906516803831e-10,0.400263646917258,0.318,0.241,7.19816191524917e-06,"2","PIK3IP1"
5.39581914713794e-10,0.545782510927819,0.133,0.082,7.60216959640264e-06,"2","NAALADL1"
5.42818488483391e-10,0.259226549069565,0.331,0.249,7.64776968424249e-06,"2","APBB1IP"
5.63766347158099e-10,0.249283922086133,0.214,0.147,7.94290406511046e-06,"2","TNFSF14"
5.84803768911062e-10,0.710807109909531,0.116,0.07,8.23930030018795e-06,"2","SESN1"
5.87242071069937e-10,0.320492163903872,0.328,0.248,8.27365353930434e-06,"2","DYNLT1"
5.90947516180763e-10,0.710436930652459,0.11,0.065,8.32585955547077e-06,"2","TET2"
6.2568312402387e-10,0.311868853004126,0.28,0.205,8.81524953437231e-06,"2","PAK2"
6.32476566407073e-10,0.370621670484998,0.324,0.247,8.91096234410925e-06,"2","ANKRD11"
6.35581949169685e-10,-0.92118998316209,0.119,0.175,8.95471408185169e-06,"2","TBX21"
6.50500117799101e-10,0.332433124362282,0.248,0.177,9.16489615967153e-06,"2","CMTM3"
6.96181285502652e-10,0.405814727604561,0.289,0.217,9.80849813144686e-06,"2","NR3C1"
7.86481864361518e-10,0.554332984589264,0.196,0.135,1.10807429869894e-05,"2","COA1"
7.92670173821476e-10,0.324008403471022,0.356,0.276,1.11679300789708e-05,"2","ROCK1"
8.60000070952144e-10,0.501006278792891,0.196,0.135,1.21165409996448e-05,"2","CALCOCO2"
8.71436244358526e-10,0.170704414058628,0.537,0.434,1.22776652467673e-05,"2","HMGN2"
8.7355141435744e-10,0.336959914019527,0.182,0.122,1.2307465876882e-05,"2","STAU1"
9.15802191273446e-10,0.494950832268294,0.119,0.072,1.29027370728516e-05,"2","PARP9"
9.52712999501397e-10,0.366053025739539,0.177,0.118,1.34227734499752e-05,"2","SENP6"
9.65831286682449e-10,0.224851865559141,0.503,0.405,1.3607596998069e-05,"2","RABAC1"
9.95761605764043e-10,0.228361414814606,0.458,0.365,1.40292852636096e-05,"2","MTDH"
1.0427546150843e-09,0.330141726700763,0.197,0.136,1.46913697719227e-05,"2","PLCG2"
1.04407123115149e-09,0.664507070115296,0.103,0.06,1.47099195756933e-05,"2","QSOX1"
1.04620466964493e-09,0.317411237410618,0.225,0.156,1.47399775906274e-05,"2","ANXA5"
1.05379016905264e-09,0.482292465735145,0.171,0.114,1.48468496917826e-05,"2","DEGS1"
1.07688262014461e-09,0.515869153195755,0.371,0.3,1.51721992352175e-05,"2","ATP1B3"
1.10769396585606e-09,0.373010552986032,0.281,0.211,1.56063002849461e-05,"2","TOP1"
1.14703760049181e-09,0.449890990481356,0.207,0.145,1.61606127533291e-05,"2","PPP4R3A"
1.1639657834669e-09,-0.460694517308454,0.808,0.796,1.63991139232651e-05,"2","ID2"
1.33208481959161e-09,0.39903535424983,0.284,0.209,1.87677430232262e-05,"2","NFKBIZ"
1.35117965061854e-09,0.670886667765022,0.117,0.071,1.90367700975647e-05,"2","TBC1D2B"
1.46209208938969e-09,0.237527820238465,0.4,0.313,2.05994154474114e-05,"2","SMDT1"
1.49080667084182e-09,0.3241072665491,0.403,0.319,2.10039751854904e-05,"2","ACTN4"
1.51800593890108e-09,0.636257965306168,0.114,0.068,2.13871856731773e-05,"2","HPGD"
1.55058193484912e-09,0.315439196783877,0.29,0.217,2.18461488800892e-05,"2","CPNE1"
1.69089968871784e-09,-0.127789829689573,1,1,2.38230857143457e-05,"2","KLRC2"
1.72116504259908e-09,0.44281300267834,0.194,0.134,2.42494942851785e-05,"2","LPIN2"
1.75084130461905e-09,0.657975900291493,0.134,0.085,2.46676031407779e-05,"2","B3GNT2"
1.76193824783154e-09,0.444252248785434,0.21,0.148,2.48239479736985e-05,"2","TMOD3"
1.81768477463896e-09,0.276400873719899,0.398,0.31,2.56093607898884e-05,"2","BUB3"
1.862117499925e-09,0.0694805405133088,0.453,0.351,2.62353734564433e-05,"2","HMGB2"
2.02561583177381e-09,0.304947331820497,0.39,0.305,2.85389014538612e-05,"2","PPP1R12A"
2.05026026619288e-09,0.492584811369529,0.186,0.128,2.88861168903914e-05,"2","PTK2B"
2.07780716143537e-09,0.247353187338118,0.319,0.239,2.92742250974629e-05,"2","OCIAD1"
2.11304229444745e-09,0.265062015841724,0.535,0.445,2.97706528864702e-05,"2","PRELID1"
2.29378617677353e-09,0.529435925098068,0.182,0.125,3.23171534445622e-05,"2","PRKDC"
2.31076468776151e-09,0.722573982979129,0.141,0.092,3.25563636858719e-05,"2","ELL2"
2.35154374815276e-09,0.432221284368093,0.245,0.179,3.31308998677242e-05,"2","CDKN1B"
2.48676763533756e-09,0.290211092355289,0.365,0.279,3.50360692142708e-05,"2","EMB"
2.51632036761169e-09,0.478129504276382,0.157,0.104,3.54524376592811e-05,"2","HEBP2"
2.58238533436087e-09,0.263367250940559,0.358,0.274,3.63832269758103e-05,"2","BCLAF1"
2.84383972832605e-09,0.369319812487025,0.261,0.192,4.00668579323857e-05,"2","CHD9"
2.93866668505489e-09,0.292430510338748,0.201,0.138,4.14028749257383e-05,"2","COMMD8"
2.95669696253039e-09,-0.31299962637907,0.664,0.693,4.16569035050907e-05,"2","TXNIP"
3.20163736981137e-09,-0.268285113557148,0.446,0.532,4.51078689032724e-05,"2","SLC25A6"
3.25525326987394e-09,-0.240881013489186,0.907,0.91,4.58632633192539e-05,"2","PFN1"
3.27831641238971e-09,-0.460974833371234,0.375,0.423,4.61881999341586e-05,"2","CCND3"
3.66352609992894e-09,-0.631258566558814,0.394,0.437,5.16154192218988e-05,"2","TUBB4B"
3.72658273990316e-09,-0.843283399215281,0.172,0.229,5.25038242224956e-05,"2","HEXIM1"
3.75300507305223e-09,0.482643913142964,0.188,0.131,5.28760884742328e-05,"2","LAP3"
3.81868731044165e-09,0.327456915452497,0.235,0.169,5.38014855168124e-05,"2","SRP72"
4.21928521933495e-09,0.26958669852308,0.566,0.485,5.94455094552102e-05,"2","ENO1"
4.30298296226747e-09,-0.851438094201752,0.124,0.179,6.06247269553864e-05,"2","RAB29"
4.3039905195829e-09,0.196228684494907,0.258,0.186,6.06389224304035e-05,"2","TXNL1"
4.47645554682271e-09,0.237427281218257,0.426,0.335,6.30687821991852e-05,"2","PSMD8"
4.50813972605649e-09,0.333175363400574,0.342,0.265,6.351518060041e-05,"2","GBP2"
4.60842521389597e-09,0.243676885359604,0.418,0.328,6.49281028385803e-05,"2","UBE2I"
5.08994370854529e-09,0.204867339841944,0.489,0.4,7.17122169096945e-05,"2","WDR83OS"
5.50487695312281e-09,0.373946079063037,0.216,0.155,7.75582113925472e-05,"2","PARP14"
5.63554023839173e-09,0.647875411689071,0.131,0.084,7.93991264187011e-05,"2","SLK"
5.74486151907945e-09,0.555564458457665,0.144,0.095,8.09393539423103e-05,"2","GALNT1"
5.90746769191408e-09,0.219919665874658,0.5,0.406,8.32303123113775e-05,"2","LCK"
5.92245417223208e-09,0.359114517250402,0.29,0.221,8.34414568325778e-05,"2","CCNH"
6.03909859089386e-09,0.474390163259037,0.228,0.165,8.50848600471036e-05,"2","MCTP2"
6.34645026457713e-09,0.222864283093209,0.334,0.253,8.94151377776271e-05,"2","RANBP1"
6.43996134532283e-09,0.444067549139693,0.103,0.061,9.07326153942534e-05,"2","CYSTM1"
6.57179111468433e-09,-1.09256295900142,0.097,0.147,9.25899650147876e-05,"2","IL7R"
7.11560093518534e-09,-0.770435815247257,0.163,0.219,0.000100251701575826,"2","MYO1G"
7.30824320932017e-09,0.683468089340551,0.105,0.063,0.000102965838576112,"2","ITPR1"
7.76843956268611e-09,0.169718830364103,0.755,0.676,0.000109449544998685,"2","MYL12B"
7.86617983588374e-09,0.485734837007109,0.19,0.133,0.000110826607707766,"2","DUSP10"
8.08908323501293e-09,-1.01186394218893,0.063,0.107,0.000113967093698097,"2","CD226"
8.16181585913322e-09,-1.13554906462023,0.128,0.179,0.000114991823639328,"2","IER3"
8.33280099797505e-09,0.226228832289493,0.245,0.177,0.00011740083326047,"2","PUF60"
8.34337633737055e-09,0.404708303147181,0.726,0.708,0.000117549829217214,"2","IL32"
8.45073628349897e-09,0.256756617490844,0.22,0.156,0.000119062423498217,"2","HSBP1"
8.52653685423905e-09,0.213485240572832,0.283,0.209,0.000120130377739374,"2","PSMB7"
8.53104209780433e-09,0.740410277526755,0.103,0.062,0.000120193852115965,"2","TRAF1"
8.67807440605922e-09,0.410928144865018,0.163,0.11,0.000122265390306968,"2","BAZ2B"
8.73382695128215e-09,0.585394127041296,0.124,0.078,0.000123050887916614,"2","SURF2"
9.27706352147775e-09,0.427438003397528,0.347,0.278,0.0001307045479541,"2","VPS37B"
9.46332892397347e-09,0.2941499897357,0.196,0.137,0.000133328841209862,"2","HPCAL1"
9.50040329986226e-09,0.479546206672871,0.166,0.114,0.000133851182091759,"2","HMGA1"
9.58310454716163e-09,0.524154650289619,0.113,0.069,0.00013501635996496,"2","EBNA1BP2"
1.12563235504222e-08,0.392486808674492,0.236,0.174,0.000158590342501898,"2","NIPBL"
1.15049549983679e-08,0.468714401282273,0.17,0.117,0.000162093310972005,"2","RALA"
1.17850624731357e-08,0.679142189385479,0.104,0.063,0.000166039745184009,"2","PDXK"
1.22830250036277e-08,0.15205993725652,0.655,0.553,0.000173055539276111,"2","GUK1"
1.32630974226338e-08,0.427869666710423,0.171,0.117,0.000186863779587488,"2","CASP3"
1.438422020914e-08,-1.00003007207855,0.068,0.112,0.000202659278526574,"2","STK38"
1.47299544145331e-08,0.191205946718061,0.418,0.328,0.000207530327746357,"2","RBX1"
1.54774010561762e-08,0.188769053844223,0.354,0.269,0.000218061103480466,"2","PSMA5"
1.64001722369232e-08,0.194281049081295,0.316,0.239,0.000231062026646011,"2","SIVA1"
1.64340548529631e-08,0.381222795538943,0.242,0.18,0.000231539398823397,"2","JMJD1C"
1.68494329460462e-08,0.654486632116713,0.115,0.072,0.000237391660776845,"2","CMTM7"
1.73367223453164e-08,0.18986731844891,0.432,0.342,0.000244257081123163,"2","VPS28"
1.7562166058983e-08,0.257899610790288,0.198,0.139,0.000247433357605012,"2","SCAMP2"
1.79114000887986e-08,0.610260959080026,0.121,0.077,0.000252353715851084,"2","BORCS5"
1.80925957107743e-08,0.50452826363446,0.134,0.087,0.000254906580969099,"2","PIK3CD"
1.82248718258036e-08,0.214396290350752,0.558,0.458,0.000256770219153748,"2","APRT"
1.83012007571086e-08,0.355930443522372,0.186,0.13,0.000257845617466904,"2","PABPC4"
1.9195232086445e-08,0.609082415887932,0.152,0.103,0.000270441624865924,"2","CCNT1"
1.98293760194535e-08,0.649754019537643,0.107,0.066,0.00027937607873808,"2","STK24"
2.02730711135092e-08,0.455338704705887,0.112,0.07,0.000285627298918231,"2","CHMP6"
2.06040761702933e-08,0.551033527143836,0.135,0.088,0.000290290829163262,"2","CCDC57"
2.20248955613986e-08,0.461806103810024,0.13,0.084,0.000310308753564544,"2","GRAMD1A"
2.37059567165016e-08,0.715879598536074,0.126,0.082,0.000333993224178791,"2","MPHOSPH9"
2.39382230048502e-08,0.330503215149501,0.231,0.169,0.000337265623915334,"2","IL16"
2.43676560569765e-08,-0.748815850893676,0.272,0.322,0.000343315906186741,"2","INTS6"
2.58801957848933e-08,0.329549964752428,0.193,0.136,0.000364626078413361,"2","CLPP"
2.61042427284836e-08,0.655088455835451,0.119,0.076,0.000367782675801606,"2","HELB"
2.68308311185823e-08,0.333966174731805,0.187,0.13,0.000378019579629706,"2","ETNK1"
2.93684444614371e-08,0.235955644503174,0.39,0.31,0.000413772014017188,"2","UBE2L3"
3.02172659175625e-08,0.342134784223217,0.207,0.148,0.000425731059512538,"2","SLC25A39"
3.07882366266014e-08,0.336927337833657,0.203,0.145,0.000433775465832187,"2","IL27RA"
3.10083828435779e-08,0.413218410868069,0.182,0.128,0.000436877105883169,"2","TOP2B"
3.12311992739208e-08,0.278090451525645,0.392,0.313,0.00044001636657027,"2","FNBP1"
3.25371343830821e-08,0.196503348013111,0.358,0.281,0.000458415686323243,"2","KTN1"
3.29004697450715e-08,0.261603629208693,0.307,0.236,0.000463534718238312,"2","IFI27L2"
3.36458110349609e-08,-0.77012667889364,0.116,0.167,0.000474035831671564,"2","CDKN2D"
3.54165273260127e-08,0.263307238978853,0.325,0.253,0.000498983453496193,"2","MDH2"
3.76002243556967e-08,0.279042551041675,0.167,0.114,0.000529749560947411,"2","ORMDL2"
3.80074165594617e-08,0.255121449990711,0.309,0.239,0.000535486491906256,"2","EVI2B"
3.87721278413188e-08,0.173387292839739,0.682,0.592,0.000546260509156341,"2","LDHA"
3.96128100636461e-08,0.44345961243564,0.183,0.13,0.000558104880986709,"2","DOCK10"
4.08343084236921e-08,0.194576489476633,0.616,0.517,0.000575314571381399,"2","CCNI"
4.15372378500495e-08,0.248179922403867,0.314,0.243,0.000585218144069348,"2","FGFR1OP2"
4.16832391032044e-08,-0.73305427528061,0.137,0.189,0.000587275155725047,"2","TNFRSF14"
4.18281898672719e-08,0.26986993099001,0.3,0.231,0.000589317367039993,"2","CHMP2A"
4.23734749518499e-08,0.641495520359024,0.101,0.062,0.000596999888596613,"2","LIMK1"
4.26637987340479e-08,0.475621167949281,0.107,0.067,0.000601090260364001,"2","LYRM4"
4.26670674954262e-08,-0.840307953377424,0.13,0.18,0.00060113631394306,"2","SLC20A1"
4.31748329628573e-08,0.207145219570145,0.357,0.279,0.000608290221613697,"2","PEBP1"
4.65222948749678e-08,0.413988519996862,0.149,0.101,0.000655452612493421,"2","ST8SIA4"
4.72259267825238e-08,0.353853490161857,0.155,0.105,0.000665366082438979,"2","DNAJC4"
4.90246228114539e-08,0.284554279607235,0.295,0.228,0.000690707910790574,"2","USP15"
5.10822696252098e-08,0.358620641419876,0.181,0.128,0.000719698096749581,"2","MAD2L2"
5.18988967730689e-08,0.365677851641953,0.194,0.139,0.000731203556635768,"2","PSMF1"
5.2505435363605e-08,0.258236286911142,0.227,0.166,0.000739749078837831,"2","WNK1"
5.41392460990797e-08,0.239538056900852,0.246,0.182,0.000762767838289935,"2","NDUFAF3"
5.61746900316799e-08,-0.491397756790135,0.406,0.437,0.000791445207856337,"2","BIN2"
5.62637546940633e-08,0.500902159567312,0.122,0.079,0.000792700039884657,"2","CEP85L"
5.63678673290966e-08,0.483584259342966,0.131,0.086,0.000794166882799642,"2","PUM2"
5.74431428116579e-08,0.323984443068031,0.175,0.122,0.000809316439073449,"2","FDFT1"
5.74549864388871e-08,0.526661383787401,0.107,0.067,0.000809483303937481,"2","GCDH"
5.82137512945143e-08,0.188667624605446,0.357,0.28,0.000820173541988411,"2","FIS1"
5.82868703170012e-08,0.558532784243253,0.122,0.079,0.000821203715896231,"2","ZDHHC20"
6.02142399342138e-08,0.246416452567348,0.165,0.113,0.000848358426433139,"2","FKBP3"
6.2582842332483e-08,0.197075550676583,0.556,0.462,0.000881729665622353,"2","JAK1"
6.34192832720954e-08,0.273626463368803,0.251,0.188,0.000893514282020552,"2","CNN2"
6.62953572597942e-08,0.512597483050133,0.172,0.122,0.00093403528843324,"2","MIS18BP1"
6.65430106665287e-08,0.186331357346843,0.345,0.267,0.000937524477280723,"2","SRP9"
8.08465726097831e-08,0.618025844852047,0.118,0.077,0.00113904736149923,"2","IRS2"
8.15233074199617e-08,0.438897709248355,0.165,0.115,0.00114858187823984,"2","ZMYM2"
8.24456725563438e-08,0.310133901737958,0.208,0.151,0.00116157708064633,"2","PIM3"
8.42774332066067e-08,0.202557074055964,0.278,0.211,0.00118738475644788,"2","RBCK1"
8.43174434013083e-08,0.221327148791313,0.399,0.317,0.00118794846008103,"2","LSM7"
8.66735527261299e-08,0.371887247972856,0.217,0.161,0.00122114368435844,"2","SMG1"
9.17251661697762e-08,-0.178556492393517,0.547,0.629,0.00129231586616598,"2","CLIC1"
9.39907948413824e-08,0.36495936625622,0.193,0.138,0.00132423630852024,"2","SMC4"
9.48683352112852e-08,0.583351557577753,0.102,0.064,0.0013365999747918,"2","SLF1"
9.51761991409996e-08,0.22991340805871,0.311,0.242,0.00134093746969754,"2","PRKAR1A"
9.98317927004299e-08,0.427613508589461,0.157,0.109,0.00140653012735636,"2","JARID2"
1.00140243265014e-07,0.201078523149313,0.443,0.36,0.00141087588736078,"2","CHST12"
1.00647641853889e-07,0.442052616277245,0.148,0.101,0.00141802462607944,"2","EXOC7"
1.00678254945122e-07,0.160730884019639,0.37,0.292,0.00141845593392183,"2","RNPS1"
1.03762210471037e-07,0.334957858920474,0.164,0.113,0.00146190578332644,"2","NUDT16L1"
1.0717773524075e-07,0.14100327533599,0.476,0.388,0.00151002711180693,"2","BRK1"
1.11390491932961e-07,0.293994994618229,0.254,0.192,0.00156938064084349,"2","TRIM22"
1.19641089099302e-07,0.589353485344447,0.111,0.071,0.00168562330432007,"2","IP6K1"
1.21906353140389e-07,0.254191835244183,0.327,0.257,0.00171753860939494,"2","ZNHIT1"
1.25022147204783e-07,0.335700194632595,0.262,0.2,0.00176143703196819,"2","INPP5D"
1.2648738079861e-07,0.180797439080072,0.454,0.367,0.00178208070807161,"2","UBE2D2"
1.31174836068764e-07,0.462500043065242,0.14,0.096,0.00184812226537282,"2","PACS1"
1.31255955923858e-07,0.399834424209562,0.32,0.254,0.00184926516301123,"2","SMCHD1"
1.35051742970649e-07,0.244398476955997,0.505,0.423,0.00190274400671348,"2","FYN"
1.36816181056225e-07,0.200121232507782,0.643,0.548,0.00192760317490116,"2","MCL1"
1.40461781616639e-07,-0.830004409910859,0.131,0.179,0.00197896604119682,"2","RNASEK"
1.4061887003296e-07,0.259083940895169,0.272,0.207,0.00198117925989437,"2","DCXR"
1.42022794778629e-07,0.177455840718777,0.255,0.19,0.00200095915563611,"2","TMEM219"
1.44718072806203e-07,0.242023587789005,0.25,0.188,0.00203893292776659,"2","SRSF4"
1.4509053212547e-07,0.474020288947792,0.136,0.092,0.00204418050711575,"2","SYPL1"
1.50874817548796e-07,0.475614264976735,0.131,0.087,0.00212567530444499,"2","TBC1D1"
1.52511369897595e-07,0.159659292104468,0.453,0.369,0.00214873269048721,"2","TRAPPC1"
1.62838101656155e-07,0.403915535410899,0.195,0.142,0.00229422601423357,"2","NRDC"
1.72136334887824e-07,0.333926667966966,0.265,0.203,0.00242522882223455,"2","CCSER2"
1.77994739839417e-07,0.202274804169091,0.279,0.211,0.00250776788959755,"2","LSM4"
1.78791945622842e-07,-0.553046102931898,0.232,0.284,0.00251899972188021,"2","GIMAP4"
1.80481244282725e-07,0.213253767036137,0.343,0.27,0.00254280025069931,"2","XRCC6"
1.80911372809632e-07,0.174667253572746,0.314,0.242,0.00254886033151491,"2","POLR2G"
1.83383215880278e-07,0.412819770686286,0.118,0.077,0.00258368612853724,"2","ERO1A"
1.85277829984868e-07,0.461780692479833,0.111,0.071,0.00261037934665681,"2","MAD1L1"
1.88773090655636e-07,0.347110673507143,0.156,0.107,0.00265962407424725,"2","MIR4435-2HG"
1.89425547546022e-07,0.313230630818907,0.202,0.147,0.0026688165393759,"2","TKT"
1.95106694938078e-07,0.490665051463138,0.104,0.066,0.00274885822498259,"2","ISOC2"
1.96631552480302e-07,-0.617681092239492,0.496,0.51,0.00277034194289497,"2","TUBA1B"
2.0516100957238e-07,0.326343104431668,0.192,0.139,0.00289051346386527,"2","SETX"
2.10431867601213e-07,0.140241259991168,0.37,0.291,0.00296477458263349,"2","AP2M1"
2.1388393264914e-07,0.257023491009249,0.612,0.532,0.00301341072709374,"2","JUND"
2.21468788600019e-07,0.162037382877205,0.446,0.36,0.00312027376258567,"2","TERF2IP"
2.21922225997841e-07,0.443958374855411,0.156,0.109,0.00312666224208359,"2","TGFBR2"
2.25537901189434e-07,0.286783311077308,0.181,0.129,0.00317760348985794,"2","NUTF2"
2.30430848417947e-07,0.587672548544306,0.131,0.089,0.00324654022336046,"2","DENND4A"
2.31451343411556e-07,-0.807103979713269,0.171,0.218,0.00326091797732541,"2","SYNE1"
2.35538937072457e-07,0.0849570477727966,0.99,0.982,0.00331850808441385,"2","PTMA"
2.40594569958578e-07,-0.861712637068806,0.091,0.135,0.00338973689614641,"2","RAP2B"
2.47236536209608e-07,0.201883837303913,0.473,0.385,0.00348331555865716,"2","TGFB1"
2.51569881443417e-07,0.275904682034102,0.264,0.202,0.0035443680596563,"2","PPM1G"
2.56019009510344e-07,0.175022074555617,0.529,0.441,0.00360705182499123,"2","PRRC2C"
2.7338323042044e-07,0.27612711599438,0.184,0.131,0.00385169633339358,"2","EPS15"
2.77734132030847e-07,0.50274504163658,0.123,0.082,0.0039129961861826,"2","SIK3"
2.82574055029378e-07,0.276376747837871,0.222,0.166,0.00398118586130891,"2","CEBPZ"
2.93597091713444e-07,0.125070583222449,0.412,0.328,0.00413648942515071,"2","IQGAP1"
2.97456828136489e-07,0.662981500983506,0.114,0.075,0.00419086925161499,"2","S100PBP"
3.06901140982172e-07,0.313800999599855,0.235,0.177,0.00432393017529782,"2","BDP1"
3.28234874807476e-07,0.317007977703515,0.18,0.13,0.00462450115116253,"2","RBM33"
3.37016667237242e-07,0.532410549350685,0.107,0.068,0.00474822782470551,"2","AKAP7"
3.48692704980668e-07,0.326867751549437,0.219,0.164,0.00491273152047263,"2","PRKX"
3.52332349455028e-07,0.193715958977987,0.407,0.331,0.00496401047147189,"2","GSTK1"
3.72449811863916e-07,0.207982150707888,0.297,0.231,0.00524744539935071,"2","PRPF40A"
3.8400355794638e-07,0.435473694319044,0.13,0.087,0.00541022612790654,"2","MAPKAPK3"
3.85413014572822e-07,0.194654441823926,0.672,0.587,0.00543008396231649,"2","TPI1"
3.93004015943244e-07,0.286156767956092,0.219,0.164,0.00553703358062436,"2","OGT"
3.93897589265177e-07,0.145030186922584,0.403,0.318,0.00554962313515708,"2","BLOC1S1"
4.08654562047282e-07,0.368074080195042,0.159,0.113,0.00575753412468415,"2","PUM1"
4.21235529476945e-07,0.358663951996038,0.147,0.102,0.00593478737480067,"2","TRIP12"
4.25817755127094e-07,0.304245318206403,0.216,0.162,0.00599934635198563,"2","FIBP"
4.57978613953784e-07,0.26169325953902,0.224,0.169,0.00645246069199486,"2","TCIRG1"
4.60373387205984e-07,0.272259120788576,0.251,0.192,0.00648620065234511,"2","POLR2E"
4.64806893610392e-07,0.138586188733518,0.423,0.338,0.00654866432407681,"2","CD3E"
4.81579462552099e-07,-0.552043462103343,0.342,0.378,0.00678497304789652,"2","NDUFB7"
4.86440397840367e-07,0.271471760877278,0.147,0.101,0.00685345876517293,"2","SYNGR2"
5.10264892759993e-07,0.427697341764128,0.134,0.091,0.00718912207409555,"2","BRAF"
5.35817943187976e-07,0.400811425931167,0.118,0.078,0.00754913900157539,"2","EXOSC7"
5.59431828135181e-07,0.265291341684044,0.179,0.13,0.00788183502659656,"2","EIF4E2"
5.72676540409507e-07,0.0988456834789136,0.239,0.178,0.00806843977782954,"2","SH2D1B"
5.91799824507091e-07,0.171203103853379,0.317,0.247,0.0083378677274804,"2","SSU72"
6.02301750380868e-07,0.106257370486092,0.229,0.169,0.00848582936111606,"2","HMOX2"
6.04494088596196e-07,0.247607794237623,0.198,0.145,0.00851671721423181,"2","CHCHD7"
6.16610032764993e-07,0.239842055891258,0.427,0.354,0.00868741875162598,"2","HIGD2A"
6.29607732516886e-07,0.112541626421693,0.229,0.171,0.0088705433434304,"2","PPP1R7"
6.30451319403909e-07,0.302350544583344,0.205,0.151,0.00888242863908167,"2","FDX1"
6.33584864797637e-07,0.188976596293684,0.469,0.386,0.00892657716013391,"2","UQCR10"
6.35854781439152e-07,-0.671501365955736,0.237,0.282,0.00895855801569622,"2","SPN"
6.42040644832059e-07,0.154346045826279,0.487,0.401,0.00904571064503889,"2","PSMB8"
6.53652410278753e-07,0.196082618634599,0.27,0.207,0.00920930880841735,"2","GSTO1"
6.58491680452116e-07,0.341042568043524,0.151,0.107,0.00927748928588987,"2","SMIM12"
6.67019389166232e-07,0.413209925017641,0.153,0.108,0.00939763617396305,"2","TSPYL1"
6.69049911692524e-07,0.349422155019295,0.152,0.106,0.00942624420583597,"2","PWP1"
7.05281243631653e-07,0.332142058972733,0.156,0.11,0.00993670744152637,"2","SETD2"
7.0611410442603e-07,-0.893192346780739,0.071,0.109,0.00994844161725834,"2","SLC15A4"
7.09070461829103e-07,0.218739173164136,0.54,0.453,0.00999009373671023,"2","ARF6"
7.19332495618545e-07,0.540671281047494,0.112,0.074,0.0101346755307697,"2","NMT2"
7.26256537418091e-07,0.41597763820459,0.113,0.074,0.0102322283556835,"2","FEZ2"
7.31775271938131e-07,0.204284691258252,0.396,0.322,0.0103099818063363,"2","SCAF11"
7.49833913133021e-07,-0.280115968731958,0.648,0.654,0.0105644100021311,"2","CIRBP"
7.51737885398119e-07,0.477820618888096,0.122,0.082,0.0105912350673741,"2","ARHGEF6"
7.69829394752873e-07,0.255045887601911,0.231,0.175,0.0108461263426732,"2","XRN2"
7.88349627310898e-07,-0.564675687103245,0.314,0.353,0.0111070578991832,"2","GIMAP7"
8.10250244146552e-07,0.177280155760695,0.245,0.186,0.0114156156897808,"2","HADHA"
8.17082839023523e-07,0.180075380579806,0.379,0.303,0.0115118801190024,"2","REEP5"
8.3655715721119e-07,0.420466366286925,0.135,0.094,0.0117862537879484,"2","LRBA"
8.40187976465922e-07,0.27701052355315,0.209,0.156,0.0118374084004284,"2","NDUFA10"
8.4960483575949e-07,0.230560373799199,0.213,0.159,0.0119700825310155,"2","TIMM8B"
8.5128283664462e-07,0.2394042117587,0.189,0.138,0.0119937238854861,"2","MGMT"
8.51943156568926e-07,0.271152650682094,0.158,0.112,0.0120030271328996,"2","ELOF1"
8.63219867817916e-07,0.193721252791594,0.453,0.371,0.0121619047176866,"2","GPBP1"
8.70234364737221e-07,0.302588095243462,0.193,0.143,0.0122607319647827,"2","PDCL3"
8.76344340369422e-07,0.419250175748828,0.116,0.077,0.0123468154114648,"2","ME2"
9.15808974905268e-07,0.303268757868126,0.277,0.216,0.0129028326474403,"2","EVI2A"
9.2411507546916e-07,0.266481761380043,0.212,0.159,0.013019857298285,"2","BLOC1S2"
9.275100901408e-07,0.385641839843299,0.169,0.122,0.0130676896599937,"2","OLA1"
9.29357164737901e-07,-0.913168692923403,0.091,0.132,0.0130937130939923,"2","ZNF276"
9.69425629641948e-07,0.25657361597747,0.273,0.213,0.0136582376960254,"2","RAB8B"
9.83168785032846e-07,0.188301410434239,0.353,0.281,0.0138518650123278,"2","SCAND1"
9.92622307107624e-07,0.375443478207238,0.198,0.148,0.0139850556848393,"2","IRF7"
1.08253854215009e-06,0.295112513829084,0.168,0.121,0.0152518855203526,"2","PDHB"
1.08322976006379e-06,0.225640770581569,0.275,0.213,0.0152616240895388,"2","ZFAND6"
1.09414436008989e-06,0.436469869163652,0.187,0.139,0.0154153998893065,"2","UBAC2"
1.10445268842385e-06,-0.696587757247162,0.147,0.193,0.0155606339272037,"2","PLIN2"
1.13006654037971e-06,-0.71176707942265,0.226,0.272,0.0159215074874097,"2","PMAIP1"
1.1502808394164e-06,0.244381104046949,0.207,0.154,0.0162063067465376,"2","HM13"
1.1964469747118e-06,0.20663084131892,0.204,0.151,0.0168567414267145,"2","ZCRB1"
1.26456339206747e-06,0.336411642427499,0.21,0.159,0.0178164336308385,"2","NSMCE3"
1.271771640828e-06,-0.544128087671876,0.453,0.473,0.0179179906476257,"2","PPP1R15A"
1.29849355842719e-06,0.450798799550543,0.116,0.078,0.0182944757446806,"2","TNKS2"
1.32129852802029e-06,0.173117328653769,0.242,0.184,0.0186157749612778,"2","SHISA5"
1.39506459609403e-06,0.259745327403592,0.257,0.2,0.0196550650943688,"2","SAMD9"
1.40147138009915e-06,0.369247200356563,0.174,0.128,0.0197453302742169,"2","KMT2C"
1.46729949631771e-06,0.253194211157079,0.334,0.27,0.0206727826036203,"2","TPR"
1.4954196439664e-06,0.400817586415733,0.1,0.065,0.0210689673638425,"2","OAS2"
1.52059594459819e-06,0.385396759291217,0.101,0.065,0.0214236762634439,"2","BEX2"
1.53953773015038e-06,0.307862991911886,0.195,0.145,0.0216905470800887,"2","USP47"
1.61911736159545e-06,0.290691123749412,0.155,0.111,0.0228117445075183,"2","PLSCR1"
1.64056602798724e-06,0.298987109765274,0.15,0.106,0.0231139347683122,"2","NHLRC3"
1.64184400879594e-06,-0.723505817174833,0.072,0.11,0.0231319402399259,"2","RASA3"
1.65596382959108e-06,0.185500167826876,0.449,0.372,0.0233308743951087,"2","MBNL1"
1.65772490067755e-06,0.320884086205894,0.142,0.1,0.023355686125646,"2","CUEDC2"
1.72310505740658e-06,0.342569666314617,0.202,0.153,0.0242768271538013,"2","PPM1B"
1.72777793934988e-06,0.437465166975451,0.108,0.072,0.0243426633875004,"2","CDYL"
1.79755674659032e-06,0.147537704646144,0.28,0.217,0.0253257770027111,"2","SSNA1"
1.84151487146538e-06,0.101098013247724,0.237,0.18,0.0259451030240757,"2","SNRPC"
1.91136688105772e-06,0.518502705672869,0.111,0.074,0.0269292479872223,"2","MLLT3"
1.98410764752224e-06,0.17662529755609,0.473,0.392,0.0279540926459409,"2","EIF4G2"
2.01881011654623e-06,0.179911279588338,0.264,0.203,0.0284430157320198,"2","ODF2L"
2.02509875844023e-06,-0.757551383621198,0.203,0.246,0.0285316164076644,"2","TECR"
2.04769399823549e-06,0.58406407420412,0.192,0.145,0.0288499607411398,"2","LTB"
2.07009722246279e-06,0.191967998070084,0.315,0.252,0.0291655997672783,"2","BPTF"
2.10726536639565e-06,0.374978237180139,0.216,0.164,0.0296892617471484,"2","ARL4A"
2.14486673804557e-06,0.233268747177487,0.534,0.46,0.030219027472324,"2","DDX24"
2.15927184584973e-06,0.409146296337562,0.116,0.078,0.0304219810361769,"2","RPAP2"
2.16462294456794e-06,0.180839534674237,0.356,0.289,0.0304973726660177,"2","PPP1CB"
2.16518361854404e-06,0.14553832351199,0.5,0.413,0.0305052720016669,"2","MZT2B"
2.1730448296103e-06,0.485305216900851,0.106,0.071,0.0306160286043796,"2","CDIP1"
2.18558397175317e-06,-0.822937398926661,0.1,0.139,0.0307926925780304,"2","NXF1"
2.25243180851876e-06,0.302694620259273,0.277,0.221,0.0317345117502208,"2","CNOT2"
2.2558981953005e-06,-0.90585786292214,0.134,0.174,0.0317833496735888,"2","ANKRD37"
2.38830088160988e-06,0.397647292163574,0.118,0.08,0.0336487711210015,"2","GGCT"
2.40478771454722e-06,0.16917824539057,0.297,0.235,0.0338810541102558,"2","NDUFS7"
2.40500937726631e-06,0.163061017014737,0.389,0.317,0.033884177116305,"2","NOP10"
2.41595386829622e-06,0.138663108793692,0.199,0.148,0.0340383740504255,"2","IRF2"
2.41634506386295e-06,0.137670264239005,0.483,0.4,0.0340438856047651,"2","PRDX5"
2.43641013112987e-06,0.247809921829115,0.136,0.095,0.0343265823374887,"2","HSF1"
2.45004525640766e-06,0.293199403911009,0.236,0.185,0.0345186876175276,"2","GOLGB1"
2.51118857624384e-06,0.22223352341285,0.223,0.168,0.0353801358506994,"2","CARHSP1"
2.65678764913228e-06,0.217448403487748,0.201,0.151,0.0374314811886247,"2","USP34"
2.67702462941947e-06,0.158822449297729,0.396,0.32,0.0377166000038909,"2","ENSA"
2.69428571913105e-06,0.299189353176546,0.241,0.189,0.0379597914968373,"2","UBALD2"
2.74207006076689e-06,0.353599886616485,0.21,0.162,0.0386330250861448,"2","LSM2"
2.75406457480264e-06,0.489760997880814,0.141,0.101,0.0388020157943944,"2","SMARCC2"
2.7559195136903e-06,0.469694348149937,0.137,0.097,0.0388281500283827,"2","RAP1GDS1"
2.81499639058432e-06,0.247463571741611,0.322,0.259,0.0396604841469425,"2","HNRNPD"
2.83609967196316e-06,0.565867612442851,0.102,0.068,0.039957808278289,"2","DUSP6"
2.8503731028172e-06,0.320065865446193,0.203,0.154,0.0401589066455915,"2","BIRC6"
2.86387453923804e-06,0.6198625554599,0.467,0.406,0.0403491283833247,"2","ISG15"
2.92483525185544e-06,0.161108433799798,0.398,0.326,0.0412080038633913,"2","CHMP4A"
2.93280957585528e-06,0.266743429417357,0.189,0.141,0.0413203541142251,"2","FNTA"
2.95578570274137e-06,-0.665696117184904,0.156,0.2,0.0416440647659231,"2","ARID5B"
2.96328676343821e-06,0.289021611127988,0.142,0.1,0.041749747210081,"2","AK2"
2.9755169499303e-06,0.132713183137454,0.303,0.239,0.0419220583075679,"2","RHOF"
3.01177157986488e-06,0.288106251162603,0.201,0.152,0.0424328497887163,"2","STT3B"
3.03593348294373e-06,-0.261492267954671,0.31,0.369,0.0427732668411942,"2","HLA-DPA1"
3.03916460811916e-06,0.220812988085851,0.249,0.194,0.0428187901637908,"2","CCT7"
3.10152177362859e-06,0.21508327672532,0.253,0.197,0.0436973402686532,"2","ZRANB2"
3.15801671745909e-06,0.404184102998419,0.115,0.078,0.0444932975322811,"2","STAM"
3.16707223534095e-06,0.456581226029913,0.116,0.079,0.0446208807237186,"2","SENP7"
3.16947328840851e-06,0.174170995808654,0.259,0.202,0.0446547091603875,"2","SKIL"
3.18459638743799e-06,0.15211846031931,0.248,0.192,0.0448677785026138,"2","SSBP4"
3.2147266483101e-06,0.118638028596752,0.76,0.683,0.045292283748041,"2","ARPC3"
3.3744478910441e-06,0.441189318289437,0.157,0.115,0.0475425963369203,"2","BAZ1B"
3.46305903579161e-06,0.378220615512685,0.103,0.069,0.0487910387552681,"2","FAM120AOS"
3.5072996562569e-06,0.504419263004447,0.117,0.081,0.0494143448570034,"2","ICE1"
3.51089697037571e-06,0.295723167020624,0.243,0.19,0.0494650274156234,"2","OSBPL8"
3.64452462752044e-06,0.142602518240453,0.547,0.456,0.0513477074771355,"2","MSN"
3.64737164756759e-06,0.164937688487012,0.374,0.304,0.0513878191425798,"2","PAPOLA"
3.66325794522876e-06,-0.67231711122387,0.151,0.194,0.051611641190328,"2","UBE2F"
3.71645098157098e-06,0.311265717371427,0.15,0.107,0.0523610778793536,"2","NME1"
3.72257606450799e-06,0.192389879082919,0.345,0.28,0.0524473741728531,"2","NDUFS8"
3.79222621834264e-06,0.383454416719047,0.136,0.097,0.0534286751902294,"2","HTATSF1"
3.79966805959405e-06,-0.875084150826865,0.077,0.113,0.0535335232916206,"2","TMBIM1"
3.81254738469348e-06,0.528703569543612,0.122,0.085,0.0537149801029464,"2","HMCES"
3.87297116594246e-06,0.388023126056106,0.314,0.256,0.0545662907569633,"2","PARP8"
3.89528079313023e-06,0.311988375274641,0.157,0.114,0.0548806110944118,"2","CHCHD1"
3.92707824447617e-06,0.493023791675182,0.112,0.076,0.0553286053864248,"2","FAM13B"
3.92955311270635e-06,0.155708833462766,0.246,0.19,0.0553634738049198,"2","PGLS"
3.97947857822005e-06,0.200217346316874,0.222,0.169,0.0560668736885423,"2","CMC2"
3.99521961409033e-06,0.252340221046957,0.15,0.108,0.0562886491429186,"2","SUCLG2"
4.00650529988312e-06,0.358523864157163,0.123,0.085,0.0564476531700533,"2","ACADM"
4.00784506153694e-06,0.262504513739242,0.28,0.223,0.056466529071994,"2","CYLD"
4.06966070122094e-06,0.329838184658304,0.14,0.1,0.0573374496195019,"2","CPSF6"
4.23853900978088e-06,0.596717300370604,0.106,0.071,0.0597167761088028,"2","SLC35E1"
4.30505340012337e-06,0.479033578730277,0.1,0.067,0.0606538973543381,"2","BAG5"
4.33281971412587e-06,0.120574940104911,0.324,0.261,0.0610450969523194,"2","MACF1"
4.41114354246172e-06,0.194093080957207,0.958,0.925,0.0621486013697432,"2","BTG1"
4.45310041123033e-06,0.26667234847108,0.461,0.393,0.0627397316938241,"2","CLIC3"
4.45791613377914e-06,0.470884501974474,0.178,0.133,0.0628075804088143,"2","AHI1"
4.48079266871417e-06,0.117457729794262,0.277,0.218,0.0631298879095139,"2","VAMP5"
4.58010677982428e-06,0.203270471638732,0.222,0.17,0.0645291244209442,"2","ERP44"
4.71732507125024e-06,0.148090599162993,0.268,0.208,0.0664623929288447,"2","LSM14A"
4.78939103960214e-06,0.260365315663812,0.208,0.158,0.0674777303569545,"2","MXD4"
4.86886189791227e-06,0.356502669107061,0.157,0.114,0.0685973952796859,"2","UBE2J1"
4.89632655614957e-06,0.261979050411229,0.147,0.106,0.0689843448495913,"2","PITPNB"
5.02344937720694e-06,0.282754951892081,0.194,0.146,0.0707753782754686,"2","ERICH1"
5.0676114403621e-06,0.421254388438699,0.157,0.116,0.0713975775832616,"2","RBM26"
5.11642915825976e-06,0.16796111124511,0.303,0.239,0.0720853704107218,"2","MAFF"
5.13118338989178e-06,0.370633542847576,0.215,0.164,0.0722932427801853,"2","TTC19"
5.14707529698216e-06,0.132531056258677,0.207,0.157,0.0725171438591817,"2","DNMT1"
5.15674571368155e-06,0.207728263156184,0.277,0.218,0.0726533903600594,"2","AIP"
5.22333914925918e-06,0.0722569217516301,0.23,0.175,0.0735916252739126,"2","PDCD5"
5.3000886007925e-06,0.669674251412699,0.118,0.083,0.0746729482965656,"2","JMY"
5.43205980457825e-06,0.165082797042315,0.306,0.243,0.076532290586703,"2","CLTA"
5.47359128095149e-06,0.241513424346761,0.149,0.107,0.0771174275573255,"2","NMI"
5.55470056706347e-06,0.216302628740761,0.254,0.197,0.0782601762893573,"2","PRKACB"
5.85997989748623e-06,0.186931663952527,0.309,0.249,0.0825612567756835,"2","STOM"
5.87185685656005e-06,-0.559094408711097,0.28,0.318,0.0827285912520746,"2","MYO1F"
6.11068706589221e-06,0.153999549712229,0.379,0.308,0.0860934700713553,"2","ANXA2"
6.13574876414616e-06,0.210107606201011,0.221,0.169,0.0864465643380552,"2","CLNS1A"
6.18034882038759e-06,0.237813310036685,0.221,0.17,0.0870749345304407,"2","FNBP4"
6.20485330170095e-06,0.27263542256399,0.217,0.168,0.0874201781676648,"2","MAZ"
6.26502741480959e-06,0.127085584199964,0.457,0.383,0.0882679712472523,"2","SLA"
6.43969533446682e-06,0.166155802592249,0.151,0.109,0.090728867567303,"2","RRP7A"
6.46222938363913e-06,0.181563074086668,0.266,0.209,0.0910463497860916,"2","USP16"
6.53150474697637e-06,0.205409018715184,0.227,0.176,0.0920223703801501,"2","PSMB4"
6.53971165902574e-06,0.258093484072321,0.139,0.099,0.0921379975640137,"2","RPIA"
6.62875801809699e-06,0.385873756070949,0.102,0.069,0.0933925717169685,"2","AZI2"
6.72945369379272e-06,-0.812573141306988,0.098,0.135,0.0948112730918457,"2","MVD"
6.73978125687845e-06,0.227491905925038,0.309,0.251,0.0949567781281605,"2","GCC2"
6.77744672521296e-06,0.10922240541879,0.156,0.113,0.0954874469115254,"2","JPX"
6.81550157482528e-06,0.294996886663034,0.175,0.131,0.0960236016877134,"2","GGA1"
6.85772758203564e-06,-0.684760893984423,0.203,0.242,0.0966185239033001,"2","GLRX"
7.04901325789731e-06,0.251452556152298,0.209,0.161,0.0993135477905151,"2","TMEM167A"
7.12697813911406e-06,0.209358333514809,0.269,0.213,0.100411995001978,"2","RNF181"
7.27768868442391e-06,-0.770668101674286,0.074,0.108,0.102535355874848,"2","PLK3"
7.3837007976829e-06,0.244572885591112,0.192,0.145,0.104028960538554,"2","LSM10"
7.55875716912534e-06,0.094066489152078,0.241,0.185,0.106495329755807,"2","PPP1CC"
7.5813686277733e-06,0.276065038015973,0.223,0.173,0.106813902596698,"2","VPS13C"
7.6190303221187e-06,0.181269773669251,0.225,0.172,0.10734451820833,"2","SMC3"
7.69506095076046e-06,0.389446211311112,0.142,0.103,0.108415713735264,"2","ESYT1"
7.6974708557477e-06,0.182418695171279,0.243,0.191,0.108449666886629,"2","LNPEP"
7.71517016705888e-06,-0.363989417736903,0.385,0.425,0.108699032483693,"2","TUBA4A"
7.94693913290051e-06,0.10521842019074,0.248,0.191,0.111964425443435,"2","RASAL3"
8.01247070473327e-06,0.0759743303829006,0.325,0.26,0.112887699758987,"2","METRNL"
8.01357126677178e-06,0.188579702790103,0.349,0.284,0.112903205577548,"2","CSNK1A1"
8.13912614424647e-06,0.294800303153979,0.109,0.074,0.114672148246289,"2","COQ4"
8.4576661745648e-06,0.199454336736413,0.131,0.092,0.119160058733443,"2","ESF1"
8.47904047029285e-06,0.135090535413259,0.391,0.321,0.119461201185956,"2","DHX36"
8.50669013068462e-06,0.185225101908516,0.238,0.184,0.119850757251216,"2","DYNC1H1"
8.7019660747203e-06,0.572379144904107,0.107,0.074,0.122602000026734,"2","AHCYL1"
8.72178518862094e-06,-0.531120609549349,0.32,0.352,0.12288123152248,"2","SUN2"
9.23472692805889e-06,0.148953911770742,0.321,0.258,0.130108067689422,"2","VDAC2"
9.29731132489187e-06,0.284253625151138,0.167,0.124,0.130989819256402,"2","THYN1"
9.33031456962529e-06,-0.374688502712943,0.435,0.464,0.131454801971451,"2","VAMP2"
9.38085504532095e-06,0.438117865793145,0.222,0.176,0.132166866733527,"2","RALGAPA1"
9.79399702950632e-06,0.2417812476166,0.127,0.09,0.137987624148715,"2","RFXANK"
9.82993614743842e-06,0.162806053064709,0.455,0.382,0.13849397038126,"2","CELF2"
9.9236590134916e-06,0.231840489322203,0.211,0.162,0.139814431841083,"2","PSMC3"
1.01533397485697e-05,0.323440173260664,0.129,0.092,0.143050403717599,"2","MAN1A2"
1.02424553297149e-05,0.152392460299899,0.208,0.158,0.144305953140354,"2","EIF4E"
1.03180785151853e-05,0.0898242181889419,0.181,0.134,0.145371408200445,"2","SHKBP1"
1.03864773972934e-05,0.188690877507946,0.263,0.209,0.146335080050467,"2","NONO"
1.05049037468779e-05,0.131882251946494,0.27,0.212,0.148003588889762,"2","RSF1"
1.08600395136232e-05,0.119891839189419,0.327,0.262,0.153007096707437,"2","SNRPD3"
1.08704370891813e-05,-0.154702207740764,0.817,0.819,0.153153588149475,"2","IFITM2"
1.09955623912176e-05,0.099233619866689,0.258,0.204,0.154916478529865,"2","DNAJC7"
1.10168095716941e-05,0.230282735542112,0.157,0.115,0.155215830055598,"2","CISD2"
1.11409495054214e-05,0.129748432847579,0.475,0.395,0.156964837581882,"2","ICAM3"
1.12795694412339e-05,0.180412186547916,0.194,0.148,0.158917853857545,"2","DNAJA2"
1.13146210983196e-05,0.481377789868102,0.158,0.118,0.159411696654225,"2","NT5C3A"
1.13835673981557e-05,-0.516319695468622,0.234,0.275,0.160383081072615,"2","MIDN"
1.16628628783544e-05,0.115989269095794,0.551,0.47,0.164318075093135,"2","VAMP8"
1.1678719424295e-05,0.16381114512553,0.194,0.147,0.164541477968893,"2","RPA3"
1.17647697101611e-05,0.126696421253547,0.731,0.649,0.16575384044646,"2","PSME1"
1.18115287036693e-05,0.142705271943967,0.159,0.116,0.166412627905997,"2","COA3"
1.18384505385552e-05,0.159630440692826,0.318,0.257,0.166791929637704,"2","EIF2S2"
1.18385450220743e-05,0.116038289305147,0.167,0.123,0.166793260816005,"2","CD58"
1.20716632609469e-05,0.218748525464311,0.247,0.194,0.170077663683481,"2","ARPP19"
1.22658616729825e-05,0.393621004853941,0.117,0.082,0.172813725110651,"2","ELP2"
1.23029082919766e-05,0.384120399326308,0.116,0.082,0.173335674925658,"2","TAOK1"
1.23979267077686e-05,0.133061853177335,0.35,0.283,0.174674389385751,"2","CBX3"
1.24943201002934e-05,0.310720301356993,0.167,0.124,0.176032475893034,"2","ELOVL5"
1.32372953084713e-05,0.158188019533305,0.169,0.124,0.186500253601052,"2","CNOT7"
1.35776806125212e-05,0.135570280081279,0.403,0.334,0.191295942149811,"2","PAIP2"
1.38327425675333e-05,0.220423650673384,0.206,0.159,0.194889510033977,"2","PSMC1"
1.44602652259548e-05,0.391959606385566,0.116,0.081,0.203730676768477,"2","YIPF5"
1.47765689516102e-05,0.120264716025339,0.35,0.281,0.208187079959236,"2","PSMB6"
1.52822106748737e-05,0.374023988454194,0.158,0.118,0.215311066198296,"2","UROS"
1.53442515454372e-05,-0.44324735938992,0.266,0.308,0.216185160023665,"2","AMD1"
1.57182935867183e-05,0.393167996704976,0.118,0.084,0.221455038343274,"2","MTERF4"
1.58617570327703e-05,0.192064412153952,0.193,0.146,0.2234762948347,"2","PDCD2"
1.59604633660102e-05,0.255794156710363,0.196,0.15,0.224866968363717,"2","RAB11B"
1.59648973998309e-05,0.144174497809957,0.373,0.307,0.224929439466218,"2","CAPZA1"
1.65620600427642e-05,0.202569385562232,0.167,0.124,0.233342863942505,"2","DUSP23"
1.66765553852096e-05,0.0486053571129825,0.236,0.182,0.234955988822218,"2","RNASEH2C"
1.67586898615907e-05,-0.481810871272002,0.309,0.343,0.236113181459951,"2","ZEB2"
1.69061965967943e-05,-0.613960779975837,0.165,0.204,0.238191403852235,"2","ITGAL"
1.73778880821942e-05,0.0672171265829506,0.343,0.276,0.244837065190034,"2","NSA2"
1.74388152748868e-05,0.330877120310325,0.103,0.071,0.24569546840788,"2","STK16"
1.76556353017132e-05,0.265766100742316,0.164,0.123,0.248750245765837,"2","PDCD6IP"
1.85537900398162e-05,0.0983475818661077,0.318,0.256,0.261404347870971,"2","HNRNPR"
1.85762076309768e-05,0.222377408308914,0.203,0.156,0.261720189312832,"2","NAA50"
1.87572706368656e-05,0.402498968071125,0.144,0.106,0.264271186002799,"2","KLHL24"
1.88418928260633e-05,-0.482530618576045,0.246,0.287,0.265463428026406,"2","MYADM"
1.8931392093137e-05,0.316232892005437,0.142,0.103,0.266724383200207,"2","SMARCB1"
1.91267004457275e-05,0.305226573258172,0.126,0.091,0.269476082579854,"2","CSNK2A1"
1.93679707932979e-05,0.346968048751491,0.195,0.152,0.272875340506775,"2","ATF7IP"
1.95157803034268e-05,0.21018401389558,0.285,0.229,0.274957828694981,"2","KIF5B"
1.99000756146423e-05,0.180209599034087,0.125,0.089,0.280372165334695,"2","IWS1"
2.03419394536588e-05,0.0999639624496376,0.522,0.441,0.2865975849626,"2","MORF4L1"
2.04585118716814e-05,0.43899341536643,0.157,0.118,0.28823997376012,"2","ATG2A"
2.05429156431208e-05,0.22731188444778,0.115,0.081,0.289429138495929,"2","ARL14EP"
2.07081508792829e-05,0.0877762846355814,0.28,0.221,0.291757137738217,"2","MPC2"
2.13438650335083e-05,0.306083285668383,0.236,0.188,0.300713714457099,"2","PSTPIP1"
2.17016187432232e-05,0.218469225584431,0.208,0.162,0.305754106473271,"2","AKIRIN2"
2.18659810045895e-05,0.158559424930734,0.247,0.194,0.308069806373662,"2","PRMT1"
2.21183662199222e-05,0.186678209698422,0.135,0.098,0.311625661672483,"2","TXNDC15"
2.23912315301644e-05,0.330628765738192,0.113,0.079,0.315470061028487,"2","APOBEC3H"
2.27880702498104e-05,0.381589070448456,0.136,0.099,0.321061121749578,"2","ATXN7L3B"
2.29089737634037e-05,0.21406514039527,0.131,0.095,0.322764531352594,"2","ARMCX6"
2.33578183981876e-05,0.298610098427783,0.167,0.126,0.329088303412064,"2","CCDC115"
2.34844886980494e-05,0.164791794271241,0.199,0.152,0.330872961266818,"2","SERINC1"
2.35708416193484e-05,0.269506324876128,0.177,0.135,0.332089587575,"2","ALG13"
2.37009624875702e-05,0.202779008826153,0.28,0.224,0.333922860487376,"2","TIGIT"
2.38596086503798e-05,0.243681075842756,0.112,0.078,0.336158026275201,"2","TMEM14A"
2.45925329718098e-05,0.19916887203705,0.224,0.177,0.346484197039828,"2","NDUFB5"
2.49973798128495e-05,0.103396055337353,0.904,0.87,0.352188084183236,"2","MYL6"
2.52256663582291e-05,0.197579057930548,0.335,0.274,0.35540441332109,"2","MZT2A"
2.5239780149075e-05,0.395724711979916,0.11,0.077,0.355603262520318,"2","ATP6V0E2"
2.55245380050267e-05,-0.783695549369217,0.097,0.131,0.359615215952821,"2","LRIF1"
2.57030448912255e-05,0.110720317285498,0.198,0.153,0.362130199472476,"2","METTL23"
2.57320809405256e-05,0.174665896545505,0.297,0.239,0.362539288371066,"2","IDH2"
2.57952270821146e-05,0.177221557938323,0.372,0.306,0.363428954359912,"2","PPIG"
2.6214456355991e-05,0.193551311080671,0.204,0.158,0.369335475599558,"2","PTPRA"
2.65026484654047e-05,0.510751701110865,0.136,0.101,0.373395814229087,"2","UBN1"
2.7050881131813e-05,0.324293108549416,0.138,0.102,0.381119864266114,"2","PPP6R1"
2.73548822360453e-05,0.109902687306014,0.413,0.343,0.385402935823642,"2","GNAI2"
2.76737797002944e-05,-0.694251725970632,0.158,0.195,0.389895882197448,"2","GABARAP"
2.81234605009286e-05,0.399703153854892,0.103,0.071,0.396231434997583,"2","ZC3H8"
2.86964632505278e-05,0.336486005109782,0.105,0.072,0.404304470736687,"2","U2AF1L4"
2.88259459495389e-05,0.325640135491158,0.205,0.161,0.406128752483053,"2","ACAA2"
2.88676227669748e-05,0.140803338174485,0.295,0.237,0.406715937163908,"2","STUB1"
2.90702982039316e-05,0.402336557026079,0.157,0.119,0.409571431395193,"2","CUL3"
2.90954136398216e-05,0.373494093799126,0.11,0.077,0.409925282771446,"2","SMURF2"
2.95211741477498e-05,0.131066055425005,0.472,0.394,0.415923822567647,"2","SRRM1"
2.98104727484517e-05,-0.285020347663747,0.603,0.6,0.419999750552936,"2","EIF4A2"
3.06775325872049e-05,0.197751746667254,0.185,0.142,0.43221575662113,"2","SMAP1"
3.10479696226905e-05,0.106780773367002,0.284,0.228,0.437434844014086,"2","MYCBP2"
3.19881669268603e-05,0.602973007392375,0.123,0.09,0.450681283832534,"2","ATXN7"
3.25398800841067e-05,0.500204605474717,0.29,0.245,0.45845437050498,"2","HLA-DRA"
3.26301486008779e-05,0.0408445790760201,0.192,0.145,0.459726163637769,"2","PPP2R1A"
3.27747887133803e-05,-0.671412605455774,0.143,0.18,0.461763998182815,"2","RNF126"
3.30622009775312e-05,0.268901609086951,0.152,0.114,0.465813349572438,"2","FAM162A"
3.40478864931645e-05,0.112558210909904,0.216,0.168,0.479700672802195,"2","APH1A"
3.45147737927202e-05,0.577141744700196,0.103,0.072,0.486278647965635,"2","NUP98"
3.48834719411493e-05,0.257420841054072,0.119,0.085,0.491473236178853,"2","PFKP"
3.52719025384462e-05,0.106367712728703,0.299,0.241,0.496945834864168,"2","PHPT1"
3.60793344414797e-05,0.0668796685128435,0.184,0.141,0.508321742946008,"2","ZBTB20"
3.65622861161642e-05,0.512439239725331,0.13,0.096,0.515126049090637,"2","LAG3"
3.69230344381766e-05,0.372446498102928,0.13,0.096,0.52020863219947,"2","MBD2"
3.74332515847312e-05,0.102749869468526,0.29,0.234,0.527397081577278,"2","PDCD6"
3.81947941894234e-05,0.168326773903777,0.29,0.234,0.538126455334786,"2","APOBEC3C"
3.91126313048655e-05,0.1219552804921,0.304,0.246,0.55105786245425,"2","RSL1D1"
3.91814921349512e-05,0.118864086343156,0.436,0.368,0.552028042689328,"2","GNG5"
3.93634909547258e-05,0.294249654404481,0.133,0.098,0.554592224061132,"2","ZNF721"
3.98228692014169e-05,0.238546037670641,0.196,0.152,0.561064404178762,"2","SPTAN1"
3.99662551275084e-05,0.354799482257519,0.12,0.086,0.563084568491466,"2","GTPBP1"
4.01553025247694e-05,0.0705546696893669,0.434,0.363,0.565748057271476,"2","PTPN7"
4.04905680487641e-05,0.119249357440518,0.291,0.233,0.570471613239038,"2","PSMB2"
4.06091111583461e-05,0.173494969802772,0.229,0.181,0.572141767109938,"2","RNMT"
4.22783193328282e-05,0.359486473104106,0.105,0.073,0.595659241080216,"2","UTP18"
4.30373333671625e-05,0.0616582492239056,0.23,0.18,0.606352989809953,"2","PPA1"
4.36613217213966e-05,0.209184483052917,0.344,0.288,0.615144361732757,"2","SLC38A1"
4.38459125403057e-05,0.428349083016509,0.11,0.078,0.617745061780367,"2","SFXN1"
4.46272593227473e-05,-0.660444070687303,0.135,0.171,0.628753456598187,"2","ARRDC3"
4.49163965116819e-05,0.260837752437503,0.115,0.082,0.632827110453086,"2","R3HDM4"
4.49904688050359e-05,0.237023727430159,0.137,0.101,0.633870714994151,"2","RTCA"
4.50415098933935e-05,0.433477771852916,0.119,0.086,0.634589832888021,"2","GALNT11"
4.54349444732547e-05,0.216260614438445,0.195,0.151,0.640132932683685,"2","MAPK1IP1L"
4.56065403194994e-05,0.124510164503929,0.241,0.192,0.642550546561426,"2","SS18L2"
4.59889785283795e-05,-0.561262061150312,0.237,0.27,0.647938718486339,"2","ATM"
4.65180401503763e-05,0.208576705355526,0.188,0.145,0.655392667678652,"2","EMC10"
4.73978565848034e-05,0.152027143532711,0.256,0.206,0.667788401423295,"2","CHD2"
4.80597112015339e-05,0.100753856922319,0.282,0.228,0.677113271118412,"2","SNX6"
4.83732260833748e-05,0.317607421036167,0.162,0.123,0.681530382288668,"2","KPNA4"
4.84569398007466e-05,0.201105393606313,0.163,0.124,0.682709824852719,"2","CYTH4"
4.89992304268453e-05,0.208008485657896,0.164,0.124,0.690350157483823,"2","PPIE"
4.96076716527965e-05,0.384624084626666,0.151,0.115,0.69892248591625,"2","MAP3K2"
5.11984533490579e-05,0.271184027323362,0.17,0.13,0.721335009234877,"2","UBA2"
5.37753498365479e-05,0.18005528452124,0.227,0.18,0.757640903847123,"2","CHMP5"
5.49020617144353e-05,0.11800853124934,0.437,0.365,0.773515147494679,"2","SNU13"
5.5180807997161e-05,0.300631857298682,0.19,0.148,0.777442403872001,"2","ST3GAL1"
5.5260539766294e-05,0.0769937682728496,0.541,0.455,0.778565744767316,"2","RAN"
5.67860692006537e-05,0.101333578618445,0.358,0.294,0.800058928968009,"2","RWDD1"
5.68866824541758e-05,0.203819969105725,0.406,0.346,0.801476469096883,"2","ARID4B"
5.69618709225946e-05,0.134712758005155,0.227,0.18,0.802535799428436,"2","WDR33"
5.72047377360127e-05,0.165290355166342,0.258,0.205,0.805957549962684,"2","NHP2"
5.72054866190106e-05,0.218118507430967,0.115,0.081,0.80596810097524,"2","ATG4B"
5.74283169278407e-05,0.22875843533746,0.156,0.118,0.809107557196347,"2","PEX2"
5.76502047487132e-05,-0.522121658434218,0.223,0.26,0.81223373470462,"2","IQGAP2"
5.80064138556186e-05,0.100354109423955,0.373,0.308,0.81725236481181,"2","NDUFB4"
5.82148639821712e-05,0.356256543630694,0.119,0.087,0.82018921864481,"2","TP53I13"
5.95304270160741e-05,0.128737548217211,0.213,0.166,0.838724186229468,"2","TNFAIP8"
6.07361927208466e-05,0.129248761462912,0.248,0.199,0.855712219244008,"2","RBMS1"
6.13083491007352e-05,0.105025068533444,0.574,0.493,0.863773330480258,"2","HNRNPC"
6.21745868403363e-05,0.222780078367355,0.247,0.199,0.875977753993499,"2","PTPN6"
6.42079393869475e-05,0.213420061151359,0.167,0.127,0.904625658022703,"2","NUDT4"
6.4634939569507e-05,-0.56425707083047,0.318,0.342,0.910641663594784,"2","ABHD17A"
6.55086414790187e-05,0.270578748177801,0.144,0.108,0.922951249797895,"2","NGLY1"
6.55422305003882e-05,0.265269405083009,0.192,0.151,0.923424485519969,"2","PHF3"
6.55479290092024e-05,0.361072593060769,0.11,0.079,0.923504771810653,"2","STAU2"
6.60973240079964e-05,-0.586615481190935,0.129,0.165,0.931245197948662,"2","ORAI1"
6.6731474272846e-05,-0.453213660094686,0.206,0.248,0.940179741030127,"2","TLE4"
6.69448443719819e-05,0.17367545413055,0.123,0.089,0.943185912356854,"2","TRADD"
6.78768779964609e-05,-0.750026391223509,0.089,0.121,0.956317334092138,"2","PLEKHA1"
6.79814226360233e-05,0.275796181531088,0.144,0.108,0.957790263518933,"2","HUWE1"
6.83266228223574e-05,0.204058493329958,0.205,0.16,0.962653788944193,"2","DDX27"
6.86308509023843e-05,0.097428943069507,0.292,0.238,0.966940058363693,"2","CLEC2D"
6.92559300883626e-05,0.522268646350327,0.188,0.147,0.975746799014941,"2","MGAT1"
6.92985883388924e-05,0.157550203795908,0.195,0.151,0.976347811106655,"2","USP8"
6.97261496462925e-05,0.235788274719659,0.201,0.159,0.982371722366615,"2","NFKB1"
7.04429214294279e-05,0.222392179420709,0.203,0.159,0.99247032001921,"2","KRR1"
7.40307270899134e-05,0.470009815516673,0.114,0.082,1,"2","CORO1B"
0.000117345502506696,0.447281280278227,0.104,0.075,1,"2","MBTPS1"
0.00526917628109652,0.433940705946885,0.109,0.088,1,"2","YES1"
0.000143275256876239,0.431061626125142,0.115,0.085,1,"2","EIF3B"
8.42424096180997e-05,0.42855456578498,0.113,0.082,1,"2","PPIP5K2"
8.4966480843231e-05,0.427720199326121,0.124,0.091,1,"2","ASCC3"
8.91115216305459e-05,0.422533993774017,0.104,0.075,1,"2","AGPAT2"
0.000541592338534213,0.41978349676091,0.101,0.075,1,"2","MEF2A"
7.29457276924084e-05,0.418879161688881,0.1,0.07,1,"2","MARK2"
0.000160306030426644,0.410072189731438,0.124,0.092,1,"2","DDHD1"
0.000442327792363984,0.408816627015454,0.107,0.08,1,"2","VPS25"
8.0428592609649e-05,0.408150162414017,0.103,0.074,1,"2","ZNF217"
0.000126768958246002,0.398547302194852,0.104,0.075,1,"2","AP2A1"
0.000199712702634824,0.395428416156749,0.13,0.098,1,"2","EP300"
0.000831700395328254,0.393292255534841,0.123,0.096,1,"2","PSD4"
8.57852803117373e-05,0.391648172250038,0.107,0.077,1,"2","CRTC3"
0.0025540202774104,0.384965440722829,0.108,0.084,1,"2","PPP1R15B"
0.000279426200098401,0.383626642617022,0.124,0.094,1,"2","SNTB2"
0.00122814467748143,0.382193356732851,0.113,0.087,1,"2","PIK3AP1"
0.000800818741206689,0.379409964298698,0.107,0.081,1,"2","ZFX"
9.48009718879986e-05,0.370744373937993,0.113,0.082,1,"2","RLF"
0.000173708007863327,0.370466858711305,0.174,0.137,1,"2","GABPB1"
0.000150099739968721,0.362966496614926,0.144,0.11,1,"2","CABIN1"
0.000786841662002365,0.362090546437435,0.106,0.08,1,"2","CCDC14"
0.000201567097041065,0.355264113057531,0.108,0.079,1,"2","ECHDC2"
8.44298540127437e-05,0.353116201308486,0.124,0.091,1,"2","LONP2"
0.000170603683389145,0.352487482077979,0.106,0.077,1,"2","NSFL1C"
0.000518266004187808,0.35074086463991,0.104,0.078,1,"2","RRP1B"
0.000107750529199039,0.349493788644783,0.107,0.077,1,"2","ZCCHC7"
0.000218163916990582,0.348978506132538,0.106,0.078,1,"2","EMG1"
0.000258895872309842,0.346334797570763,0.101,0.073,1,"2","MSL2"
0.000165078515593204,0.346329672495647,0.12,0.09,1,"2","ADNP"
0.00120297746823188,0.345343993929661,0.136,0.108,1,"2","PDHA1"
0.000167634318290649,0.343373016554793,0.115,0.084,1,"2","OAZ2"
0.000124445940095002,0.33887835067404,0.132,0.099,1,"2","GNA13"
0.000255839656433969,0.328438130992694,0.126,0.094,1,"2","GOLIM4"
0.000150515389313241,0.324017367695091,0.126,0.094,1,"2","CCS"
9.51954760016669e-05,0.320944393421071,0.13,0.097,1,"2","WDR26"
0.0033227388040705,0.318808420155528,0.114,0.09,1,"2","ITCH"
9.30082297916893e-05,0.311426996585792,0.197,0.157,1,"2","XAF1"
0.00630727877701304,0.310684339934046,0.103,0.081,1,"2","MAP4K1"
7.85730487024212e-05,0.306939839978137,0.109,0.078,1,"2","SNX1"
0.000564536454604699,0.305147858216844,0.127,0.097,1,"2","UBE2H"
0.000176008116279763,0.303999608754926,0.176,0.139,1,"2","ETF1"
0.000275756766148879,0.303793303304269,0.108,0.079,1,"2","ASF1A"
0.00454294280730325,0.302885254495136,0.1,0.078,1,"2","ACTR1B"
0.000327632245936611,0.29683682538936,0.135,0.104,1,"2","SETD5"
0.000120745843566487,0.294272371479718,0.114,0.083,1,"2","GPATCH2L"
0.000204707972959365,0.293544432261294,0.115,0.085,1,"2","LARP1"
0.000330941562113289,0.293003671099773,0.105,0.077,1,"2","SUSD6"
0.00624667332671548,0.289237421056902,0.131,0.107,1,"2","NFAT5"
0.000185291475167002,0.289019161919101,0.119,0.088,1,"2","GGA2"
0.003399626530505,0.286282082602175,0.1,0.077,1,"2","CLASP1"
0.000484260531023098,0.286008840818823,0.11,0.082,1,"2","CUL1"
0.000598486605403582,0.28586085586253,0.121,0.092,1,"2","TIMMDC1"
0.00930582165773345,0.284730542432076,0.149,0.126,1,"2","IRF8"
0.00124080796355913,0.281683564377705,0.11,0.084,1,"2","SRPK1"
0.000275309293378472,0.281006061302892,0.103,0.075,1,"2","UBR5"
0.00420406868967382,0.275246873830965,0.103,0.08,1,"2","NOLC1"
0.000547730426049838,0.274120300287566,0.123,0.094,1,"2","UBA6"
0.00266487923974697,0.273557899913406,0.102,0.078,1,"2","TATDN1"
0.000164705930605034,0.272762768685555,0.13,0.097,1,"2","GLCCI1"
0.00180159844898158,0.271366860428958,0.126,0.099,1,"2","DBF4"
0.000235664950080877,0.271266525825784,0.125,0.093,1,"2","PSMD3"
0.000129866805984512,0.269913672322749,0.105,0.075,1,"2","UBE2E1"
0.000339464452586128,0.268877964914082,0.176,0.14,1,"2","XRN1"
0.0040031166975488,0.268256623358286,0.102,0.08,1,"2","ELK4"
0.000236217086607456,0.267694773118716,0.154,0.119,1,"2","URM1"
0.00402187108279412,0.266479712862807,0.112,0.089,1,"2","CLIP1"
0.00241586600749308,0.265704680209401,0.109,0.084,1,"2","NTMT1"
0.000163172915649094,0.263837919674753,0.147,0.112,1,"2","SCFD1"
0.00227654957818812,0.262549057656428,0.131,0.104,1,"2","BRI3"
0.00130256727838848,0.261849173239821,0.148,0.118,1,"2","CPNE3"
0.00739709679691263,0.261121654557688,0.131,0.108,1,"2","CRIPT"
0.000151506638048583,0.258566677533697,0.108,0.078,1,"2","ORAI2"
0.000325330018702198,0.258234899880613,0.105,0.077,1,"2","PFKL"
7.8857701877679e-05,0.257341617728821,0.153,0.117,1,"2","DOCK2"
0.000990994966686099,0.256950882593992,0.141,0.111,1,"2","RAD23B"
0.000439526555869244,0.255169141215379,0.138,0.106,1,"2","USP14"
0.000506948236594626,0.252722271182566,0.157,0.123,1,"2","WDR82"
0.000124067048204723,0.252341791892287,0.116,0.084,1,"2","DYNC1LI1"
0.00410179030239829,0.251396219712927,0.153,0.126,1,"2","GBP4"
0.000286958756995242,0.249881188482491,0.116,0.086,1,"2","ABCE1"
0.00712689927766398,0.248447626610159,0.118,0.096,1,"2","ZNF652"
0.00150423101618154,0.248025226820501,0.107,0.082,1,"2","TMEM106B"
0.000491530686554469,0.247774488118011,0.108,0.08,1,"2","LYRM2"
0.000134895435930339,0.247464131970183,0.15,0.115,1,"2","CCPG1"
0.00040706880481954,0.247192325615487,0.142,0.11,1,"2","CNTRL"
0.0002718814843708,0.246678844475527,0.141,0.108,1,"2","NELFE"
0.00393253277303956,0.24514241058198,0.156,0.129,1,"2","SNRK"
0.00441876831827077,0.244943328264556,0.128,0.103,1,"2","DCAF13"
0.00136663000108948,0.244269728774706,0.122,0.095,1,"2","ATP11B"
0.000508168702188832,0.243807849775237,0.139,0.108,1,"2","PBRM1"
0.00131664654215849,0.243699492197029,0.128,0.1,1,"2","UBR2"
0.000185572569716534,0.243642141826111,0.153,0.118,1,"2","ABHD14B"
0.000235913355081701,0.243479613330732,0.122,0.091,1,"2","EIF4G1"
0.000235895594164504,0.243151991170057,0.153,0.119,1,"2","TMEM141"
0.00101230358929364,0.242068808594071,0.138,0.109,1,"2","APPL1"
0.00614911182794068,0.240999795189579,0.1,0.079,1,"2","PRRC2A"
0.000124547163643203,0.240836338131198,0.118,0.086,1,"2","USO1"
0.000786947880269191,0.239870447099235,0.154,0.122,1,"2","SLC39A10"
7.87834590727162e-05,0.239392646359839,0.111,0.08,1,"2","EFR3A"
0.000408915503642201,0.238390954900634,0.111,0.083,1,"2","USP22"
0.00122313017603488,0.238099720725288,0.12,0.093,1,"2","PDS5A"
0.00196109037440817,0.238074945357662,0.142,0.114,1,"2","SUZ12"
0.00138259741221045,0.237418817386972,0.124,0.097,1,"2","C1GALT1"
0.00206237535854566,0.237356161021478,0.209,0.176,1,"2","BOD1L1"
0.000209951246378946,0.236182522359196,0.145,0.111,1,"2","MICU2"
0.000119618330708091,0.235687437708889,0.159,0.122,1,"2","SMIM19"
0.000185652980475691,0.235600322202764,0.162,0.126,1,"2","HINT2"
0.00134694312287811,0.235436736083651,0.126,0.099,1,"2","CAPRIN1"
0.00311537433034404,0.234996404161869,0.111,0.087,1,"2","VPS13A"
0.00553013980639298,0.234883623483143,0.195,0.165,1,"2","TOX4"
0.000267874675130444,0.233506776088865,0.163,0.128,1,"2","UBE3A"
0.0010980156590985,0.233094332832331,0.123,0.096,1,"2","IPCEF1"
0.001254346391058,0.232975805382743,0.11,0.084,1,"2","LCMT1"
0.0011746809210666,0.232186137299642,0.168,0.136,1,"2","RASGRP1"
0.000118996411480408,0.231875542668263,0.134,0.1,1,"2","DAXX"
0.00126155905178346,0.230754651021529,0.148,0.118,1,"2","HECTD1"
0.00739500723629155,0.230055458572557,0.135,0.111,1,"2","STX5"
0.000314691477243631,0.228491052489406,0.109,0.08,1,"2","DCTPP1"
0.0017522230541223,0.228304503185221,0.117,0.091,1,"2","TNPO1"
0.00118023247243429,0.22826890091038,0.101,0.076,1,"2","DDX49"
7.5555174129863e-05,0.227843648956178,0.233,0.189,1,"2","PHIP"
0.00102583763061705,0.227667700815077,0.126,0.098,1,"2","CAB39"
0.000449823462034974,0.227368035359953,0.13,0.1,1,"2","FAM136A"
0.000912409946467922,0.227264759894504,0.122,0.094,1,"2","IMMT"
0.000212651428623858,0.226305575211772,0.162,0.125,1,"2","CCDC124"
0.0015838499617781,0.225649242075649,0.173,0.141,1,"2","SUPT16H"
0.00221139151508617,0.225086193392052,0.139,0.111,1,"2","SECISBP2"
0.00112337850703725,0.224745185125678,0.109,0.083,1,"2","ARCN1"
0.00121106011651515,0.223359674255619,0.239,0.2,1,"2","KDM6B"
0.00137489405473936,0.223109897025884,0.128,0.1,1,"2","JOSD2"
0.000622038515139003,0.222248852210653,0.11,0.082,1,"2","DCTD"
0.00418001940324871,0.221727813202827,0.136,0.11,1,"2","TC2N"
0.000443297717443023,0.221634929164184,0.262,0.217,1,"2","PDAP1"
0.00199891056916569,0.221409590632298,0.112,0.087,1,"2","FBXW7"
0.000172398505681572,0.220859730501369,0.215,0.173,1,"2","KANSL1"
0.00038421074569031,0.220524082866246,0.144,0.112,1,"2","PRPF8"
0.00791084173673193,0.220511494963122,0.177,0.149,1,"2","FAM53C"
0.000335603383613428,0.219227633659398,0.165,0.13,1,"2","MNAT1"
0.0041464951117546,0.219143651169191,0.105,0.082,1,"2","NDUFV3"
0.00117659529558386,0.218740912547919,0.232,0.194,1,"2","WAC"
0.000277245080182298,0.218386588502086,0.101,0.073,1,"2","GFER"
0.00280745793402099,0.218116990230087,0.148,0.12,1,"2","WAPL"
8.65779322179172e-05,0.217542487700418,0.168,0.129,1,"2","PTBP3"
0.000150247052000268,0.215980386688942,0.129,0.096,1,"2","NFKB2"
0.00172608199943673,0.215723335990105,0.194,0.161,1,"2","PPM1K"
0.00117942829331948,0.215638430151114,0.139,0.109,1,"2","GBP1"
0.00011463550783343,0.215089620233367,0.118,0.086,1,"2","SYTL2"
0.00158439054928106,0.214727953464634,0.111,0.086,1,"2","KPNA3"
0.000394133064125553,0.214431900566026,0.105,0.077,1,"2","TPD52"
0.000480001747341644,0.214040284223524,0.168,0.133,1,"2","TM2D3"
0.000860130144027532,0.212960952966416,0.116,0.088,1,"2","IL4R"
0.000211493767695254,0.212365636437393,0.211,0.17,1,"2","ITSN2"
0.00101356468725006,0.212138775766719,0.116,0.089,1,"2","BAD"
0.000627619870429427,0.21146677270525,0.146,0.114,1,"2","CREBZF"
0.00280952672804735,0.210434603763473,0.161,0.132,1,"2","TRIM38"
0.00405678734609458,0.208247733625397,0.149,0.121,1,"2","ARMCX3"
0.00012748347305172,0.207789933554546,0.295,0.244,1,"2","TCEA1"
0.000725004339322555,0.207245560436937,0.152,0.119,1,"2","SMC1A"
0.000681269482418579,0.207091010447324,0.17,0.136,1,"2","SDHA"
0.000101814163916305,0.206857835973969,0.184,0.143,1,"2","REST"
0.00391565571096658,0.206668295100254,0.153,0.126,1,"2","CEP350"
8.75062276872207e-05,0.206600095558253,0.122,0.089,1,"2","FBXO6"
0.00665073542244348,0.206451475518179,0.141,0.116,1,"2","NUDT22"
0.000942204219598063,0.205877385891448,0.105,0.079,1,"2","WDR43"
8.34324776600144e-05,0.205245383970912,0.19,0.148,1,"2","RNF114"
0.000392739277437787,0.203698298301549,0.156,0.123,1,"2","RAB1B"
0.00125745098484229,0.203548674879416,0.166,0.133,1,"2","N4BP2L1"
0.00055634911166005,0.203420331385765,0.111,0.084,1,"2","COA5"
0.00119653547325952,0.20316161909986,0.182,0.148,1,"2","RICTOR"
0.000304088310963795,0.203159904842818,0.205,0.166,1,"2","PPCS"
0.000979835610850249,0.202005615318275,0.361,0.315,1,"2","SLC2A3"
0.0016501873296827,0.200954416823824,0.144,0.114,1,"2","VKORC1"
0.000778511951830963,0.200438146113056,0.165,0.131,1,"2","ERGIC2"
0.0019785694748293,0.200295761034102,0.123,0.096,1,"2","DCAF5"
0.000186787875721192,0.200119156771367,0.203,0.162,1,"2","TIMM13"
0.00051521036515773,0.199956258736009,0.145,0.112,1,"2","SRM"
9.20940765455964e-05,0.199726196321228,0.22,0.175,1,"2","PHLDA1"
0.00190210945724793,0.199477964083489,0.116,0.09,1,"2","PRKAG1"
0.00188632704385462,0.197119507650225,0.137,0.109,1,"2","STX4"
0.000853493202034124,0.196861907841448,0.201,0.164,1,"2","TSPAN14"
0.000894174968522926,0.19628533554771,0.265,0.224,1,"2","PRPF4B"
0.00234676107194979,0.196207828401861,0.117,0.092,1,"2","HOOK3"
0.000198694195068602,0.195874174249317,0.237,0.192,1,"2","TTC14"
0.00354847038786701,0.195611893580209,0.134,0.107,1,"2","USP11"
0.00266388232504875,0.19557684063758,0.125,0.099,1,"2","PRDX3"
0.00246603921269796,0.195468994894758,0.114,0.089,1,"2","CUTC"
0.000157632737731038,0.195087545734815,0.241,0.197,1,"2","CDV3"
0.000918892940653986,0.194656101988637,0.702,0.651,1,"2","ZFP36"
0.000224086511164035,0.194033834478072,0.196,0.156,1,"2","SUCLG1"
0.00478596211054839,0.193447214500182,0.155,0.127,1,"2","B3GAT3"
0.00452695131732256,0.193006406685862,0.255,0.219,1,"2","TSPYL2"
0.00103322064121885,0.191227037358557,0.113,0.086,1,"2","SMIM15"
0.00186530005899917,0.191140763833498,0.103,0.078,1,"2","DYRK1A"
0.00253880452059911,0.19105148880256,0.115,0.09,1,"2","YIF1A"
0.00154627964357789,0.189986567960266,0.116,0.09,1,"2","ABHD14A"
7.42912117750004e-05,0.189812619039663,0.193,0.151,1,"2","FUBP1"
0.00179097495248406,0.189350974965979,0.121,0.094,1,"2","TAF3"
0.00441170610423577,0.189278737781585,0.117,0.093,1,"2","ZNF451"
9.023183863875e-05,0.188645591353745,0.167,0.127,1,"2","BTF3L4"
0.00900013541013417,0.188370450953191,0.123,0.101,1,"2","ATP6AP1"
0.000229652128778162,0.188130264453436,0.153,0.118,1,"2","LYSMD2"
0.000598131376646591,0.187424536691645,0.17,0.135,1,"2","FAM32A"
0.00242860156065322,0.187099031824691,0.111,0.086,1,"2","RC3H1"
0.000528423144128689,0.185994199258333,0.218,0.178,1,"2","TTC3"
0.00725098113237184,0.185540496949123,0.144,0.119,1,"2","PHF5A"
0.000100651241751263,0.185248437965254,0.184,0.143,1,"2","PSMD2"
0.0013457052301623,0.184883384984859,0.102,0.077,1,"2","NIN"
0.000319250957283415,0.184542487049051,0.138,0.106,1,"2","TLK1"
0.000228800417853486,0.184170827633473,0.179,0.141,1,"2","SMIM7"
0.00200610535765416,0.183416245071393,0.1,0.076,1,"2","SLAIN2"
0.00668487112608806,0.182484532618256,0.109,0.087,1,"2","CAT"
0.00100490350663891,0.181960037165408,0.194,0.158,1,"2","ISCA1"
0.00714553544320955,0.181699405272531,0.204,0.173,1,"2","ILF3"
0.000144789101239862,0.181488128725271,0.107,0.078,1,"2","ASNSD1"
0.000165116119795904,0.181263451245003,0.148,0.112,1,"2","VMA21"
0.000960764358897065,0.180818057135902,0.157,0.125,1,"2","GLUD1"
0.000690349996191937,0.180368025136457,0.169,0.135,1,"2","CDC123"
0.000352432032751313,0.18010230154906,0.202,0.163,1,"2","RALBP1"
0.000931556157006302,0.179999681941474,0.18,0.145,1,"2","NCKAP1L"
0.000255275841697222,0.179555038572813,0.145,0.111,1,"2","TMEM126A"
0.000448521489299338,0.179492303839062,0.122,0.093,1,"2","GOSR1"
0.000382860147598562,0.179299608953233,0.159,0.125,1,"2","RB1CC1"
0.0002049883253392,0.178623312203383,0.14,0.105,1,"2","MITD1"
0.00682674974322036,0.178615306090274,0.106,0.084,1,"2","MALT1"
0.000264608253615641,0.178458496493463,0.216,0.173,1,"2","PDCD10"
0.000358018847456228,0.177935283259644,0.183,0.145,1,"2","PLEKHJ1"
0.000703523863376363,0.177813723579484,0.111,0.084,1,"2","NIT2"
0.002255451164344,0.177557058941681,0.1,0.076,1,"2","ATIC"
0.000231567869181443,0.177440821520392,0.183,0.145,1,"2","NDUFS4"
0.00110753983874854,0.177357028780903,0.123,0.095,1,"2","TMED3"
0.000590167406627307,0.177188329934005,0.147,0.115,1,"2","GUSB"
0.00107972683566645,0.177020402534615,0.149,0.118,1,"2","GID8"
0.000121043141168908,0.176767331479054,0.186,0.145,1,"2","TAF15"
0.00277889381745204,0.175825112811948,0.103,0.08,1,"2","DLD"
0.00164777175861357,0.175762465065795,0.185,0.152,1,"2","MCTS1"
0.000119096242911902,0.175335921497713,0.192,0.15,1,"2","PSENEN"
0.00797610284325387,0.175207681920604,0.127,0.104,1,"2","GRHPR"
0.000163338212271415,0.174869720836308,0.161,0.124,1,"2","TMUB1"
0.000253946715084428,0.174817248214935,0.171,0.133,1,"2","CEP57"
0.000503794611741395,0.17376972012398,0.13,0.099,1,"2","RANGRF"
0.00103828635763258,0.17374008645852,0.106,0.08,1,"2","GATAD1"
0.000123268081341185,0.172826770554859,0.235,0.19,1,"2","RBM17"
0.000258582285568411,0.171730678470424,0.282,0.234,1,"2","RNF19A"
0.000211493769097289,0.171016409289969,0.595,0.53,1,"2","NR4A2"
0.000375800758697943,0.170562812447198,0.216,0.176,1,"2","TMEM147"
9.42392430295571e-05,0.170475927728661,0.37,0.31,1,"2","PRKCH"
0.00225958325267172,0.170426991093779,0.109,0.084,1,"2","HK1"
0.00303196700306489,0.170303699792464,0.187,0.155,1,"2","AGTRAP"
0.00361808146915134,0.170107519020354,0.119,0.094,1,"2","USP48"
0.000495367789034027,0.169566514117263,0.183,0.146,1,"2","MFF"
0.000421101898337157,0.169155047751426,0.171,0.135,1,"2","PPP4R2"
0.00100211125002056,0.168843572500433,0.134,0.104,1,"2","MAPKAPK2"
0.000554649871733929,0.168729558491231,0.287,0.241,1,"2","YME1L1"
0.00208584288791673,0.168697929780105,0.17,0.139,1,"2","TMEM208"
0.000214857984016918,0.167884629193014,0.261,0.213,1,"2","RBBP6"
0.000112944138945664,0.167875073108893,0.188,0.148,1,"2","SH3BP1"
0.00383354806306341,0.167842004112265,0.197,0.165,1,"2","ZNF292"
0.000872291987331462,0.166920958318956,0.155,0.124,1,"2","GLRX5"
0.00254515276836915,0.166574940861695,0.226,0.191,1,"2","LMO4"
0.00901785038989792,0.166393330300599,0.123,0.101,1,"2","CYB5R3"
0.000397693326459978,0.165944276735238,0.234,0.192,1,"2","PAFAH1B1"
0.00135284537521356,0.165910824164137,0.196,0.162,1,"2","SMARCA2"
0.00167173172250043,0.165620428380121,0.218,0.182,1,"2","RAB11A"
0.00585263091465361,0.165498172151836,0.145,0.119,1,"2","FGD3"
0.000241526387581188,0.165368894659228,0.16,0.123,1,"2","PBDC1"
0.000116815459176792,0.164837611431901,0.129,0.095,1,"2","SNX14"
0.000322039753193203,0.164659011864195,0.246,0.201,1,"2","PHB2"
8.16045632951713e-05,0.164583898460386,0.204,0.161,1,"2","TAF10"
0.000389966896052174,0.16454119953754,0.139,0.107,1,"2","GMCL1"
0.00343880248587588,0.164498330395884,0.15,0.122,1,"2","HSPA4"
0.000306072141365304,0.164101567803083,0.178,0.139,1,"2","DCTN2"
0.00430157738840346,0.163727904337068,0.137,0.111,1,"2","DNAJC21"
0.00413937881745982,0.163355175818861,0.1,0.077,1,"2","COMMD10"
0.00984774275865185,0.163074752038105,0.128,0.105,1,"2","TOR1A"
0.000407984165363352,0.16249038754804,0.268,0.223,1,"2","UGP2"
0.000541632748072444,0.162150797142014,0.22,0.181,1,"2","FKBP2"
0.00319131570134387,0.16184596720914,0.133,0.107,1,"2","CNDP2"
0.00102769918044388,0.161784495532931,0.151,0.119,1,"2","TMPO"
0.00849633834514055,0.161355777023224,0.104,0.083,1,"2","TUBGCP2"
0.000304946530633568,0.161069541322994,0.187,0.148,1,"2","XIST"
0.00156390130796739,0.160932450399361,0.127,0.099,1,"2","KATNBL1"
0.00627479238108187,0.160715178843049,0.13,0.105,1,"2","COPB2"
0.00561924756417652,0.160368545348038,0.158,0.131,1,"2","NCAM1"
9.1652072704681e-05,0.159971571932915,0.127,0.093,1,"2","DYNLT3"
0.00075666743355187,0.15995946099228,0.165,0.131,1,"2","METTL5"
9.71980452617639e-05,0.15986094462113,0.134,0.099,1,"2","GIT2"
0.00711114590315831,0.159739079818933,0.127,0.104,1,"2","CNOT1"
0.0077074025434177,0.159063115248887,0.214,0.183,1,"2","AKIRIN1"
0.00126374366560799,0.158661275476271,0.181,0.147,1,"2","POLR2B"
0.009147760013124,0.158541853466503,0.117,0.095,1,"2","NCBP3"
0.00256966605087674,0.158421432484095,0.307,0.263,1,"2","IFRD1"
0.00512490918076431,0.158185584313796,0.14,0.114,1,"2","DHX9"
0.000104669017626696,0.158115845172302,0.125,0.092,1,"2","PPM1A"
9.26325386348036e-05,0.15741416897435,0.12,0.087,1,"2","CCDC28A"
0.000351809856401703,0.157134977964991,0.322,0.272,1,"2","TAP1"
0.00106432340109677,0.157091901725071,0.247,0.208,1,"2","ATG12"
0.000191446414139943,0.157080232585184,0.193,0.153,1,"2","TMEM248"
0.000523870891958301,0.156967493197071,0.122,0.093,1,"2","RNF4"
0.000707282315529621,0.156595407495442,0.124,0.094,1,"2","PPT1"
0.000433339604374923,0.156447769984529,0.105,0.078,1,"2","TPGS2"
0.00121390198513822,0.156405318367226,0.295,0.252,1,"2","PIM1"
0.000895112779612624,0.156263334805567,0.122,0.093,1,"2","ZNF106"
0.000402305841276921,0.156230417539873,0.112,0.083,1,"2","ZSWIM7"
0.000261619235150378,0.155948191976553,0.163,0.127,1,"2","MEA1"
0.000214557225027319,0.155892869703873,0.249,0.202,1,"2","CLTB"
0.000769156173388939,0.154529047674205,0.149,0.117,1,"2","IP6K2"
0.00143856764128341,0.154207412275423,0.125,0.097,1,"2","BLOC1S6"
0.00374793908842479,0.154115043738345,0.11,0.086,1,"2","TCERG1"
0.00243665312205662,0.154043656750058,0.219,0.183,1,"2","MIER1"
0.000187252717370326,0.153241643922583,0.203,0.161,1,"2","FAM50A"
0.00141232902959637,0.15276042614849,0.135,0.106,1,"2","STX16"
0.000109688099252837,0.152522951991084,0.205,0.163,1,"2","LASP1"
0.000479253028273511,0.151757987423986,0.159,0.125,1,"2","PSMD14"
0.00454320485843784,0.151619119193258,0.166,0.137,1,"2","PTPN1"
0.000462505843045242,0.151495044775124,0.239,0.196,1,"2","NBEAL1"
0.00065575933761821,0.151070113329759,0.206,0.168,1,"2","SNF8"
0.00185357064405617,0.150516078939814,0.155,0.125,1,"2","CFDP1"
0.00592523566527957,0.150193111687213,0.161,0.134,1,"2","KAT6B"
0.0077974616853682,0.149316763459814,0.126,0.103,1,"2","TXNDC9"
0.000397218306895716,0.14907725419502,0.256,0.211,1,"2","ARHGAP15"
0.00263352664247408,0.148686812291147,0.142,0.114,1,"2","SAR1B"
0.0070277324765886,0.148145980189609,0.127,0.103,1,"2","DDB1"
0.000683553268240796,0.14789096026201,0.157,0.124,1,"2","TNIP1"
0.000202430551574344,0.147280844130918,0.352,0.295,1,"2","RAP1A"
0.00636783824679414,0.147031592144919,0.127,0.104,1,"2","ZFR"
0.00408748747197102,0.146681355044817,0.141,0.114,1,"2","CLINT1"
0.00532347892238485,0.146438405371699,0.127,0.102,1,"2","TRIM44"
0.000253665271749468,0.145557686530117,0.29,0.242,1,"2","MAP3K8"
0.00174203725475831,0.145197952966051,0.203,0.168,1,"2","TACC1"
0.00020115937059563,0.145145070246838,0.119,0.087,1,"2","TPP2"
0.00416119895842225,0.14469541901117,0.132,0.105,1,"2","DCAF11"
0.00296046231652317,0.144325478626182,0.159,0.13,1,"2","CCDC186"
0.000284503536372447,0.14397005944016,0.141,0.107,1,"2","VPS35"
0.00126245404637469,0.143333012154588,0.151,0.12,1,"2","ECHDC1"
0.00362529498296488,0.143308259402471,0.134,0.107,1,"2","BNIP3L"
0.00262977161946506,0.142761700716708,0.118,0.092,1,"2","SPG21"
0.0013643985531743,0.141962128561755,0.145,0.115,1,"2","UBE2J2"
0.000192726148048268,0.14123066846401,0.217,0.174,1,"2","GSDMD"
0.00118819625177537,0.140898406154083,0.188,0.153,1,"2","SPPL2A"
0.000399115323997303,0.140800506940388,0.209,0.169,1,"2","FAAP20"
0.00126484683870837,0.140576555498066,0.153,0.122,1,"2","RAB21"
0.000935475312877738,0.140263846996717,0.178,0.144,1,"2","NDUFS3"
0.000758080681429706,0.139747764856445,0.273,0.228,1,"2","CCT8"
0.00626908939336083,0.139347515962539,0.153,0.127,1,"2","PRPF6"
0.00187610395604374,0.139191433848868,0.14,0.111,1,"2","PSMC2"
0.00121367559149452,0.138713308374933,0.107,0.081,1,"2","SNX20"
0.00315980731703475,0.138419504790341,0.101,0.078,1,"2","DIDO1"
0.00993656962251526,0.138194430942252,0.159,0.134,1,"2","PSMD11"
0.00275970839745442,0.13763501914812,0.162,0.131,1,"2","NR1H2"
0.00277905637878798,0.137073480671733,0.292,0.25,1,"2","SRSF10"
0.00870283137160963,0.136507517247828,0.112,0.09,1,"2","RHBDD2"
0.00424586475679503,0.13619202876733,0.137,0.11,1,"2","POLR2H"
0.0057955866328931,0.135839279150614,0.12,0.097,1,"2","GTF2F2"
0.000287846613892894,0.135441853480338,0.148,0.114,1,"2","PMPCB"
0.00104324176479973,0.134955494449646,0.161,0.128,1,"2","FYTTD1"
0.00053740809982144,0.134938140531988,0.592,0.528,1,"2","S100A11"
0.00620659486484082,0.134831883695666,0.166,0.138,1,"2","SACM1L"
0.000125791596811271,0.133557396035209,0.31,0.257,1,"2","UBE2N"
0.000237933330293986,0.133456399205926,0.189,0.149,1,"2","TMEM259"
0.00222093782647849,0.133438394140525,0.241,0.203,1,"2","GRB2"
0.00377092657557886,0.133025718496573,0.387,0.339,1,"2","EIF5A"
0.000225894245589566,0.132783218098709,0.153,0.118,1,"2","SMARCC1"
0.000450873230461747,0.132369051748774,0.164,0.129,1,"2","LYPLA1"
0.00199008566234766,0.131839408194978,0.102,0.078,1,"2","GPN1"
0.00117194624774156,0.131733625024407,0.201,0.164,1,"2","POLE4"
7.15623630256917e-05,0.1313858055511,0.219,0.171,1,"2","TMEM9B"
0.00177957693222741,0.130975495475716,0.152,0.122,1,"2","CTDNEP1"
0.0041692966152944,0.130753542471479,0.103,0.08,1,"2","CBR1"
0.00282729845917995,0.130597379722876,0.154,0.124,1,"2","PLEKHB2"
0.00197630298614015,0.130366479790283,0.228,0.192,1,"2","RBBP4"
0.00854165674241389,0.129910190772353,0.165,0.138,1,"2","SNRNP200"
0.00166631681657761,0.129893926464819,0.27,0.231,1,"2","OPTN"
0.00451662239198241,0.129327412699078,0.142,0.115,1,"2","EXOSC1"
0.0099807619167015,0.129264335624534,0.149,0.124,1,"2","BID"
0.00208761428812628,0.12882142038809,0.508,0.448,1,"2","SNRPB"
8.87278575546521e-05,0.128673462361749,0.214,0.17,1,"2","TIAL1"
0.000101417032676877,0.128126216531372,0.145,0.109,1,"2","ERCC1"
0.00115264631348197,0.127381095404423,0.139,0.108,1,"2","RAB5A"
0.00135756843746149,0.127063259882513,0.174,0.14,1,"2","TMEM134"
0.000330896200870192,0.127009804171347,0.56,0.493,1,"2","CYTIP"
0.000149646268727313,0.126759555471424,0.418,0.356,1,"2","TXN"
0.00152322810040545,0.12644362822922,0.262,0.221,1,"2","MAP2K2"
0.00477709256373784,0.126129688672352,0.252,0.216,1,"2","ILF2"
0.000219135163657296,0.126111957566952,0.314,0.26,1,"2","NUDC"
0.00348538480023256,0.125762935975782,0.179,0.149,1,"2","AKR7A2"
0.00043207060968124,0.125339500394232,0.145,0.112,1,"2","PFDN4"
0.00957771619819378,0.124628687112069,0.121,0.099,1,"2","ARRDC1"
0.000193856548167898,0.124415478729559,0.138,0.104,1,"2","NFU1"
0.00106422251612904,0.123973622251753,0.345,0.294,1,"2","GHITM"
0.0015779146132356,0.123694582935026,0.284,0.24,1,"2","TRA2A"
0.000168785920017422,0.123418073908537,0.151,0.115,1,"2","NMRK1"
0.000295283837728216,0.123126371973814,0.422,0.362,1,"2","CCDC85B"
0.00350519386994263,0.122497238314858,0.136,0.109,1,"2","KXD1"
0.000145506149832489,0.122245129483562,0.261,0.212,1,"2","PCMT1"
0.00177681753067373,0.122204645299276,0.12,0.093,1,"2","ZFC3H1"
0.00214099306810075,0.121559874967985,0.153,0.123,1,"2","KDELR1"
0.000114881732193407,0.121448920640362,0.232,0.185,1,"2","TWF2"
0.00438559636391268,0.121434216716505,0.105,0.082,1,"2","SNAPIN"
0.000746582626163714,0.120684065195922,0.135,0.104,1,"2","IFT20"
0.00681595607063467,0.120537400315312,0.136,0.11,1,"2","FAM43A"
0.000480010060722498,0.120372273261423,0.159,0.125,1,"2","HAGH"
0.00506850614420131,0.120359900232124,0.203,0.172,1,"2","NUB1"
0.000992764279110181,0.120324143788973,0.284,0.238,1,"2","SLC3A2"
0.00316974292621608,0.120275528941333,0.213,0.177,1,"2","ERGIC3"
0.000687179091610277,0.120207269249416,0.219,0.178,1,"2","DBNL"
0.000995802053752203,0.119940635905003,0.275,0.232,1,"2","EWSR1"
0.000214494093502501,0.119493498454787,0.161,0.125,1,"2","UBTF"
0.00218785403534235,0.119352743844966,0.194,0.16,1,"2","PRDM2"
0.0028401492897243,0.118771358120546,0.213,0.177,1,"2","NDUFV1"
0.000749592896264923,0.118557863825754,0.153,0.12,1,"2","SDHB"
0.0018528420358352,0.118042688483515,0.188,0.154,1,"2","CHIC2"
8.58363802097402e-05,0.117740239057249,0.176,0.136,1,"2","PRKCSH"
0.000494570428389455,0.117456078227539,0.263,0.216,1,"2","ANKRD44"
0.000458953114847168,0.116327922626521,0.378,0.323,1,"2","XRCC5"
0.000667532794657878,0.116249380156466,0.329,0.279,1,"2","NASP"
0.00970560720272101,0.115856793229778,0.157,0.132,1,"2","VPS36"
0.000218871281987605,0.11523481644087,0.249,0.201,1,"2","EIF6"
0.000269102431741193,0.115034317878694,0.311,0.259,1,"2","VASP"
0.00026663475146602,0.114677122107634,0.237,0.192,1,"2","PSMD7"
0.00364610216835795,0.113717269243919,0.114,0.089,1,"2","HACD4"
0.000146433861083603,0.113667799080384,0.348,0.291,1,"2","ATRX"
0.000904712328788398,0.113332359397053,0.128,0.099,1,"2","SEC13"
0.000512602733540872,0.11317001038313,0.141,0.108,1,"2","CNIH1"
0.00295609962095831,0.113069402830323,0.116,0.091,1,"2","ZDHHC24"
0.00529731164026622,0.112045263127464,0.124,0.099,1,"2","CLK4"
0.00705231954005895,0.111768280848013,0.117,0.094,1,"2","KLHDC2"
0.00358403017961476,0.111576168841646,0.201,0.167,1,"2","KMT2A"
0.000644918336246787,0.110834534152489,0.552,0.481,1,"2","STK4"
0.00084697245775746,0.110798674056747,0.27,0.226,1,"2","MAF1"
0.00217490331212919,0.110604937786736,0.363,0.314,1,"2","CASP4"
0.00352190414024887,0.109581473099949,0.159,0.129,1,"2","HLA-DMA"
0.00236658506208381,0.108536990374216,0.146,0.117,1,"2","LLPH"
0.00661489255978558,0.107936045501154,0.108,0.086,1,"2","JAK3"
0.000539977818004997,0.107753860574782,0.13,0.099,1,"2","ELP5"
0.000216770860760578,0.106870062936201,0.362,0.305,1,"2","ABRACL"
0.00772075439453648,0.106326373024615,0.122,0.098,1,"2","HPS1"
0.000144316714868618,0.105897003761925,0.696,0.615,1,"2","SKP1"
0.0018852267865887,0.105731519519856,0.185,0.151,1,"2","EMD"
0.000341435008847693,0.105506293319498,0.486,0.421,1,"2","EIF3H"
0.000919186789580304,0.105067126735537,0.112,0.085,1,"2","TIMM10"
0.00364124233491813,0.104689940532509,0.112,0.088,1,"2","UBLCP1"
0.00519980896170106,0.104522365426174,0.123,0.098,1,"2","NDUFA8"
0.00583366953640694,0.104515107528439,0.14,0.114,1,"2","CCDC66"
9.54299062324146e-05,0.103689238583276,0.165,0.126,1,"2","RNF10"
0.000473412653238442,0.103085878694501,0.494,0.426,1,"2","POMP"
0.00162863173316473,0.102022158178988,0.451,0.39,1,"2","RBM25"
0.00188934028310691,0.101750273424198,0.229,0.191,1,"2","NOL7"
0.000415199498718656,0.101616885031669,0.357,0.302,1,"2","ANXA11"
0.00204836163145037,0.101262814960441,0.194,0.16,1,"2","AIMP1"
0.0043070411958787,0.101080493909824,0.259,0.221,1,"2","SNRNP70"
0.000449544568653641,0.10056460963764,0.254,0.21,1,"2","WAS"
0.000553361627533983,0.100507395659604,0.484,0.421,1,"2","SET"
0.00606135864496157,0.0999913571525846,0.481,0.428,1,"2","AKAP13"
0.00797619791279943,0.0998202503358726,0.231,0.197,1,"2","RAD21"
0.000304837408823526,0.0997691645963612,0.528,0.45,1,"2","HNRNPA3"
0.000630618452458362,0.0997021624270191,0.214,0.175,1,"2","NEMF"
0.0002199287201464,0.0995432019144171,0.155,0.118,1,"2","DAP3"
0.00222307131464288,0.099225100715725,0.141,0.113,1,"2","TSG101"
0.00251853241985239,0.0982747528358722,0.191,0.157,1,"2","OASL"
0.000210438397825083,0.0982057069149922,0.293,0.241,1,"2","BCAS2"
0.000159900905094712,0.0979240378982116,0.397,0.332,1,"2","PNN"
0.000565577802458046,0.0975902693496593,0.372,0.314,1,"2","ARHGDIA"
0.00109105709360911,0.0974013128709673,0.184,0.148,1,"2","SNRPA1"
0.000607245642221684,0.0966851935465913,0.191,0.153,1,"2","ITPA"
0.00283459993280329,0.0965902410605102,0.801,0.757,1,"2","ARHGDIB"
0.000726092499227159,0.0963209344511462,0.616,0.552,1,"2","TPM3"
0.000183379731978503,0.0962737550150674,0.606,0.527,1,"2","RHOA"
0.00765659975020603,0.0953125138538671,0.165,0.137,1,"2","KDM2A"
0.000574639535892046,0.0948287619109154,0.602,0.527,1,"2","UBE2D3"
0.000160818040080831,0.0946952029392757,0.18,0.139,1,"2","FAM204A"
0.00259172995168207,0.0944404087607636,0.252,0.212,1,"2","EIF3J"
0.00292026286582976,0.0941907877169078,0.155,0.125,1,"2","VOPP1"
0.00350228460627154,0.0940924435270275,0.152,0.124,1,"2","MARK3"
0.00242399287721929,0.0938589236819598,0.196,0.162,1,"2","SLIRP"
0.00843125821130946,0.0932676389180648,0.177,0.149,1,"2","SUGT1"
0.00456642648105275,0.0929963714436105,0.171,0.141,1,"2","NIFK"
0.000605319423465654,0.0928477746485894,0.288,0.24,1,"2","MYDGF"
0.000734899002207513,0.0927337775171013,0.1,0.073,1,"2","NOL8"
0.00365802162590807,0.0922945632349962,0.146,0.118,1,"2","SHARPIN"
0.00172842037486179,0.0922849568804276,0.261,0.221,1,"2","HSPB11"
0.000317554992880383,0.0919731446978518,0.504,0.434,1,"2","ACTR3"
0.00107218578714815,0.0918419586447929,0.579,0.517,1,"2","ARPC1B"
0.000200326138200735,0.0913685940261346,0.254,0.205,1,"2","NT5C"
0.000404360458961996,0.0910891324776007,0.166,0.13,1,"2","LAGE3"
0.00265762956138898,0.0909212568274497,0.154,0.124,1,"2","CDK13"
0.00122185868682232,0.0900898539742565,0.481,0.418,1,"2","COPE"
0.000186901649057706,0.0899689579955893,0.527,0.448,1,"2","PNISR"
0.0025843388952418,0.0896018462931422,0.223,0.186,1,"2","NOP58"
0.000199251165990051,0.0895798227221534,0.114,0.083,1,"2","TNFRSF1A"
0.000502565458981812,0.0894996498870321,0.305,0.253,1,"2","DCTN3"
0.0057375034333413,0.0882952977571958,0.191,0.16,1,"2","LSM1"
0.000463962914082076,0.0880544151017604,0.235,0.191,1,"2","TMEM165"
0.00236883715090949,0.0874767130377362,0.152,0.122,1,"2","GLOD4"
0.000352537094561406,0.0874664274271204,0.396,0.335,1,"2","RHOC"
0.000314583976542494,0.0856242627237576,0.202,0.161,1,"2","SYNCRIP"
0.00115363186279204,0.0856107234799761,0.103,0.078,1,"2","NCOA3"
0.000558011980927061,0.0852367142884638,0.155,0.121,1,"2","AATF"
0.00334126821107968,0.0849464001040179,0.63,0.56,1,"2","COX7A2"
0.00201676670688659,0.0846326654475267,0.277,0.236,1,"2","CHD1"
0.000192547910374495,0.0845305603652524,0.723,0.639,1,"2","HINT1"
0.000445376201335075,0.0839431567269793,0.37,0.311,1,"2","FKBP8"
0.000498642032670678,0.0837536797870388,0.192,0.154,1,"2","BRD4"
0.000209154936617232,0.083611685402319,0.363,0.302,1,"2","PSMA4"
0.000405464511107356,0.0836045709958526,0.349,0.292,1,"2","AURKAIP1"
0.00437027891956704,0.0832679669462916,0.1,0.078,1,"2","USE1"
0.000193092822407903,0.0826445547302809,0.166,0.128,1,"2","DNAJC2"
0.000724754100537512,0.0825282951395732,0.619,0.537,1,"2","NCL"
0.000466553825865699,0.0825145519446571,0.305,0.255,1,"2","MRFAP1"
0.000109394320254625,0.0825038876619662,0.16,0.122,1,"2","TIMM17B"
0.00260881794674449,0.082355068225862,0.227,0.19,1,"2","CHD4"
0.000513215441469914,0.0819163610900069,0.406,0.347,1,"2","TBC1D10C"
0.00134019092959464,0.0816967652086587,0.344,0.293,1,"2","PA2G4"
0.000565376635103455,0.0816828238626806,0.533,0.465,1,"2","NEDD8"
0.00952815237479493,0.0815841993227679,0.121,0.099,1,"2","CLTC"
0.00638242945775615,0.0810047374725226,0.161,0.132,1,"2","SKAP2"
0.00402171874371512,0.0808494612159021,0.184,0.153,1,"2","ZNF644"
0.00486768590115182,0.0806817029153923,0.546,0.59,1,"2","LGALS1"
0.00998535313269203,0.0803070088726072,0.144,0.119,1,"2","MVP"
0.00738549596554486,0.0793957249446735,0.11,0.087,1,"2","LMBRD1"
0.000205283815804867,0.0782069229956243,0.265,0.214,1,"2","NDFIP1"
0.000188894880586771,0.0781686032893993,0.403,0.34,1,"2","DAZAP2"
8.52705385974769e-05,0.0778525671521482,0.401,0.334,1,"2","HNRNPM"
0.00161534161483606,0.0775772072816727,0.136,0.107,1,"2","PIAS1"
0.000178800111012725,0.077542466360665,0.282,0.231,1,"2","COX14"
0.000357234570631195,0.0770545811380997,0.276,0.226,1,"2","BBX"
0.000187224361673108,0.0770414199005883,0.187,0.146,1,"2","DGCR6L"
0.0016198695611567,0.077038208337186,0.243,0.202,1,"2","COPZ1"
0.00391396214803569,0.0769356347486181,0.16,0.131,1,"2","CCDC91"
0.00169997698067356,0.0766176603278388,0.182,0.148,1,"2","ESD"
0.00121296139277771,0.0764500224377341,0.156,0.124,1,"2","ZNF791"
0.000282337777877936,0.0759703937661962,0.269,0.22,1,"2","PSMA3"
0.000609305288801423,0.0757025011730551,0.241,0.197,1,"2","GTF3C6"
0.00236233782827255,0.0753864720884647,0.549,0.483,1,"2","CALR"
0.000222356136221845,0.0753377007009655,0.195,0.154,1,"2","ILK"
0.00404952378435165,0.0740648509475359,0.103,0.08,1,"2","GMPS"
0.00220470156547476,0.0738531439461483,0.189,0.156,1,"2","ADH5"
0.0018492744257061,0.0738330115793393,0.439,0.377,1,"2","ETS1"
0.00377897017246868,0.0734798478785917,0.105,0.081,1,"2","MOAP1"
0.000269451993001277,0.0731782753014489,0.464,0.395,1,"2","SPCS1"
0.000819173968098575,0.0731522774661868,0.447,0.387,1,"2","SRRM2"
0.00892488674173771,0.0729831910099384,0.182,0.153,1,"2","OTUB1"
0.000543936709203674,0.0729829949533796,0.28,0.231,1,"2","CCNDBP1"
0.00713250770440666,0.0723353884813508,0.256,0.22,1,"2","PPP2CA"
0.00456113044300616,0.0723237973165766,0.213,0.179,1,"2","SDHC"
0.00767310547036684,0.0719636681919309,0.296,0.257,1,"2","CSNK2B"
0.000130788722822166,0.0712694662869087,0.389,0.323,1,"2","PPP1R2"
0.000543299559562306,0.0709652740605293,0.299,0.249,1,"2","IK"
0.000917600976827549,0.0693608601864062,0.679,0.611,1,"2","SUMO2"
0.00290881728594973,0.0692201487174287,0.704,0.633,1,"2","CD247"
0.000468699082469446,0.0691141846281493,0.219,0.176,1,"2","TSEN54"
0.0040818641470193,0.0684531608615045,0.18,0.149,1,"2","ODC1"
0.0015516748792325,0.0680306825573755,0.135,0.106,1,"2","CEBPZOS"
0.000467906426781709,0.0674345587736103,0.17,0.133,1,"2","AP2B1"
0.000174114686072578,0.067383579287751,0.266,0.216,1,"2","UQCRC2"
0.000223749038384119,0.0673174595899866,0.507,0.427,1,"2","NAP1L1"
0.00185585990747612,0.0672106845119532,0.158,0.126,1,"2","SZRD1"
0.000184967013675043,0.0669669599974807,0.351,0.291,1,"2","ST13"
0.00866542107606198,0.0669150919302396,0.163,0.136,1,"2","TIPRL"
0.00056823891021595,0.0660467505736166,0.169,0.133,1,"2","PHF14"
0.0030413124786198,0.0658120723979116,0.249,0.21,1,"2","ARID5A"
0.00273360852906027,0.0654733796313696,0.322,0.275,1,"2","CCDC12"
0.0010586075700643,0.0653948867872234,0.333,0.282,1,"2","THRAP3"
0.00224633711763553,0.0648142132059823,0.163,0.131,1,"2","SUMF2"
0.00558097215862079,0.0642465649649586,0.628,0.557,1,"2","YWHAZ"
0.000162671319153991,0.0641838835210919,0.312,0.255,1,"2","SSB"
0.00221766841250308,0.063807692071674,0.285,0.24,1,"2","ANP32A"
0.00807263530042242,0.0637047714873674,0.174,0.145,1,"2","SAT2"
0.000269493664445868,0.063149395384527,0.346,0.288,1,"2","DDT"
0.00929209455304269,0.0630496550162897,0.112,0.091,1,"2","BOLA3"
0.000313715218354363,0.0630144368340402,0.217,0.174,1,"2","HERPUD2"
0.00361091900630094,0.0627513292760975,0.619,0.552,1,"2","HNRNPK"
0.000494365319006539,0.0619176087564504,0.16,0.124,1,"2","ARL2BP"
0.00226254880060106,0.061835006187534,0.229,0.19,1,"2","SNX17"
0.00434052719896225,0.0617701076592683,0.327,0.282,1,"2","SF3B2"
0.00153490200180927,0.0603287011636,0.475,0.408,1,"2","JTB"
0.00196224906820878,0.0600695513686048,0.11,0.084,1,"2","GOLPH3"
0.0029379404688429,0.0598911493970913,0.123,0.097,1,"2","COMMD2"
0.000898725665215394,0.059537859024326,0.173,0.138,1,"2","RNASEH2B"
0.000670048321289065,0.0595180826976118,0.326,0.272,1,"2","EPC1"
0.00685656164388246,0.0590565262605546,0.125,0.1,1,"2","NENF"
0.00165763818005341,0.0590532372334194,0.283,0.238,1,"2","PFDN2"
0.00493411204616247,0.0584949298856254,0.293,0.25,1,"2","TRABD"
0.00145775425179697,0.0576340893975045,0.364,0.31,1,"2","EIF3D"
0.00741455375691716,0.0575232191562667,0.106,0.084,1,"2","TMEM205"
0.000113659738795689,0.0568552508334876,0.319,0.261,1,"2","SNRPE"
0.00545139548521297,0.0567326167352615,0.192,0.159,1,"2","YWHAH"
0.00280812332997909,0.0559102394520012,0.103,0.078,1,"2","RNF11"
0.000521237252796702,0.0555352991282026,0.195,0.155,1,"2","TEX264"
0.00168931941487451,0.0551900667688569,0.207,0.171,1,"2","ASH1L"
0.00139503426724099,0.054749129328562,0.399,0.342,1,"2","RSRC2"
0.00784059148485475,0.0546258863809969,0.147,0.121,1,"2","TM2D1"
0.00298939761865509,0.0542276102102255,0.884,0.849,1,"2","HCST"
0.00115527253446323,0.0535514167550948,0.19,0.153,1,"2","MED28"
0.00952157600065995,0.0532308933532035,0.172,0.144,1,"2","NDUFA9"
0.00694533810088432,0.0529146534341282,0.277,0.24,1,"2","OFD1"
0.00605180503157403,0.0526364221419682,0.205,0.173,1,"2","RABGAP1L"
0.0055863302022664,0.0522042175710669,0.376,0.324,1,"2","ATP6V1F"
0.00693211226391746,0.0518298949539755,0.543,0.482,1,"2","SLC25A3"
0.000290413679868663,0.051317011995256,0.288,0.236,1,"2","AP2S1"
0.00143081088769145,0.0508723158362858,0.201,0.165,1,"2","ETFA"
0.000639624667894059,0.0503127054179387,0.19,0.152,1,"2","ALKBH7"
0.000669662693169357,0.0502082580978052,0.189,0.151,1,"2","TRAPPC6A"
0.00158744249745948,0.0493954554572824,0.195,0.159,1,"2","CD2BP2"
0.000715998139632801,0.0493583350911981,0.318,0.266,1,"2","BIN1"
0.00043047600396933,0.0490517704409842,0.213,0.17,1,"2","THOC7"
0.00313766170557386,0.0486555223508157,0.197,0.163,1,"2","MMADHC"
0.00315554845059698,0.0484382934445475,0.442,0.38,1,"2","SFPQ"
0.00369679839083126,0.0475581604708679,0.226,0.19,1,"2","CCT5"
0.00796514042177546,0.0475113681093791,0.111,0.088,1,"2","PARP10"
0.0018743380307662,0.047314836150905,0.307,0.258,1,"2","TOMM20"
0.00532480770432664,0.0469196729930725,0.326,0.282,1,"2","ZNF207"
0.00918406181482819,0.0466072001467331,0.148,0.122,1,"2","COMMD1"
0.00104718969325564,0.0457294553571546,0.214,0.175,1,"2","TBCC"
0.00531967740622453,0.0440997201673785,0.194,0.161,1,"2","HSD17B10"
0.00371848016932594,0.0439077523816529,0.506,0.444,1,"2","N4BP2L2"
0.00485664241444555,0.0436985310999631,0.982,0.972,1,"2","ACTB"
0.00621180460748741,0.0432530684023651,0.313,0.271,1,"2","EIF3A"
0.000484183814664815,0.042816975015574,0.123,0.092,1,"2","ARL6IP6"
0.000997821308354408,0.0426072324457842,0.571,0.492,1,"2","EIF3E"
0.00766117712283688,0.0425765529853996,0.292,0.254,1,"2","PTPN4"
0.000913082268345175,0.0422623234468114,0.29,0.241,1,"2","SNRPD1"
0.00598337610429737,0.0419180820024945,0.504,0.443,1,"2","COX8A"
0.0061012373020315,0.041457835086991,0.449,0.394,1,"2","DAD1"
0.00134911197496295,0.0412649054340197,0.255,0.211,1,"2","NDUFB3"
0.000330699436126151,0.0396746240718675,0.312,0.257,1,"2","ANAPC11"
0.00573908866805471,0.0395815258736152,0.35,0.304,1,"2","EIF1AX"
0.00249474489015859,0.0393410298566468,0.629,0.564,1,"2","COX6C"
0.00456381457753842,0.0393252325531969,0.215,0.18,1,"2","TXN2"
0.00031773656896482,0.0392686965986124,0.249,0.203,1,"2","MTRNR2L12"
0.00143392001024293,0.0379444273224696,0.187,0.152,1,"2","NRBP1"
0.00055796709002271,0.037722465670757,0.116,0.086,1,"2","ZNF511"
0.00190963543853996,0.0375648526064777,0.218,0.179,1,"2","IGBP1"
0.00523046870119081,0.0372300716835071,0.155,0.126,1,"2","RAB6A"
0.00459939626264366,0.036989557290507,0.161,0.132,1,"2","NDUFC1"
0.0017944997133531,0.0363962563222769,0.171,0.138,1,"2","DDRGK1"
0.00431874914161111,0.0362596142853244,0.425,0.368,1,"2","UQCRQ"
0.00352030507988127,0.0357538571614406,0.476,0.415,1,"2","PTGES3"
0.000926984933769192,0.0341074446397877,0.223,0.183,1,"2","RCSD1"
0.00380459791765177,0.0333143537746401,0.822,0.752,1,"2","HMGB1"
0.00664657648161702,0.0320124108133427,0.191,0.159,1,"2","NAPA"
0.00643842133820046,0.0318127908170136,0.833,0.795,1,"2","BTF3"
0.0063480259597643,0.0302269490331879,0.625,0.558,1,"2","PSMA7"
0.000398254516900528,0.0297040755824196,0.281,0.23,1,"2","RHEB"
0.00365617471873872,0.0290401798033161,0.222,0.185,1,"2","ZC3H13"
0.00576423487392408,0.0290100197226963,0.845,0.807,1,"2","OAZ1"
0.00109576166275004,0.0284452823581411,0.323,0.271,1,"2","CCT3"
0.00525007351984271,0.0281444959091222,0.303,0.259,1,"2","MOB1A"
0.000157543495166091,0.0277638031986773,0.176,0.136,1,"2","STX8"
0.00849406751245458,0.0275937828446021,0.102,0.08,1,"2","PRCC"
0.00124699878833557,0.0272194103576823,0.11,0.083,1,"2","COMTD1"
0.00690693501533603,0.0270206679509886,0.39,0.337,1,"2","HCLS1"
0.000337113590116845,0.0266226461794412,0.274,0.225,1,"2","CANX"
0.00637348066080154,0.0264836120933309,0.128,0.103,1,"2","RRAGA"
0.000309341418217264,0.0262311378873463,0.218,0.174,1,"2","EAPP"
0.00113579774881451,0.0258501400019497,0.276,0.229,1,"2","NDUFAB1"
0.00510498775545298,0.0257347625586331,0.159,0.131,1,"2","TRAPPC2L"
0.00081302847120838,0.0249738302566653,0.357,0.299,1,"2","CSDE1"
0.00426597311156658,0.0247019924347245,0.17,0.139,1,"2","UBE2K"
0.00668294672705873,0.0244535957890648,0.442,0.38,1,"2","SRSF11"
0.00468800314339785,0.0233559136483806,0.184,0.152,1,"2","PRNP"
0.00658350889762976,0.0232705425938083,0.247,0.21,1,"2","MDH1"
0.00954722721463104,0.0216580961477807,0.141,0.116,1,"2","NUDT21"
0.00423508899488089,0.0211048914090335,0.326,0.282,1,"2","BUD31"
0.000196734049871418,0.020916747744729,0.363,0.297,1,"2","ANP32B"
0.00603165228980546,0.0197413860817743,0.335,0.287,1,"2","PDIA6"
0.00826432358934887,0.0196936662015232,0.303,0.262,1,"2","HP1BP3"
0.00965459727285788,0.0195739407098245,0.2,0.17,1,"2","LARP7"
0.000781968556129023,0.0195497462943223,0.144,0.111,1,"2","GPR108"
0.00615006617875314,0.0187321451828849,0.257,0.218,1,"2","PIN1"
0.00159308647610182,0.0175473665017717,0.263,0.219,1,"2","C1QBP"
0.00610666585120121,0.0174851269265537,0.13,0.105,1,"2","CHMP2B"
0.000589437627848773,0.0152495592102407,0.278,0.227,1,"2","ATRAID"
0.00130403536559458,0.0151229127412269,0.462,0.393,1,"2","SPCS2"
0.000828895961658932,0.0151150109449496,0.299,0.249,1,"2","LAMTOR1"
0.00113328372102196,0.015002619745234,0.312,0.262,1,"2","WTAP"
0.00452982119105077,0.013746635708225,0.362,0.312,1,"2","GABARAPL2"
0.0083382298289397,0.0134143107759623,0.226,0.192,1,"2","TSC22D4"
0.00309741882965488,0.0129982972504342,0.106,0.082,1,"2","TRPC4AP"
0.00954531881070339,0.012499814079515,0.148,0.122,1,"2","SAFB"
0.00422193508905402,0.0114391452089129,0.247,0.207,1,"2","CCDC59"
0.00481384898034563,0.0109959672588196,0.247,0.209,1,"2","LAPTM4A"
0.00653951068850657,0.0105878888526042,0.254,0.217,1,"2","U2SURP"
0.00290308181386637,0.00895433288712055,0.241,0.2,1,"2","CAPZA2"
0.00509270062565541,0.00841790886232463,0.316,0.27,1,"2","PGAM1"
0.000751578412278214,0.00831324197413807,0.356,0.297,1,"2","COX7A2L"
0.0068382076091734,0.00792631637407304,0.198,0.165,1,"2","EIF2A"
0.00788428388834958,0.00789004018331679,0.181,0.151,1,"2","ZNHIT3"
0.00836490712944476,0.00746127032390337,0.128,0.104,1,"2","NSRP1"
0.00117392372029027,0.00739849484364874,0.222,0.182,1,"2","LAMTOR2"
0.00385508763424192,0.00671153149998155,0.188,0.154,1,"2","PHF20L1"
0.000539342339804834,0.00493159773045004,0.109,0.08,1,"2","HIBCH"
0.000829959848558591,0.00424882329745757,0.11,0.082,1,"2","YDJC"
0.000133357868918501,0.0011459856496826,0.23,0.182,1,"2","ZMAT2"
0.00995174535580623,0.00112321301684981,0.27,0.232,1,"2","GNB2"
0.00107008007825416,-0.000624870173209224,0.284,0.238,1,"2","TMEM160"
0.00696413325701493,-0.00241451945722226,0.363,0.313,1,"2","SF3B6"
0.00953265683276067,-0.0028221827073911,0.252,0.215,1,"2","ZNF706"
0.00631602742949736,-0.00432589374323222,0.151,0.124,1,"2","DCAF7"
0.00392560486693399,-0.00499335071359841,0.315,0.267,1,"2","BCAP31"
0.00711780249539709,-0.00539609376111394,0.415,0.359,1,"2","RSL24D1"
0.00905886733955402,-0.00828324160215455,0.349,0.303,1,"2","NDUFA3"
0.00273048708234801,-0.00837145076006157,0.148,0.118,1,"2","GOPC"
0.00483710347656536,-0.00955816876851145,0.148,0.119,1,"2","CHMP4B"
0.00746309013537289,-0.0102834934104112,0.328,0.282,1,"2","RALY"
0.00568123764679421,-0.0120698592803505,0.332,0.287,1,"2","POLR1D"
0.00825156457677031,-0.0148083669273865,0.148,0.121,1,"2","PQBP1"
0.000473876247205818,-0.0149138764887213,0.36,0.299,1,"2","LAMTOR5"
0.00285027741039654,-0.0197837121593029,0.113,0.087,1,"2","CRLF3"
0.00917599251536908,-0.0199395671301121,0.2,0.169,1,"2","CWC15"
0.00743580472086209,-0.0202013574891162,0.293,0.25,1,"2","LSM3"
0.00555274335909118,-0.0215974604087836,0.122,0.097,1,"2","ABTB1"
0.00523137762931269,-0.0242205063269596,0.293,0.249,1,"2","MEAF6"
0.00683098509414489,-0.031245682537291,0.204,0.17,1,"2","NDUFB6"
0.00400961220551016,-0.0343011851390145,0.376,0.318,1,"2","ERH"
0.00495413313173942,-0.0343939623955831,0.272,0.229,1,"2","PSMD4"
0.00814070236164137,-0.0355786338461218,0.182,0.152,1,"2","TMEM179B"
0.00786490143662391,-0.0360404688543623,0.409,0.354,1,"2","TMEM50A"
0.00573202125980687,-0.0379744976451807,0.165,0.134,1,"2","CHCHD5"
0.00990994154510797,-0.039238739359409,0.206,0.173,1,"2","IAH1"
0.00599325625269913,-0.0488033052103741,0.182,0.151,1,"2","POLR2I"
0.00521354180679697,-0.0498107559548771,0.147,0.119,1,"2","PIGT"
0.00880602417276575,-0.0532040167903298,0.15,0.123,1,"2","ZFAND2B"
8.83871404990386e-05,-0.0561620962831434,0.225,0.174,1,"2","FABP5"
0.00523943938420706,-0.0577158003829229,0.247,0.207,1,"2","RER1"
0.0055497527314517,-0.0653696940354716,0.157,0.128,1,"2","PLEKHF1"
0.00159076035655675,-0.081573548663964,0.147,0.116,1,"2","CCDC90B"
0.00824277677400028,-0.105981781302666,0.198,0.164,1,"2","EMC4"
0.00115030033403487,-0.107375887390059,0.89,0.896,1,"2","SH3BGRL3"
0.00644381859924501,-0.110837169152909,0.189,0.155,1,"2","GOLGA7"
0.00801257135603984,-0.125732436093716,0.171,0.141,1,"2","SLC5A3"
0.00233453335073988,-0.143655034104599,0.857,0.843,1,"2","MYL12A"
0.00561798075218745,-0.153300442461478,0.754,0.748,1,"2","PPIA"
0.000107705756133363,-0.15405214084348,0.893,0.879,1,"2","EEF1D"
0.00154281502592783,-0.159547181434465,0.857,0.842,1,"2","PFDN5"
0.000139087310795414,-0.195940899043172,0.898,0.878,1,"2","UBC"
0.000213625160483217,-0.228221465657314,0.577,0.576,1,"2","HNRNPDL"
0.00231262219919126,-0.273158625000954,0.498,0.5,1,"2","TAGLN2"
7.18084833077106e-05,-0.311632031162592,0.427,0.455,1,"2","EIF4A1"
0.000116442885000135,-0.315177512643469,0.475,0.492,1,"2","HSPA5"
0.000166628543343557,-0.317025121653149,0.596,0.596,1,"2","SRSF3"
0.00957050167423833,-0.328296250243074,0.33,0.344,1,"2","APMAP"
0.000706730313937254,-0.342400710963104,0.239,0.273,1,"2","SMAP2"
0.00763416272265933,-0.350606658647596,0.246,0.271,1,"2","CD55"
7.968320351579e-05,-0.362288370186634,0.204,0.246,1,"2","TUBB"
8.40567061216723e-05,-0.369126774094602,0.368,0.4,1,"2","TCF25"
0.00814255582481839,-0.3708592102771,0.151,0.174,1,"2","TFDP2"
0.00216495809333512,-0.370978185496709,0.362,0.379,1,"2","YWHAQ"
0.000159800366217368,-0.37360675154092,0.424,0.445,1,"2","BRD2"
0.00105537721813412,-0.374819282421442,0.371,0.388,1,"2","MBP"
0.000967092952449237,-0.383944996716671,0.717,0.694,1,"2","DUSP1"
0.00904002081324558,-0.418871639757152,0.219,0.18,1,"2","STMN1"
0.00117165585580035,-0.420292607558752,0.417,0.429,1,"2","HERPUD1"
0.00162628919639922,-0.425895852445944,0.324,0.341,1,"2","PRMT2"
0.00018464736731519,-0.439333358492724,0.714,0.694,1,"2","FOS"
0.00420304971299084,-0.440542521513938,0.349,0.359,1,"2","CDC42SE1"
8.5825883619192e-05,-0.444025652163865,0.301,0.335,1,"2","SERTAD1"
0.000536097762160261,-0.452062255050433,0.28,0.304,1,"2","GNG2"
0.000403593221280454,-0.459538570195967,0.262,0.292,1,"2","SYNE2"
0.000823665099084678,-0.462600155747837,0.113,0.142,1,"2","RAB9A"
0.00105986735562586,-0.474649835198425,0.194,0.224,1,"2","SH3KBP1"
0.000276542036307172,-0.476211146061483,0.185,0.219,1,"2","MYLIP"
0.00632954174498864,-0.476820522637072,0.103,0.125,1,"2","CISD3"
0.000175028816755737,-0.477983432754764,0.179,0.214,1,"2","ZC3H12A"
0.000128945324598708,-0.48807694421868,0.176,0.213,1,"2","SERPINB9"
0.000995138166728885,-0.499167764307244,0.133,0.162,1,"2","RRBP1"
0.000122229487545974,-0.501465735717149,0.316,0.343,1,"2","PTP4A2"
0.00119320207775175,-0.50451331899634,0.102,0.13,1,"2","ATF6B"
0.000366491413347134,-0.505009450449165,0.17,0.202,1,"2","TES"
0.00708142997580696,-0.508067900472097,0.171,0.193,1,"2","CAPN2"
0.00731190077762982,-0.508260929576412,0.09,0.111,1,"2","MED15"
0.00249501451631718,-0.516848905700121,0.169,0.195,1,"2","ARRB2"
0.00313309360674258,-0.526168340532819,0.165,0.189,1,"2","FKBP11"
0.00818849743773804,-0.527023899284406,0.166,0.187,1,"2","CRBN"
0.00712855459443023,-0.530775253004273,0.173,0.195,1,"2","RNF167"
0.000317100267551524,-0.534990942061705,0.263,0.29,1,"2","CHMP1B"
0.00198129705105636,-0.539561074628254,0.102,0.127,1,"2","RRAS2"
0.00140592406682698,-0.540024301285507,0.283,0.303,1,"2","PYHIN1"
0.00630939941166432,-0.546564232024534,0.087,0.107,1,"2","PRR5"
0.000784733673844165,-0.559485684170958,0.146,0.174,1,"2","DEDD2"
7.33333476185279e-05,-0.56483846419002,0.143,0.18,1,"2","PTPRE"
0.000696041391619748,-0.576426470396215,0.298,0.319,1,"2","CITED2"
0.00755896954006144,-0.580212475580829,0.09,0.11,1,"2","PNP"
7.17769936020992e-05,-0.583442122351964,0.131,0.167,1,"2","SNHG9"
0.00968510811690136,-0.587056506889039,0.106,0.125,1,"2","SOD2"
0.00100989807555178,-0.596939919829718,0.122,0.149,1,"2","MARCKSL1"
0.000425928215798321,-0.622078636634174,0.141,0.171,1,"2","PTPN12"
0.000291524684611178,-0.626658107308616,0.112,0.143,1,"2","MYBL1"
0.000170573236620989,-0.681873052995176,0.092,0.122,1,"2","ERN1"
0.00130424015948923,-0.699291091995732,0.37,0.381,1,"2","HSPD1"
9.25391904455854e-05,-0.705660324884098,0.079,0.109,1,"2","NFATC2"
0.000581625954967818,-0.715533524037957,0.271,0.294,1,"2","HSPH1"
0.000121267336349382,-0.724294256786193,0.106,0.138,1,"2","TSPAN32"
0.000114116733366515,-0.756557680977594,0.273,0.295,1,"2","CACYBP"
0.000422721900938644,-0.772815225838198,0.11,0.138,1,"2","CD320"
0.00210261116731364,-0.798532029090663,0.104,0.127,1,"2","LINC00623"
0.0019366520624042,-1.04622739422861,0.22,0.178,1,"2","MT1X"
2.29527078736914e-159,2.42099659642991,0.447,0.121,3.23380701232438e-155,"3","SELL"
3.89843535624913e-157,2.98505100778647,0.369,0.08,5.4925055734194e-153,"3","IL7R"
1.47615673412291e-143,-1.00444145711293,0.833,0.964,2.07975722270577e-139,"3","CCL5"
6.15923320445598e-133,1.52327389190958,0.72,0.36,8.67774366175803e-129,"3","XCL1"
2.77051975035311e-119,-1.61439277486443,0.524,0.821,3.9033852762725e-115,"3","GZMA"
1.38638306755571e-118,-1.8369676174313,0.53,0.818,1.95327510387923e-114,"3","CCL4"
1.75917058389644e-92,2.23629711536969,0.467,0.21,2.4784954356517e-88,"3","LMNA"
2.43675482359882e-92,1.18023651110081,0.776,0.492,3.43314387096838e-88,"3","XCL2"
1.9750088495438e-81,-3.93507040482623,0.064,0.341,2.78258996812226e-77,"3","FGFBP2"
5.78670032748664e-77,1.01840374348654,0.71,0.459,8.15288209139593e-73,"3","CD44"
4.42367225670521e-73,0.435170518012514,0.997,0.993,6.23251184247197e-69,"3","EEF1A1"
8.48958116593712e-71,-1.18268459833333,0.484,0.692,1.19609709046888e-66,"3","CD247"
2.22688909218836e-68,-1.76051751593877,0.273,0.529,3.13746404198418e-64,"3","GZMH"
1.38850381105111e-66,1.81030036296655,0.368,0.155,1.9562630193899e-62,"3","CRTAM"
9.45186752427356e-64,-2.44659183003407,0.121,0.368,1.3316736154949e-59,"3","FCGR3A"
1.11804886645049e-60,-1.18746408089273,0.521,0.712,1.5752190479421e-56,"3","PRF1"
1.22725963151547e-60,-2.80504582166086,0.117,0.359,1.72908609484215e-56,"3","CCL3"
4.32507645336235e-58,2.09999083323934,0.23,0.074,6.09360021514221e-54,"3","GPR183"
5.74198783672596e-58,-0.83304149671605,0.572,0.779,8.08988666316321e-54,"3","GZMB"
8.32226400540799e-58,0.991866033263781,0.671,0.461,1.17252377572193e-53,"3","REL"
4.48936867439399e-56,3.264395843031,0.104,0.015,6.3250715253537e-52,"3","CCR7"
1.68450806026799e-52,0.635321705643627,0.971,0.938,2.37330340611157e-48,"3","SRGN"
2.50660406755651e-52,-3.23761879040229,0.08,0.293,3.53155447078037e-48,"3","CCL4L2"
3.31484001483634e-52,-2.91001646014753,0.072,0.281,4.67027809690293e-48,"3","SPON2"
8.45875920830976e-50,0.934561270437532,0.583,0.369,1.19175458485876e-45,"3","COTL1"
3.47870781990722e-49,0.862772262926568,0.694,0.491,4.90115144746728e-45,"3","CMC1"
1.56778382341453e-45,0.804615379834848,0.731,0.574,2.20885062880873e-41,"3","DNAJA1"
8.33579263013937e-45,0.483927899270113,0.995,0.975,1.17442982366034e-40,"3","TPT1"
1.43697546852147e-43,1.43774179242792,0.278,0.122,2.02455473759989e-39,"3","TCF7"
4.58206121034535e-43,-1.14558650758946,0.351,0.547,6.45566603925556e-39,"3","ALOX5AP"
4.01730784253156e-42,1.88755893192917,0.234,0.095,5.65998501934271e-38,"3","LINC00996"
1.71611449005448e-41,1.23555073428005,0.404,0.228,2.41783370503775e-37,"3","MAFF"
4.41613376966385e-41,-0.834963407359323,0.69,0.794,6.22189086807939e-37,"3","CST7"
2.65335023777494e-40,1.12806976508662,0.407,0.233,3.73830515000111e-36,"3","CD55"
1.4634609597353e-38,-1.3677474148909,0.255,0.449,2.06187014617107e-34,"3","CLIC3"
5.36414341322481e-38,1.00614451490908,0.556,0.385,7.55754165489244e-34,"3","RGCC"
6.30850840728684e-38,-0.591982123594883,0.793,0.882,8.88805749502642e-34,"3","CYBA"
1.0312762767022e-37,0.589195891483791,0.903,0.795,1.45296514624573e-33,"3","ZFP36L2"
1.62281331131427e-36,0.630087686604788,0.839,0.759,2.28638167431067e-32,"3","TSC22D3"
2.4876184958822e-36,-1.74060967480689,0.089,0.263,3.50480569884843e-32,"3","IKZF3"
3.82957572373619e-35,-2.37498486841964,0.056,0.212,5.39548923717192e-31,"3","ADGRG1"
7.02778149435727e-35,0.526400267313959,0.695,0.478,9.90144134739995e-31,"3","KLRC1"
7.44471855024039e-35,-0.481643468237277,0.925,0.957,1.04888639654337e-30,"3","NKG7"
1.04436755453674e-34,0.635055364645247,0.698,0.556,1.47140944758681e-30,"3","FXYD5"
1.10005168165829e-34,1.44651105879461,0.29,0.147,1.54986281428837e-30,"3","NFKB1"
3.02637814176716e-34,-0.534722613209622,0.787,0.861,4.26386416393576e-30,"3","MYL12A"
7.69024274377177e-34,-1.87899103888552,0.069,0.23,1.08347830017001e-29,"3","PRDM1"
1.03929899042677e-33,0.362565538272223,0.973,0.928,1.46426834761228e-29,"3","BTG1"
1.40489322464781e-33,0.775002540307893,0.62,0.469,1.9793540642063e-29,"3","TNFAIP3"
2.49543247334049e-32,1.96062135463792,0.145,0.05,3.51581481168941e-28,"3","THEM4"
9.56583912497413e-32,-0.510558792639821,0.731,0.82,1.3477310743176e-27,"3","ARPC2"
2.91515415797991e-31,-1.45211357189294,0.158,0.327,4.10716069317789e-27,"3","PYHIN1"
3.59338210463792e-31,0.92010348501156,0.541,0.385,5.06271604722436e-27,"3","TUBA4A"
4.36475072237828e-31,0.748724812415811,0.613,0.475,6.14949729275876e-27,"3","TAGLN2"
7.79232171234666e-31,-1.68183215271184,0.106,0.265,1.09786020605252e-26,"3","ABI3"
2.55820324233704e-30,0.964469430729979,0.401,0.247,3.60425254812866e-26,"3","MYADM"
9.52265515362519e-30,0.418424212289238,0.921,0.862,1.34164688459425e-25,"3","DDX5"
1.23900716562067e-29,-0.433070255806079,0.839,0.906,1.74563719564297e-25,"3","SH3BGRL3"
1.4026320811463e-28,0.5946742931841,0.646,0.497,1.97616833912703e-24,"3","FOSB"
3.43390635740724e-28,0.580618239046887,0.813,0.701,4.83803066695105e-24,"3","HSP90AB1"
9.77947042460927e-28,0.718701432385554,0.632,0.477,1.3778295881232e-23,"3","AREG"
8.51035769275485e-27,2.58390692720042,0.12,0.041,1.19902429533223e-22,"3","SOX4"
2.06936617218985e-26,1.05419605521903,0.31,0.179,2.91552999999828e-22,"3","TMEM123"
2.80953244402856e-26,0.335544655061539,0.814,0.676,3.95835026039184e-22,"3","FOS"
1.29182032887989e-25,0.413582379843182,0.855,0.786,1.82004566135888e-21,"3","EEF1B2"
2.89120526086405e-24,-0.907200076240391,0.166,0.324,4.07341909203135e-20,"3","GNG2"
3.29142953488781e-24,1.65490467067189,0.102,0.033,4.63729507170343e-20,"3","HVCN1"
3.94371032436627e-24,0.619061319070087,0.669,0.558,5.55629347599964e-20,"3","MCL1"
8.4588348734389e-24,-0.530129826638979,0.611,0.72,1.19176524531881e-19,"3","MYL12B"
1.28882547826868e-23,0.351797963331536,0.884,0.804,1.81582621633274e-19,"3","IFITM2"
1.62831656709928e-23,0.626158157823888,0.819,0.762,2.29413521138618e-19,"3","HSPA8"
2.20480549028707e-23,0.945125133525592,0.381,0.25,3.10635045526545e-19,"3","BIRC3"
6.27696162378072e-23,-3.81984491904982,0.012,0.104,8.84361123174466e-19,"3","CX3CR1"
1.57102620931414e-22,-0.991456861926972,0.159,0.309,2.21341882630269e-18,"3","SYNE2"
5.66360240910156e-22,-1.14906634154287,0.153,0.291,7.97944943418319e-18,"3","GNPTAB"
8.73146283329509e-22,1.07540446565821,0.236,0.128,1.23017579858295e-17,"3","SATB1"
2.26828291460934e-21,-1.09074660573725,0.221,0.359,3.1957837983931e-17,"3","ABHD17A"
2.71691171252125e-21,0.400140043430628,0.756,0.646,3.82785691177119e-17,"3","NFKBIA"
4.78331386386661e-21,-1.57976604803848,0.062,0.174,6.73921090280167e-17,"3","PTMS"
5.48261887686381e-21,0.33382774855122,0.97,0.959,7.72446173561342e-17,"3","EIF1"
5.75195278643825e-21,1.17226396069614,0.127,0.051,8.10392628081285e-17,"3","YBX3"
6.28179423996348e-21,-3.21453966625924,0.015,0.102,8.85041990468455e-17,"3","PRSS23"
1.94943956892466e-20,0.990061150967841,0.306,0.192,2.74656540865795e-16,"3","KDM6B"
2.03198935936552e-20,0.368675062206012,0.796,0.692,2.86286980841008e-16,"3","DUSP2"
4.38192305091831e-20,0.377510753289226,0.398,0.253,6.17369138643881e-16,"3","GZMK"
1.18617986125983e-19,0.953410373066481,0.349,0.234,1.67120880652898e-15,"3","CSRNP1"
1.81955994396795e-19,0.653940433728688,0.537,0.417,2.56357800505644e-15,"3","YPEL5"
3.48942932667784e-19,1.37660897255939,0.165,0.081,4.9162569783564e-15,"3","ITGAX"
3.77954774369886e-19,-2.76720579191714,0.02,0.103,5.32500481609733e-15,"3","CSF1"
5.09624245501892e-19,-1.61735054622503,0.054,0.155,7.18009599487615e-15,"3","PLEKHF1"
6.0027230490233e-19,0.786073088902816,0.362,0.241,8.45723650376893e-15,"3","SMAP2"
9.52705344084662e-19,-1.00398482225963,0.171,0.3,1.34226655928088e-14,"3","GLIPR1"
1.22217605468819e-18,0.566483847464095,0.609,0.5,1.72192384345019e-14,"3","CD2"
1.30209350794308e-18,-0.448401321725797,0.695,0.786,1.834519543341e-14,"3","S100A6"
2.04569552204469e-18,0.370961171865068,0.786,0.697,2.88218042100876e-14,"3","PABPC1"
2.80711119531948e-18,0.927444602195214,0.31,0.2,3.95493896308561e-14,"3","SKIL"
3.13844482028017e-18,-1.17826190030594,0.104,0.218,4.42175490729273e-14,"3","ITGAE"
3.38196030011624e-18,-1.30028782539707,0.14,0.255,4.76484386683377e-14,"3","TMIGD2"
5.84604128706786e-18,-0.725128543693521,0.478,0.597,8.23648756934991e-14,"3","LGALS1"
1.14498642843828e-17,-2.31917315046273,0.036,0.122,1.61317137902669e-13,"3","LAG3"
1.4833673622755e-17,0.751450575871246,0.509,0.405,2.08991627670995e-13,"3","TUBB4B"
1.50482800817715e-17,0.718733936344169,0.487,0.384,2.12015218072078e-13,"3","EZR"
2.13323657613855e-17,0.518056370973777,0.824,0.771,3.0055170121216e-13,"3","CXCR4"
2.81403051790194e-17,0.735326690346282,0.553,0.446,3.96468759667205e-13,"3","CREM"
6.23926881513632e-17,0.801837360480208,0.289,0.185,8.79050583364556e-13,"3","ZC3H12A"
7.12209308002385e-17,0.318426335592371,0.793,0.716,1.00343169404456e-12,"3","IER2"
7.218957461955e-17,-1.2017318088392,0.354,0.476,1.01707891681484e-12,"3","MT2A"
8.2087102077321e-17,-0.490913809708156,0.633,0.731,1.15652518116738e-12,"3","IL32"
2.10824349137667e-16,-1.62641138902571,0.059,0.15,2.97030425500059e-12,"3","S1PR5"
3.05559553903923e-16,0.930191567974794,0.221,0.13,4.30502855495237e-12,"3","CD83"
4.10710212217886e-16,-0.349650936315873,0.957,0.979,5.78649617993779e-12,"3","ACTB"
4.25711935551001e-16,-1.31617235837958,0.081,0.179,5.99785545997805e-12,"3","CD160"
6.60476113165573e-16,-0.91451396209852,0.146,0.262,9.30544795838976e-12,"3","TIGIT"
1.27910321425473e-15,0.846035543709522,0.27,0.174,1.80212851856349e-11,"3","DNAJB9"
2.63268227207234e-15,0.525756657823407,0.691,0.604,3.70918605312272e-11,"3","DYNLL1"
3.1132451374918e-15,0.682737557786406,0.438,0.333,4.3862510742122e-11,"3","UBE2S"
3.5954506291568e-15,-0.794093985103907,0.231,0.351,5.06563039141902e-11,"3","ANXA2"
3.69429119761591e-15,0.505846401975396,0.491,0.377,5.20488686832106e-11,"3","XBP1"
4.35385182017043e-15,-0.456185019955847,0.756,0.817,6.13414182943812e-11,"3","S100A4"
9.41233490670387e-15,-1.09746062012173,0.105,0.203,1.32610386500551e-10,"3","GBP5"
1.24032594433215e-14,0.652087783051296,0.401,0.296,1.74749522296957e-10,"3","NFE2L2"
1.44447862163747e-14,-1.21766133207444,0.168,0.267,2.03512593002503e-10,"3","KRT86"
1.6838030697808e-14,0.457509490920615,0.527,0.413,2.37231014501417e-10,"3","ZNF331"
2.15574895749947e-14,-0.295201461887982,0.867,0.918,3.037234706221e-10,"3","PFN1"
2.67314585097229e-14,0.848062784479166,0.29,0.196,3.76619518943485e-10,"3","B4GALT1"
3.50880204009897e-14,0.747418772808884,0.341,0.245,4.94355119429544e-10,"3","ARF4"
5.47107126336372e-14,0.553935831001888,0.436,0.335,7.70819230295314e-10,"3","SNHG8"
6.20741280813753e-14,-0.54493448875302,0.33,0.451,8.74562390538497e-10,"3","GZMM"
6.67845769278006e-14,0.618398728535397,0.655,0.576,9.40927904335782e-10,"3","ANXA1"
8.31043342214466e-14,0.388571169245811,0.724,0.637,1.17085696484596e-09,"3","CD74"
1.97142626175395e-13,-1.38964505464352,0.073,0.156,2.77754246018514e-09,"3","TTC38"
2.30532984275677e-13,-0.717808407528121,0.252,0.365,3.24797921546002e-09,"3","BLOC1S1"
2.76206493436699e-13,0.469431496540788,0.742,0.668,3.89147328602966e-09,"3","CALM2"
2.8912468206049e-13,0.842273440590459,0.261,0.175,4.07347764555024e-09,"3","RALGAPA1"
4.60228765640987e-13,-0.599208146216816,0.343,0.455,6.48416307911586e-09,"3","LCK"
6.27908290640055e-13,-0.744186361107833,0.293,0.402,8.84659990682773e-09,"3","HMGB2"
6.5700405490442e-13,-0.443478903215522,0.461,0.565,9.25653012954837e-09,"3","LCP1"
8.6274021653167e-13,0.4334809403067,0.686,0.607,1.21551469107147e-08,"3","LDHA"
9.55941344105638e-13,-0.797294200221901,0.21,0.313,1.34682575971043e-08,"3","CARD16"
1.0771895371034e-12,0.807173869494729,0.204,0.125,1.51765233882497e-08,"3","SOCS3"
1.22269549590435e-12,-1.07668160065917,0.087,0.173,1.72265568417964e-08,"3","FASLG"
1.24010118236712e-12,-0.804350066282535,0.226,0.326,1.74717855583703e-08,"3","CCND2"
1.38640673137809e-12,0.494345276895515,0.442,0.344,1.95330844383859e-08,"3","PDCD4"
1.41484987552716e-12,0.476329843136746,0.561,0.47,1.99338198963021e-08,"3","HSPA5"
1.45441394131271e-12,0.95528473803712,0.258,0.176,2.04912380191547e-08,"3","FABP5"
1.56814768131131e-12,-1.07515991386547,0.085,0.17,2.20936326819951e-08,"3","SYNGR1"
1.7450953365551e-12,-1.52329168316445,0.043,0.112,2.45866481967248e-08,"3","F2R"
1.76170425575445e-12,-0.547868775233252,0.324,0.437,2.48206512593244e-08,"3","CTSC"
2.2650500073665e-12,-1.07292245469543,0.156,0.246,3.19122895537866e-08,"3","PLEK"
2.43970515668772e-12,-1.13474408401061,0.059,0.135,3.43730059525734e-08,"3","CD151"
2.55642440774482e-12,0.316706250590823,0.93,0.902,3.60174634807168e-08,"3","UBB"
3.17285592954635e-12,0.0920234606093029,0.799,0.68,4.47023671913785e-08,"3","DUSP1"
3.19102952980249e-12,0.329084285747417,0.78,0.718,4.49584150453873e-08,"3","NPM1"
3.28674142248184e-12,1.07913876128795,0.163,0.095,4.63068999013466e-08,"3","ELL2"
4.28101480691367e-12,-0.814335035104687,0.186,0.283,6.03152176146066e-08,"3","PTPN4"
4.59747484884588e-12,1.0406082340432,0.218,0.143,6.47738231453896e-08,"3","HIF1A"
5.17080494655806e-12,-0.718388783903317,0.177,0.276,7.28514708920566e-08,"3","IFI27L2"
8.82837497716861e-12,1.00861055062633,0.2,0.127,1.24382975053329e-07,"3","NCAM1"
1.45135474443377e-11,-0.603881315406989,0.282,0.383,2.04481369943273e-07,"3","TBC1D10C"
1.47178527832545e-11,-0.83980965512244,0.163,0.257,2.07359827863273e-07,"3","STARD3NL"
1.55361350982922e-11,-0.595212147267789,0.353,0.449,2.18888607399839e-07,"3","PPP1CA"
1.58547133672217e-11,0.713142732512996,0.445,0.363,2.23377056630786e-07,"3","HSPD1"
2.47799984892291e-11,-0.907754564152864,0.091,0.172,3.49125398714748e-07,"3","ITGA1"
2.54593437515494e-11,-0.802136365317764,0.289,0.377,3.58696694115579e-07,"3","EFHD2"
2.66724610671584e-11,0.480017983372615,0.631,0.57,3.75788303975195e-07,"3","SRSF2"
2.80922595643483e-11,0.572225943649336,0.348,0.261,3.95791845002104e-07,"3","IFRD1"
2.93049362506073e-11,-1.36651416367815,0.1,0.178,4.12877246834807e-07,"3","CD3D"
3.09860172913298e-11,0.485720765925773,0.523,0.441,4.36561997617546e-07,"3","DDX3X"
3.14629256073422e-11,-0.588320690651672,0.277,0.382,4.43281158881844e-07,"3","DHRS7"
3.21935178643708e-11,0.754335386214162,0.258,0.179,4.5357447319112e-07,"3","PDE4B"
3.28534883167918e-11,-1.35427661362986,0.101,0.177,4.6287279689528e-07,"3","RNASEK"
3.43814250225584e-11,-0.604974277210578,0.25,0.351,4.84399897142826e-07,"3","SKAP1"
3.67929693614282e-11,0.770126157456498,0.2,0.128,5.18376145333163e-07,"3","NR4A3"
5.224255951475e-11,0.242616682406888,0.823,0.771,7.36045421003313e-07,"3","JUNB"
5.48723042838531e-11,-0.763201159040433,0.147,0.237,7.73095895055206e-07,"3","RNF166"
5.48769411481805e-11,0.275965513627135,0.55,0.449,7.73161223836716e-07,"3","PPP1R15A"
5.76052983260102e-11,0.751402190702224,0.266,0.188,8.11601048115158e-07,"3","MORF4L2"
6.14529704983979e-11,-0.483095456905239,0.41,0.508,8.65810901351928e-07,"3","DBI"
8.03607356190641e-11,-0.433081058499725,0.421,0.521,1.13220240413699e-06,"3","CD99"
9.64263835156140e-11,0.963369017504868,0.227,0.156,1.35855131735149e-06,"3","PIM3"
1.08214496106609e-10,-0.837884035157295,0.132,0.217,1.52463403564601e-06,"3","MYO1G"
1.15137050572341e-10,-0.46566467820081,0.475,0.567,1.62216590551371e-06,"3","CLEC2B"
1.19960679181564e-10,-0.302515572736143,0.654,0.719,1.69012600898905e-06,"3","ARPC3"
1.26850124637575e-10,0.171899209461892,0.988,0.984,1.78719140601879e-06,"3","PTMA"
1.50124047577101e-10,0.452589879110941,0.465,0.382,2.11509770631378e-06,"3","GPBP1"
1.68751062013294e-10,0.632220879682453,0.234,0.156,2.3775337127053e-06,"3","EGR1"
1.79859345679344e-10,0.664067992495389,0.265,0.186,2.53403832127628e-06,"3","DUSP4"
2.182861671858e-10,0.681101136741269,0.291,0.213,3.07543380948074e-06,"3","ARL6IP4"
2.42051487653614e-10,0.245265167965865,0.887,0.838,3.41026340955177e-06,"3","PFDN5"
2.81355950301211e-10,-0.234054824545586,0.883,0.894,3.96402398379377e-06,"3","ACTG1"
3.50704041192422e-10,0.766155334616572,0.244,0.171,4.94106923636003e-06,"3","ARAP2"
3.56376873560533e-10,-0.47637573053777,0.382,0.478,5.02099377159435e-06,"3","PPP2R5C"
3.90041462160019e-10,0.365248531434114,0.586,0.502,5.49529416037251e-06,"3","EIF3E"
4.08423132185766e-10,0.57449805684609,0.333,0.253,5.75427350936525e-06,"3","BHLHE40"
4.14704430596933e-10,0.324012766344491,0.719,0.654,5.84277072268018e-06,"3","HINT1"
4.75702752516618e-10,-1.22838450614866,0.089,0.159,6.70217608020663e-06,"3","FCRL6"
5.11630335340985e-10,0.521504127423898,0.391,0.31,7.20835979461914e-06,"3","SERTAD1"
5.7206273622778e-10,-0.450407871401467,0.473,0.55,8.05979189071319e-06,"3","ARPC1B"
5.85281681720242e-10,-0.97418528484237,0.081,0.153,8.24603361375649e-06,"3","ARHGEF3"
6.21937864470138e-10,0.425280024890237,0.343,0.25,8.76248257251978e-06,"3","CAPG"
6.56216711316583e-10,0.225551182306694,0.855,0.797,9.24543724573933e-06,"3","BTF3"
6.63086178976146e-10,0.233267533004164,0.857,0.819,9.34222117559492e-06,"3","CTSW"
6.75780047601648e-10,0.472773133503893,0.597,0.515,9.52106509065962e-06,"3","HSPE1"
7.65310449680888e-10,1.02164830193665,0.101,0.052,1.0782458925554e-05,"3","FUT8"
8.13227459206954e-10,-0.29242099695286,0.662,0.741,1.14575616727668e-05,"3","CORO1A"
8.47682354067988e-10,0.572163822698313,0.279,0.2,1.19429966864639e-05,"3","NUCB2"
8.69421480485969e-10,-0.543170863739724,0.262,0.357,1.22492792385668e-05,"3","GIMAP7"
9.01238058628131e-10,-0.674877239406807,0.257,0.345,1.26975430080117e-05,"3","PTPN22"
9.10020197712285e-10,-0.647501092779834,0.202,0.291,1.28212745655684e-05,"3","APBB1IP"
1.24352637623418e-09,-0.803778681357481,0.106,0.183,1.75200431147634e-05,"3","EBP"
1.31281493292914e-09,-1.18772012194767,0.076,0.142,1.84962495900387e-05,"3","ACP5"
1.53512113725497e-09,-0.550978291891149,0.29,0.381,2.16283217027852e-05,"3","CD3E"
1.70861480089185e-09,-0.951470175866378,0.109,0.182,2.40726739297652e-05,"3","HDDC2"
1.87512152592626e-09,-0.617528401343601,0.178,0.264,2.6418587178775e-05,"3","RAB27A"
2.18945282633007e-09,0.498295377153892,0.329,0.251,3.08472008701644e-05,"3","RSL1D1"
2.23636650749984e-09,-0.767523451983832,0.091,0.163,3.15081677241653e-05,"3","NEDD9"
2.45926042553872e-09,-0.637328889430431,0.213,0.298,3.4648520135415e-05,"3","SH2D2A"
2.60817470378228e-09,0.377847619885121,0.609,0.538,3.67465734015886e-05,"3","NR4A2"
2.74132528839127e-09,-0.178957571918758,0.974,0.984,3.86225319881446e-05,"3","HLA-C"
2.79873448552023e-09,1.00343372058418,0.109,0.06,3.94313701664945e-05,"3","CD27"
2.99234260181182e-09,-1.04504137142579,0.065,0.128,4.21591149169267e-05,"3","NDFIP2"
3.12190417462737e-09,0.379910345180947,0.517,0.439,4.3984507916325e-05,"3","NAP1L1"
3.73100006720540e-09,-0.415832994415368,0.395,0.484,5.25660599468568e-05,"3","PSMB9"
3.94458870134912e-09,-0.742856037019564,0.135,0.213,5.55753102133078e-05,"3","LGALS3"
3.97769148660052e-09,0.364238307283957,0.654,0.582,5.60416953547147e-05,"3","SAP18"
3.9912392285682e-09,0.253555139614491,0.874,0.827,5.62325694912974e-05,"3","KLRD1"
4.48125342413963e-09,-0.49366044595806,0.287,0.378,6.31363794927033e-05,"3","CALM3"
6.07028551963701e-09,0.382733083011181,0.749,0.705,8.55242526861658e-05,"3","VIM"
7.31514801818123e-09,-0.749878425168746,0.147,0.223,0.000103063120428155,"3","SSBP4"
8.51368557383119e-09,0.492934793839754,0.403,0.333,0.000119949316049708,"3","ATF4"
1.01186999395803e-08,-0.676836589185221,0.255,0.335,0.000142562363448747,"3","FLNA"
1.20763274092751e-08,-1.24876180058489,0.051,0.106,0.000170143376869278,"3","SYTL2"
1.21125934635e-08,0.252544164451546,0.703,0.632,0.000170654329307251,"3","EEF2"
1.38390358664034e-08,-0.190265614332306,0.859,0.886,0.000194978176321757,"3","MYL6"
1.55970437471874e-08,0.592810624093206,0.246,0.177,0.000219746749354123,"3","TMEM243"
1.59031741619927e-08,-0.235701756569458,0.722,0.781,0.000224059820768315,"3","ARHGDIB"
1.59122145026279e-08,-0.798587689590914,0.121,0.194,0.000224187190127525,"3","FKBP11"
1.64109821618035e-08,0.751464287270817,0.198,0.136,0.00023121432767765,"3","CXCR3"
1.66083902843544e-08,0.930264663565553,0.117,0.068,0.000233995610716269,"3","BEX2"
1.71963976929371e-08,0.935386065077603,0.11,0.063,0.00024228004709579,"3","CASK"
2.08612870694892e-08,0.453912463476926,0.486,0.413,0.000293914673522033,"3","HERPUD1"
2.13413731184369e-08,0.66447894220789,0.285,0.218,0.000300678605865657,"3","GTF2B"
2.31643356271324e-08,-1.04123216242345,0.07,0.129,0.000326362324650669,"3","CISD3"
2.4958513973704e-08,0.518319420202607,0.318,0.247,0.000351640503375516,"3","FBL"
2.55019459320504e-08,0.733345713112131,0.228,0.166,0.000359296916236658,"3","RNF139"
2.71720803840077e-08,0.402150520532115,0.368,0.285,0.000382827440530285,"3","PLP2"
2.99656389508575e-08,0.54146075032025,0.355,0.287,0.000422185887178632,"3","EIF4A3"
3.63598620607414e-08,0.722823311288455,0.206,0.144,0.000512274096573786,"3","ARIH1"
3.74564586859082e-08,-0.519149334860596,0.21,0.292,0.00052772404642576,"3","TNFRSF1B"
3.84492986456804e-08,-0.683622741627784,0.112,0.181,0.000541712168618991,"3","APOL6"
4.09689668336053e-08,0.896519924236714,0.113,0.067,0.000577211773718665,"3","DDX3Y"
4.55057753193724e-08,0.220112308860644,0.83,0.791,0.000641130868474637,"3","HNRNPA1"
4.63213301856279e-08,-0.563929081894352,0.256,0.334,0.000652621220985311,"3","CD81"
4.68105366237069e-08,-0.958037392737075,0.048,0.1,0.000659513650491406,"3","ZFYVE28"
5.50716516779632e-08,0.521344939824175,0.375,0.302,0.000775904500490823,"3","ZC3HAV1"
5.60724250637861e-08,0.95833064594542,0.147,0.096,0.000790004396723683,"3","BRAF"
5.86851240813494e-08,0.55227523295626,0.351,0.283,0.000826814713182132,"3","AMD1"
5.95994010237816e-08,0.779640722149996,0.112,0.065,0.00083969596102406,"3","PLK2"
6.32508027243391e-08,0.67659943925766,0.252,0.19,0.000891140559583214,"3","SERPINB9"
6.44900783242344e-08,0.514734679547448,0.289,0.219,0.000908600713510139,"3","PPP2CA"
6.476925859966e-08,-0.664224307234433,0.156,0.23,0.000912534084410609,"3","UPP1"
6.82273842996852e-08,0.829540844252243,0.124,0.076,0.000961255617398265,"3","CLASP1"
7.87194412916232e-08,0.260025649728667,0.701,0.642,0.00110907820835768,"3","CIRBP"
1.01316738539479e-07,0.517541232679425,0.293,0.221,0.00142745152928272,"3","AHNAK"
1.07163739123479e-07,-0.548969803932451,0.269,0.346,0.0015098299205107,"3","ZEB2"
1.21196920703222e-07,-0.615200040956565,0.118,0.184,0.0017075434157877,"3","PTPRA"
1.27057648591735e-07,0.73367534940719,0.179,0.122,0.00179011521100896,"3","SLC39A10"
1.28638927910133e-07,0.980373790931971,0.1,0.058,0.00181239385532586,"3","GAS7"
1.39630924187542e-07,-0.250157699896159,0.447,0.528,0.00196726009087828,"3","CYTIP"
1.48345384267921e-07,-0.319525196771814,0.601,0.651,0.00209003811895073,"3","RAC2"
1.49541264185854e-07,-0.37059049853359,0.427,0.51,0.0021068868711145,"3","VAMP8"
1.55087898467352e-07,-0.689789688068999,0.11,0.173,0.00218503340150652,"3","PCID2"
1.56129730107282e-07,0.38177542232534,0.949,0.955,0.00219971176748149,"3","FTH1"
1.63427806602968e-07,0.915150703517854,0.129,0.081,0.00230253436722921,"3","TUBB2A"
1.66224298070631e-07,-0.643523035740418,0.12,0.185,0.00234193413551712,"3","CYFIP2"
1.71357874075608e-07,0.941282367843584,0.135,0.086,0.00241426108785124,"3","TNFRSF4"
1.80230878383536e-07,0.573434350969553,0.255,0.191,0.00253927284554564,"3","NME3"
1.96585335398417e-07,-0.714532712284184,0.145,0.211,0.0027696907904283,"3","SFT2D1"
1.98153189468281e-07,-0.594390579954804,0.149,0.219,0.00279178028641861,"3","SELPLG"
1.99795056131973e-07,-0.31595668333865,0.354,0.439,0.00281491254584337,"3","RNF213"
2.04597049745135e-07,-0.608990332305577,0.163,0.234,0.0028825678338592,"3","NCR3"
2.08687357952951e-07,0.382196161642903,0.456,0.386,0.00294019618619912,"3","TUBA1A"
2.12206278440617e-07,-0.974696207238337,0.07,0.124,0.00298977425694986,"3","FAM118A"
2.13288770760733e-07,-0.853170169238518,0.058,0.11,0.00300502549124796,"3","LMNB1"
2.71790290944752e-07,-0.522363389503543,0.233,0.308,0.00382925340912062,"3","MYH9"
3.02091244918652e-07,0.198550199220984,0.801,0.744,0.00425616354965889,"3","TOMM7"
3.14717942957614e-07,-1.13369237858088,0.063,0.114,0.00443406109832983,"3","HIPK2"
3.39041839343874e-07,-0.581789440999187,0.252,0.326,0.00477676047451583,"3","DSTN"
3.47926764598805e-07,0.320962467265473,0.499,0.426,0.00490194018643257,"3","BRD2"
3.83512190647858e-07,0.811755113936018,0.16,0.109,0.00540330325403767,"3","FAM43A"
4.01211244793577e-07,-0.439449489692495,0.335,0.408,0.00565266522789671,"3","TRAPPC1"
4.3155012774927e-07,0.259972745070125,0.673,0.606,0.00608010974985947,"3","SSR4"
4.41050642009188e-07,0.489476055129823,0.299,0.234,0.00621396249526745,"3","LYST"
4.77497062711029e-07,-1.39706494998717,0.061,0.109,0.00672745611653568,"3","GTF3C1"
4.85163442179754e-07,-0.901385277143047,0.077,0.131,0.00683546773687056,"3","TOX"
4.95960618581754e-07,-0.969628416259667,0.069,0.12,0.00698758915519834,"3","BCL2L11"
5.85711717151465e-07,0.504835009571951,0.34,0.275,0.00825209238294698,"3","HSPH1"
5.9605710908604e-07,-0.54153178204835,0.105,0.167,0.00839784860991322,"3","ZBTB38"
6.12784107279534e-07,-0.475463893013456,0.194,0.265,0.00863351528746135,"3","TMEM160"
6.14682911764197e-07,0.503155536879977,0.436,0.375,0.00866026754384577,"3","SDCBP"
6.31505435223317e-07,0.854868828142689,0.186,0.135,0.00889728007686131,"3","GNL3"
6.57369335499995e-07,-0.477327132682566,0.177,0.246,0.00926167656785943,"3","HAVCR2"
7.05250452547157e-07,0.195159799656773,0.783,0.735,0.0099362736259369,"3","COX7C"
7.45915995544366e-07,-0.738742982384564,0.115,0.176,0.0105092104612246,"3","AGTRAP"
8.19050994559108e-07,0.788756710142505,0.126,0.081,0.0115396094623433,"3","ARL5B"
8.66542661770426e-07,-0.657680317955942,0.159,0.223,0.0122087195616835,"3","LAT"
9.16565495913933e-07,0.559436304859477,0.231,0.173,0.0129134912719314,"3","BIRC2"
1.03295367517536e-06,0.718634029011916,0.135,0.089,0.0145532843295456,"3","PLK3"
1.07486154534977e-06,-0.951752085367684,0.086,0.139,0.0151437243124329,"3","CEP78"
1.0878937702121e-06,0.163549412526101,0.847,0.766,0.0153273353285182,"3","CD52"
1.35180835166007e-06,0.346221536890779,0.251,0.185,0.0190456278665387,"3","CD300A"
1.36185326544194e-06,-0.318995818515447,0.566,0.627,0.0191871506568115,"3","GSTP1"
1.39244885554064e-06,0.533461848063014,0.272,0.209,0.0196182119257121,"3","IFITM3"
1.41740042881865e-06,0.305876027056656,0.48,0.41,0.019969754641626,"3","PIK3R1"
1.42519194977431e-06,-0.475768648815951,0.297,0.364,0.0200795293803702,"3","DEK"
1.51142265371597e-06,0.499329866336617,0.36,0.299,0.0212944337682044,"3","PPP1CB"
1.5232494865536e-06,0.792063969782319,0.11,0.069,0.0214610620160537,"3","RARA"
1.62585951726498e-06,-0.584391945825528,0.079,0.132,0.0229067347387463,"3","MIR4435-2HG"
1.71518779274522e-06,-0.424599585134649,0.305,0.382,0.0241652808119873,"3","ARPC5L"
1.7883945269165e-06,-0.607515606470955,0.142,0.203,0.0251966904897265,"3","ITGAL"
1.80150483440822e-06,0.369296267231196,0.438,0.38,0.0253814016119774,"3","SQSTM1"
1.84192560436118e-06,0.601213143224932,0.191,0.138,0.0259508898398446,"3","AHI1"
1.93720456376848e-06,-0.600163619296981,0.112,0.17,0.0272932750989341,"3","CYB5B"
1.96904484442278e-06,-0.505226357179302,0.244,0.316,0.0277418728130725,"3","SCAND1"
2.32320067394683e-06,0.747640224414401,0.118,0.075,0.0327315742952369,"3","MEF2A"
2.67028703414395e-06,-0.364682009290169,0.388,0.459,0.0376216740240541,"3","CAPZB"
2.68817309432571e-06,0.245106400085507,0.712,0.654,0.0378736707259549,"3","COMMD6"
2.75295781434782e-06,0.533229126177298,0.205,0.152,0.0387864226463465,"3","ANKRD37"
2.99262596830684e-06,-0.546012512210106,0.185,0.25,0.042163107267475,"3","ARHGAP30"
3.12530891693292e-06,0.34885532497089,0.54,0.482,0.0440324773306679,"3","SERP1"
3.16037050290017e-06,0.564104249029544,0.328,0.272,0.0445264600153605,"3","CHMP1B"
3.23659884579216e-06,0.346285823428162,0.46,0.409,0.0456004411383658,"3","EIF4G2"
3.26718170867855e-06,-0.466169723404788,0.236,0.306,0.046031323093572,"3","NDUFA12"
3.6488396916298e-06,0.450943933017637,0.429,0.372,0.0514085024153723,"3","GPR65"
3.68054861073684e-06,-0.453783549653332,0.211,0.279,0.0518552493766714,"3","WDR1"
3.83061043892616e-06,-0.517387645203303,0.189,0.254,0.0539694704740307,"3","LAT2"
3.84211664784733e-06,0.283120485970195,0.527,0.472,0.0541315814515211,"3","RBM3"
3.88888928695257e-06,0.231921141775612,0.658,0.604,0.0547905611638748,"3","SARAF"
4.03021876891731e-06,0.854697813765109,0.179,0.133,0.0567817522352759,"3","MARCKSL1"
4.1746052204756e-06,0.755267272558959,0.129,0.087,0.0588160129512807,"3","ICAM1"
4.27476337244807e-06,0.684522978740687,0.141,0.096,0.0602271411544208,"3","GOLIM4"
5.11002979255584e-06,-0.37190932084565,0.36,0.428,0.0719952097473193,"3","BRK1"
5.18392297759262e-06,0.643204233044131,0.109,0.069,0.0730362908313024,"3","CD82"
5.3405527513435e-06,-0.58121019113265,0.223,0.282,0.0752430477136786,"3","MAPK1"
5.38406773804634e-06,-0.602413411655659,0.165,0.227,0.0758561303613349,"3","PSMB10"
5.51146710839028e-06,-0.460650618812438,0.421,0.476,0.0776510600901107,"3","HMGN2"
5.60283367304678e-06,0.152572183711137,0.21,0.153,0.0789383236195561,"3","IER3"
5.71822618977939e-06,-0.362430538372182,0.312,0.377,0.0805640887878019,"3","GNAI2"
5.76864240104421e-06,-0.687904399410748,0.073,0.121,0.0812744027883119,"3","AKAP5"
6.45242066230776e-06,-0.565531357254068,0.109,0.163,0.090908154711254,"3","LPIN2"
6.45522425332523e-06,-0.162097864401729,0.899,0.912,0.0909476545050991,"3","SERF2"
6.49480516679882e-06,0.321263465831421,0.506,0.451,0.0915053099950286,"3","ELF1"
6.54982024964952e-06,-0.364054164787917,0.386,0.458,0.092280417497312,"3","CAP1"
6.61631810873204e-06,0.840613955978463,0.123,0.083,0.0932173058339257,"3","IRS2"
6.91980621921011e-06,-0.710202276059267,0.113,0.167,0.0974931498224512,"3","TBCD"
6.9429451179548e-06,-0.374694227211738,0.283,0.353,0.0978191537668652,"3","PPP1R18"
7.01480888955482e-06,0.20605574011785,0.709,0.658,0.0988316424449379,"3","ZFP36"
7.30377047540918e-06,-0.191871833007778,0.879,0.894,0.10290282222804,"3","HLA-E"
7.31081852358617e-06,-0.610903421469051,0.091,0.142,0.103002122178806,"3","GCHFR"
7.42849922342798e-06,-0.708549218570929,0.071,0.118,0.104660125558877,"3","RGL4"
7.4336388645696e-06,-0.586582833108581,0.143,0.2,0.104732537962921,"3","TSEN54"
7.67205622629682e-06,-0.553988747494235,0.438,0.483,0.108091600172296,"3","RGS1"
7.82576368396505e-06,-0.705631863438221,0.102,0.154,0.110257184543384,"3","MAD2L2"
7.96543374454189e-06,-0.508612653394962,0.252,0.318,0.112224996026851,"3","MYO1F"
8.07055366640738e-06,-0.4489391432524,0.186,0.253,0.113706030606014,"3","RHOG"
8.94664043022056e-06,-0.805009677672576,0.079,0.125,0.126049217021377,"3","POLD4"
9.76581384896923e-06,-0.727990403069399,0.104,0.156,0.137590551318128,"3","SDHA"
1.00212276536368e-05,-0.866029664142058,0.093,0.141,0.141189076412089,"3","SH3BP5"
1.00420835626119e-05,0.412463969567912,0.29,0.23,0.141482915313639,"3","CYLD"
1.01778124680787e-05,-0.258946916017864,0.529,0.598,0.14339519986276,"3","GUK1"
1.06880436320827e-05,0.514691985623227,0.222,0.171,0.150583846732414,"3","ARL4A"
1.07354219091768e-05,0.267755336100755,0.597,0.541,0.151251359278392,"3","UBE2D3"
1.09665842874763e-05,0.377325068014936,0.325,0.269,0.154508206026254,"3","NR4A1"
1.10295087645627e-05,-0.462342860691248,0.207,0.273,0.155394748983924,"3","EVI2B"
1.11540068348295e-05,-0.278012812712401,0.538,0.581,0.157148802295912,"3","PPDPF"
1.11896536866185e-05,-0.367562562204731,0.158,0.22,0.157651030790767,"3","PITPNC1"
1.15393871942253e-05,1.05478127862916,0.1,0.064,0.162578426179441,"3","MYC"
1.16313048659774e-05,-0.535751334745728,0.086,0.135,0.163873454256756,"3","ELOF1"
1.18526196330626e-05,0.728613558620551,0.159,0.115,0.166991558010219,"3","CDKN1A"
1.1889500782403e-05,-0.359819331137235,0.216,0.283,0.167511176523276,"3","ZAP70"
1.1943450725722e-05,0.76938022783261,0.17,0.126,0.168271277274698,"3","OAT"
1.2134043260077e-05,-0.513536208081191,0.186,0.247,0.170956535491224,"3","SSNA1"
1.23490410955413e-05,-0.355691762626129,0.321,0.391,0.173985639995081,"3","OSTF1"
1.31428565586878e-05,0.757209419020868,0.13,0.089,0.185169706055353,"3","IL4R"
1.35881947579634e-05,-0.503686864509131,0.128,0.182,0.191444075944946,"3","PTGER2"
1.36493122295355e-05,-0.525938772473525,0.397,0.443,0.192305160001926,"3","CKLF"
1.37974972690807e-05,-0.473777463477404,0.206,0.268,0.194392939024077,"3","IDH2"
1.38085206260958e-05,0.541629919426423,0.167,0.121,0.194548247101063,"3","SLC1A5"
1.48001752087838e-05,0.3945297648752,0.436,0.392,0.208519668516555,"3","SFPQ"
1.4911826887253e-05,-0.563559945675497,0.215,0.276,0.210092729014508,"3","PIM1"
1.55696954081273e-05,0.43810981919057,0.385,0.335,0.219361438605106,"3","PPP1R2"
1.60985881579455e-05,-0.506597942914135,0.201,0.263,0.226813008557294,"3","APOBEC3C"
1.62295078897588e-05,-0.36134260456081,0.252,0.322,0.228657536658812,"3","IFNG"
1.72768053160857e-05,-0.809747506784753,0.076,0.12,0.243412910098332,"3","NSRP1"
1.72855832575844e-05,0.103403772317906,0.452,0.371,0.243536582516107,"3","TNFRSF18"
1.75923528954447e-05,-0.527256900821385,0.097,0.147,0.24785865994392,"3","ZBTB16"
1.78458855821228e-05,-0.456735350917018,0.235,0.297,0.251430681966528,"3","PSMB3"
1.78657773371087e-05,0.833551787963042,0.137,0.097,0.251710936902524,"3","PNP"
1.80585678464709e-05,-1.45169237483407,0.145,0.201,0.254427162388928,"3","MT1X"
1.85058861665045e-05,-0.503466045605632,0.132,0.187,0.260729430199882,"3","PSMC3"
1.99978376977589e-05,-0.473144221875728,0.146,0.204,0.281749535323725,"3","CAPNS1"
2.07504624534112e-05,0.674113813787156,0.156,0.113,0.29235326550611,"3","NINJ1"
2.14890344358277e-05,-0.506232126646658,0.204,0.263,0.302759006166377,"3","CHMP2A"
2.28402647823183e-05,0.277999554785872,0.599,0.555,0.321796490518083,"3","NCL"
2.44113448241933e-05,-0.602555098270513,0.151,0.204,0.343931437228059,"3","STK10"
2.49749691879637e-05,-0.291551769161283,0.133,0.19,0.351872340889221,"3","DECR1"
2.52395275396479e-05,-0.704568207833061,0.066,0.108,0.3555997035061,"3","PRR5"
2.56101710743367e-05,0.462714795466399,0.302,0.248,0.360821700266329,"3","MAP3K8"
2.61680915307074e-05,0.225031487034826,0.677,0.633,0.368682241576137,"3","KLF6"
2.641284302658e-05,0.426306601058489,0.207,0.158,0.372130545401485,"3","EPB41L4A-AS1"
2.76976120044805e-05,-0.481940456245141,0.136,0.189,0.390231655531125,"3","GPR171"
2.79093032338029e-05,0.674182986551477,0.277,0.23,0.393214173261049,"3","CNOT2"
2.81831193926222e-05,-0.568902412866271,0.14,0.193,0.397071969122655,"3","PHYKPL"
2.82424668467337e-05,-0.404864882071571,0.202,0.266,0.397908115403631,"3","CLEC2D"
2.82541419227729e-05,0.325971306798535,0.348,0.293,0.398072605549947,"3","FOSL2"
2.83336773798742e-05,-0.441857551522563,0.203,0.263,0.399193180605048,"3","AP2S1"
2.8454413164318e-05,0.413298121419943,0.451,0.405,0.400894227072077,"3","HNRNPH1"
2.86791058780966e-05,0.412290298889539,0.36,0.31,0.404059922716502,"3","WSB1"
2.88151520010532e-05,0.643574175591613,0.167,0.123,0.405976676542838,"3","NFKBID"
3.03480741408169e-05,0.236739229937368,0.582,0.534,0.42757401656997,"3","STK17A"
3.04546868298673e-05,-0.363374864082838,0.285,0.346,0.429076082746001,"3","UBE2L3"
3.23965456219829e-05,-0.508382492447328,0.189,0.247,0.456434931268117,"3","VAMP5"
3.25719282141677e-05,-0.45739298553709,0.215,0.275,0.458905896609409,"3","POLR2G"
3.33812214758699e-05,0.274440679415112,0.446,0.39,0.470308029373531,"3","CLK1"
3.39366793459404e-05,-0.28436066879506,0.356,0.424,0.478133875304955,"3","UQCR10"
3.46091762497801e-05,-0.413102139657795,0.219,0.281,0.487608684183151,"3","SLC9A3R1"
3.61598810588834e-05,-0.316900013267089,0.466,0.522,0.509456564238609,"3","APOBEC3G"
3.6821404783462e-05,-0.576233884942763,0.089,0.136,0.518776771994197,"3","ATXN1"
3.82608760166327e-05,-0.359073526359907,0.289,0.355,0.539057482198339,"3","BAX"
3.89307578683728e-05,0.570665201080718,0.298,0.249,0.548495447607505,"3","PMAIP1"
4.00913357706311e-05,-0.284143659668688,0.533,0.589,0.564846829672421,"3","PSMA7"
4.15566198990312e-05,-0.220813473793442,0.556,0.613,0.585491217757451,"3","CLIC1"
4.2148859875919e-05,-0.866879487486162,0.077,0.119,0.593835286791823,"3","CD9"
4.25876429243542e-05,0.21878626307579,0.671,0.634,0.600017301161227,"3","SKP1"
4.27466255346943e-05,-0.926400235503023,0.073,0.114,0.602257207158308,"3","IGF2R"
4.39883390454962e-05,-0.357365345148807,0.309,0.367,0.619751708811996,"3","RBX1"
4.68900246559709e-05,-0.455609449146546,0.22,0.278,0.660633557377974,"3","GIMAP4"
4.76218955198081e-05,-0.555553866087958,0.115,0.164,0.670944885978576,"3","NCKAP1L"
4.85360495455483e-05,0.437361796830582,0.238,0.189,0.68382440204723,"3","FOXN3"
5.00966501528606e-05,-0.474086427692814,0.136,0.188,0.705811704003653,"3","SAMHD1"
5.10724571003946e-05,0.207472355269243,0.632,0.589,0.71955984808746,"3","FUS"
5.11678929677978e-05,-0.482515917649711,0.109,0.157,0.720904444023304,"3","STX8"
5.27617952623969e-05,-0.462379244496269,0.157,0.212,0.74336093345191,"3","SHISA5"
5.29150315907441e-05,-0.225808274245014,0.523,0.583,0.745519880081993,"3","TPM3"
5.37541647588968e-05,0.32330457519461,0.376,0.323,0.757342427288097,"3","EIF3L"
5.45624556581299e-05,0.476940244254509,0.294,0.249,0.768730437767393,"3","CKS2"
5.48192963705257e-05,0.451010076002126,0.164,0.12,0.772349066564336,"3","PBXIP1"
5.56100680800442e-05,-0.642555828579263,0.089,0.134,0.783490249179743,"3","CCPG1"
5.76739518117445e-05,-0.474437190797515,0.145,0.197,0.812568307075668,"3","HMOX2"
5.92592061952214e-05,0.162453764651767,0.926,0.893,0.834902956084474,"3","NACA"
6.47670644294343e-05,-0.637116386669606,0.142,0.192,0.9125031707463,"3","GABARAP"
6.5027199310485e-05,-0.450384451290111,0.091,0.135,0.916168211085424,"3","AUTS2"
6.54665057437611e-05,0.202788217840932,0.577,0.524,0.92235759942385,"3","RSRP1"
6.64703399501035e-05,0.375665475593007,0.208,0.16,0.936500619557008,"3","FLOT1"
6.68953785047275e-05,-0.337605301321389,0.389,0.447,0.942488987753105,"3","ARPC5"
6.70367269887284e-05,0.687899611591212,0.16,0.119,0.944480446544195,"3","WDR74"
6.87282369627422e-05,0.564790397856938,0.21,0.166,0.968312130568075,"3","HBP1"
6.90378874134537e-05,-0.371384032848763,0.129,0.181,0.97267479576815,"3","MLLT6"
9.09716103613749e-05,0.896610297058975,0.13,0.094,1,"3","IFI44L"
7.85682782387545e-05,0.802603655699054,0.136,0.099,1,"3","SYPL1"
0.000209537179041864,0.753310815584961,0.113,0.08,1,"3","ZNF267"
0.00186267447198042,0.724158640786054,0.124,0.096,1,"3","TSC22D2"
7.77743933125337e-05,0.715035033636865,0.12,0.084,1,"3","STAM"
0.000837689223568502,0.70114002671462,0.12,0.089,1,"3","BCL2A1"
0.00190518472641872,0.682454699496985,0.115,0.087,1,"3","ARL14EP"
0.000980167428046963,0.680570994478372,0.101,0.073,1,"3","EIF1AY"
0.000659619552463956,0.680241387039164,0.121,0.09,1,"3","RNF130"
0.000152711104334245,0.674518900864658,0.131,0.095,1,"3","SPRY2"
8.3930263177181e-05,0.652418551782154,0.107,0.073,1,"3","RELB"
0.000532307950743929,0.651652351628818,0.13,0.098,1,"3","STX11"
0.000573451406464494,0.649291522669154,0.178,0.142,1,"3","MTHFD2"
0.000207296691161899,0.648492887948342,0.131,0.096,1,"3","DENND4A"
0.000787573361316521,0.64588259761802,0.101,0.072,1,"3","SPTBN1"
0.000537361323166543,0.643080241146647,0.101,0.071,1,"3","KLHL6"
0.000427195462166617,0.637920154791821,0.177,0.138,1,"3","B3GNT7"
0.000270856563644573,0.63694245229999,0.128,0.094,1,"3","UBE2D1"
0.000153241352435068,0.635084469564758,0.101,0.069,1,"3","SLC30A7"
0.00157910949157264,0.613242392837997,0.136,0.106,1,"3","ATP8B4"
0.000335623617483467,0.612290272230822,0.115,0.083,1,"3","HMGCS1"
0.000226543712701739,0.60727258606018,0.112,0.079,1,"3","ZNF92"
0.00179906391107718,0.606396997757178,0.105,0.078,1,"3","CTNNBIP1"
0.000100531847460079,0.594901352283677,0.117,0.081,1,"3","ORAI2"
0.000125130125726514,0.590309111023039,0.168,0.128,1,"3","PRPF6"
0.00170164262844134,0.58481789046409,0.132,0.102,1,"3","CTR9"
0.00495236777821033,0.580284685375989,0.16,0.132,1,"3","PIM2"
0.00205572744182893,0.568827856077598,0.119,0.09,1,"3","SIK3"
0.00179001060328769,0.561062950831828,0.21,0.176,1,"3","MOB4"
0.000597808044583327,0.553030020610791,0.127,0.094,1,"3","RYBP"
0.00170420516433408,0.535313114653046,0.12,0.091,1,"3","PER1"
0.000345300579845501,0.532588690470582,0.169,0.132,1,"3","HLA-DMA"
0.00587329646633163,0.531246382212854,0.103,0.078,1,"3","ZNF83"
0.00287986017096315,0.531042212683681,0.141,0.111,1,"3","CDK17"
0.000489749088891153,0.528202332149822,0.214,0.176,1,"3","GATA3"
0.00117990462791709,0.527826763170396,0.136,0.104,1,"3","ABHD5"
0.000863161407849026,0.5236491068497,0.184,0.147,1,"3","SRGAP3"
0.00167481515612693,0.520110625346229,0.142,0.11,1,"3","APBA2"
0.00064415307972739,0.518910982238764,0.191,0.153,1,"3","SRP54"
0.000169244903701072,0.513020692696048,0.224,0.181,1,"3","PTP4A1"
0.000218589255865537,0.510911551146908,0.143,0.106,1,"3","AKAP17A"
0.00624699308548193,0.509397122561983,0.112,0.087,1,"3","USP9X"
0.000277990905637598,0.505850883082521,0.144,0.108,1,"3","PFKFB3"
0.00010308135178653,0.504621223521473,0.187,0.144,1,"3","ERGIC1"
8.91621109679188e-05,0.497668934231728,0.161,0.119,1,"3","BAZ2B"
0.000356320258138898,0.495147864157312,0.222,0.182,1,"3","MAP2K3"
0.000301593098475843,0.494867603592887,0.138,0.102,1,"3","VAV3"
0.00307466688177804,0.493709645861234,0.128,0.099,1,"3","RNF138"
0.00202250777436112,0.492525896050093,0.112,0.085,1,"3","TMEM106B"
0.00509316196820039,0.491328877526625,0.121,0.095,1,"3","ADIPOR1"
0.00330081203667412,0.487970845535018,0.164,0.134,1,"3","TOB1"
8.98872771198819e-05,0.487578999885266,0.195,0.151,1,"3","ESD"
0.00748047558300934,0.486043057536924,0.106,0.082,1,"3","CYTH2"
0.00236888089566302,0.484566846637406,0.119,0.091,1,"3","JADE1"
0.00129571222522978,0.478094372334569,0.23,0.196,1,"3","CHD4"
0.000390508244923421,0.475868461058701,0.261,0.22,1,"3","DNTTIP2"
0.00919200574778776,0.472013007579918,0.18,0.153,1,"3","DCTN6"
0.0050502610761719,0.470337484779772,0.129,0.103,1,"3","RBM7"
0.00287768930813225,0.461736511225389,0.186,0.154,1,"3","LTB"
0.00737130273656487,0.460123306591643,0.121,0.096,1,"3","IMPDH2"
0.000452923617432507,0.45932518681136,0.242,0.201,1,"3","CTNNB1"
0.00210783723847656,0.45708327561907,0.122,0.093,1,"3","ARHGAP26"
0.00483953546672071,0.455291022410054,0.158,0.13,1,"3","DPM1"
0.00649777367985565,0.443901184405126,0.141,0.114,1,"3","GPCPD1"
0.00171326668452878,0.441146632810169,0.231,0.193,1,"3","JMJD1C"
0.000170072985606257,0.440793710265651,0.238,0.195,1,"3","CAMLG"
0.000231453720786173,0.439131936103124,0.228,0.185,1,"3","AKIRIN1"
0.00190630133908271,0.438956310585832,0.201,0.167,1,"3","TIPARP"
0.00273015314203084,0.432756702237804,0.145,0.114,1,"3","RRAS2"
0.00916394093463447,0.431563911240633,0.205,0.178,1,"3","PCF11"
0.000230547119325644,0.430494066087678,0.186,0.144,1,"3","DUSP10"
0.000422666652927898,0.429336121926779,0.188,0.148,1,"3","SNHG9"
0.0004665621555378,0.429054729306643,0.137,0.102,1,"3","ABHD2"
0.00180420161690675,0.428297728992878,0.201,0.166,1,"3","PABPN1"
0.000234450866864039,0.426465089395539,0.31,0.262,1,"3","SLC38A2"
0.0021205170848935,0.421675826213113,0.146,0.115,1,"3","SEC31A"
0.000103849334705528,0.420933682427042,0.103,0.068,1,"3","ITGAM"
0.000124655923061939,0.418714924970288,0.344,0.297,1,"3","SLC38A1"
9.76696917163953e-05,0.414966694531237,0.393,0.346,1,"3","SF1"
0.00288437711029724,0.414710244151695,0.23,0.197,1,"3","CHORDC1"
0.00627266375684257,0.413792809916519,0.185,0.156,1,"3","USP47"
0.000643787908667206,0.412088260656447,0.21,0.17,1,"3","PPP3CA"
0.00147209249834855,0.411050175986397,0.219,0.182,1,"3","ERGIC3"
0.00755544741702586,0.406455961802597,0.107,0.083,1,"3","TMEM11"
0.00200096900147917,0.403982114599725,0.101,0.073,1,"3","ZNF600"
0.00330640639379862,0.402798973911871,0.179,0.147,1,"3","MKRN1"
0.000456100149191512,0.400789673376668,0.272,0.227,1,"3","TLE4"
0.00319439748008166,0.400655513935048,0.2,0.166,1,"3","KPNA2"
0.00510690806791622,0.397113939154953,0.235,0.203,1,"3","ATP1A1"
0.00650050421585311,0.394572569586775,0.22,0.191,1,"3","PITHD1"
0.00164557882684407,0.388366406148403,0.196,0.162,1,"3","TNFSF14"
0.000493122328171597,0.388338385585118,0.215,0.174,1,"3","PRKX"
0.0010152590581783,0.384356909518915,0.264,0.226,1,"3","NFKBIZ"
0.0033316993073902,0.38230940016063,0.145,0.114,1,"3","NHLRC3"
0.0051725587944355,0.38164786951487,0.171,0.14,1,"3","TRAF5"
0.00107292572897761,0.378691836117473,0.327,0.292,1,"3","POLR2K"
0.00968841343238235,0.377046952707864,0.202,0.172,1,"3","NSMCE1"
0.0075422922596667,0.374504114322681,0.224,0.192,1,"3","NOP58"
0.00146618244541703,0.373922106415626,0.181,0.145,1,"3","INSIG1"
0.00356877047780736,0.373855096592248,0.195,0.162,1,"3","STT3B"
0.00823063631820382,0.373463346045796,0.186,0.158,1,"3","PCMTD1"
0.00135623401179434,0.370927732372941,0.277,0.24,1,"3","HSPA9"
0.00101559169279751,0.368993181908272,0.256,0.218,1,"3","SLC16A3"
0.00269770127623601,0.367675868123417,0.277,0.239,1,"3","PHF20"
0.00332654814620638,0.366743553844716,0.229,0.196,1,"3","HSD17B11"
0.0043569184629408,0.366244067966866,0.215,0.181,1,"3","SRSF6"
7.26870949669607e-05,0.364866048046784,0.387,0.341,1,"3","FAM177A1"
0.00886790252358148,0.363636126200878,0.191,0.161,1,"3","USP34"
0.000232117957586095,0.363508905032079,0.2,0.156,1,"3","IRF7"
0.0093621934344885,0.36288513993202,0.193,0.163,1,"3","TNFSF10"
0.00819292608821799,0.36118304821049,0.161,0.133,1,"3","SLC25A36"
0.00558707773382654,0.361053491608911,0.277,0.243,1,"3","RNF19A"
0.00136197470540677,0.359570076418882,0.31,0.267,1,"3","PARP8"
0.00532981180014786,0.357308208751244,0.326,0.296,1,"3","DDX18"
0.000198569448389798,0.354061814479141,0.276,0.229,1,"3","CMTM6"
0.00146600926842463,0.352612888667187,0.146,0.112,1,"3","TC2N"
0.00313959557034922,0.352149728350993,0.161,0.128,1,"3","RALA"
0.000486506235553621,0.349803959166706,0.327,0.287,1,"3","NASP"
0.00437148112346882,0.344596514308977,0.347,0.315,1,"3","ARL6IP1"
0.00191751526550084,0.342453072972345,0.17,0.135,1,"3","AGO2"
0.000929952126890101,0.341937314320038,0.288,0.249,1,"3","TCP1"
0.0048454816814335,0.33992594865179,0.258,0.225,1,"3","IL10RA"
0.00714507051222628,0.334763189887695,0.253,0.223,1,"3","GLUL"
0.000390696315159994,0.332206166661853,0.464,0.432,1,"3","ADGRE5"
0.00271477901249443,0.330686782180923,0.238,0.201,1,"3","CNN2"
0.000159137011239425,0.327600924631331,0.295,0.246,1,"3","CLDND1"
0.00599998127145015,0.326477741540714,0.283,0.25,1,"3","HNRNPUL1"
0.00351500552200432,0.324477683429765,0.382,0.35,1,"3","IDI1"
0.00853691315770498,0.319915609171794,0.15,0.122,1,"3","NXF1"
0.00226518961496938,0.319665197370022,0.123,0.093,1,"3","GRAMD1A"
0.0090264607929225,0.319529911435866,0.178,0.148,1,"3","RRBP1"
0.000659734330788152,0.317133243056948,0.308,0.263,1,"3","TPST2"
0.00254505918159015,0.315956530421522,0.194,0.159,1,"3","DEDD2"
0.00089920233021436,0.313445310617793,0.334,0.293,1,"3","BCLAF1"
0.00453563412719061,0.312598356828785,0.257,0.222,1,"3","RBBP6"
7.36514256941078e-05,0.311647742414782,0.477,0.432,1,"3","CCNL1"
0.00144900712198981,0.311084755221031,0.35,0.312,1,"3","EIF1AX"
9.57951560835472e-05,0.301962232708039,0.464,0.419,1,"3","HNRNPA0"
0.000545254237410294,0.297117491954654,0.438,0.401,1,"3","LRRFIP1"
0.00631248156510163,0.295100486967133,0.298,0.264,1,"3","ZFAND5"
0.00265483154353278,0.294720153246111,0.516,0.495,1,"3","CYCS"
0.000314937821665807,0.290412448197416,0.292,0.245,1,"3","PPP1R10"
0.000658477711528399,0.288703006177801,0.595,0.571,1,"3","LITAF"
0.000277190390402353,0.287969083202193,0.483,0.443,1,"3","RUNX3"
0.00043327991014825,0.286966853365854,0.441,0.401,1,"3","BZW1"
0.000120558527936284,0.282226939519212,0.537,0.505,1,"3","RBM8A"
0.0048146002964618,0.274435422277944,0.291,0.258,1,"3","TMED10"
0.00257347497051187,0.264345827588756,0.385,0.347,1,"3","EIF5A"
0.00829567382664792,0.263121986516105,0.88,0.855,1,"3","HSP90AA1"
0.0074745647465909,0.261117065462551,0.359,0.324,1,"3","UBE2B"
0.000254919871099776,0.257555079335726,0.419,0.365,1,"3","SOCS1"
0.00754538167762187,0.252736443827048,0.343,0.311,1,"3","CSDE1"
0.00341791167506381,0.250590423185831,0.193,0.158,1,"3","CAPN12"
0.00149129044188698,0.2387166875776,0.243,0.204,1,"3","HEXIM1"
0.000706839446219696,0.237757005440689,0.44,0.402,1,"3","RBM25"
0.000642053098096359,0.234197600243589,0.446,0.405,1,"3","LDHB"
0.000346167056036397,0.234126576660421,0.672,0.637,1,"3","S100A10"
0.00142839342220573,0.222307699970894,0.477,0.448,1,"3","KMT2E"
0.0083080277645375,0.22170027660027,0.434,0.404,1,"3","MAP1LC3B"
0.00281284939999793,0.217543267917673,0.502,0.468,1,"3","PGK1"
0.00633266549314334,0.211670757684904,0.333,0.297,1,"3","PEBP1"
0.000510128117266767,0.21052048469886,0.672,0.635,1,"3","SRSF5"
0.00651537839574749,0.208716562572018,0.435,0.401,1,"3","TRA2B"
0.00754065698962851,0.196842089353748,0.164,0.136,1,"3","CWC25"
0.00753495107356922,0.161793929366457,0.527,0.496,1,"3","ACAP1"
0.00463490682390129,0.15400657970993,0.476,0.434,1,"3","EIF3H"
0.00288999370826044,0.145071408440941,0.903,0.855,1,"3","FTL"
0.00361038321696282,0.139348565826433,0.726,0.701,1,"3","YBX1"
0.00189676038751074,0.13568195423545,0.297,0.251,1,"3","HLA-DRA"
0.00664273368309127,0.123676616779711,0.913,0.878,1,"3","UBC"
0.000806764497049695,0.114674464069633,0.49,0.439,1,"3","IFITM1"
0.000223614839489657,0.111089488999686,0.541,0.498,1,"3","TUBA1B"
0.00297774087414131,0.0968616233919493,0.621,0.568,1,"3","SNRPD2"
0.000106677925167286,-0.0465905552765604,0.552,0.491,1,"3","DNAJB1"
0.00479524762557195,-0.0612941834366714,0.949,0.878,1,"3","GNLY"
0.00962626217727635,-0.112821900314438,0.739,0.743,1,"3","TMA7"
0.00745143088889289,-0.114476750437864,0.187,0.228,1,"3","LBH"
0.000196457324609584,-0.125871719103892,0.878,0.9,1,"3","CFL1"
0.00796965050170399,-0.135584561825382,0.825,0.833,1,"3","CALM1"
0.00363779512864022,-0.146153515191418,0.609,0.637,1,"3","SUMO2"
0.000599304734785881,-0.154465720231561,0.721,0.756,1,"3","PPIA"
0.000173930802374642,-0.156528228417,0.846,0.864,1,"3","HCST"
0.00120784238606323,-0.16113467526485,0.607,0.654,1,"3","EVL"
0.00432125145177687,-0.165043520288523,0.285,0.338,1,"3","PRKCH"
0.000251095397926311,-0.166530968696601,0.819,0.842,1,"3","HLA-B"
0.000868295621833723,-0.167570669247624,0.653,0.679,1,"3","PSME1"
0.00349217536893465,-0.167650177099229,0.631,0.659,1,"3","SUB1"
0.0091527604102177,-0.172333416178759,0.37,0.424,1,"3","SPCS2"
0.00612973227562099,-0.179998609656824,0.455,0.5,1,"3","PARK7"
0.00833254542917587,-0.184740094227485,0.413,0.464,1,"3","VAMP2"
0.00211879851804469,-0.18918951590619,0.286,0.338,1,"3","NDUFB4"
0.00792193554240857,-0.195825769566775,0.14,0.176,1,"3","HDAC1"
0.000824111865755764,-0.195847333448644,0.148,0.194,1,"3","CAPN2"
0.00849944897792448,-0.197534838560202,0.433,0.477,1,"3","DRAP1"
0.00370694895039295,-0.203098763238564,0.489,0.537,1,"3","CD48"
0.00279190100130047,-0.204130114442484,0.566,0.609,1,"3","CD53"
0.00894390574750668,-0.206034171301976,0.18,0.217,1,"3","CDV3"
0.00457409240945947,-0.208813788767597,0.437,0.483,1,"3","HNRNPA3"
0.0083836850735688,-0.20978445329679,0.422,0.463,1,"3","ACTR3"
0.0024045474116377,-0.211846224036527,0.44,0.49,1,"3","CIB1"
0.00095305235972533,-0.214209900316378,0.472,0.52,1,"3","YWHAB"
0.00242810509154025,-0.220153817913383,0.181,0.226,1,"3","SAMD9"
0.00503017141680207,-0.22046884870708,0.278,0.33,1,"3","SCP2"
0.00768976115364962,-0.222710711996256,0.079,0.106,1,"3","RFXANK"
0.00957569495794747,-0.223929123299211,0.114,0.145,1,"3","TRAPPC2L"
0.00115167547384421,-0.228337689505176,0.519,0.559,1,"3","RHOA"
0.00183944081300259,-0.230752860259232,0.365,0.414,1,"3","CELF2"
0.000259014551318828,-0.232206000663738,0.336,0.397,1,"3","CHST12"
0.00324153734780271,-0.23228069468397,0.16,0.202,1,"3","ADD1"
0.00571527383518438,-0.233986716570529,0.149,0.186,1,"3","IRF3"
0.00199109105591435,-0.234237853946226,0.195,0.24,1,"3","PSMB7"
0.00646293350451854,-0.235681796460507,0.326,0.372,1,"3","PSMD8"
0.0020666473341853,-0.239333189585188,0.171,0.217,1,"3","RASAL3"
0.000348762638043998,-0.240833016842794,0.327,0.386,1,"3","CSTB"
0.00467461172247136,-0.242536318438674,0.208,0.252,1,"3","METTL9"
0.000370633347875113,-0.242784084595333,0.465,0.523,1,"3","COX6A1"
0.000302837286765917,-0.246609872147721,0.433,0.494,1,"3","NDUFB2"
0.00316187736548988,-0.249498539921711,0.196,0.242,1,"3","PTGER4"
0.00153188305986801,-0.253077264724227,0.279,0.333,1,"3","NDUFB10"
0.000525083207130616,-0.255867203950094,0.469,0.511,1,"3","CALR"
0.00288493657813582,-0.256374016615653,0.283,0.33,1,"3","DYNLRB1"
0.00806123865688446,-0.260179125026289,0.216,0.256,1,"3","KRTCAP2"
0.00386357629256892,-0.261558038632992,0.134,0.172,1,"3","MAPK1IP1L"
0.00862400758311491,-0.262132445770673,0.16,0.195,1,"3","SMC3"
0.000845347297799162,-0.262725313120827,0.243,0.298,1,"3","TAP1"
0.00184183874233837,-0.263921036953147,0.252,0.305,1,"3","PSMA5"
0.00869665628912396,-0.264124325813064,0.156,0.19,1,"3","KLF13"
0.00115490805968223,-0.264648918437461,0.103,0.141,1,"3","RECQL"
0.00868023930946533,-0.264839269773071,0.117,0.15,1,"3","SNX5"
0.00566327019801742,-0.265301643575875,0.256,0.3,1,"3","TMED9"
0.00408017093844324,-0.267446114124363,0.218,0.261,1,"3","AOAH"
0.00693633959209042,-0.269330460451018,0.194,0.233,1,"3","RORA"
0.00269549262100409,-0.269759398130149,0.089,0.122,1,"3","ST8SIA4"
0.00655869995196538,-0.270247234085729,0.168,0.205,1,"3","KDELR2"
0.00979405666299803,-0.270717191585273,0.171,0.206,1,"3","ADAM8"
0.000862029017665148,-0.271667819787596,0.297,0.352,1,"3","LSM7"
0.00121882418935954,-0.276267535838098,0.162,0.207,1,"3","PREX1"
0.00166786465585888,-0.278792659759988,0.12,0.16,1,"3","SP140"
0.00840383584328136,-0.279127026178104,0.338,0.378,1,"3","TMEM50A"
0.000376239148126258,-0.280132999781246,0.212,0.266,1,"3","SNRPD1"
0.00394975631067701,-0.280581367367688,0.24,0.283,1,"3","VASP"
0.000123990390277453,-0.282912314809512,0.449,0.513,1,"3","ARL6IP5"
0.00852857031136502,-0.283174051613119,0.178,0.214,1,"3","RAD21"
0.00308110651701797,-0.283923156268377,0.161,0.2,1,"3","VDAC3"
0.000510881723142142,-0.28653700784402,0.422,0.471,1,"3","COX8A"
0.000894335848032036,-0.286845989507145,0.401,0.449,1,"3","MZT2B"
0.00221734336291504,-0.289700571128275,0.29,0.338,1,"3","CASP4"
0.00321871544282108,-0.290302797235851,0.241,0.283,1,"3","HNRNPR"
0.00669254756450202,-0.290510856252375,0.138,0.173,1,"3","SIRT2"
0.000352796121281049,-0.295760903472631,0.279,0.338,1,"3","SRI"
0.00661155652340173,-0.297596627652845,0.222,0.263,1,"3","STUB1"
0.00071442385426765,-0.297965695630977,0.236,0.288,1,"3","HNRNPD"
0.00079411478652481,-0.298483238184783,0.197,0.244,1,"3","LRPAP1"
0.00748543060686886,-0.298866311044681,0.096,0.126,1,"3","NMI"
0.00728098793304037,-0.299283489694878,0.164,0.201,1,"3","PSMG2"
0.00160549182739782,-0.301554664146465,0.222,0.271,1,"3","RHOH"
0.000648789862611642,-0.301664978853398,0.071,0.106,1,"3","SKA2"
0.00230408800047038,-0.301814110142074,0.179,0.221,1,"3","SLA2"
9.77449063248764e-05,-0.301961547431286,0.286,0.352,1,"3","ATP6V1F"
0.00623320324440331,-0.302619207705089,0.112,0.144,1,"3","MEA1"
0.00515761461405362,-0.302875409423821,0.194,0.232,1,"3","NDUFB3"
0.000301501567045785,-0.304832713385621,0.3,0.357,1,"3","HLA-F"
0.000137788389791871,-0.305170597219156,0.335,0.391,1,"3","CCDC85B"
0.00047247962820335,-0.309383519988452,0.342,0.398,1,"3","DOK2"
0.000174595931972329,-0.312062068462462,0.281,0.34,1,"3","FKBP8"
0.00293802342431771,-0.312904839162143,0.137,0.175,1,"3","CNPY3"
0.000190260591041342,-0.314559623062034,0.346,0.399,1,"3","TCF25"
0.00291848880702122,-0.315750262323913,0.178,0.219,1,"3","TRIM22"
0.000111249476811159,-0.316031436317182,0.333,0.398,1,"3","RGS2"
0.00113327990739261,-0.317276022290117,0.177,0.222,1,"3","SYTL1"
0.00071561243921169,-0.318557021700512,0.245,0.299,1,"3","TBCB"
0.00105734777629015,-0.324329990275495,0.203,0.253,1,"3","GNB2"
0.0026492869660525,-0.324540732209317,0.099,0.131,1,"3","CCDC90B"
0.00457749733558971,-0.32568196032161,0.29,0.328,1,"3","PSMA4"
0.00844218206170174,-0.326041472810107,0.173,0.209,1,"3","TSC22D4"
0.000193635324306638,-0.329790248621354,0.146,0.197,1,"3","RPA2"
0.000157511137325432,-0.330290455162621,0.304,0.364,1,"3","RHOC"
0.00695332600660077,-0.331012760445962,0.083,0.111,1,"3","NDUFA8"
0.00184200146176782,-0.331494297494733,0.193,0.238,1,"3","GLRX"
0.00013788783374075,-0.332968847270109,0.434,0.482,1,"3","PRELID1"
0.00156024915430117,-0.333126129350995,0.151,0.193,1,"3","CARHSP1"
0.00129482834352602,-0.334931824978502,0.132,0.173,1,"3","GOLGA7"
0.00425260060071277,-0.335490268147019,0.236,0.276,1,"3","SSU72"
0.000553848132808307,-0.336496550987815,0.178,0.228,1,"3","RER1"
0.0047050286300076,-0.337224843946198,0.137,0.172,1,"3","MAGED2"
0.00128136995161369,-0.337821664600368,0.186,0.232,1,"3","RASSF1"
0.00298934895274357,-0.338465174217357,0.301,0.342,1,"3","PTP4A2"
0.00128106513480341,-0.339752009548022,0.276,0.32,1,"3","GPSM3"
0.000934655502160643,-0.34075817051812,0.224,0.272,1,"3","CLTA"
0.00289159998821092,-0.340879170429434,0.154,0.194,1,"3","PDCD10"
0.00407896011922575,-0.341755504906772,0.072,0.101,1,"3","DDB2"
0.00018555193669037,-0.343238817590676,0.151,0.202,1,"3","PARP1"
0.000433387675065408,-0.343994038184795,0.204,0.257,1,"3","POLR3GL"
0.000891263093800439,-0.344070315956732,0.408,0.453,1,"3","RAP1B"
0.00782816102528634,-0.344613374473503,0.169,0.205,1,"3","PUF60"
0.000783276745106492,-0.345703320416373,0.186,0.233,1,"3","MIEN1"
0.00364801730804933,-0.345785923870899,0.116,0.151,1,"3","MPC1"
0.00694563832150566,-0.346097233925933,0.1,0.13,1,"3","CREBZF"
0.000216866909231273,-0.346641288869168,0.175,0.229,1,"3","ITGB7"
0.00173966072329033,-0.346862511413839,0.246,0.293,1,"3","CEBPB"
0.00127755206659782,-0.35076550824359,0.094,0.13,1,"3","VKORC1"
0.00333959452945373,-0.351568086610664,0.127,0.163,1,"3","UHMK1"
0.00779981113651048,-0.353673455436389,0.14,0.173,1,"3","TMOD3"
0.00485408069719536,-0.353773349458015,0.169,0.209,1,"3","NDUFAF3"
0.00192949403867014,-0.353997213993035,0.073,0.105,1,"3","FBXO6"
0.000904205784251767,-0.35496810396367,0.132,0.174,1,"3","LPXN"
0.000356938652561467,-0.35506226425957,0.318,0.371,1,"3","ERP29"
0.00269736319815329,-0.355811730527455,0.108,0.143,1,"3","CD58"
0.000796798856478945,-0.357586924568193,0.287,0.332,1,"3","UCP2"
0.00655790624911328,-0.357869147889226,0.083,0.112,1,"3","FAM111A"
0.000625355511670053,-0.358195937950052,0.156,0.201,1,"3","DIAPH1"
0.00203495345795607,-0.359652006067177,0.089,0.122,1,"3","ARHGAP25"
0.00167419991470961,-0.360591232721253,0.238,0.284,1,"3","MDH2"
0.00853015692921898,-0.360666359610683,0.079,0.106,1,"3","ARL6IP6"
0.00094187807969965,-0.361940614056015,0.113,0.154,1,"3","MAT2B"
0.000333075126027742,-0.362079129319333,0.174,0.224,1,"3","PRKACB"
0.00133095107940938,-0.366871166777693,0.153,0.195,1,"3","GSDMD"
0.00389849373521874,-0.367764335241699,0.21,0.251,1,"3","NDUFAB1"
0.000888397828488004,-0.368452303202917,0.234,0.281,1,"3","UBE2L6"
0.000415114795406336,-0.368499797488019,0.297,0.349,1,"3","APMAP"
0.00424976914119648,-0.369680241679368,0.112,0.144,1,"3","PPP2R5E"
0.000182086713899414,-0.37146049255654,0.12,0.166,1,"3","AKR7A2"
0.000452398203779147,-0.372993542487448,0.269,0.322,1,"3","NDUFC2"
0.00169907607012731,-0.378825032808187,0.244,0.289,1,"3","RNF7"
0.00706362302025953,-0.383026723834057,0.081,0.109,1,"3","CDIPT"
0.00253494350974344,-0.383309191141815,0.166,0.206,1,"3","RNASEH2C"
0.00362977631677871,-0.383755528597394,0.177,0.214,1,"3","SRSF4"
0.00397004431999374,-0.386476120932558,0.09,0.12,1,"3","TMEM50B"
0.000376988612030959,-0.386839429270163,0.132,0.176,1,"3","SAMD9L"
9.33912254933528e-05,-0.388092875587808,0.153,0.206,1,"3","ZMAT2"
0.00734306425249285,-0.388664387460689,0.153,0.188,1,"3","ANKRD28"
0.000397779863312335,-0.389569842396487,0.263,0.31,1,"3","ALDOA"
0.000563245289531296,-0.389879008493061,0.123,0.165,1,"3","COMMD8"
0.00171379266160709,-0.393124223242244,0.135,0.174,1,"3","METTL23"
0.00312307114695397,-0.393430993303859,0.202,0.241,1,"3","PPP4C"
0.00364835312301483,-0.394523183268427,0.108,0.142,1,"3","TMUB1"
0.00119827880606573,-0.394740855880228,0.136,0.178,1,"3","PKN1"
7.45414421013209e-05,-0.395611482907066,0.128,0.179,1,"3","CD2BP2"
0.00336109145896634,-0.395669316736831,0.211,0.25,1,"3","ATRAID"
0.00432117456557533,-0.396042611309514,0.125,0.16,1,"3","ATXN10"
0.000471863079416202,-0.396494546412333,0.299,0.349,1,"3","NOP10"
0.000761602109198443,-0.397155129114731,0.166,0.211,1,"3","NOL7"
0.00147267208130154,-0.398374155562736,0.175,0.219,1,"3","GTF3C6"
0.0016586457917981,-0.398684241792524,0.114,0.151,1,"3","GGA1"
0.00600823966406407,-0.399163859404626,0.186,0.22,1,"3","PTPN6"
0.00051076407246718,-0.400994496250223,0.161,0.208,1,"3","TWF2"
0.000692465507084444,-0.403348219745841,0.13,0.172,1,"3","EPSTI1"
0.00170274451087187,-0.403757665456747,0.1,0.136,1,"3","SMC1A"
0.000533233345295382,-0.406836572417774,0.121,0.164,1,"3","DDX39A"
0.00509597656215879,-0.407165319762694,0.394,0.42,1,"3","ARL4C"
0.00104441456960014,-0.408203887251973,0.213,0.261,1,"3","IVNS1ABP"
0.000108300976219998,-0.408605272452525,0.236,0.295,1,"3","PGAM1"
0.000556840796242692,-0.410693463082866,0.069,0.103,1,"3","FBXW2"
0.00195683105099264,-0.41217740768875,0.235,0.277,1,"3","CSNK2B"
0.000132373315447744,-0.412822978139688,0.197,0.253,1,"3","COMMD7"
0.000176697447045405,-0.413625765135288,0.153,0.204,1,"3","NUCB1"
0.00706099084042676,-0.416580014487735,0.134,0.166,1,"3","SH3BP1"
0.00203386541985409,-0.41732763244767,0.152,0.192,1,"3","WNK1"
0.00221482444855997,-0.417859210789535,0.149,0.189,1,"3","FAAP20"
0.00245883347964704,-0.41821456911759,0.101,0.135,1,"3","ABHD14B"
0.00957984160703729,-0.418248533341419,0.15,0.181,1,"3","RALBP1"
7.5238777194486e-05,-0.419552065577882,0.188,0.243,1,"3","HSPB11"
0.00222115563409923,-0.421908726129951,0.198,0.239,1,"3","CSK"
0.000106478620241664,-0.422962892227603,0.118,0.166,1,"3","SCAMP2"
0.00608026645117433,-0.422970299801444,0.084,0.112,1,"3","CAB39"
0.000367326230895903,-0.42309188044908,0.092,0.131,1,"3","TGFBR2"
0.00072199521674515,-0.423454834744001,0.077,0.112,1,"3","BPGM"
0.002316270312489,-0.423675528918271,0.113,0.149,1,"3","NDUFS2"
0.00729629347436838,-0.424034370900833,0.101,0.13,1,"3","DYNC1I2"
0.00426349188409666,-0.425798240501349,0.129,0.163,1,"3","TBX21"
0.00106445812512981,-0.429676866863159,0.106,0.144,1,"3","BATF"
0.000213071001718872,-0.430194693722711,0.175,0.223,1,"3","TGOLN2"
7.29430995632822e-05,-0.432857974959945,0.14,0.192,1,"3","RGS19"
0.00863390234628379,-0.43383357447994,0.146,0.178,1,"3","PDLIM2"
0.00539716084762418,-0.434799531757374,0.12,0.152,1,"3","RASGRP1"
0.000101069434711231,-0.436776621930647,0.224,0.279,1,"3","DCTN3"
0.00467616816329158,-0.442020892485953,0.186,0.221,1,"3","SH3KBP1"
0.00483185331120215,-0.443584641538121,0.16,0.195,1,"3","MFSD10"
0.000859790135506903,-0.444305070151945,0.098,0.136,1,"3","COA3"
0.000308577065379061,-0.444584135872331,0.183,0.232,1,"3","GTF2A2"
0.00183173311901694,-0.444850691545002,0.07,0.1,1,"3","FBXW7"
0.00461192870013495,-0.445217231672145,0.074,0.102,1,"3","TP53I13"
0.000780391882595459,-0.445442563294736,0.093,0.13,1,"3","MVD"
0.00112309198528699,-0.448843199557788,0.132,0.172,1,"3","CASP1"
0.000246749912833398,-0.449147773688947,0.178,0.226,1,"3","DENND2D"
0.0080280084404059,-0.449744166050864,0.084,0.111,1,"3","DNPH1"
0.00039338794802297,-0.450671101271375,0.126,0.168,1,"3","FAM3C"
0.00563242406755072,-0.451951735878652,0.088,0.117,1,"3","PPIH"
0.000161041901740815,-0.454444780327346,0.128,0.176,1,"3","TEX264"
0.000346341567170929,-0.456301134881244,0.092,0.133,1,"3","SLAMF7"
0.00431078174573291,-0.456829278030754,0.074,0.102,1,"3","HACD4"
0.0036111383494083,-0.457326420590224,0.087,0.118,1,"3","NUP210"
0.00528292748614054,-0.45821476754997,0.075,0.102,1,"3","CCDC28A"
0.00118346316771463,-0.46274893522412,0.077,0.11,1,"3","CHMP1A"
0.000621236850627654,-0.465144707479072,0.23,0.276,1,"3","SPN"
0.00150192865447675,-0.467180499356124,0.115,0.152,1,"3","CDC123"
0.00391669873340425,-0.46916453381977,0.079,0.108,1,"3","COPS4"
0.000644442050759986,-0.469631475445415,0.152,0.197,1,"3","IMP3"
0.00541208574705726,-0.472480733841263,0.073,0.1,1,"3","VRK3"
0.00293731397665792,-0.473094176269588,0.085,0.116,1,"3","TXNDC9"
0.00207795375296099,-0.475377263323088,0.128,0.164,1,"3","IFI35"
0.000372795914994928,-0.479031269485349,0.134,0.178,1,"3","LRP10"
0.00167407375546944,-0.481355014775611,0.087,0.121,1,"3","ANXA2R"
0.000322859092487107,-0.482094580796733,0.25,0.296,1,"3","AAK1"
0.000986744268768131,-0.483035430989018,0.104,0.143,1,"3","HAGH"
0.0069072079614471,-0.48514137029981,0.143,0.174,1,"3","FBXW5"
0.00340018241708241,-0.486399766325397,0.12,0.154,1,"3","FCMR"
0.0025090786666957,-0.488506936972964,0.142,0.178,1,"3","FGR"
0.000355892932884918,-0.489897422102576,0.121,0.164,1,"3","CTDSP1"
0.000144251605575046,-0.49107685620013,0.075,0.115,1,"3","NENF"
0.00034379276637753,-0.496363659304679,0.068,0.104,1,"3","SLC44A2"
0.000155130051656461,-0.49672725923929,0.139,0.186,1,"3","LBR"
0.00610393692583755,-0.504062756347428,0.142,0.174,1,"3","PTPRE"
0.000769333172206736,-0.50754798906066,0.089,0.125,1,"3","PLEKHO1"
0.00172749205987081,-0.507791430854012,0.088,0.121,1,"3","CRIPT"
0.00135664276598358,-0.510614048083535,0.124,0.162,1,"3","SASH3"
0.00089821109616528,-0.511496694406137,0.075,0.109,1,"3","CNIH4"
0.005905304867759,-0.512675630734459,0.076,0.103,1,"3","ABHD14A"
0.000290121410298059,-0.516772559830338,0.127,0.17,1,"3","GIMAP1"
0.000700928423896379,-0.518369762275541,0.093,0.13,1,"3","EXOSC1"
0.000110090383050107,-0.522573403739161,0.236,0.29,1,"3","METRNL"
0.00119876371336394,-0.524975254592507,0.101,0.137,1,"3","ORMDL2"
0.00253488271292499,-0.526785988375773,0.132,0.168,1,"3","SPOCK2"
0.00303220060023969,-0.531951425654783,0.095,0.127,1,"3","MYO9B"
0.00267137161015073,-0.533202640056998,0.075,0.105,1,"3","POLR3K"
0.000301517789499461,-0.53531450378754,0.137,0.182,1,"3","FAM50A"
0.000329944581802461,-0.543134784299977,0.086,0.124,1,"3","CTBP1"
0.000536861921467728,-0.543674481223489,0.09,0.128,1,"3","ATF6B"
0.000638591354484903,-0.545814672668241,0.087,0.124,1,"3","MIF4GD"
0.000107744769760145,-0.54595101334741,0.097,0.141,1,"3","DHRS3"
0.00133693989333825,-0.547514360556814,0.135,0.172,1,"3","ZBTB7A"
0.00562444013335539,-0.548325605535293,0.077,0.103,1,"3","SLK"
0.000112811555522347,-0.553310452227686,0.093,0.136,1,"3","ITK"
0.00333071695345989,-0.555966984504469,0.082,0.112,1,"3","RAB4A"
0.00818260578041932,-0.557548069419384,0.084,0.11,1,"3","CHMP3"
0.00196562490965858,-0.571571703377655,0.081,0.113,1,"3","NAE1"
0.00510903289992518,-0.573596372522626,0.079,0.106,1,"3","TIMMDC1"
0.00407016630585501,-0.574968282615443,0.098,0.129,1,"3","TOMM5"
0.000776279110813234,-0.579476093090518,0.169,0.21,1,"3","SYNE1"
0.000964439133683283,-0.580303991324228,0.093,0.128,1,"3","RRP7A"
0.00125583805085438,-0.583550806694415,0.078,0.11,1,"3","TPP1"
0.000298500552318851,-0.58654312191852,0.073,0.11,1,"3","UCHL5"
0.00663424612405108,-0.589653934863215,0.077,0.103,1,"3","ZDHHC24"
0.000917044917142848,-0.600491335184963,0.089,0.124,1,"3","GBP1"
0.000937325224257476,-0.60198564981044,0.072,0.105,1,"3","TNFSF12"
0.00134657638862489,-0.603599500550329,0.085,0.118,1,"3","RASGRP2"
0.000955254673071548,-0.604581842810918,0.085,0.12,1,"3","CCDC167"
0.000650668963167356,-0.608337582727462,0.074,0.108,1,"3","DDHD1"
0.00200966780984198,-0.609696682182258,0.079,0.11,1,"3","TNIP2"
0.000550996423518158,-0.621630136048339,0.105,0.143,1,"3","CYTH4"
7.21793886307695e-05,-0.629647702211742,0.124,0.17,1,"3","PTPN12"
0.000265115859073928,-0.645366044822126,0.074,0.111,1,"3","CD244"
0.000119979108628393,-0.662457023076527,0.098,0.14,1,"3","MYBL1"
0.000721418735265297,-0.666029824167995,0.096,0.133,1,"3","ZCCHC17"
0.000393876307856783,-0.67918940249562,0.114,0.153,1,"3","PTPN18"
0.000768680610675131,-0.680564471211081,0.07,0.103,1,"3","ZBP1"
0.00016591194384962,-0.71033179538714,0.095,0.136,1,"3","PSMA6"
0.00224962810986404,-0.722045567637933,0.098,0.129,1,"3","NME2"
0.00184635755364955,-0.740011170051157,0.076,0.106,1,"3","PPP2R2B"
0.000724318358337194,-0.77884353325555,0.07,0.102,1,"3","MPHOSPH9"
0.000490474306086484,-0.786845518077972,0.07,0.103,1,"3","SLC15A4"
0.00029957025223473,-0.804063526408282,0.077,0.113,1,"3","ADRB2"
0,4.87598194874979,0.788,0.058,0,"1","FGFBP2"
0,3.65033355941021,0.555,0.097,0,"1","SPON2"
0,3.19495916519284,0.704,0.145,0,"1","FCGR3A"
0,2.45846637760841,0.84,0.316,0,"1","GZMH"
0,1.48441132168638,0.92,0.708,0,"1","CST7"
0,1.06593013677483,0.993,0.932,0,"1","NKG7"
1.3487691236691e-303,1.60301602214384,0.868,0.588,1.9002808183374e-299,"1","PRF1"
8.0874828431447e-277,1.08187981636021,0.948,0.646,1.13944545777066e-272,"1","GZMB"
4.43954678252929e-258,1.10771818835998,0.943,0.83,6.25487746190551e-254,"1","CYBA"
2.90346195169735e-250,-2.89829832888414,0.115,0.569,4.09068754374639e-246,"1","XCL1"
1.85671381867006e-231,-2.72020942033918,0.111,0.547,2.61592409912425e-227,"1","COTL1"
1.00682204373501e-203,3.10779729804135,0.323,0.045,1.41851157741826e-199,"1","S1PR5"
1.71059022076711e-203,4.80677610160344,0.244,0.014,2.41005056203878e-199,"1","CX3CR1"
4.08921073824984e-193,1.90649339767,0.584,0.245,5.7612890091202e-189,"1","PLAC8"
2.52596521273733e-183,-1.69032136983386,0.25,0.643,3.55883238822563e-179,"1","KLRC1"
6.87743161345433e-183,4.06378536998144,0.234,0.016,9.68961340019581e-179,"1","PRSS23"
2.22042392417476e-176,1.76843614858475,0.619,0.32,3.12835526676983e-172,"1","ARL4C"
5.92963096088505e-175,1.04782548890434,0.904,0.76,8.35425706079095e-171,"1","S100A4"
4.05253294350921e-174,-2.26269563353757,0.229,0.592,5.70961366411013e-170,"1","RGS1"
6.170222210021e-173,1.46591200042146,0.662,0.313,8.69322607169858e-169,"1","KLRF1"
7.91853345186272e-160,-2.92179001658094,0.044,0.372,1.11564217803294e-155,"1","CAPG"
1.2430445638164e-158,-1.89859003158086,0.258,0.621,1.75132548596092e-154,"1","AREG"
9.5669601581517e-157,-1.49332345992106,0.294,0.66,1.34788901668199e-152,"1","XCL2"
1.0296264133849e-155,-2.98551133149884,0.059,0.383,1.45064065381798e-151,"1","GZMK"
1.99814933769206e-152,1.87840885219791,0.547,0.274,2.81519260187434e-148,"1","EFHD2"
1.57848901144646e-149,-2.34209022379151,0.187,0.523,2.22393316822692e-145,"1","RGCC"
9.19303737048146e-137,-3.0913020052585,0.052,0.342,1.29520703512713e-132,"1","KRT86"
2.12508474955774e-134,0.426093038263247,1,1,2.99403190365191e-130,"1","B2M"
3.96713855402124e-134,-2.02812457127395,0.171,0.487,5.58930150876052e-130,"1","TNFRSF18"
3.73798050146055e-132,1.05622101486584,0.897,0.705,5.26644072850777e-128,"1","CCL4"
1.45650315184396e-128,2.19943810511873,0.349,0.107,2.05206729063296e-124,"1","ADGRG1"
4.3586489087189e-128,2.02091471530819,0.404,0.148,6.14090044749406e-124,"1","PLEK"
1.02214664577114e-127,-1.00079807463372,0.685,0.856,1.44010240922697e-123,"1","CD7"
1.29427759687862e-125,-1.2301277543307,0.551,0.801,1.82350770624229e-121,"1","HSP90AB1"
4.97537471796548e-123,4.69101533855143,0.162,0.012,7.00980544014157e-119,"1","ASCL2"
2.68899596071678e-121,1.21779345798543,0.673,0.452,3.78852640905387e-117,"1","ITGB2"
2.82126192798614e-121,-3.62031412089128,0.028,0.281,3.97487593033968e-117,"1","DUSP4"
2.6578727195596e-117,-4.20344219228594,0.014,0.251,3.74467687458752e-113,"1","ITM2C"
4.70382906914852e-114,-1.37804578508757,0.309,0.596,6.62722477552335e-110,"1","CD44"
8.41261310457382e-114,-1.54488688499299,0.334,0.612,1.18525306030341e-109,"1","FOSB"
1.35776847244665e-111,0.815902892181962,0.852,0.731,1.91296000083009e-107,"1","S100A6"
4.9136340898236e-111,1.33470512451603,0.522,0.255,6.92281906915247e-107,"1","KLF2"
2.93815604001962e-109,-2.23992586581545,0.254,0.532,4.13956804478364e-105,"1","HSPA1A"
4.26006323089907e-109,3.69357434529001,0.169,0.02,6.00200308601369e-105,"1","AKR1C3"
5.43197136059433e-106,-3.32804893551599,0.042,0.277,7.65310444994136e-102,"1","LDLRAD4"
1.20134991096387e-105,-2.46739349825459,0.055,0.301,1.692581889557e-101,"1","ZNF683"
3.96249959632259e-103,-4.35662240787231,0.011,0.221,5.58276568125889e-99,"1","SRGAP3"
7.1889808099458e-103,1.96551962085291,0.417,0.179,1.01285550631326e-98,"1","CCL4L2"
7.8209040964931e-102,1.13789319219835,0.598,0.35,1.10188717815491e-97,"1","GZMM"
1.35547610401744e-100,-1.15947525262013,0.595,0.813,1.90973028295017e-96,"1","CD69"
7.65002205866442e-100,-1.12813204310659,0.671,0.833,1.07781160784523e-95,"1","JUNB"
1.20928827313402e-98,1.12241876046804,0.658,0.434,1.70376624801853e-94,"1","EMP3"
2.78506793433848e-98,-2.31687620939132,0.071,0.312,3.92388221268948e-94,"1","TMIGD2"
1.22574677626615e-97,-1.11274165895371,0.544,0.774,1.72695463308138e-93,"1","FOS"
3.47065188589189e-95,-1.42300905906241,0.251,0.52,4.88980144203308e-91,"1","ZNF331"
3.65514624232026e-95,-3.15800702995077,0.018,0.223,5.14973554080501e-91,"1","ITGA1"
3.92353481179828e-95,0.420489602860291,0.982,0.982,5.52786819634259e-91,"1","HLA-C"
5.78071151616726e-94,5.7282484760684,0.133,0.012,8.14444445512806e-90,"1","PTGDS"
2.78432172034442e-93,-2.24531810337455,0.064,0.295,3.92283087179325e-89,"1","KIR2DL4"
1.17259968354711e-90,-0.988082166388935,0.55,0.773,1.65207569414953e-86,"1","DUSP1"
1.19458237431493e-90,-1.36057205550434,0.453,0.673,1.6830471071723e-86,"1","DNAJA1"
2.07420067441133e-90,2.34554249669231,0.249,0.073,2.92234133017813e-86,"1","CEP78"
1.4280695898993e-89,3.31060071522963,0.146,0.019,2.01200724520912e-85,"1","LAIR2"
2.7489024320765e-87,-1.5554103125601,0.13,0.38,3.87292863655258e-83,"1","PLP2"
3.20462342844624e-87,-2.05667213173399,0.16,0.401,4.5149939483379e-83,"1","HSPA1B"
3.50021929048119e-83,-1.20294820184447,0.42,0.662,4.93145895835895e-79,"1","JUN"
5.88522484116434e-83,-0.855260510219717,0.594,0.77,8.29169327871644e-79,"1","VIM"
1.40739074223672e-82,-0.79348379063991,0.591,0.77,1.98287281673732e-78,"1","PABPC1"
1.52473864733352e-81,-3.86671511426935,0.01,0.182,2.1482042802282e-77,"1","SPRY1"
2.42742445454815e-80,-1.57777276812059,0.352,0.573,3.41999831401289e-76,"1","DNAJB1"
1.75287751886668e-79,0.565659759955589,0.935,0.792,2.46962913633126e-75,"1","HLA-B"
4.7994827604633e-78,2.34451607702008,0.186,0.043,6.76199126121675e-74,"1","IGFBP7"
3.23079264739505e-77,2.85561579233611,0.135,0.02,4.55186376091489e-73,"1","FGL2"
3.23686065082071e-77,-1.32286374199139,0.209,0.447,4.56041297094129e-73,"1","CD96"
6.40195588556342e-74,-0.700393545187822,0.833,0.911,9.0197156471703e-70,"1","GAPDH"
1.06323060090251e-73,0.596678086672538,0.854,0.821,1.49798559361155e-69,"1","CALM1"
3.0019405849357e-73,-0.778735139212378,0.71,0.864,4.22943409011591e-69,"1","ZFP36L2"
8.61373894435286e-73,-2.91611181709842,0.031,0.205,1.21358967986987e-68,"1","ID3"
1.44816920481734e-72,-0.920497659629731,0.386,0.617,2.04032559266715e-68,"1","STK17A"
1.72845876414195e-72,1.39565089263772,0.457,0.277,2.43522555279959e-68,"1","ABHD17A"
3.34661894684797e-71,0.517839769331224,0.901,0.887,4.7150514342141e-67,"1","HLA-E"
3.84968050249508e-70,-1.73546341499782,0.098,0.299,5.42381485996532e-66,"1","CTSA"
1.07676213604226e-69,-4.31636909013364,0.007,0.155,1.51705017346994e-65,"1","ADGRG3"
1.89751448599387e-69,-4.03142559855694,0.01,0.159,2.67340815931677e-65,"1","CD9"
7.9365824048103e-69,0.585964064712512,0.885,0.83,1.11818509501372e-64,"1","MYL12A"
9.49691058572926e-69,1.8278222370553,0.257,0.095,1.3380197324234e-64,"1","FCRL6"
1.13816771946348e-68,2.4856253760793,0.193,0.056,1.60356449995209e-64,"1","GTF3C1"
1.17663916025972e-67,-1.63846773813985,0.138,0.345,1.65776691288992e-63,"1","NR4A1"
4.72161160263917e-66,-1.76910630737238,0.149,0.351,6.65227858695833e-62,"1","HSPH1"
5.15866618369266e-66,-0.368913733766204,0.975,0.989,7.26804478620458e-62,"1","PTMA"
7.5855348187947e-66,-1.04386977181238,0.312,0.54,1.06872600061999e-61,"1","PPP1R15A"
3.67088200905142e-65,-2.19234920895703,0.027,0.185,5.17190566255254e-61,"1","TMEM14C"
4.48297294640312e-65,-1.09879762881258,0.356,0.566,6.31606058418736e-61,"1","REL"
5.89574628366674e-65,-1.97680806435055,0.07,0.251,8.30651693905807e-61,"1","PDE4B"
1.25776008762484e-64,-3.3556565808072,0.019,0.167,1.77205818745463e-60,"1","LINC00996"
2.78591663750533e-64,-0.950479834155733,0.545,0.723,3.92507795058126e-60,"1","NFKBIA"
4.46500697946201e-64,1.21736551903819,0.456,0.274,6.29074833336403e-60,"1","ZEB2"
6.24299278929068e-64,0.704600178710864,0.73,0.62,8.79575254083165e-60,"1","CD247"
3.57021728845085e-63,1.85017928663475,0.244,0.093,5.0300791376984e-59,"1","TTC38"
4.02874555810596e-63,-1.54497650428663,0.121,0.32,5.67609961681548e-59,"1","RBPJ"
7.60939188785308e-63,1.34493487889813,0.436,0.266,1.07208722307962e-58,"1","FLNA"
1.02975732785193e-62,1.3411900850948,0.431,0.257,1.45082509921058e-58,"1","DSTN"
1.3196761477804e-62,-0.823645400080573,0.677,0.83,1.8592917246078e-58,"1","CXCR4"
4.78113004821972e-62,-1.55974631520495,0.122,0.317,6.73613412493676e-58,"1","CLDND1"
1.01516668662592e-61,-3.30980515866254,0.023,0.169,1.43026834478726e-57,"1","RGS16"
2.45256076446476e-60,1.33337513217151,0.414,0.241,3.4554128610544e-56,"1","PYHIN1"
5.58973260247587e-60,-0.817385989197516,0.513,0.719,7.87537426362825e-56,"1","CD74"
1.18319953209986e-59,-4.45130801279509,0.007,0.136,1.6670098207755e-55,"1","IGFBP2"
1.2437041479741e-58,-0.97126455773104,0.289,0.504,1.75225477408071e-54,"1","CKLF"
1.59999426445287e-57,1.04444873690192,0.547,0.397,2.25423191918765e-53,"1","RAP1B"
2.31630711630048e-57,-1.83411702860479,0.075,0.245,3.26344509615574e-53,"1","FABP5"
4.73882747314206e-57,1.01473480935462,0.466,0.291,6.67653402690985e-53,"1","HLA-F"
5.14705514916496e-57,1.8244118920566,0.196,0.065,7.25168599965851e-53,"1","KLF3"
2.87550517641104e-55,0.250192318792505,0.973,0.852,4.05129924304551e-51,"1","GNLY"
3.8509696508746e-55,-1.75915793903612,0.067,0.229,5.42563114111723e-51,"1","OXNAD1"
6.24112243200925e-55,1.09031870300407,0.441,0.257,8.79311739445784e-51,"1","CCL3"
1.67570163087319e-54,-2.23794598828635,0.03,0.17,2.36089602773723e-50,"1","NCF1"
2.15705248230225e-53,-3.99146685047784,0.008,0.126,3.03907124231564e-49,"1","CSF1"
6.69446897695332e-53,-3.28236237049431,0.006,0.12,9.43183734162954e-49,"1","CLNK"
2.55586271618643e-52,2.63841076700733,0.115,0.024,3.60095498083506e-48,"1","ENC1"
3.19224830000275e-52,-2.64854908567291,0.038,0.176,4.49755862987387e-48,"1","IL7R"
5.31173544371038e-52,3.76476028793019,0.102,0.018,7.48370406664356e-48,"1","SCGB1A1"
6.96496463384969e-52,1.83870192924816,0.182,0.061,9.81293867263083e-48,"1","F2R"
1.81260352397553e-51,2.4580043825878,0.121,0.027,2.55377710492912e-47,"1","MTSS1"
4.15188648102884e-51,-3.3207111992958,0.012,0.13,5.84959286312154e-47,"1","RAB3GAP1"
6.16496269621099e-51,-0.407196917163546,0.968,0.984,8.68581594269167e-47,"1","TPT1"
1.37999807432733e-50,-0.991270086991587,0.308,0.499,1.94427928691977e-46,"1","YPEL5"
2.88312690049681e-50,1.29204053373069,0.306,0.152,4.06203749010996e-46,"1","PRDM1"
2.92844450383253e-50,-1.43679201521216,0.118,0.287,4.12588546144965e-46,"1","NFKBIZ"
3.57354101897654e-50,-1.76912206736403,0.05,0.193,5.03476194163604e-46,"1","CXCR3"
3.89792978155807e-50,1.11438213526466,0.404,0.245,5.49179326923716e-46,"1","GNG2"
4.60563894906263e-50,0.903556466534341,0.555,0.417,6.48888471533433e-46,"1","PPP2R5C"
3.43960080152111e-49,-0.739615040543935,0.49,0.681,4.8460535692631e-45,"1","DYNLL1"
2.45068453927148e-48,-3.546381159223,0.003,0.106,3.45276944737958e-44,"1","CPNE7"
3.66926776254063e-48,-0.490106901685792,0.906,0.962,5.1696313506435e-44,"1","SRGN"
6.07052979767278e-48,-0.991814726707881,0.234,0.421,8.55276943194119e-44,"1","PDCD4"
8.9807917445409e-48,-1.86569512043336,0.04,0.173,1.26530374888837e-43,"1","ACP5"
8.9900055219083e-48,0.420339774721229,0.928,0.877,1.26660187798166e-43,"1","SH3BGRL3"
1.49441314943803e-47,-0.874277445819958,0.357,0.535,2.10547868624324e-43,"1","IL2RB"
1.70417493443127e-47,-1.5878979175404,0.167,0.345,2.40101206512022e-43,"1","HSPB1"
2.00123623932998e-47,1.8049916353002,0.15,0.045,2.81954173759201e-43,"1","TGFBR3"
2.94895232034099e-47,-0.997812800879938,0.155,0.336,4.15477892412842e-43,"1","OCIAD2"
1.31949387742665e-46,-2.030520769976,0.15,0.305,1.8590349239064e-42,"1","LMNA"
1.72163424131095e-46,0.471201481961012,0.839,0.788,2.425610482583e-42,"1","ARPC2"
3.01996536470397e-46,-0.992076339685143,0.803,0.886,4.25482920233143e-42,"1","HSP90AA1"
3.45402288226147e-46,0.663928420185762,0.615,0.451,4.86637283881818e-42,"1","CD99"
3.84349404733984e-46,-1.512984819336,0.117,0.275,5.4150987632971e-42,"1","SLC16A3"
4.14338823560161e-46,-2.60924049853143,0.019,0.133,5.83761968513911e-42,"1","RCAN3"
4.29446114527526e-46,-1.37416828615453,0.261,0.433,6.05046630757831e-42,"1","HSPD1"
6.57058295545748e-46,1.827141110476,0.162,0.054,9.25729432594405e-42,"1","PXN"
3.17244482578858e-45,1.61130396615062,0.253,0.121,4.46965751505353e-41,"1","RNASEK"
4.50880618690186e-45,-1.03232444896771,0.139,0.307,6.35245703672603e-41,"1","MPG"
1.45963792331619e-44,-2.42057161780029,0.031,0.149,2.05648387016018e-40,"1","ATP8B4"
1.64567589274415e-44,1.50235197231965,0.216,0.092,2.31859276528723e-40,"1","SH3BP5"
3.94109539469934e-44,-2.26279807255585,0.024,0.138,5.55260930159189e-40,"1","SPRY2"
1.22132398192678e-43,-0.86304987042735,0.376,0.552,1.72072335813665e-39,"1","TNFAIP3"
1.51792175703973e-43,2.36375383139457,0.124,0.034,2.13859996349327e-39,"1","SSBP3"
1.79807955289383e-43,1.86437759663554,0.118,0.03,2.53331428207212e-39,"1","DTHD1"
2.96874697723411e-43,-0.711586421407666,0.603,0.761,4.18266761622514e-39,"1","DUSP2"
7.47742828807208e-43,1.3667630363026,0.233,0.106,1.05349487150648e-38,"1","SORL1"
1.05457669808926e-42,-1.63062944504072,0.052,0.181,1.48579310993795e-38,"1","SOCS3"
1.35112597898361e-42,-0.752188797664766,0.697,0.807,1.90360139179001e-38,"1","HSPA8"
1.67192586216858e-42,-2.05825706581084,0.036,0.155,2.35557634720931e-38,"1","NDFIP2"
2.60509906630675e-42,-1.83585784461848,0.028,0.143,3.67032407451958e-38,"1","DNPH1"
5.27271881512968e-42,0.977035333906055,0.368,0.216,7.42873353863621e-38,"1","LYAR"
1.29037912921056e-41,1.12770826199599,0.414,0.282,1.81801515514476e-37,"1","UCP2"
2.52712339545951e-41,-1.37474383589717,0.071,0.208,3.5604641518629e-37,"1","CAPN12"
2.60042266514823e-41,-1.9026882581886,0.059,0.187,3.66373549292735e-37,"1","CD83"
7.25573151831648e-41,-0.933433461378121,0.422,0.58,1.02226001361561e-36,"1","HSPE1"
1.10023008203785e-40,-2.92222881671746,0.013,0.111,1.55011416258312e-36,"1","TRAT1"
2.21621378700648e-40,-0.669124718526976,0.452,0.637,3.12242360451342e-36,"1","MCL1"
2.31984233900625e-40,-0.837125198013127,0.256,0.431,3.2684258714259e-36,"1","SOCS1"
3.28547880902972e-40,-3.14411001098556,0.009,0.102,4.62891109404198e-36,"1","STRBP"
7.74078397790402e-40,1.10701550987923,0.399,0.262,1.0905990546469e-35,"1","MYO1F"
1.02352213588206e-39,-1.41747842310081,0.068,0.199,1.44204033724423e-35,"1","TBCD"
1.9352177552592e-39,-0.457022056704519,0.885,0.96,2.72652829538468e-35,"1","BTG1"
5.63022391927114e-39,-0.979122856098063,0.11,0.259,7.93242247986111e-35,"1","CHCHD10"
9.76178244517488e-39,1.22929268563086,0.356,0.226,1.37533752870069e-34,"1","SPN"
9.91829586843387e-39,1.62212438194888,0.208,0.095,1.39738870490365e-34,"1","ICAM2"
1.65456897913255e-38,-0.653634394923325,0.389,0.57,2.33112223469986e-34,"1","ALOX5AP"
2.65106019861495e-38,-2.38262052268761,0.03,0.135,3.73507871382861e-34,"1","GPR183"
3.18672393881028e-38,-1.32819769158484,0.099,0.236,4.4897753573898e-34,"1","CRTAM"
4.7862871261023e-38,-0.522413799844984,0.65,0.78,6.74339993196553e-34,"1","CD63"
5.80201544393158e-38,-1.15668657194139,0.103,0.244,8.17445955895521e-34,"1","TYMP"
6.32786898540015e-38,-1.71662083526518,0.082,0.211,8.91533461353027e-34,"1","EGR1"
1.12298347600434e-37,1.08121571383129,0.374,0.239,1.58217141934252e-33,"1","SYNE2"
1.87174507987698e-37,-0.504385676218688,0.823,0.913,2.63710164303867e-33,"1","UBC"
4.8507942887466e-37,-1.31058840166507,0.112,0.25,6.83428407341508e-33,"1","PRMT9"
7.39457118754009e-37,-1.58702985489854,0.101,0.236,1.04182113461252e-32,"1","STMN1"
8.94618435940212e-37,-0.771884311781741,0.288,0.456,1.26042791439616e-32,"1","EZR"
1.27961183137353e-36,-1.14996542163483,0.105,0.242,1.80284510922217e-32,"1","ITGAE"
1.84366739243627e-36,-1.59807324719867,0.086,0.213,2.59754298920345e-32,"1","NFKB1"
2.25170620891656e-36,-1.06155133126995,0.174,0.325,3.17242887774253e-32,"1","IFRD1"
2.4378631387027e-36,-2.89608761398794,0.015,0.105,3.43470537611823e-32,"1","CD82"
2.47851785829241e-36,1.24336477592797,0.286,0.162,3.49198381054817e-32,"1","MYO1G"
2.54943837515811e-36,0.430932727090819,0.935,0.897,3.59190372676026e-32,"1","PFN1"
6.98791543068964e-36,-1.05842059566746,0.096,0.232,9.84527405029864e-32,"1","CARD19"
9.10423924557128e-36,-1.13993258055446,0.16,0.304,1.28269626730854e-31,"1","CKS2"
1.04982789775548e-35,-1.14842019822135,0.077,0.203,1.47910252514769e-31,"1","TTC39C"
1.39212254396174e-35,-1.03271839704784,0.249,0.4,1.9613614521877e-31,"1","UBE2S"
2.17848326559252e-35,-0.563127397469452,0.511,0.662,3.06926507289331e-31,"1","TPI1"
4.11768658139377e-35,1.71812072003557,0.116,0.036,5.80140862452569e-31,"1","OSBPL5"
4.45268599823517e-35,-1.85892423233641,0.043,0.148,6.27338930291353e-31,"1","PFKFB3"
7.29864971417725e-35,2.0527244959676,0.141,0.053,1.02830675823043e-30,"1","CHST2"
2.56009982419917e-34,-2.28477774585062,0.029,0.125,3.60692464231421e-30,"1","GADD45G"
3.35581870684165e-34,-0.817726509563328,0.212,0.37,4.72801297606921e-30,"1","ITM2A"
3.55654284277362e-34,-1.51372274536931,0.07,0.187,5.01081321118375e-30,"1","TCF7"
4.90078900183926e-34,1.69826757121133,0.142,0.054,6.90472162469134e-30,"1","GSAP"
5.69442441066728e-34,-0.533312551427498,0.52,0.668,8.02287455218912e-30,"1","LDHA"
7.09328444073281e-34,-1.78276050622407,0.027,0.123,9.99372844854846e-30,"1","DZIP3"
7.5577358182156e-34,-1.28451398869813,0.081,0.202,1.0648093994284e-29,"1","PPP1R14B"
8.13278570031835e-34,-1.07188148684755,0.162,0.306,1.14582817731785e-29,"1","MAFF"
9.63803682694618e-34,0.472941559819373,0.66,0.535,1.35790300854845e-29,"1","LITAF"
9.7948048501922e-34,-1.0868233422567,0.084,0.21,1.37999005534358e-29,"1","LIMS1"
1.05990451902097e-33,-0.607736942877598,0.366,0.525,1.49329947684864e-29,"1","PGK1"
1.30588446449915e-33,-0.903904554069708,0.248,0.4,1.83986062203286e-29,"1","SAMSN1"
1.47656015777631e-33,1.637697419651,0.12,0.04,2.08032560629104e-29,"1","P2RY8"
1.58159505052116e-33,-0.0345408011526755,0.883,0.715,2.22830926667927e-29,"1","GZMA"
1.90066193883509e-33,1.10500464526313,0.32,0.198,2.67784260562476e-29,"1","ABI3"
2.10040571206294e-33,-0.886237111337503,0.323,0.471,2.95926160772547e-29,"1","TUBB4B"
5.08946367211971e-33,-0.935559908383998,0.109,0.243,7.17054536764946e-29,"1","ETFB"
5.36798941078475e-33,1.50280367881988,0.179,0.08,7.56296028085464e-29,"1","RASGRP2"
5.41243949575863e-33,0.864506516735561,0.404,0.269,7.62558600557433e-29,"1","GPSM3"
6.16408850068763e-33,-0.630733596608466,0.388,0.555,8.68458428861881e-29,"1","ACAP1"
8.06938065867712e-33,1.91942586668781,0.136,0.052,1.13689504100102e-28,"1","GK5"
2.64317370184795e-32,1.30623252912583,0.198,0.094,3.72396742853358e-28,"1","LPCAT1"
2.89152755452919e-32,1.28047552055266,0.236,0.127,4.07387317157617e-28,"1","PTPN12"
3.38253041217889e-32,0.772668085495939,0.484,0.371,4.76564709771883e-28,"1","CCND3"
4.59485579530655e-32,-0.956711571953146,0.2,0.346,6.4736923300074e-28,"1","EIF4A3"
4.98014703796276e-32,0.320851509987304,0.684,0.545,7.01652916178573e-28,"1","ANXA1"
8.66281878823191e-32,1.23048169998029,0.213,0.106,1.22050453907399e-27,"1","PRKCB"
9.34356168796226e-32,-0.691792579840326,0.588,0.705,1.316414406217e-27,"1","ZFP36"
1.00819600998439e-31,-1.29724519949657,0.105,0.228,1.42044735846701e-27,"1","PTP4A1"
1.01992141496789e-31,0.880622390604354,0.437,0.323,1.43696728154826e-27,"1","CD47"
1.26014909052948e-31,-2.85701991695767,0.046,0.144,1.77542405364698e-27,"1","HSPA6"
1.85529946275554e-31,1.13987725558948,0.27,0.155,2.61393141307627e-27,"1","ITGAL"
2.31769666712762e-31,-0.997640701340584,0.181,0.318,3.2654028343161e-27,"1","MYADM"
4.2260351042765e-31,-0.738929412949619,0.292,0.448,5.95406085841516e-27,"1","TUBA1A"
4.90022517882517e-31,-1.17977372986476,0.087,0.206,6.90392725444679e-27,"1","TNFSF14"
2.40588118662379e-30,-1.88354852131286,0.021,0.103,3.38964600383426e-26,"1","KLHL6"
3.49519142545937e-30,-1.04023478922767,0.077,0.192,4.9243751993297e-26,"1","ECI2"
5.23089639723616e-30,-1.07397563155711,0.116,0.239,7.36980993406602e-26,"1","LGALS3"
6.30523649155566e-30,-1.01193464367146,0.164,0.297,8.88344769295277e-26,"1","CSRNP1"
7.50614732265943e-30,1.42558183434545,0.185,0.089,1.05754109628949e-25,"1","LINC00861"
8.66720116706648e-30,0.580198611936316,0.559,0.425,1.221121972428e-25,"1","PSMB9"
8.80137494180973e-30,-1.1439617019483,0.121,0.242,1.24002571555157e-25,"1","ZC3H12A"
1.71420735165055e-29,-0.933093494777857,0.167,0.302,2.41514673774045e-25,"1","HLA-DRA"
2.58243474583896e-29,-0.854278838356948,0.194,0.333,3.63839231341251e-25,"1","CACYBP"
2.82243631361518e-29,-1.14837502727684,0.1,0.217,3.97653052225243e-25,"1","RHOB"
4.87506170371125e-29,-1.15643510019672,0.13,0.251,6.86847443435878e-25,"1","KDM6B"
5.61470503703691e-29,0.84987942897307,0.317,0.194,7.9105579266813e-25,"1","AHNAK"
7.09887808405834e-29,-1.62693776035602,0.042,0.134,1.00016093326298e-24,"1","GALNT2"
9.35464265199735e-29,1.27222264282221,0.168,0.077,1.31797560323991e-24,"1","ADRB2"
1.1234421915586e-28,-0.792925215540492,0.122,0.248,1.58281770368692e-24,"1","CNN2"
1.14940932169979e-28,1.27181880972042,0.265,0.16,1.61940279334283e-24,"1","ADD3"
1.42737915583005e-28,1.3554368455102,0.199,0.102,2.01103449264896e-24,"1","MYBL1"
1.81138052413988e-28,1.19478602765778,0.275,0.169,2.55205402046068e-24,"1","SYNE1"
1.87001724193725e-28,-1.24840491014311,0.087,0.197,2.63466729216539e-24,"1","PCID2"
4.25247403000109e-28,-0.238298189016818,0.991,0.995,5.99131066086853e-24,"1","EEF1A1"
1.16651267788986e-27,-1.68383691422871,0.032,0.116,1.64349971187903e-23,"1","DAPK2"
1.47832980008894e-27,-1.58285304507706,0.08,0.182,2.0828188553453e-23,"1","ATF3"
2.16452994331733e-27,0.931054507648185,0.344,0.232,3.04960623713978e-23,"1","GIMAP4"
2.69380031192216e-27,0.892852086122156,0.412,0.307,3.79529525946713e-23,"1","GIMAP7"
3.38677987143641e-27,-1.19781137971714,0.104,0.215,4.77163416086675e-23,"1","RANBP2"
5.59968157304374e-27,-0.617930419937977,0.254,0.4,7.88939136826132e-23,"1","SNHG8"
6.46077240907448e-27,-1.23155547281318,0.074,0.176,9.10258224714503e-23,"1","SLC7A5"
7.78009483892751e-27,-1.09920913937047,0.076,0.179,1.0961375618565e-22,"1","TRAF5"
9.64157965382468e-27,-0.782289849461391,0.125,0.245,1.35840215742736e-22,"1","RGS10"
1.44966950390079e-26,-0.831041765442702,0.12,0.241,2.04243936404582e-22,"1","TMEM123"
2.31889505479415e-26,-0.901564410536102,0.144,0.266,3.26709124269948e-22,"1","EML4"
2.48039797853946e-26,-0.808030987855723,0.1,0.213,3.49463271196425e-22,"1","NSMCE1"
2.98007263253586e-26,1.41445573081104,0.135,0.057,4.19862433197978e-22,"1","THEMIS2"
5.67108283431999e-26,-1.34119779566791,0.04,0.126,7.98998860527344e-22,"1","GRAMD1A"
7.69636395526175e-26,0.297430230886608,0.858,0.824,1.08434071765683e-21,"1","KLRD1"
1.19474392453374e-25,1.16212093394896,0.228,0.13,1.68327471527559e-21,"1","RAB29"
1.20414322899128e-25,1.09582706189845,0.224,0.126,1.69651739532582e-21,"1","TBX21"
1.3462528164541e-25,-0.868659259601995,0.107,0.219,1.89673559310218e-21,"1","GATA3"
1.86662787195738e-25,-1.64373049330698,0.043,0.128,2.62989200880075e-21,"1","IFI44L"
1.9540547027475e-25,-0.581586254904959,0.301,0.446,2.75306767070095e-21,"1","CLK1"
1.999754342965e-25,-0.960525699309209,0.105,0.216,2.81745389380339e-21,"1","ARL4A"
2.36006536241641e-25,-1.43009536050946,0.052,0.14,3.32509608910849e-21,"1","NUDT14"
2.92828664579588e-25,-1.0190754470499,0.097,0.202,4.12566305526182e-21,"1","TNFSF10"
2.98383232009798e-25,-1.08674288779074,0.082,0.184,4.20392135578604e-21,"1","ERGIC1"
3.01752573166061e-25,-1.27254732800522,0.039,0.122,4.25139200333663e-21,"1","RNF130"
3.44860073573042e-25,-1.22818172021604,0.035,0.116,4.85873357657059e-21,"1","A1BG"
4.72972579623721e-25,-1.23847327508502,0.118,0.223,6.66371067431861e-21,"1","PDE7A"
7.67905837877197e-25,-1.08326057714306,0.083,0.184,1.08190253498518e-20,"1","DUSP10"
8.30667059282072e-25,1.09431997596182,0.234,0.137,1.17032681982251e-20,"1","PTPRE"
9.08026127179346e-25,-0.459147638034803,0.482,0.627,1.27931801058298e-20,"1","SRSF2"
9.7282482304235e-25,-0.69276157760804,0.333,0.469,1.37061289318437e-20,"1","HERPUD1"
1.15252338156451e-24,-1.19604366150687,0.05,0.138,1.62379019228624e-20,"1","BCAS4"
1.45288005975189e-24,-0.560353138213569,0.301,0.443,2.04696271618444e-20,"1","GPBP1"
1.51152831624924e-24,-1.62365080965328,0.031,0.107,2.12959224476355e-20,"1","EPS8L2"
1.74174169316302e-24,-1.05194139618897,0.098,0.202,2.45393987149738e-20,"1","PIM3"
1.77534372055132e-24,-0.644644882925229,0.252,0.387,2.50128176788476e-20,"1","PPP1R2"
1.95587851874361e-24,-0.488997821240329,0.426,0.563,2.75563724505787e-20,"1","HMGN1"
3.00687409216554e-24,-0.535520496841663,0.253,0.393,4.23638490845203e-20,"1","TSTD1"
3.81733298823706e-24,-0.937683735504877,0.193,0.311,5.3782404471272e-20,"1","BIRC3"
4.32387867523255e-24,0.674735557940628,0.518,0.425,6.09191266553514e-20,"1","VAMP2"
4.48769787647236e-24,0.390064873241184,0.688,0.563,6.32271753816191e-20,"1","CLIC1"
4.83074101526582e-24,-1.61921729683207,0.046,0.128,6.80603101640801e-20,"1","KDM5B"
5.40460823475616e-24,-1.15721307451744,0.074,0.169,7.61455254194795e-20,"1","HLA-DMA"
7.21124467987442e-24,0.801881977611631,0.408,0.307,1.01599226294751e-19,"1","APMAP"
7.38063149789068e-24,-0.367084993927155,0.577,0.707,1.03985717173782e-19,"1","HINT1"
8.7493042872983e-24,-1.6845571057439,0.038,0.116,1.23268948103746e-19,"1","P2RY10"
1.54487583729884e-23,-0.874679248316794,0.108,0.214,2.17657556717034e-19,"1","GPR171"
1.56974376080119e-23,-1.1962113712658,0.067,0.158,2.21161198459279e-19,"1","ABCB1"
2.27065292168147e-23,-1.17099408942117,0.049,0.132,3.19912290135703e-19,"1","SYPL1"
2.70478902690974e-23,1.50241462033803,0.129,0.058,3.81077726001313e-19,"1","TMEM71"
2.86188876599182e-23,-0.408155608381227,0.568,0.682,4.03211508240588e-19,"1","EVL"
3.31837582290142e-23,-0.627853854748188,0.247,0.381,4.67525969688581e-19,"1","PKM"
3.32613482227518e-23,-0.802844524000238,0.301,0.426,4.68619135110351e-19,"1","RGS2"
3.42322384152849e-23,-1.51312232733858,0.033,0.108,4.82298007032948e-19,"1","SUPT3H"
3.66951247675212e-23,-1.08353162903919,0.061,0.149,5.16997612849607e-19,"1","NINJ1"
4.59808115931982e-23,-0.572429342661895,0.254,0.388,6.47823654536569e-19,"1","ATF4"
5.17891125018991e-23,-0.547223214022202,0.149,0.271,7.29656806039256e-19,"1","TMEM14B"
6.18866316539086e-23,-0.913535887292636,0.232,0.351,8.71920753371918e-19,"1","CITED2"
6.41596970291828e-23,0.725297925705013,0.449,0.362,9.03945971444157e-19,"1","TCF25"
9.59709784596431e-23,1.13891128038384,0.151,0.073,1.35213511551791e-18,"1","RASA3"
9.60993590548917e-23,-1.16670834874888,0.081,0.175,1.35394386972437e-18,"1","B3GNT7"
1.15679982560983e-22,-0.488236257401012,0.708,0.804,1.62981527430169e-18,"1","TSC22D3"
1.24798217051729e-22,-1.07197411067173,0.119,0.222,1.75828208004181e-18,"1","PHLDA1"
1.32237843825573e-22,-0.767292993787417,0.136,0.247,1.8630989816585e-18,"1","AHSA1"
1.35846510242179e-22,-1.26897620043435,0.054,0.138,1.91394148280206e-18,"1","BCL2L11"
2.02804787995788e-22,0.616247583347127,0.546,0.465,2.85731665807266e-18,"1","DBI"
2.28347897425418e-22,-0.705890995201896,0.425,0.552,3.21719352682671e-18,"1","GADD45B"
2.81516863163312e-22,-0.492263075324094,0.369,0.505,3.96629108510791e-18,"1","ELF1"
3.43455354300384e-22,-1.06222039424506,0.097,0.194,4.83894248673811e-18,"1","IER3"
4.12975132181345e-22,-0.812112038107623,0.145,0.255,5.81840663730297e-18,"1","SKIL"
5.24159397198534e-22,-0.543412415666001,0.464,0.592,7.38488174713014e-18,"1","NR4A2"
5.65298674224047e-22,-1.04273240399719,0.062,0.148,7.96449302114259e-18,"1","MDFIC"
6.05223810900418e-22,-0.504500958361269,0.413,0.545,8.52699827177598e-18,"1","CTSD"
1.04045836865216e-21,-1.37085818620767,0.043,0.118,1.46590179559403e-17,"1","ICAM1"
1.24760419052247e-21,-1.31142572301304,0.066,0.15,1.75774954402711e-17,"1","MX1"
1.51323119276793e-21,-0.803152187923741,0.126,0.232,2.13199142749074e-17,"1","NOP58"
1.51769586223452e-21,1.07333596681088,0.233,0.144,2.13828170030222e-17,"1","CYTH1"
1.52579727491607e-21,-1.67080548907682,0.042,0.116,2.14969578062925e-17,"1","SFMBT2"
2.23431792014632e-21,-1.0809648257993,0.056,0.139,3.14793051769415e-17,"1","AKAP5"
2.26055004333888e-21,0.800749531959052,0.425,0.339,3.18488895606014e-17,"1","NDUFB7"
2.64724073193659e-21,0.689677482340157,0.472,0.391,3.72969746722547e-17,"1","CTSC"
2.77459958556402e-21,-0.773246388683256,0.093,0.19,3.90913335610115e-17,"1","ESD"
2.88005105239807e-21,0.346288942428049,0.647,0.543,4.05770392772365e-17,"1","LGALS1"
2.93417258701269e-21,0.617254091700647,0.481,0.383,4.13395575784218e-17,"1","CLIC3"
3.61570316370235e-21,-0.420365779589347,0.357,0.497,5.09416418734024e-17,"1","NAP1L1"
3.96767691555286e-21,-1.2548238971282,0.032,0.102,5.59006000632243e-17,"1","SCCPDH"
4.60904571945936e-21,0.85612382607643,0.392,0.308,6.4936845141463e-17,"1","PTP4A2"
5.25694551411595e-21,1.3334190731495,0.147,0.074,7.40651053483796e-17,"1","SLC15A4"
5.25793483544749e-21,-0.376078177460287,0.463,0.601,7.40790438966197e-17,"1","FCER1G"
5.6281468540256e-21,-0.947487000154406,0.093,0.186,7.92949610263666e-17,"1","SCML4"
5.88527291534742e-21,0.730153198601752,0.425,0.334,8.29176101043298e-17,"1","DHRS7"
6.17858005253951e-21,-1.18118560019482,0.098,0.189,8.70500143602291e-17,"1","LTB"
7.76796709741018e-21,-0.685043025603553,0.428,0.543,1.09442888435412e-16,"1","TUBA1B"
8.65149721429998e-21,-0.507903106299452,0.283,0.413,1.21890944252272e-16,"1","SP100"
1.17246147585961e-20,-1.05896031746092,0.099,0.19,1.6518809733386e-16,"1","ANKRD37"
1.24513686062435e-20,-0.433828270600952,0.267,0.398,1.75427332293364e-16,"1","PRDX6"
1.30849204633337e-20,0.748515507662588,0.439,0.356,1.84353444407909e-16,"1","MBP"
1.70251897098578e-20,-0.967150785731611,0.075,0.161,2.39867897822187e-16,"1","RALA"
1.74704248691886e-20,-1.13840557981585,0.055,0.134,2.46140815981998e-16,"1","TSPAN5"
1.76565392181815e-20,-1.34153454728857,0.068,0.149,2.48762981044959e-16,"1","CDKN1A"
2.03465204831462e-20,-1.19110610930756,0.038,0.108,2.86662127087047e-16,"1","CMTM7"
2.31882176415222e-20,-0.661490016453538,0.236,0.35,3.26698798351406e-16,"1","G3BP2"
2.50337327431451e-20,-1.04674893393904,0.081,0.167,3.52700260618172e-16,"1","NUDT4"
2.97228756705392e-20,-1.00762987489737,0.094,0.184,4.18765595322227e-16,"1","SMC4"
3.46402359391433e-20,0.972437561645859,0.218,0.131,4.8804628414659e-16,"1","MGAT4A"
3.51133550464682e-20,-0.525539619841118,0.294,0.42,4.94712059249691e-16,"1","LEPROTL1"
3.51584582143887e-20,-0.449158920657008,0.368,0.497,4.95347517782522e-16,"1","MATK"
3.75933959020843e-20,-0.91319595135439,0.082,0.17,5.29653354864465e-16,"1","AGO2"
4.89377764966499e-20,-0.754631693799957,0.169,0.274,6.894843330613e-16,"1","CBLB"
4.98641446390443e-20,-0.361040943157802,0.877,0.921,7.02535933819496e-16,"1","UBB"
6.44266397173663e-20,-0.541443614832691,0.199,0.316,9.07706926977974e-16,"1","RANBP1"
7.1351889997606e-20,-1.33740019126902,0.033,0.1,1.00527677817627e-15,"1","SNRNP25"
7.13904839903831e-20,0.814461053351806,0.321,0.231,1.00582052894051e-15,"1","ATM"
7.9243866561089e-20,1.52705837835272,0.101,0.043,1.11646683597918e-15,"1","GAB3"
8.32934095642383e-20,-0.920608653800434,0.073,0.157,1.17352084735055e-15,"1","HMGA1"
8.54929910034734e-20,-1.00919272052471,0.066,0.147,1.20451075024794e-15,"1","TUBA1C"
1.52003819749902e-19,-0.607624780736656,0.168,0.278,2.14158181645637e-15,"1","LAT2"
1.71171808259417e-19,-0.877085053011059,0.102,0.193,2.41163960656692e-15,"1","IRF7"
1.84517631384512e-19,-0.32653544902621,0.662,0.76,2.59966890857639e-15,"1","NPM1"
2.03302044847992e-19,-0.825063122178954,0.089,0.179,2.86432250986335e-15,"1","SLC5A3"
2.05392213332797e-19,-1.71829619516135,0.042,0.11,2.89377089364578e-15,"1","DNAJB4"
2.26977239277124e-19,1.14649557239064,0.172,0.097,3.19788232417541e-15,"1","RAP2B"
4.12455324049173e-19,-1.48204124634059,0.057,0.131,5.8110830605288e-15,"1","ELL2"
4.40576599039195e-19,-0.664321052978365,0.155,0.257,6.20728370386322e-15,"1","SEMA4D"
4.43889055547912e-19,1.13841420626693,0.239,0.157,6.25395290361453e-15,"1","GABARAP"
4.93777842814933e-19,1.07213651482053,0.169,0.094,6.95683602741958e-15,"1","CISD3"
5.55360091482111e-19,-0.617161348161359,0.114,0.211,7.82446832889147e-15,"1","PMF1"
5.56861854981506e-19,-0.642863457419599,0.162,0.268,7.84562667483444e-15,"1","LCP2"
6.95293419415555e-19,-0.860355460666402,0.067,0.147,9.79598898614576e-15,"1","CD151"
1.00015674171669e-18,-0.597508856269728,0.112,0.209,1.40912083340464e-14,"1","ANXA5"
1.19055977291114e-18,-0.543542483917191,0.223,0.336,1.67737966405451e-14,"1","NAP1L4"
1.24966710067051e-18,-0.878035157488053,0.074,0.155,1.76065597813468e-14,"1","DENND1B"
1.27891433195381e-18,0.686214937813223,0.473,0.406,1.80186240228972e-14,"1","BIN2"
1.28427527778462e-18,-1.1226375684868,0.059,0.134,1.80941543887075e-14,"1","CDK6"
1.32759984395017e-18,1.34236210603268,0.152,0.083,1.87045542014139e-14,"1","HIPK2"
1.39496834986045e-18,-0.940275239540642,0.086,0.169,1.96537090811839e-14,"1","TBL1XR1"
1.4317911365052e-18,1.41253725829636,0.154,0.084,2.01725053222217e-14,"1","IGF2R"
1.58727125598497e-18,-0.772196568957806,0.121,0.213,2.23630647255723e-14,"1","PHYKPL"
1.76851799362895e-18,-0.498202883886972,0.378,0.492,2.49166500122383e-14,"1","DDX3X"
1.83151673186985e-18,0.982663621109234,0.238,0.155,2.58042392353143e-14,"1","FKBP11"
2.09270549091545e-18,-1.34862740614843,0.045,0.113,2.94841276615078e-14,"1","SKI"
2.25963004220818e-18,-0.725718079415815,0.255,0.357,3.1835927664671e-14,"1","SERTAD1"
3.03357888684569e-18,0.910664280614014,0.287,0.203,4.2740092936769e-14,"1","GLRX"
4.90854423594279e-18,-0.71119660314096,0.101,0.189,6.9156479740198e-14,"1","MAP4"
7.81266251749648e-18,1.19207727498804,0.222,0.144,1.10072602209008e-13,"1","HDDC2"
8.0236953716599e-18,1.34130674724334,0.501,0.432,1.13045844091316e-13,"1","MT2A"
8.34213415642695e-18,-0.357236337803407,0.46,0.593,1.17532328129899e-13,"1","UBE2D3"
9.81397271471278e-18,1.04803774638478,0.173,0.1,1.38269061577588e-13,"1","MVD"
1.12470299662783e-17,1.08087673204006,0.207,0.13,1.58459405194895e-13,"1","SYNGR1"
1.13472743731999e-17,-0.48633070878564,0.36,0.479,1.59871748644014e-13,"1","CCNL1"
1.14449737475647e-17,-0.577516691906649,0.105,0.196,1.61248235129439e-13,"1","SLC25A39"
1.27103590285973e-17,1.10370216941089,0.146,0.079,1.79076248353907e-13,"1","PRR5"
1.6409572266892e-17,-0.495224090406041,0.354,0.469,2.31194463668242e-13,"1","BST2"
1.84050290210464e-17,-0.726862461023368,0.096,0.182,2.59308453877522e-13,"1","COA1"
1.93249497922626e-17,-0.639313391921545,0.148,0.245,2.72269217623188e-13,"1","NUCB2"
2.54792428848073e-17,-0.434226959237883,0.472,0.589,3.5897705300405e-13,"1","CLEC2B"
2.9241394542645e-17,-0.851768708736389,0.06,0.133,4.11982007711326e-13,"1","RGL4"
3.03919093411661e-17,-0.640078572158959,0.164,0.262,4.2819161070769e-13,"1","TSPYL2"
3.78610794366064e-17,0.307311575551025,0.532,0.405,5.33424748182347e-13,"1","HLA-DPB1"
3.91553354800227e-17,-0.498818555732275,0.197,0.308,5.5165952157804e-13,"1","VDAC1"
4.09974046041801e-17,-0.339410500358626,0.507,0.638,5.77612433468293e-13,"1","FUS"
4.71334062148229e-17,-0.330954582709544,0.425,0.56,6.6406256016064e-13,"1","EIF3E"
6.45354061848355e-17,-0.557795984622237,0.124,0.218,9.09239337738147e-13,"1","ERGIC3"
6.54192321539251e-17,-0.463089986815131,0.18,0.284,9.2169156181665e-13,"1","YWHAE"
7.14299589238105e-17,-1.321669886956,0.046,0.11,1.00637669127757e-12,"1","HELB"
7.23550207148569e-17,0.701241345415633,0.334,0.251,1.01940988685162e-12,"1","TNFRSF1B"
7.74518327202014e-17,0.336457612362007,0.756,0.736,1.09121887119492e-12,"1","TMA7"
9.53905682198637e-17,-0.672813843824617,0.111,0.198,1.34395771564966e-12,"1","IRF2BP2"
1.01190733817792e-16,-0.892138711890659,0.11,0.194,1.42567624875887e-12,"1","OASL"
1.26609874774979e-16,0.834240917696395,0.227,0.147,1.78380652570469e-12,"1","TNFRSF14"
1.39455789518428e-16,-0.91843415093385,0.045,0.108,1.96479261852513e-12,"1","CCDC50"
1.60210320900932e-16,-0.797530688523242,0.105,0.187,2.25720321117324e-12,"1","FAM3C"
1.64491454434875e-16,-0.926207805385815,0.073,0.146,2.31752010153295e-12,"1","PDE4A"
1.68216555631608e-16,-0.607071747751294,0.139,0.232,2.37000305229372e-12,"1","MORF4L2"
1.74896511277426e-16,0.536392316910357,0.527,0.462,2.46411694738766e-12,"1","NDUFB2"
1.82054449335687e-16,-0.375310981306013,0.227,0.34,2.56496513669049e-12,"1","PEBP1"
1.8255242563695e-16,-1.33993831079491,0.047,0.11,2.57198112479898e-12,"1","IRS2"
2.15284240668765e-16,-0.368651268646836,0.608,0.716,3.03313966678224e-12,"1","CALM2"
2.69698662835181e-16,-0.41501627429464,0.338,0.456,3.79978446068487e-12,"1","EIF4G2"
2.91632684015634e-16,-0.745391104338931,0.165,0.259,4.10881288509627e-12,"1","GLUL"
3.01104298225864e-16,0.951874743319171,0.205,0.13,4.24225845770419e-12,"1","ORAI1"
3.12809978888002e-16,0.984945345074962,0.111,0.054,4.40717979255307e-12,"1","KIR2DL3"
3.14568100063644e-16,-0.874381995020403,0.116,0.199,4.43194996179668e-12,"1","KPNA2"
3.14745177569425e-16,0.92449395223391,0.333,0.256,4.43444480677563e-12,"1","METRNL"
3.15822952996254e-16,-0.254140105714367,0.747,0.823,4.44962958476423e-12,"1","EEF1B2"
3.25626643141169e-16,1.06370233880902,0.159,0.091,4.58775377521593e-12,"1","KLRG1"
3.28628542992166e-16,-0.739027153469661,0.103,0.184,4.63004754221663e-12,"1","DCTN6"
3.71275348493645e-16,-0.603550921226985,0.085,0.164,5.23089838492696e-12,"1","HPRT1"
4.19872665988423e-16,-0.442980080256912,0.327,0.446,5.91558599111088e-12,"1","TRA2B"
4.89724559314324e-16,1.19541242270247,0.125,0.065,6.89972931617951e-12,"1","LLGL2"
5.58103650822887e-16,-0.769432611447882,0.094,0.173,7.86312233644365e-12,"1","PABPC4"
5.88073585413023e-16,-0.722841548940608,0.062,0.132,8.28536874488408e-12,"1","SNX10"
6.39129816775264e-16,-1.05398612700654,0.057,0.124,9.0046999885467e-12,"1","PTTG1"
7.08494691859454e-16,-0.384828353073705,0.502,0.607,9.98198171360785e-12,"1","PPDPF"
7.41233095230285e-16,1.27080937466304,0.112,0.056,1.04432330786995e-11,"1","ITGAM"
7.60852668063506e-16,0.216629227222502,0.917,0.906,1.07196532403467e-11,"1","SERF2"
8.80677073826889e-16,-0.784213971042112,0.122,0.205,1.2407859293147e-11,"1","CD38"
9.88178588281741e-16,-0.43631983806624,0.133,0.225,1.39224481303014e-11,"1","PPA1"
1.57818796931996e-15,-0.756860578630299,0.076,0.148,2.22350902997489e-11,"1","PLSCR1"
1.79946256102001e-15,-0.823982090567908,0.049,0.112,2.5352628022211e-11,"1","EIF4EBP1"
2.15236817298582e-15,-0.692459441074962,0.081,0.156,3.03247151891972e-11,"1","DEGS1"
2.5737899352419e-15,0.736221798846706,0.282,0.2,3.62621263976231e-11,"1","RORA"
2.64709927562444e-15,-0.458691179777126,0.346,0.459,3.72949816942727e-11,"1","PIK3R1"
3.07809168493718e-15,-0.70200265097777,0.078,0.15,4.336723374908e-11,"1","BAZ2B"
3.26480923421416e-15,-0.472700255173838,0.228,0.326,4.59978973008433e-11,"1","NASP"
3.67298889635725e-15,-0.521147365043557,0.141,0.231,5.17487405607773e-11,"1","SURF4"
4.2061109278235e-15,-0.986906549729296,0.049,0.11,5.92598968621053e-11,"1","STAM"
4.50637633710927e-15,-0.398886231260763,0.467,0.574,6.34903362135325e-11,"1","LY6E"
4.53116071761829e-15,-0.645653586784093,0.192,0.286,6.3839523350524e-11,"1","YME1L1"
4.62051163678247e-15,-0.84721010950422,0.127,0.208,6.50983884506282e-11,"1","ANKRD28"
6.08095028247441e-15,-0.342679512297525,0.325,0.448,8.56745085297819e-11,"1","GYPC"
6.28407383099502e-15,-0.33627030847865,0.537,0.65,8.85363162048888e-11,"1","SARAF"
6.55030491069674e-15,-0.447329914561172,0.365,0.473,9.22872458868063e-11,"1","BRD2"
6.83655874053707e-15,-0.72865330365956,0.056,0.12,9.63202760954267e-11,"1","ARHGAP18"
6.97550135017361e-15,0.779054061990893,0.3,0.224,9.8277838522596e-11,"1","IQGAP2"
7.56661999820773e-15,0.963418879917576,0.149,0.086,1.06606109154749e-10,"1","BPGM"
7.91198612007973e-15,-0.320104019038187,0.421,0.542,1.11471972445803e-10,"1","SOD1"
8.25225302228343e-15,1.45104057678079,0.111,0.058,1.16265992830951e-10,"1","ANXA4"
8.96137696897285e-15,0.950058916188953,0.255,0.184,1.26256840115858e-10,"1","SELPLG"
9.17330795290877e-15,-0.451138471997227,0.502,0.599,1.29242735748532e-10,"1","KLRB1"
9.19014873298413e-15,1.15063432543296,0.133,0.074,1.29480005499013e-10,"1","CD226"
1.27062183356873e-14,-0.795748950252353,0.102,0.177,1.79017910131499e-10,"1","NAMPT"
1.27770484532971e-14,-0.802353341968888,0.098,0.172,1.80015835658503e-10,"1","MTHFD2"
1.31901111236397e-14,-0.826979406412922,0.057,0.121,1.85835475620959e-10,"1","IMPDH2"
1.53040353429048e-14,-0.59538715985441,0.104,0.18,2.15618553946186e-10,"1","PLCG2"
1.70342228553032e-14,-0.469323914707216,0.177,0.271,2.39995165808367e-10,"1","HNRNPAB"
1.81969205296506e-14,-0.916617434592435,0.137,0.215,2.56376413342247e-10,"1","RALGAPA1"
1.83347445347589e-14,1.02874799201034,0.139,0.079,2.58318215750218e-10,"1","STK38"
1.98114433007839e-14,-0.402457306506448,0.198,0.296,2.79123424664745e-10,"1","RSL1D1"
2.19793502947647e-14,-0.492288303637653,0.32,0.424,3.0966706630294e-10,"1","SQSTM1"
2.2542371289827e-14,0.650055657417218,0.384,0.313,3.17599469102372e-10,"1","AKNA"
2.44307037198664e-14,1.12310522676853,0.127,0.07,3.44204184709198e-10,"1","CTBP2"
2.54880043674535e-14,-0.467206229835196,0.204,0.302,3.59100493533052e-10,"1","ZFAND5"
2.87706492616773e-14,-0.858702345511532,0.106,0.18,4.05349677447772e-10,"1","HIF1A"
2.90205347247427e-14,-1.0030171576057,0.047,0.105,4.088703137369e-10,"1","NMT2"
2.98104569260022e-14,-1.02765508165624,0.103,0.176,4.19999527630446e-10,"1","ZFAND2A"
3.3846504747345e-14,-0.562521251132273,0.093,0.168,4.76863405385344e-10,"1","MPST"
4.46087497671543e-14,-1.00114533704698,0.046,0.103,6.28492675469437e-10,"1","SESN1"
5.20158426917871e-14,-0.494675379887838,0.192,0.286,7.32851207684589e-10,"1","TCP1"
6.48947764384648e-14,0.644780508259263,0.378,0.305,9.1430250524153e-10,"1","CAST"
6.51126406685791e-14,1.18880972826692,0.109,0.057,9.1737199437961e-10,"1","DENND3"
6.71244295839255e-14,-0.693475989604624,0.07,0.136,9.45716088407927e-10,"1","RIF1"
8.60964557435975e-14,-0.39448421848217,0.262,0.369,1.21301296497154e-09,"1","VAPA"
8.64394486868603e-14,1.21480589593687,0.107,0.056,1.21784539254917e-09,"1","BCL9L"
9.33015364951493e-14,-0.566465694978246,0.112,0.189,1.31452534768016e-09,"1","EPSTI1"
9.45798381094997e-14,-0.518339314341767,0.179,0.27,1.33253533912474e-09,"1","CYLD"
1.1569270737862e-13,-1.12994987666811,0.061,0.121,1.62999455425738e-09,"1","DENND4A"
1.18664507059273e-13,-0.446232843144235,0.203,0.295,1.67186423995809e-09,"1","FGFR1OP2"
1.22192825092973e-13,0.736496066528037,0.165,0.1,1.7215747127349e-09,"1","ATF6B"
1.22920088375143e-13,-0.249890360705951,0.34,0.457,1.73182112511739e-09,"1","GPX4"
1.39916070922079e-13,-0.307270731953924,0.269,0.375,1.97127752322117e-09,"1","SMDT1"
1.4433516257555e-13,-0.629277945399245,0.148,0.23,2.03353810552692e-09,"1","GSPT1"
1.5863682715434e-13,-0.426524722087891,0.132,0.215,2.2350342577775e-09,"1","ANXA7"
1.65828218970426e-13,-0.920519990246357,0.074,0.139,2.33635377707433e-09,"1","FAM43A"
1.7559675654623e-13,-0.597152864364159,0.113,0.19,2.47398270297983e-09,"1","DEDD2"
1.88598807805629e-13,-0.478294885122952,0.174,0.261,2.65716860317351e-09,"1","SNRNP70"
1.92755298855248e-13,-0.998206794268582,0.064,0.124,2.71572940557159e-09,"1","BRAF"
2.09956073166843e-13,-0.845852732141097,0.107,0.178,2.95807111484764e-09,"1","ARIH1"
2.16439496166851e-13,-1.073272155032,0.051,0.108,3.04941606149477e-09,"1","TUBB2A"
2.34344935603358e-13,0.779344809077002,0.327,0.262,3.30168579771572e-09,"1","SH2D2A"
2.41585558415471e-13,-0.390530336936649,0.445,0.543,3.40369893251557e-09,"1","APOBEC3G"
2.42272516752098e-13,-0.428044659621451,0.266,0.369,3.41337748852031e-09,"1","PRDX1"
2.50512728747319e-13,1.26338164125062,0.102,0.053,3.52947383532097e-09,"1","PATL2"
2.52660547559824e-13,0.820487061537972,0.242,0.172,3.55973445457036e-09,"1","STK10"
2.60849135786419e-13,-0.463181783104232,0.2,0.291,3.67510347409486e-09,"1","ARF4"
2.68724913699305e-13,0.69574696952529,0.32,0.248,3.7860653091095e-09,"1","TPST2"
3.16761468556503e-13,-0.43506763604059,0.224,0.32,4.46285233049258e-09,"1","GABARAPL1"
3.28940441309442e-13,-0.809877552806088,0.124,0.197,4.63444187760872e-09,"1","TIPARP"
3.58362906750635e-13,1.03121030826929,0.161,0.1,5.0489749932097e-09,"1","ZNF276"
3.64007345464663e-13,-0.449560041103608,0.117,0.196,5.12849949025164e-09,"1","HM13"
3.69585125734077e-13,-0.421663600280282,0.136,0.22,5.20708483646742e-09,"1","PARP1"
3.81249641329538e-13,0.781990344552544,0.341,0.273,5.37142619669186e-09,"1","CARD16"
3.98757204770363e-13,-0.284963443835816,0.403,0.516,5.61809025800964e-09,"1","TSPO"
4.14806320451875e-13,-1.02586426549311,0.046,0.1,5.84420624884647e-09,"1","MEF2A"
4.44088535106062e-13,0.838481418744989,0.212,0.146,6.2567633711093e-09,"1","TFDP2"
4.55248609200201e-13,-0.892001860301774,0.063,0.123,6.41399765502164e-09,"1","ASXL2"
4.66566726406033e-13,1.13794753445637,0.109,0.059,6.5734586083346e-09,"1","RHBDF2"
4.70829831976833e-13,-0.531670446342981,0.076,0.141,6.63352150272159e-09,"1","NME1"
5.33922258356157e-13,0.820472384870322,0.227,0.158,7.5224306979799e-09,"1","UBE2F"
5.78764652579115e-13,-1.19259898890555,0.047,0.1,8.15421519018715e-09,"1","CTSZ"
5.93318447963102e-13,-0.323027521684869,0.253,0.357,8.35926361335214e-09,"1","FKBP1A"
6.70214444530721e-13,-0.928356168988886,0.054,0.111,9.44265130899333e-09,"1","TCTN3"
7.68403883913919e-13,-0.603603348940485,0.106,0.177,1.08260423204632e-08,"1","CXXC5"
7.71595374810906e-13,-0.546317979403017,0.148,0.227,1.08710072357109e-08,"1","CHD4"
7.78233526929968e-13,0.774354501528974,0.262,0.193,1.09645321609163e-08,"1","SH3KBP1"
8.06734485638077e-13,-0.53021114237682,0.285,0.38,1.13660821681549e-08,"1","FAM177A1"
8.41644933399353e-13,1.11282171084141,0.108,0.058,1.18579354666635e-08,"1","TMEM181"
8.55391836792618e-13,0.778332020088421,0.243,0.175,1.20516155885712e-08,"1","CD300A"
8.88888694042781e-13,-0.621444015025089,0.094,0.163,1.25235528103687e-08,"1","PARVG"
1.06458533208097e-12,-0.470577621057551,0.212,0.301,1.49989427436888e-08,"1","UBE2L6"
1.17219834965253e-12,-0.754608198443729,0.092,0.158,1.65151025482544e-08,"1","PIM2"
1.21088566239617e-12,-0.45892024589191,0.263,0.361,1.70601680974997e-08,"1","PTPN22"
1.22623917062768e-12,-0.309443971600934,0.302,0.405,1.72764836749734e-08,"1","COX5A"
1.3048664953759e-12,-0.705612612154816,0.113,0.184,1.83842640533511e-08,"1","STAT1"
1.37476924046256e-12,0.678314291326047,0.378,0.316,1.9369123828877e-08,"1","PRMT2"
1.40914575539895e-12,-0.487026640578605,0.171,0.252,1.98534545478158e-08,"1","ARL6IP4"
1.42729482601698e-12,-0.360431551552185,0.25,0.347,2.01091568037533e-08,"1","ARHGAP9"
1.51777561095952e-12,-0.327382958997186,0.354,0.461,2.13839405828086e-08,"1","HNRNPA0"
1.54312859888241e-12,-0.525492527680827,0.149,0.229,2.17411388296542e-08,"1","PSTPIP1"
1.58830823585668e-12,-0.397346031139698,0.112,0.187,2.23776747349848e-08,"1","TTC1"
1.58979603336692e-12,0.271545404895969,0.776,0.738,2.23986363141065e-08,"1","PPIA"
1.99103432981479e-12,-0.296911489365755,0.568,0.675,2.80516826727606e-08,"1","KLF6"
2.05513244323565e-12,-0.734971137821254,0.053,0.107,2.8954760992747e-08,"1","TMEM106B"
2.062706505114e-12,-0.828564156328672,0.058,0.115,2.90614719505512e-08,"1","IL4R"
2.09065835933651e-12,-0.595000559855844,0.106,0.177,2.94552856246921e-08,"1","CLPP"
2.29511782341379e-12,-0.369004544984845,0.174,0.26,3.23359150140769e-08,"1","LSM4"
2.45018636393685e-12,-0.666405127182055,0.072,0.132,3.45206756815063e-08,"1","ABLIM1"
2.95009100693525e-12,0.811348286406462,0.313,0.25,4.15638321967108e-08,"1","SLC9A3R1"
3.00496934862231e-12,-0.373841739313257,0.333,0.432,4.23370131527398e-08,"1","SFPQ"
3.03229260807031e-12,-0.367810974259233,0.24,0.338,4.27219705551026e-08,"1","EMB"
3.03467573359612e-12,-0.520619185388566,0.2,0.284,4.27555464106357e-08,"1","BCAS2"
3.05486218100252e-12,-0.493799139944488,0.146,0.225,4.30399532681445e-08,"1","JMJD1C"
3.17062303243427e-12,-0.386716711908007,0.367,0.469,4.46709079039665e-08,"1","EIF5"
3.17559023611622e-12,-0.337032503111358,0.214,0.307,4.47408908366415e-08,"1","NUDC"
3.31858157175729e-12,-0.344198973189251,0.447,0.553,4.67554957644885e-08,"1","CD2"
4.05882832349449e-12,-0.380332333705084,0.27,0.367,5.71848322497138e-08,"1","ECH1"
4.6457367669977e-12,-0.422292158383655,0.147,0.227,6.54537853102305e-08,"1","DYNC1H1"
4.66339954975336e-12,0.710859474409911,0.332,0.267,6.57026362564751e-08,"1","AAK1"
4.71195055282835e-12,-0.401257549386995,0.247,0.339,6.63866713387986e-08,"1","PPP1CB"
4.77124483379502e-12,0.770313722432995,0.302,0.237,6.7222068463338e-08,"1","YPEL3"
5.08460219138972e-12,-0.684849460902647,0.1,0.167,7.16369602744897e-08,"1","RASGEF1B"
5.28128202287332e-12,-0.71979427551981,0.053,0.107,7.44079824202622e-08,"1","APOBEC3H"
5.6888910697968e-12,-0.298397379516809,0.413,0.522,8.01507862823671e-08,"1","SERBP1"
6.2426497038634e-12,-0.170599798620858,0.761,0.829,8.79526916777314e-08,"1","BTF3"
6.4780277786581e-12,-0.809135668707808,0.116,0.183,9.1268933373514e-08,"1","NEU1"
6.87985113545686e-12,-0.395567922096015,0.452,0.538,9.69302226474517e-08,"1","ENO1"
7.46952105987593e-12,-0.802291372720059,0.109,0.176,1.05238082212592e-07,"1","ZBTB20"
7.48140821691556e-12,1.14920114334238,0.115,0.066,1.05405560368123e-07,"1","LAIR1"
8.68181829546379e-12,-0.309949222753541,0.413,0.521,1.22318137964789e-07,"1","HSPA5"
9.68943363071821e-12,-0.727624538596642,0.097,0.162,1.36514430423189e-07,"1","BCL2"
9.71087179988305e-12,0.829587603808492,0.265,0.201,1.36816472788552e-07,"1","RNF166"
1.06778468962047e-11,-0.329740169221102,0.254,0.349,1.50440184920627e-07,"1","EIF1AX"
1.09694935736841e-11,-0.555679212041669,0.108,0.176,1.54549194959635e-07,"1","UBAC2"
1.16678278126894e-11,-0.700764346587701,0.103,0.169,1.64388026052981e-07,"1","AHI1"
1.21014298358893e-11,-0.48693582776934,0.173,0.254,1.70497044957845e-07,"1","RBBP6"
1.24759668137642e-11,-0.424052867723697,0.247,0.337,1.75773896439124e-07,"1","CCND2"
1.33088324586401e-11,-0.38692390733196,0.177,0.259,1.8750814050978e-07,"1","CCT2"
1.33665686134597e-11,-0.522232490248555,0.112,0.182,1.88321585195033e-07,"1","STIP1"
1.50166238900549e-11,-0.51409866225314,0.148,0.223,2.11569213986984e-07,"1","PREX1"
1.52861268212772e-11,-0.335978279993874,0.237,0.33,2.15366240784975e-07,"1","GLIPR2"
1.57197422025318e-11,-0.478429515406544,0.529,0.626,2.2147544789147e-07,"1","SAP18"
1.67603694034997e-11,0.767920899255377,0.118,0.067,2.36136844525907e-07,"1","TNF"
1.70411539799801e-11,-0.589296124222582,0.183,0.264,2.40092818423939e-07,"1","CEBPD"
1.70459332192872e-11,-0.627347257611791,0.078,0.138,2.40160153126537e-07,"1","PLEKHO1"
2.09525346100887e-11,-0.546722613183583,0.139,0.213,2.95200260121539e-07,"1","TMEM243"
2.24620286307641e-11,-0.497543170265641,0.133,0.204,3.16467521378836e-07,"1","NXT1"
2.38962738064041e-11,-0.430268666624834,0.062,0.118,3.36674601658427e-07,"1","POLR3K"
2.50246814788176e-11,-0.358330576401053,0.146,0.223,3.52572737355061e-07,"1","AP3S1"
2.55335138128695e-11,-0.671454643994831,0.083,0.144,3.59741676109518e-07,"1","PCNA"
2.6482903649877e-11,0.733919634214154,0.226,0.164,3.73117629523116e-07,"1","KLF13"
2.71210421078233e-11,-0.576598175528842,0.076,0.135,3.82108362257123e-07,"1","SYNGR2"
2.86375997224735e-11,-0.468368119008827,0.09,0.154,4.03475142489929e-07,"1","GCHFR"
3.05651695341337e-11,0.976066515560115,0.147,0.094,4.3063267356641e-07,"1","PLEKHA1"
3.41294138722349e-11,-0.428648121310034,0.125,0.197,4.80849312045917e-07,"1","EIF4E"
3.59929761905635e-11,-0.752477704785106,0.067,0.122,5.07105041548849e-07,"1","GOLIM4"
3.95622408339902e-11,0.41740527689809,0.538,0.499,5.57392411110088e-07,"1","YWHAB"
3.97369543810044e-11,-0.454601726197393,0.067,0.124,5.59853950273971e-07,"1","HDAC2"
4.38808825244084e-11,-0.618599914413764,0.221,0.3,6.18237753886389e-07,"1","PARP8"
4.63398675447736e-11,-0.373303313397796,0.148,0.224,6.52882393838316e-07,"1","CMTM3"
4.91179301689631e-11,0.164718296153552,1,1,6.92022518150521e-07,"1","KLRC2"
5.07986959737807e-11,-0.608593979185747,0.091,0.152,7.15702827574596e-07,"1","SLC39A10"
5.13610695908151e-11,-0.68906170586605,0.081,0.14,7.23626109464994e-07,"1","TOX"
5.4214936906672e-11,-0.39015209165373,0.749,0.824,7.63834246078102e-07,"1","ID2"
5.54513565963207e-11,0.816809995504757,0.203,0.144,7.81254163085562e-07,"1","DIP2A"
6.04893265030411e-11,-0.450316554273498,0.2,0.278,8.52234121101347e-07,"1","PPP1R10"
6.08223186172808e-11,-0.45722296395189,0.093,0.157,8.56925646998869e-07,"1","GPI"
6.2007713499916e-11,-0.245730669662922,0.376,0.48,8.73626675500317e-07,"1","STK17B"
8.41529935628315e-11,-0.497496659253621,0.274,0.356,1.18563152630673e-06,"1","SLC2A3"
8.42213887842107e-11,-0.403860258248414,0.139,0.212,1.18659514658074e-06,"1","TMEM147"
8.90359968308001e-11,1.0578424131986,0.137,0.087,1.25442815934914e-06,"1","ZBTB44"
9.14669761811236e-11,-0.665817102009111,0.103,0.166,1.28867822741585e-06,"1","HLA-DQB1"
1.01104799330276e-10,-0.614324442903432,0.093,0.154,1.42446551776426e-06,"1","CASP3"
1.04927588892665e-10,0.659987765825896,0.229,0.166,1.47832479990876e-06,"1","ARID5B"
1.1072403291316e-10,-1.17572598554162,0.061,0.111,1.55999089971351e-06,"1","SIK3"
1.23271416151475e-10,0.778938311117224,0.281,0.222,1.73677098215813e-06,"1","RHOG"
1.26542335671829e-10,-0.726468833079828,0.066,0.119,1.7828549672804e-06,"1","FKBP4"
1.30324303383867e-10,-0.828370583662803,0.1,0.159,1.83613911037531e-06,"1","GADD45A"
1.32276370330982e-10,-0.492424432641444,0.111,0.177,1.86364178159321e-06,"1","HPCAL1"
1.37354956949041e-10,-0.712848763317251,0.07,0.124,1.93519398845503e-06,"1","NFKB2"
1.44781428999393e-10,-0.608354845496263,0.064,0.118,2.03982555317245e-06,"1","MAPKAPK3"
1.53277631075258e-10,-0.20883382500895,0.357,0.462,2.1595285442193e-06,"1","WDR83OS"
1.54415665242881e-10,-0.307287871281807,0.211,0.295,2.17556230760695e-06,"1","CCT4"
1.56707109443561e-10,-0.506018747701642,0.126,0.194,2.20784646495033e-06,"1","SLBP"
1.67627544780156e-10,0.590276786526036,0.379,0.325,2.36170447840762e-06,"1","SUN2"
1.82648424979603e-10,-0.292449859167603,0.116,0.185,2.57333365953762e-06,"1","ZYX"
1.93458347035503e-10,-0.62084768242683,0.075,0.13,2.7256346513832e-06,"1","CPSF6"
1.9860855041902e-10,0.741473147407005,0.212,0.154,2.79819586685357e-06,"1","PTGER2"
2.33244249021267e-10,0.950863426217976,0.209,0.154,3.28617822446063e-06,"1","FGR"
2.45262088010371e-10,-0.84937685294281,0.067,0.118,3.45549755797812e-06,"1","HLA-DQA1"
2.46473692624086e-10,-0.219768622265275,0.358,0.453,3.47256785538075e-06,"1","SEC11A"
2.65824797713948e-10,0.959418555431603,0.118,0.071,3.74520557499181e-06,"1","IL12RB1"
2.81223405131031e-10,-0.387716780059693,0.151,0.223,3.9621565548911e-06,"1","MAT2A"
2.99992660006157e-10,0.863447787773269,0.164,0.111,4.22659658682675e-06,"1","TSPAN32"
3.04511599535897e-10,-0.210427959721963,0.371,0.475,4.29026392586126e-06,"1","EIF3H"
3.1561971873806e-10,-0.286320930279336,0.345,0.439,4.44676621730052e-06,"1","RBM25"
3.27836540373017e-10,-0.389529089127468,0.151,0.223,4.61888901731544e-06,"1","CCDC69"
3.29371334452729e-10,-0.303555750552706,0.207,0.29,4.64051273110449e-06,"1","SIVA1"
3.37519622176197e-10,-0.453045702771008,0.134,0.203,4.75531395684044e-06,"1","LPIN1"
3.54518074656257e-10,-0.312630365560609,0.081,0.14,4.99480515383201e-06,"1","DNAJC4"
3.58858867783372e-10,-0.285134938427356,0.388,0.48,5.05596258819992e-06,"1","SLC25A5"
3.61517898240869e-10,1.21598442130437,0.104,0.061,5.0934256683156e-06,"1","TGFBR1"
3.66273918209985e-10,-0.274535497392134,0.277,0.367,5.16043323366047e-06,"1","BUB3"
3.73547813399462e-10,-0.418878316102129,0.067,0.121,5.26291514298502e-06,"1","PPT1"
3.95522537977729e-10,-0.297780747565476,0.373,0.463,5.57251703756823e-06,"1","PTGES3"
4.16185309496168e-10,-0.772855112912755,0.188,0.257,5.86363482549151e-06,"1","IFI6"
4.32543751372473e-10,-0.446924378571832,0.262,0.34,6.09410891308677e-06,"1","ZC3HAV1"
4.45175630681857e-10,-0.554756943511684,0.078,0.133,6.27207946067668e-06,"1","MSI2"
4.48508686014416e-10,-0.744347677851291,0.069,0.121,6.31903887725711e-06,"1","RNF138"
4.50531984167143e-10,-0.23991146616207,0.246,0.331,6.34754512493088e-06,"1","CBX3"
4.73812883341186e-10,0.864002174395494,0.133,0.084,6.67554971339397e-06,"1","NFATC2"
5.04953988463854e-10,-0.52278388012844,0.207,0.282,7.11429674346724e-06,"1","PMAIP1"
5.24146975519726e-10,-0.607398752057313,0.11,0.171,7.38470673809741e-06,"1","EIF2AK2"
5.46582934192516e-10,0.490425506211347,0.464,0.423,7.70080695983836e-06,"1","ARPC5"
5.48204222136762e-10,-0.889917683635441,0.102,0.159,7.72364928568483e-06,"1","MARCKSL1"
5.58684112765633e-10,-0.439845261512753,0.16,0.232,7.871300464755e-06,"1","ATP1A1"
5.64590987078828e-10,-0.48497224587171,0.162,0.23,7.95452241695361e-06,"1","CTNNB1"
5.7001766144023e-10,-0.710136351019538,0.063,0.113,8.0309788320314e-06,"1","TFRC"
5.70326685921747e-10,0.76781822845543,0.218,0.162,8.03533267795149e-06,"1","SRPK2"
6.30788105763522e-10,-0.312593749516183,0.137,0.208,8.88717362210227e-06,"1","ECHS1"
6.41392019758205e-10,-0.249561518617565,0.439,0.544,9.03657216637336e-06,"1","RBM8A"
6.63415432239416e-10,-0.198058344152286,0.75,0.821,9.34686002482113e-06,"1","HNRNPA1"
6.66465241029206e-10,-0.404825894007881,0.106,0.169,9.38982878086048e-06,"1","SMS"
7.03523752524084e-10,-0.530576692730844,0.119,0.182,9.91194614931182e-06,"1","CHCHD7"
7.17668671348781e-10,-0.833690601856585,0.054,0.101,1.0111233910633e-05,"1","MLLT3"
7.51853438589633e-10,0.802652398730489,0.185,0.13,1.05928630962893e-05,"1","FCMR"
8.65314270190813e-10,0.506919394930448,0.448,0.412,1.21914127527184e-05,"1","RNF213"
8.673942336312e-10,-0.286188669495204,0.209,0.29,1.222071735763e-05,"1","OCIAD1"
9.49600074604263e-10,-0.351572932424036,0.393,0.488,1.33789154510995e-05,"1","BTG2"
1.00747444568723e-09,0.389931362316449,0.561,0.525,1.41943074652874e-05,"1","ARPC1B"
1.04355433028101e-09,-0.383796222022931,0.681,0.753,1.47026369593292e-05,"1","IER2"
1.07275407066584e-09,-0.501296641392577,0.112,0.174,1.51140321016111e-05,"1","CALCOCO2"
1.11878256521895e-09,-0.432053561152112,0.091,0.149,1.57625275613698e-05,"1","UROS"
1.13438551841624e-09,-0.190491032771329,0.19,0.27,1.59823575689663e-05,"1","METTL9"
1.16451277274454e-09,-0.373796096023088,0.194,0.269,1.64068204551978e-05,"1","EWSR1"
1.18901593247663e-09,-0.45780818270079,0.064,0.114,1.67520454726632e-05,"1","HDLBP"
1.22709179729723e-09,0.683678150474871,0.278,0.22,1.72884963321206e-05,"1","ARHGAP30"
1.26607648162008e-09,-0.518923591822875,0.08,0.134,1.78377515495453e-05,"1","PDHA1"
1.29214921320041e-09,-0.465270067254853,0.167,0.236,1.82050902647805e-05,"1","CHD9"
1.3169132772077e-09,-0.268444784885217,0.413,0.514,1.85539911625793e-05,"1","RBM3"
1.32813184394982e-09,-0.297769291299167,0.122,0.188,1.8712049549409e-05,"1","LPXN"
1.33077762153268e-09,-0.251129844646251,0.208,0.29,1.8749325909774e-05,"1","TRABD"
1.35833921324427e-09,-0.709252214323994,0.096,0.152,1.91376411753985e-05,"1","OAT"
1.44756197932073e-09,-0.501582929770795,0.055,0.102,2.03947007266497e-05,"1","CBR1"
1.51640501132884e-09,-0.552941761597692,0.11,0.17,2.13646302046121e-05,"1","ETF1"
1.66523452402352e-09,-0.524555194943405,0.054,0.101,2.34614892089674e-05,"1","TATDN1"
1.67099469405053e-09,0.699828623400329,0.302,0.249,2.35426442444779e-05,"1","PTPN4"
1.71001620703188e-09,-0.351695011553926,0.227,0.304,2.40924183408722e-05,"1","DOCK8"
1.7234265487429e-09,-0.188288903264147,0.581,0.675,2.42813566452387e-05,"1","EEF2"
1.82087331637927e-09,-0.67751419789825,0.102,0.158,2.56542841544675e-05,"1","NCAM1"
1.83086868871703e-09,0.516376543782606,0.388,0.34,2.57951089553342e-05,"1","CDC42SE1"
1.88195530218635e-09,0.190352504411953,0.902,0.893,2.65148682525035e-05,"1","CFL1"
1.92277393033332e-09,-0.629872947472768,0.09,0.144,2.70899619044662e-05,"1","NXF1"
1.96365896188667e-09,-0.257927303704958,0.1,0.161,2.76659911140213e-05,"1","LAGE3"
2.20332422474208e-09,-0.335730985864374,0.105,0.165,3.10426350023911e-05,"1","NUTF2"
2.672672280738e-09,-0.514339959684874,0.1,0.156,3.76552797633176e-05,"1","SLC25A36"
2.71278279855679e-09,-0.344760695157848,0.326,0.404,3.82203968488667e-05,"1","HLA-DRB1"
2.7988796486499e-09,1.03190905966761,0.11,0.068,3.94334153698285e-05,"1","SLC2A4RG"
2.93899570580709e-09,-0.574490199763349,0.161,0.223,4.1407510499116e-05,"1","CHORDC1"
2.98356221892358e-09,-0.173074723270183,0.248,0.339,4.20354081024143e-05,"1","ST13"
3.35098258239519e-09,0.618570666634137,0.304,0.249,4.72119936033658e-05,"1","GNPTAB"
3.55908030363665e-09,0.721084419282964,0.187,0.134,5.01438823979367e-05,"1","CDKN2D"
3.59563494927344e-09,-0.594750265690399,0.107,0.165,5.06589008003134e-05,"1","DOCK10"
3.61198881538096e-09,-0.611390590669631,0.104,0.16,5.08893104199023e-05,"1","TOPORS"
3.87180646975999e-09,0.344595867620662,0.599,0.563,5.45498813524484e-05,"1","GMFG"
4.0842227024397e-09,-0.527195235820226,0.17,0.236,5.7542613654673e-05,"1","IER5"
4.15183630407468e-09,0.271370516271091,0.716,0.694,5.84952216881082e-05,"1","MYL12B"
4.41451056364506e-09,0.570443959023547,0.317,0.263,6.21960393311953e-05,"1","FMNL1"
4.51728660000427e-09,-0.446691725909292,0.216,0.285,6.36440509074601e-05,"1","CD55"
5.08150537324238e-09,-0.761082212413125,0.058,0.103,7.15933292036119e-05,"1","HMGCS1"
5.1126589571764e-09,-0.451524651768124,0.074,0.124,7.20322520476583e-05,"1","KATNBL1"
5.61786464179176e-09,-0.315147945099503,0.14,0.207,7.91500949382041e-05,"1","CLNS1A"
5.90436544770183e-09,-0.822815989871375,0.056,0.1,8.31866047926711e-05,"1","TBC1D2B"
5.97208091251924e-09,-0.243132895512437,0.211,0.287,8.41406479764836e-05,"1","RHOH"
6.43967901131315e-09,-0.417810107170303,0.183,0.252,9.07286375903909e-05,"1","GTF2B"
6.46918840919141e-09,-0.344115615524942,0.099,0.156,9.11443954970978e-05,"1","ELOVL5"
6.47999866620397e-09,-0.460733575200791,0.06,0.107,9.12967012081477e-05,"1","GGCT"
6.58300874385163e-09,-0.601278190618827,0.09,0.143,9.27480101921256e-05,"1","WDR74"
6.58671098860029e-09,-0.47419665948556,0.119,0.178,9.28001711183894e-05,"1","PDCL3"
6.74097109514572e-09,-0.209493707400584,0.189,0.264,9.49735417595081e-05,"1","CPNE1"
6.79647314010643e-09,-0.400902633979584,0.357,0.439,9.57555100709594e-05,"1","TUBA4A"
7.01684538572536e-09,-0.49378927596105,0.168,0.231,9.88603346394846e-05,"1","HEXIM1"
7.12455112986043e-09,-0.216675417318627,0.455,0.549,0.000100377800868604,"1","HNRNPC"
7.33341087329695e-09,-0.260304573823551,0.25,0.33,0.000103320425793881,"1","CSNK1A1"
8.26327030049139e-09,0.483583420690414,0.401,0.353,0.000116421215263623,"1","ARPC5L"
8.44375077395808e-09,-0.285962718619614,0.168,0.239,0.000118964004654295,"1","TMX4"
8.80977038285955e-09,-0.496238347867585,0.083,0.135,0.000124120854924108,"1","TC2N"
9.41889574717846e-09,-0.307930783942454,0.156,0.223,0.000132702822181997,"1","DEF6"
9.50645679615833e-09,-0.223423307891846,0.247,0.326,0.000133936469801075,"1","NDUFS8"
9.52100769182903e-09,-0.25923252636542,0.162,0.231,0.000134141477370179,"1","TXNL1"
1.01657882875043e-08,-0.437285264329347,0.081,0.133,0.000143225791182648,"1","NELFCD"
1.01799816304982e-08,-0.41467423102132,0.066,0.113,0.00014342576119209,"1","NAALADL1"
1.04924675554836e-08,0.72445632690773,0.217,0.165,0.000147828375389208,"1","HSH2D"
1.11515708212402e-08,-0.531885826581459,0.194,0.26,0.000157114481300453,"1","CNOT2"
1.16260426821726e-08,-0.72729611310427,0.058,0.102,0.000163799315349129,"1","S100PBP"
1.19120350996871e-08,-0.40877999086136,0.12,0.177,0.000167828662519491,"1","ODC1"
1.19376592528907e-08,-0.260634068863191,0.122,0.184,0.000168189681213977,"1","ALKBH7"
1.24397535098434e-08,-0.388835648309459,0.079,0.129,0.000175263687200183,"1","AK2"
1.40629950409009e-08,-0.583094576120031,0.108,0.161,0.000198133537131253,"1","GNL3"
1.443959654013e-08,-0.339155768684144,0.134,0.195,0.000203439475653891,"1","EIF2A"
1.45632033663487e-08,-0.597742487578074,0.1,0.152,0.000205180972228487,"1","NABP1"
1.45804012155361e-08,0.403549818086039,0.541,0.517,0.000205423272725688,"1","ATP6V0E1"
1.46725284277253e-08,0.729118290757239,0.214,0.164,0.000206721253018222,"1","S1PR4"
1.54944780531242e-08,-0.156998323312808,0.511,0.609,0.000218301701290466,"1","SNRPD2"
1.61226130322154e-08,-0.710968228413491,0.103,0.155,0.000227151495010883,"1","ZBTB16"
1.71103612849907e-08,-0.508490363533174,0.109,0.164,0.000241067880144234,"1","PTK2B"
1.76520454346406e-08,-0.690391696168406,0.081,0.13,0.000248699668128651,"1","FAM118A"
1.77398321448337e-08,-0.274852839166481,0.44,0.527,0.000249936495088562,"1","TAGLN2"
1.79699213290573e-08,-0.332274150666025,0.292,0.37,0.000253178221605088,"1","ACTN4"
1.93022598291644e-08,-0.46755797841358,0.092,0.144,0.000271949538733098,"1","UBE2J1"
1.97015603126982e-08,-0.459538286747399,0.071,0.118,0.000277575283245605,"1","DYNLT3"
1.98774682558898e-08,0.203128654865363,0.702,0.675,0.000280053650257231,"1","TXNIP"
2.15114324027166e-08,-0.732359463378794,0.065,0.109,0.000303074571121874,"1","TCOF1"
2.15461816334564e-08,-0.236711231289127,0.181,0.254,0.000303564153033767,"1","SNRPN"
2.16343705161512e-08,0.301513200431519,0.663,0.646,0.000304806646202055,"1","UQCRB"
2.23062561190312e-08,-0.601230671879634,0.076,0.123,0.00031427284246103,"1","DBF4"
2.27595317590691e-08,-0.462968177390173,0.061,0.106,0.000320659042953525,"1","ARL14EP"
2.3641872222486e-08,-0.359230775793611,0.087,0.139,0.000333090337742606,"1","SRM"
2.55785824707119e-08,-0.233128676065489,0.204,0.276,0.00036037664842986,"1","SLC3A2"
2.58030684120726e-08,-0.298119925574633,0.183,0.254,0.000363539430857691,"1","PPP2CA"
2.75823172351399e-08,-0.265315612160465,0.247,0.326,0.000388607267525885,"1","BCLAF1"
2.83430937006071e-08,-0.539616109320832,0.087,0.137,0.000399325847147854,"1","CABIN1"
3.23022038055378e-08,-0.54147851794653,0.108,0.162,0.000455105749416221,"1","HERC1"
3.269330443119e-08,-0.415776808065209,0.269,0.341,0.000460615966131036,"1","STAT3"
3.52823213799206e-08,-0.290750855452211,0.12,0.179,0.000497092625921702,"1","PPP2R1A"
3.54188398217175e-08,-0.476872409051291,0.06,0.104,0.000499016034248179,"1","ERO1A"
3.70316776750363e-08,-0.385603120657887,0.132,0.192,0.000521739306763586,"1","KRR1"
4.24256168856108e-08,-0.507005462878375,0.089,0.138,0.00059773451630137,"1","BEX4"
4.28959036710695e-08,-0.38245845658344,0.142,0.203,0.000604360386821698,"1","BIRC2"
4.32336779950792e-08,0.875052897289236,0.146,0.102,0.00060911928927267,"1","ARHGAP25"
4.32497713148058e-08,0.929713795996368,0.168,0.123,0.000609346028054298,"1","PLEKHF1"
4.42572868590413e-08,-0.328747763258809,0.195,0.262,0.000623540914557033,"1","NR3C1"
4.50320528432395e-08,-0.462126344449294,0.076,0.123,0.000634456592508401,"1","SEC13"
4.62439217510217e-08,-0.472531542534064,0.061,0.105,0.000651530613550144,"1","DCTD"
4.64673706547048e-08,0.278089996795338,0.662,0.65,0.000654678785154136,"1","SUB1"
4.65152355668232e-08,-0.449934901334284,0.088,0.137,0.000655353153900972,"1","SUCLG2"
5.13379037864079e-08,-0.515659448583668,0.075,0.121,0.0007232997264467,"1","ARMCX6"
5.38989245189939e-08,-0.233107384646445,0.358,0.438,0.000759381947548106,"1","LDHB"
5.42036521653395e-08,-0.184597803049595,0.186,0.258,0.000763675255357468,"1","PSMD13"
5.42917911255376e-08,0.401437030439984,0.545,0.521,0.000764917045167699,"1","CD48"
5.46072956256025e-08,0.921975864179118,0.116,0.076,0.000769362188069114,"1","USP28"
6.10148220087589e-08,-0.561992596260379,0.262,0.327,0.000859637827281405,"1","INTS6"
6.20042692355719e-08,-0.193198339333764,0.226,0.301,0.000873578149259972,"1","RTF1"
6.64162595516224e-08,-0.323190149639571,0.129,0.186,0.000935738680822808,"1","STT3B"
6.74140752553424e-08,-0.210045591193285,0.169,0.236,0.000949796906272519,"1","RBMS1"
6.75366523514463e-08,-0.889558339442472,0.065,0.107,0.000951523894979527,"1","JMY"
6.95025891646034e-08,-0.207045701531056,0.128,0.189,0.000979221978740097,"1","YWHAH"
7.27844389173997e-08,-0.171146615511943,0.346,0.438,0.00102545995990724,"1","SF3B5"
7.3630155708963e-08,-0.438349512848554,0.07,0.115,0.00103737526378358,"1","B3GNT2"
7.37045511316563e-08,-0.516998265335977,0.064,0.107,0.00103842342089391,"1","TCERG1"
7.45617917962439e-08,0.845603571004838,0.151,0.107,0.00105050108461728,"1","LYN"
7.50670788425903e-08,-0.797831326890478,0.08,0.124,0.00105762007381325,"1","ABHD5"
7.6057809079792e-08,-0.156145356667067,0.309,0.4,0.00107157847212519,"1","VPS28"
7.65533342124582e-08,-0.13253350662191,0.166,0.234,0.00107855992571932,"1","LSM5"
7.72571468097592e-08,0.218817219394982,0.734,0.747,0.0010884759414027,"1","PTPRC"
8.08545036451367e-08,-0.635142209414473,0.059,0.101,0.00113915910185633,"1","SMURF2"
8.33027624636852e-08,0.479913222237092,0.317,0.269,0.00117365262035086,"1","CEBPB"
8.33751179788409e-08,-0.587105882133849,0.098,0.147,0.00117467203720389,"1","NFKBID"
8.39841099735683e-08,-0.422062759038013,0.103,0.154,0.0011832521254176,"1","MIS18BP1"
8.54743336662774e-08,-0.329896018637614,0.161,0.223,0.00120424788702418,"1","PHIP"
8.69135200559622e-08,-0.167737349045152,0.192,0.262,0.00122452458406845,"1","MPC2"
8.70089159074043e-08,-0.307039888517747,0.139,0.198,0.00122586861621942,"1","FIBP"
8.89794158223903e-08,-0.423193708050784,0.097,0.147,0.00125363098952166,"1","HSPA4"
8.91069979283923e-08,-0.47365518734673,0.064,0.107,0.00125542849381312,"1","TMEM156"
9.45698318951748e-08,-0.301833757383834,0.135,0.193,0.00133239436157112,"1","PARP14"
9.87145728449539e-08,-0.503184212001111,0.098,0.148,0.00139078961681256,"1","RAB21"
1.0282958389632e-07,-0.525142273497952,0.122,0.175,0.00144876600751525,"1","FAM53C"
1.03946048069548e-07,-0.272609194012414,0.094,0.145,0.00146449587125186,"1","CISD2"
1.05666184749921e-07,0.808257058948444,0.114,0.075,0.00148873087694164,"1","SH3BP2"
1.10739782781769e-07,-0.387956026321775,0.122,0.177,0.00156021279961234,"1","BTG3"
1.14299357878974e-07,-0.228680736719306,0.101,0.154,0.00161036365315687,"1","THYN1"
1.15001458555992e-07,-0.548836244750783,0.065,0.108,0.00162025554959537,"1","GALM"
1.22868678901801e-07,-0.182110208679931,0.116,0.171,0.00173109681704748,"1","ATXN10"
1.23815518303361e-07,-0.305670748573675,0.183,0.248,0.00174443683737605,"1","ILF2"
1.24762813142722e-07,-0.146657232350343,0.198,0.269,0.00175778327436781,"1","RHEB"
1.29247938105308e-07,-0.474142370539746,0.14,0.199,0.00182097419996568,"1","TTC19"
1.33167464212911e-07,-0.232484257155977,0.391,0.476,0.0018761964032957,"1","IFI16"
1.38532403890673e-07,-0.235642589552988,0.148,0.209,0.00195178303841569,"1","SRP72"
1.38631453935164e-07,-0.325780636493513,0.193,0.258,0.00195317855449253,"1","PCM1"
1.39554565392027e-07,0.648863825945609,0.201,0.153,0.00196618427180827,"1","APOL6"
1.45419038333508e-07,-0.201015174286978,0.076,0.122,0.00204880883108079,"1","HSF1"
1.49510562450837e-07,-0.19582483639298,0.537,0.624,0.00210645431436984,"1","SRSF3"
1.51009585655242e-07,-0.331600518763716,0.182,0.246,0.00212757405229671,"1","ARHGAP15"
1.52958692824855e-07,0.588765110773961,0.164,0.118,0.00215503502320939,"1","RAB9A"
1.53449495516668e-07,0.778238433380131,0.107,0.069,0.00216194994233433,"1","BCL11B"
1.5600780456026e-07,-0.174973725847173,0.272,0.351,0.00219799395844951,"1","PAPOLA"
1.5726559967899e-07,-0.29326762471999,0.243,0.311,0.00221571503387729,"1","GBP2"
1.6689455411562e-07,-0.629801903263389,0.097,0.144,0.00235137737293497,"1","SLC1A5"
1.68336940257004e-07,-0.654674346792753,0.383,0.444,0.00237169915128093,"1","ISG15"
1.71425965163419e-07,-0.294890172254728,0.119,0.174,0.00241522042318741,"1","GYG1"
1.72297308254848e-07,-0.621398539684248,0.127,0.179,0.00242749677600255,"1","CHST11"
1.81265340541513e-07,0.781758681415261,0.204,0.159,0.00255384738288937,"1","CCDC88C"
1.82276041212028e-07,-0.222313211117235,0.095,0.146,0.00256808714463626,"1","DAP3"
1.8313024603059e-07,-0.21814145457132,0.42,0.506,0.00258012203632498,"1","NDUFS5"
1.8440168670484e-07,0.679948735332486,0.254,0.207,0.00259803536398449,"1","NCR3"
1.86177092187628e-07,0.991729862395935,0.157,0.116,0.0026230490518315,"1","PSMA6"
1.89275410917753e-07,-0.556280795861984,0.06,0.101,0.00266670126442022,"1","MAP4K1"
1.89571035740719e-07,-0.291996570253847,0.214,0.282,0.00267086632255099,"1","FBL"
1.96941220310172e-07,0.615860011776157,0.257,0.209,0.00277470485295002,"1","MIEN1"
2.07061215517145e-07,-0.139788489674042,0.28,0.361,0.00291728546542106,"1","NCOR1"
2.18100927087342e-07,-0.292636172497912,0.183,0.246,0.00307282396173356,"1","NONO"
2.22729117119157e-07,-0.277811482255187,0.06,0.102,0.0031380305310918,"1","TMEM14A"
2.2322691359329e-07,-0.495423348678825,0.074,0.117,0.00314504398561586,"1","CCDC57"
2.27312315908867e-07,-0.395690589837939,0.251,0.315,0.00320260321884003,"1","AMD1"
2.31330224645872e-07,0.484334202678207,0.172,0.124,0.00325921153503569,"1","TOB1"
2.32481464786831e-07,-0.425632360980836,0.064,0.105,0.00327543135738167,"1","HK1"
2.34512505784911e-07,-0.21511995119947,0.083,0.13,0.00330404669400361,"1","NFU1"
2.39181937683817e-07,-0.323896202148416,0.087,0.134,0.0033698343200273,"1","PITPNB"
2.40510579456797e-07,-0.249946529401743,0.78,0.903,0.00338855355396682,"1","FTL"
2.41011241187578e-07,-0.218178117163037,0.952,0.954,0.00339560737709178,"1","FTH1"
2.46861193777998e-07,-0.323442192069439,0.061,0.102,0.00347802735913822,"1","DCTPP1"
2.61705846509325e-07,-0.474765330437817,0.117,0.168,0.00368717367146988,"1","INSIG1"
2.64577588159958e-07,-0.153860679985689,0.271,0.353,0.00372763363958565,"1","REEP5"
2.71033237535324e-07,-0.305422773811349,0.064,0.105,0.00381858728363518,"1","TFDP1"
2.74776842568169e-07,-0.434924312981359,0.068,0.11,0.00387133093494294,"1","HMCES"
2.7736796626369e-07,-0.284527600569297,0.099,0.148,0.00390783727668913,"1","COA4"
2.85364566409578e-07,0.412052994259899,0.486,0.466,0.00402050137614455,"1","LIMD2"
2.92904117950918e-07,-0.472073961597277,0.066,0.108,0.00412672611781049,"1","OAZ2"
3.05058157234565e-07,-0.459056028263382,0.126,0.178,0.00429796437727778,"1","ST3GAL1"
3.18555153441425e-07,-0.37374139706589,0.071,0.114,0.00448812355683624,"1","SPG21"
3.19131887599404e-07,-0.401612285078173,0.069,0.111,0.004496249164388,"1","BAD"
3.21070466245185e-07,-0.400553244090036,0.145,0.201,0.00452356179892842,"1","PCF11"
3.26570405284968e-07,-0.109060198304939,0.134,0.191,0.00460105044005992,"1","DNMT1"
3.32462548861112e-07,-0.464417740710089,0.101,0.149,0.0046840648509042,"1","IRF8"
3.51793768998144e-07,-0.183998223358289,0.189,0.253,0.00495642241141485,"1","C1QBP"
3.52896349694453e-07,-0.565354508639655,0.065,0.105,0.00497195667084514,"1","R3HDM4"
3.64464171782086e-07,0.923734987078873,0.109,0.073,0.00513493571623781,"1","ZNF90"
3.70327904544003e-07,-0.267922343338824,0.304,0.378,0.00521754984712045,"1","EIF5A"
3.77660509915709e-07,-0.454428597696053,0.224,0.285,0.00532085892420243,"1","PIK3IP1"
3.7774769102843e-07,-0.40366284311441,0.062,0.102,0.00532208721889955,"1","HIBCH"
3.82290543629191e-07,0.715419930910125,0.209,0.164,0.00538609146919167,"1","SIPA1"
4.21280079358214e-07,-0.100419760879523,0.108,0.161,0.00593541503807788,"1","MAD2L2"
4.56719503464849e-07,-0.24189481317568,0.128,0.182,0.00643472108431626,"1","TKT"
4.58397702388855e-07,-0.178485897256175,0.268,0.342,0.00645836522895658,"1","WSB1"
4.70016636965778e-07,-0.362929567673353,0.065,0.106,0.00662206439821084,"1","EBPL"
4.78378033980297e-07,-0.37522912389155,0.063,0.103,0.00673986812074841,"1","EXOSC7"
4.8418371126791e-07,-0.291656019780177,0.099,0.146,0.00682166430805359,"1","ZMYM2"
4.93261040017359e-07,-0.201802002818366,0.146,0.204,0.00694955479280457,"1","CMC2"
4.93865736472909e-07,-0.451196031597894,0.155,0.208,0.00695807436116682,"1","DNAJB9"
5.11596371826214e-07,-0.492708353580977,0.061,0.1,0.00720788128265953,"1","ORAI2"
5.37299924228335e-07,-0.188945375069191,0.357,0.439,0.00757001863245301,"1","GNAS"
5.41719458759513e-07,-0.495799335223253,0.067,0.108,0.00763228545446278,"1","TNFRSF4"
5.42058481289398e-07,-0.294691422367135,0.36,0.438,0.00763706194288632,"1","HNRNPH1"
5.54027626425647e-07,0.668486954541851,0.186,0.142,0.00780569522871094,"1","CTDSP1"
5.5906770115901e-07,0.604350652930362,0.244,0.199,0.00787670484162929,"1","SYTL1"
5.67999102856732e-07,-0.160971699887726,0.428,0.507,0.0080025393601485,"1","RAN"
5.70276962229821e-07,-0.26882449342494,0.104,0.153,0.00803463212085595,"1","OLA1"
5.71052244604276e-07,-0.295619663708711,0.082,0.127,0.00804555507422964,"1","CUEDC2"
5.76272447624998e-07,-0.196570314846593,0.214,0.282,0.00811910251458859,"1","ROMO1"
5.76778111491668e-07,-0.251438865152141,0.443,0.525,0.00812622681280612,"1","CYCS"
5.76888088421479e-07,-0.214780312737583,0.573,0.663,0.00812777627777022,"1","SRSF7"
5.82035121042997e-07,-0.117733445194877,0.265,0.341,0.00820029282037479,"1","RNPS1"
5.88875895359387e-07,-0.217145114003272,0.075,0.118,0.00829667248971841,"1","TMED3"
6.10618823122344e-07,-0.43488453854002,0.087,0.132,0.0086030085989707,"1","RAB5A"
6.20614987515475e-07,-0.450502922008672,0.118,0.167,0.00874384455910553,"1","PPP2R2A"
6.27757206508201e-07,-0.496739354292311,0.142,0.193,0.00884447128249405,"1","RNF139"
6.32683391660739e-07,-0.34545167369956,0.097,0.144,0.00891387630510815,"1","ELAVL1"
6.33825095980038e-07,-0.144305865896363,0.064,0.105,0.00892996177726276,"1","COMTD1"
6.3556803561533e-07,-0.563763022055724,0.087,0.131,0.00895451805378438,"1","PRKD3"
6.56021380450276e-07,-0.330046390231568,0.097,0.145,0.00924268522916394,"1","TMPO"
6.92607570961379e-07,0.553083803956034,0.301,0.257,0.00975814806727487,"1","ZAP70"
7.38856194386916e-07,0.362393436407837,0.324,0.268,0.0104097449227173,"1","PSMB3"
7.39205167605307e-07,-0.228176276956189,0.152,0.21,0.0104146616063912,"1","NDUFB5"
7.76332023984092e-07,-0.135946054767795,0.204,0.272,0.0109377418859119,"1","GADD45GIP1"
7.78356002920414e-07,-0.145294978482756,0.189,0.253,0.0109662577251457,"1","RBCK1"
7.79969529292464e-07,-0.401438451806061,0.098,0.144,0.0109889906982015,"1","GRPEL1"
8.19154604515161e-07,-0.294132946894657,0.149,0.205,0.0115410692230141,"1","SRSF6"
8.19547585170453e-07,-0.223556765664956,0.17,0.23,0.0115466059274665,"1","POLR2E"
8.32111619928944e-07,-0.186314700398994,0.303,0.382,0.0117236206131789,"1","UBE2I"
8.34890420383106e-07,-0.220370869774852,0.453,0.53,0.0117627711327776,"1","PSME2"
8.35582091210498e-07,-0.29045211162329,0.173,0.232,0.0117725160830647,"1","VCP"
8.93533849980921e-07,-0.607782992931673,0.089,0.132,0.0125889984123812,"1","CCNT1"
8.93600104013738e-07,-0.243822770385991,0.201,0.263,0.0125899318654495,"1","COMMD7"
8.99568219053051e-07,0.652456034980849,0.192,0.149,0.0126740166382384,"1","GIMAP1"
9.25984929180353e-07,-0.259595109528956,0.096,0.143,0.013046201667222,"1","BAZ1B"
9.30318340707096e-07,-0.43907161134725,0.099,0.145,0.0131072551022223,"1","NT5C3A"
9.37783810184162e-07,0.668443256276526,0.184,0.139,0.0132124361016847,"1","IFNGR1"
9.41742984068436e-07,-0.298746834977567,0.096,0.143,0.0132682169025402,"1","CHCHD1"
9.53142564565784e-07,-0.113896885170009,0.178,0.241,0.0134288255921673,"1","DNAJC7"
9.87887510239925e-07,-0.175814180885107,0.186,0.246,0.0139183471317703,"1","VMP1"
1.02454012940174e-06,-0.207848663169883,0.122,0.174,0.0144347458831412,"1","IFI35"
1.05532235355132e-06,-0.171680549672475,0.325,0.401,0.0148684366391846,"1","RSL24D1"
1.06705649408474e-06,0.459083129148735,0.268,0.217,0.0150337589451599,"1","PTGER4"
1.07546195862083e-06,-0.16616809717879,0.239,0.31,0.0151521835350088,"1","CCT3"
1.07721631242298e-06,-0.289929208303467,0.115,0.165,0.0151769006257274,"1","LAP3"
1.07762493102952e-06,0.168731265309931,0.787,0.762,0.0151826576532749,"1","ARHGDIB"
1.07768490223909e-06,-0.341807369452008,0.098,0.144,0.0151835025876466,"1","NUDT16L1"
1.08900739904749e-06,-0.133057309580674,0.178,0.242,0.0153430252451801,"1","NHP2"
1.10294958453589e-06,0.820219607900224,0.15,0.111,0.0155394566965262,"1","NME2"
1.20603702588667e-06,0.51502173368704,0.16,0.117,0.0169918556577173,"1","TRAPPC10"
1.36744116151448e-06,-0.368733327940454,0.09,0.134,0.0192658785245775,"1","NHLRC3"
1.37227677150919e-06,-0.172446342348721,0.275,0.351,0.019334007433793,"1","PPIG"
1.39398448412221e-06,-0.100592596714968,0.114,0.165,0.0196398473967978,"1","NUDT5"
1.43637376764498e-06,0.524473020386337,0.341,0.306,0.0202370700123501,"1","TRAF3IP3"
1.45765821088748e-06,0.416663799096622,0.458,0.42,0.0205369465331937,"1","PPP1CA"
1.45966015093505e-06,-0.216143052041988,0.106,0.154,0.0205651518665239,"1","RNF10"
1.4906008481068e-06,-0.173837482128375,0.274,0.347,0.0210010753489767,"1","UBXN4"
1.62715431834536e-06,-0.239829895135739,0.172,0.23,0.0229249771911677,"1","PRMT1"
1.62940933589924e-06,0.782813673875667,0.123,0.086,0.0229567481334844,"1","SLC44A2"
1.62946103356471e-06,-0.372500750493132,0.075,0.115,0.0229574765018932,"1","CSNK2A1"
1.64288797686466e-06,-0.177858657454059,0.094,0.14,0.0231466487060462,"1","ANKRD10"
1.66412649661597e-06,-0.16304403610674,0.391,0.468,0.0234458782108223,"1","PCBP2"
1.66868291186073e-06,0.249183109180378,0.649,0.639,0.0235100735452059,"1","RAC2"
1.76838965783416e-06,0.509702870287489,0.37,0.333,0.0249148418892255,"1","BLOC1S1"
1.77947031650782e-06,0.527794085309325,0.32,0.281,0.0250709572892787,"1","NDUFA12"
1.79227812670145e-06,0.668192992983994,0.198,0.156,0.0252514065270967,"1","EBP"
1.80566308952535e-06,0.65597526211425,0.222,0.18,0.0254399872683227,"1","CAPNS1"
1.82306016438804e-06,-0.131679681331281,0.281,0.357,0.0256850946560631,"1","EIF3L"
1.86959992779123e-06,-0.25079946840789,0.103,0.15,0.0263407933826507,"1","DPM1"
1.89678136687984e-06,-0.454708274694225,0.083,0.124,0.0267237526779701,"1","GALNT1"
1.93530233746887e-06,0.764817641386883,0.109,0.074,0.0272664746325989,"1","NFIL3"
1.97942912664637e-06,-0.211294450224137,0.08,0.123,0.0278881769653208,"1","RANGRF"
2.00511511332763e-06,-0.283526769878044,0.183,0.239,0.028250066831673,"1","CHD2"
2.01322115193515e-06,-0.228724587025108,0.138,0.192,0.0283642728096143,"1","TIMM13"
2.09633775051962e-06,-0.643450856400864,0.071,0.109,0.0295353025670709,"1","PLK3"
2.1327937408644e-06,-0.2709816426793,0.066,0.105,0.0300489310150385,"1","NIT2"
2.16956938507087e-06,-0.37518823381312,0.097,0.14,0.0305670630662635,"1","GPRIN3"
2.17350204080933e-06,-0.126483078896987,0.122,0.172,0.0306224702529627,"1","PSMF1"
2.17432987022116e-06,0.84069687322219,0.24,0.205,0.030634133541546,"1","PSMB10"
2.19201230684327e-06,-0.100255675974162,0.231,0.3,0.0308832613911148,"1","VDAC2"
2.19383184633417e-06,-0.119234156765715,0.251,0.323,0.0309088968830021,"1","EIF3M"
2.2262150274376e-06,-0.348130297494478,0.065,0.103,0.0313651435215684,"1","CUL1"
2.24447799977609e-06,-0.109169473468356,0.186,0.248,0.0316224505388453,"1","PCMT1"
2.27064689192063e-06,-0.223355951672124,0.137,0.19,0.0319911440602697,"1","NDUFA10"
2.39484491234184e-06,-0.382386179358312,0.08,0.121,0.0337409699699842,"1","CTR9"
2.40744084522091e-06,-0.193569174527787,0.247,0.315,0.0339184340683175,"1","MZT2A"
2.41398830394776e-06,-0.144671788241712,0.27,0.34,0.03401068121432,"1","ANP32B"
2.43318337477968e-06,-0.454798027228677,0.065,0.102,0.034281120567271,"1","DNAJB2"
2.4646279096757e-06,-0.340392832774291,0.149,0.2,0.0347241426194209,"1","CEBPZ"
2.66999420996605e-06,0.610428820757634,0.101,0.068,0.0376175484242116,"1","ITPRIP"
2.71918761018743e-06,0.569916797435042,0.167,0.127,0.0383106342399307,"1","ARHGEF3"
2.74204117433846e-06,0.302801642737467,0.585,0.565,0.0386326181052546,"1","UBL5"
2.74751202718675e-06,-0.40106660851142,0.077,0.117,0.0387096969510341,"1","GTF2F2"
2.86175880590398e-06,-0.266346626623153,0.095,0.139,0.0403193198163812,"1","SP140L"
2.98103734967557e-06,-0.255198030931293,0.214,0.273,0.0419998352195791,"1","TRA2A"
2.99948116861642e-06,-0.25566234637423,0.149,0.203,0.0422596901846368,"1","CARHSP1"
3.03461306222725e-06,-0.17538352269245,0.155,0.211,0.0427546634337197,"1","SP110"
3.03557907735471e-06,0.675542275554718,0.208,0.167,0.0427682736208505,"1","CRBN"
3.06390019218321e-06,-0.226137558522543,0.212,0.271,0.0431672898076693,"1","PRPF40A"
3.1036384686198e-06,-0.362825176181384,0.119,0.165,0.0437271623843843,"1","NEDD9"
3.15464679816205e-06,-0.174091349162292,0.292,0.367,0.0444458187393051,"1","DHX36"
3.18370476298458e-06,-0.431227827324146,0.082,0.122,0.0448552164056897,"1","RAP1GDS1"
3.18638253645719e-06,0.614943210328864,0.201,0.16,0.0448929435561453,"1","CYFIP2"
3.19091793117134e-06,-0.130877826725213,0.088,0.133,0.044956842732273,"1","CNIH1"
3.24416292992938e-06,-0.284326713395385,0.193,0.251,0.0457070115197751,"1","IKZF3"
3.30525641324723e-06,-0.33012034204043,0.134,0.183,0.0465677576062402,"1","EPB41L4A-AS1"
3.31443067471796e-06,-0.253217292086578,0.224,0.285,0.0466970137761014,"1","SLFN5"
3.33760178110868e-06,-0.316414414427438,0.07,0.109,0.0470234714940403,"1","RHBDD2"
3.38762475997675e-06,-0.104382558725815,0.266,0.337,0.0477282452433125,"1","RWDD1"
3.49504753088059e-06,-0.327867387031504,0.158,0.21,0.0492417246625767,"1","FKBP2"
3.55179520584402e-06,-0.213193379149258,0.197,0.257,0.0500412426551363,"1","CMTM6"
3.7488587087905e-06,-0.3966685252715,0.096,0.138,0.0528176703481493,"1","FBXO34"
3.75220778821668e-06,-0.0294370670118344,0.189,0.252,0.0528648555281847,"1","UQCRC2"
3.85897296198829e-06,-0.270606307582231,0.087,0.13,0.0543690700614531,"1","UQCC2"
3.88893063992853e-06,-0.165546213110294,0.067,0.106,0.0547911437859531,"1","TIMM10"
3.97726019634182e-06,-0.15133546238765,0.491,0.576,0.0560356189062599,"1","CCNI"
3.99057998705431e-06,-0.226909216053583,0.317,0.383,0.0562232814376082,"1","CALM3"
4.06769877913225e-06,-0.398854173026988,0.066,0.103,0.0573098080991942,"1","SENP7"
4.27527029172399e-06,-0.197622055759146,0.185,0.243,0.0602342831400993,"1","RAD23A"
4.28148602669519e-06,-0.250410876790815,0.137,0.187,0.0603218566301086,"1","COPB1"
4.29383520139427e-06,-0.255477154095105,0.161,0.213,0.0604958441524439,"1","PITHD1"
4.352501724909e-06,-0.345114900860214,0.177,0.23,0.0613223968022429,"1","FKBP5"
4.39075302615667e-06,-0.112856739903208,0.151,0.207,0.0618613193855213,"1","NDUFV1"
4.57962681395758e-06,-0.197255909809581,0.131,0.181,0.0645223621818484,"1","RAB11B"
4.58997440412865e-06,-0.223765173914212,0.196,0.256,0.0646681493797685,"1","UGP2"
4.63739067296672e-06,-0.237757962324348,0.065,0.102,0.0653361971914281,"1","RPAP2"
4.67404522317384e-06,-0.601878903885605,0.076,0.113,0.0658526231492962,"1","TSC22D2"
4.6777341096112e-06,-0.507511992392161,0.081,0.12,0.0659045958703122,"1","LUZP1"
5.00172357748198e-06,0.71021062672994,0.16,0.122,0.0704692834831437,"1","ADAM10"
5.02498645777353e-06,-0.29470042473508,0.156,0.207,0.0707970342035713,"1","TTC3"
5.03428062489033e-06,-0.371521413768075,0.144,0.193,0.0709279797240798,"1","LSM2"
5.17442586425088e-06,-0.155300481708735,0.232,0.293,0.0729024860014307,"1","UBE2N"
5.25832268107966e-06,-0.1324278657311,0.164,0.22,0.0740845082537313,"1","NME3"
5.32552015166679e-06,-0.230082951179809,0.064,0.101,0.0750312534168334,"1","ME2"
5.54090141470392e-06,-0.177658471583856,0.161,0.215,0.0780657600317636,"1","UBE2A"
5.54163001868233e-06,0.641389863903322,0.193,0.153,0.0780760253332153,"1","ZBTB7A"
5.55556127467079e-06,0.902858724715237,0.106,0.074,0.0782723027988367,"1","ATP6V0C"
5.73233446792833e-06,-0.269483613114673,0.575,0.636,0.0807628603186422,"1","GSTP1"
6.02106350898181e-06,-0.280914300424007,0.067,0.104,0.0848307637780447,"1","LCMT1"
6.07064133719862e-06,0.238249551726259,0.466,0.439,0.0855292657997914,"1","IFITM1"
6.10716393170142e-06,-0.202426894493169,0.079,0.119,0.0860438326337414,"1","PMVK"
6.15832090731136e-06,-0.138029736870367,0.11,0.156,0.0867645832631098,"1","STAU1"
6.41774317283103e-06,0.930656904686376,0.106,0.074,0.0904195835620164,"1","JAZF1"
6.57966525107253e-06,0.803662700600855,0.128,0.093,0.0927009037223609,"1","TPP1"
6.71463562332068e-06,-0.248792629752074,0.31,0.377,0.094602501296965,"1","IDI1"
7.20174570068779e-06,-0.214177211345369,0.138,0.188,0.10146539517699,"1","RIN3"
7.27118080322749e-06,-0.422714786014895,0.143,0.189,0.102443666336672,"1","HBP1"
7.2865450740282e-06,-0.234835719924065,0.067,0.104,0.102660133547983,"1","NTMT1"
7.31703068427636e-06,-0.317860355300086,0.065,0.101,0.10308964531077,"1","SPTSSA"
7.42221442389715e-06,0.653060246353965,0.25,0.211,0.104571579018287,"1","RASSF1"
7.50738218018135e-06,-0.148068264977679,0.083,0.124,0.105771507536575,"1","HDGF"
7.6605009131294e-06,-0.15562337602091,0.087,0.129,0.10792879736508,"1","SMARCB1"
7.73206937608773e-06,-0.183438199390148,0.099,0.141,0.1089371254397,"1","GID8"
7.73375296524965e-06,-0.121781445913901,0.102,0.146,0.108960845527402,"1","BID"
7.86622066675737e-06,-0.112577206855299,0.2,0.262,0.110827182973945,"1","PCNP"
7.92904171405685e-06,-0.20746278950964,0.076,0.114,0.111712268709347,"1","ARL6IP6"
7.94177613813355e-06,0.13655352054061,0.888,0.878,0.111891684010164,"1","MYL6"
8.04348075317116e-06,0.29320078463755,0.353,0.299,0.113324600331429,"1","TAPBP"
8.10133379829207e-06,-0.260034824536415,0.078,0.116,0.114139691884137,"1","ESF1"
8.11800193161422e-06,-0.312982390603228,0.145,0.193,0.114374529214513,"1","PPP3CA"
8.24387384397031e-06,-0.234151124955261,0.085,0.125,0.116147938587698,"1","RTCA"
8.3308688033895e-06,-0.104480269734007,0.092,0.134,0.117373610570955,"1","ERCC1"
8.37820811662577e-06,-0.539931480816426,0.087,0.126,0.11804057415514,"1","PNPLA2"
8.69915141202813e-06,-0.0503369095244124,0.278,0.351,0.122562344244064,"1","SRI"
8.76950682055514e-06,-0.336383580781076,0.097,0.138,0.123553581594801,"1","SETD2"
8.84444084964096e-06,-0.1805911466404,0.114,0.159,0.124609327130591,"1","TIPRL"
8.87718552870858e-06,-0.327251934309422,0.068,0.104,0.125070666913975,"1","PPIP5K2"
8.92887157712222e-06,-0.0897979133412659,0.084,0.125,0.125798871650075,"1","RPIA"
8.95271203054506e-06,-0.241246792893218,0.082,0.121,0.126134759798349,"1","ELP5"
9.20906049599063e-06,-0.210427273063826,0.16,0.212,0.129746453328012,"1","CHMP5"
9.28416977373766e-06,-0.157775087392087,0.298,0.366,0.13080466794219,"1","ENSA"
9.59390629598112e-06,-0.1907464233609,0.545,0.627,0.135168545804078,"1","EIF4A2"
9.69301431665568e-06,-0.237747010500442,0.149,0.199,0.136564878707362,"1","ILF3"
9.93408110150451e-06,-0.21762973635414,0.1,0.143,0.139961268639097,"1","TMEM141"
9.9910278950866e-06,0.830918663217451,0.104,0.073,0.140763592013875,"1","RGS3"
9.99646896934168e-06,-0.177409943079706,0.303,0.37,0.140840251309055,"1","CHMP4A"
1.00122126858749e-05,0.681084485158007,0.271,0.239,0.141062064531291,"1","KRTCAP2"
1.0231812047466e-05,-0.246472519181373,0.148,0.197,0.144155999936749,"1","PRKX"
1.02354152662115e-05,-0.147991873633679,0.108,0.153,0.144206765685653,"1","FDFT1"
1.02789715414806e-05,0.487812032647115,0.29,0.249,0.14482043004792,"1","MIDN"
1.03800008866013e-05,-0.186943149761203,0.114,0.16,0.146243832491326,"1","CEP57"
1.03902491962245e-05,-0.293957599925813,0.262,0.322,0.146388220925607,"1","FOSL2"
1.07927954494865e-05,-0.238055022940641,0.126,0.173,0.152059695087815,"1","MFF"
1.0877070904813e-05,-0.0994688289984245,0.306,0.378,0.153247051977911,"1","GSTK1"
1.09728939348018e-05,-0.110295094089887,0.394,0.475,0.154597102647423,"1","PSMB1"
1.1119806800121e-05,-0.555506819426989,0.066,0.1,0.156666958006905,"1","ARL5B"
1.12978354768911e-05,-0.283934528565347,0.094,0.135,0.159175204033919,"1","TSPYL1"
1.15230005310473e-05,-0.00541584512357812,0.145,0.198,0.162347554481926,"1","NDUFB6"
1.15755186987767e-05,-0.135334960335326,0.12,0.167,0.163087482947065,"1","DCTN2"
1.16949769449919e-05,-0.124895055350152,0.277,0.348,0.164770530177991,"1","CDC37"
1.18742163093225e-05,-0.563878530246527,0.077,0.113,0.167295833582044,"1","MXD1"
1.21365131655992e-05,-0.215987964823744,0.065,0.101,0.170991333990127,"1","CBX5"
1.22148370284911e-05,0.532135299990061,0.224,0.184,0.172094838894411,"1","SPSB3"
1.24362993919697e-05,-0.120658310894165,0.133,0.182,0.175215022133461,"1","MAGED2"
1.25578083250166e-05,-0.375804269073161,0.173,0.22,0.176926961491158,"1","SH2D1A"
1.25857028444358e-05,-0.379681914811651,0.15,0.197,0.177319967375256,"1","DDIT3"
1.26109242263029e-05,0.534161095101837,0.193,0.154,0.177675311424381,"1","SIRT2"
1.28079622140992e-05,-0.284263557117247,0.167,0.219,0.180451379634444,"1","LMO4"
1.30674022156247e-05,-0.200496224583974,0.105,0.148,0.184106629815936,"1","SMIM19"
1.34216639961771e-05,-0.117947659896814,0.7,0.78,0.189097824042139,"1","TOMM7"
1.39887056815452e-05,-0.274317619477769,0.538,0.605,0.19708687434729,"1","SAT1"
1.40049905378431e-05,0.842289513160955,0.103,0.072,0.197316311687671,"1","GCLM"
1.40688524080603e-05,-0.217663067759382,0.089,0.128,0.198216061577162,"1","TLK1"
1.43604543617933e-05,-0.478559811795,0.075,0.111,0.202324441503306,"1","ADIPOR1"
1.44419371191866e-05,0.940147743757008,0.11,0.079,0.203472452072219,"1","DOCK11"
1.49313335644668e-05,-0.314860531776648,0.07,0.106,0.210367558589772,"1","ARHGEF6"
1.49637712465716e-05,0.891394047326396,0.121,0.089,0.210824573092947,"1","TNFSF12"
1.51092225623452e-05,-0.0696435289307135,0.129,0.177,0.212873836680882,"1","RPA3"
1.52828462957067e-05,-0.26656675633635,0.073,0.108,0.215320021460211,"1","DNAJC9"
1.53211717451239e-05,-0.235144149115828,0.127,0.172,0.215859988717051,"1","PRPF38A"
1.56055153570518e-05,0.668510544986457,0.194,0.157,0.219866105865503,"1","RNF126"
1.60060343167495e-05,-0.0771692076568243,0.212,0.275,0.225509017488683,"1","NDUFS7"
1.70401384162361e-05,-0.209796210322126,0.108,0.151,0.240078510146351,"1","CDK5RAP3"
1.70551862669694e-05,-0.107734846289618,0.418,0.493,0.240290519315332,"1","DRAP1"
1.70719007917918e-05,-0.29887614611478,0.151,0.197,0.240526010255555,"1","PLEKHA2"
1.74351377273109e-05,-0.124717634996925,0.311,0.382,0.245643655440083,"1","RSRC2"
1.76475770274311e-05,-0.275706829312371,0.232,0.289,0.248636712739477,"1","SLC38A2"
1.76655383678708e-05,-0.136476789640783,0.434,0.52,0.248889770064932,"1","SERP1"
1.78749348367282e-05,0.00825530028428606,0.157,0.211,0.251839956914663,"1","GNAI3"
1.80031826070206e-05,-0.406043983072471,0.098,0.137,0.253646839750313,"1","OTULIN"
1.80961862107123e-05,-0.231588596810544,0.177,0.228,0.254957167522726,"1","NARF"
1.84166579103878e-05,-0.48957472349158,0.072,0.107,0.259472293299454,"1","JADE1"
1.90152252010947e-05,-0.405168194593609,0.129,0.17,0.267905507858223,"1","RSBN1"
1.90321196211373e-05,-0.146764762411495,0.128,0.174,0.268143533342204,"1","DGCR6L"
1.92157705803819e-05,-0.0836740079481597,0.735,0.802,0.270730991707001,"1","CD52"
1.92643537255591e-05,-0.287789778495473,0.103,0.143,0.271415479639402,"1","URM1"
2.00089446021444e-05,-0.208022472438206,0.096,0.136,0.281906020499612,"1","VMA21"
2.02551371304729e-05,-0.0919724315197434,0.337,0.411,0.285374627031233,"1","SNU13"
2.03665053322225e-05,-0.12695771839189,0.347,0.417,0.286943693625682,"1","MTDH"
2.04654120033705e-05,-0.219311882747913,0.083,0.121,0.288337189715487,"1","FAM136A"
2.10462663856674e-05,-0.20765462509798,0.187,0.239,0.296520847107667,"1","ARID5A"
2.16773845889899e-05,-0.189888877236882,0.072,0.108,0.305412671474279,"1","ACADM"
2.21074515768248e-05,-0.0856231242449752,0.168,0.222,0.311471885265884,"1","HADHA"
2.24779672350731e-05,-0.365133557280174,0.119,0.16,0.316692080374945,"1","SATB1"
2.30334074107047e-05,-0.293658071275343,0.069,0.103,0.324517677009418,"1","CORO1B"
2.3152324146238e-05,0.0199058104151951,0.1,0.143,0.326193094896347,"1","FKBP3"
2.32399936376691e-05,-0.23069982614396,0.148,0.194,0.32742827036112,"1","PTBP1"
2.33406761636327e-05,-0.138036254262716,0.267,0.33,0.328846786469421,"1","GHITM"
2.35775733608501e-05,0.545910786884265,0.185,0.148,0.332184431081016,"1","RNPEPL1"
2.36727914011852e-05,-0.434342824059703,0.092,0.13,0.333525958051298,"1","TOB2"
2.36962788484262e-05,-0.319398639117135,0.083,0.121,0.333856872695477,"1","N4BP1"
2.45279392785613e-05,-0.328539164617874,0.099,0.137,0.345574136495649,"1","ATP8A1"
2.46151050515572e-05,-0.250990444533734,0.14,0.185,0.346802215071389,"1","NAA50"
2.49027073861165e-05,-0.553995659258241,0.078,0.111,0.350854244362995,"1","IER5L"
2.53993294621291e-05,-0.098994039920951,0.168,0.222,0.357851152791937,"1","SMARCA5"
2.54049802111465e-05,0.537676643286341,0.125,0.091,0.357930766194843,"1","TMBIM1"
2.6001636935691e-05,0.862434803354942,0.135,0.102,0.366337062786951,"1","MOB2"
2.67802620596727e-05,-0.395511673489451,0.08,0.115,0.377307112158729,"1","STX11"
2.72172397572174e-05,-0.230451860942274,0.077,0.113,0.383463690939436,"1","PIK3CD"
2.75648519077457e-05,0.68224345704171,0.234,0.201,0.388361198528229,"1","LAT"
2.76610457906386e-05,-0.268621288567724,0.076,0.112,0.389716474144307,"1","UBE2D1"
2.76643832384907e-05,-0.170789668041762,0.128,0.173,0.389763495447096,"1","TAF15"
2.79058725101472e-05,-0.246180300342201,0.168,0.216,0.393165837795464,"1","GOLGB1"
2.79187622375898e-05,-0.489763334824603,0.07,0.102,0.393347441165403,"1","RLF"
2.82524038131733e-05,-0.0417831840907044,0.261,0.325,0.398048117323799,"1","KTN1"
2.95399386913197e-05,0.526826813714802,0.197,0.16,0.416188196222003,"1","MLLT6"
3.01789942458139e-05,-0.201531981722252,0.108,0.148,0.425191849929271,"1","PRPF6"
3.09550254236147e-05,0.577881686671064,0.18,0.144,0.436125353193308,"1","ZBTB38"
3.11731593524617e-05,-0.0620428761755956,0.41,0.497,0.439198642116833,"1","TRMT112"
3.15187454499183e-05,-0.197359466314038,0.086,0.123,0.444067604643899,"1","GRHPR"
3.25232063489909e-05,-0.222544767521538,0.121,0.164,0.458219454250933,"1","RBM22"
3.43823900757436e-05,-0.173999551266255,0.192,0.244,0.484413493777152,"1","DNTTIP2"
3.44773793546615e-05,-0.18271964521209,0.17,0.22,0.485751797727826,"1","RBM17"
3.46354810407034e-05,-0.16791512767214,0.134,0.18,0.48797929238247,"1","ITPA"
3.46664668930817e-05,-0.411686636056728,0.069,0.102,0.488415852056628,"1","PPP1R15B"
3.492040444297e-05,-0.11564710451628,0.208,0.265,0.491993578197004,"1","HSPA9"
3.5544372924325e-05,-0.25011133910497,0.096,0.135,0.500784670130815,"1","NKAP"
3.56054347064077e-05,-0.0512002050726109,0.153,0.203,0.501644969578578,"1","ERP44"
3.59593781974636e-05,-0.107696339590746,0.191,0.245,0.506631679424064,"1","DCXR"
3.61919570823558e-05,-0.263968970241479,0.142,0.186,0.509908483333311,"1","GTF2I"
3.63552648734264e-05,-0.112832091893992,0.073,0.108,0.512209326801704,"1","WDR54"
3.68912354168861e-05,-0.0621620084297028,0.326,0.402,0.519760615788508,"1","SUMO1"
3.77856393589128e-05,-0.133912642056144,0.257,0.318,0.532361872927722,"1","SNRPF"
3.83410896710885e-05,-0.0493454605729519,0.095,0.135,0.540187612375966,"1","RRP7A"
3.884235030356e-05,-0.12089402463085,0.092,0.131,0.547249873426857,"1","RTN3"
3.88996384183696e-05,-0.056613086657386,0.258,0.323,0.548057005676409,"1","BANF1"
3.90715509974614e-05,-0.214530807987788,0.422,0.488,0.550479082003234,"1","HMGN2"
3.91443839497645e-05,-0.188375738338001,0.084,0.121,0.551505225468232,"1","HTATSF1"
3.99069359556015e-05,-0.0673182235553742,0.263,0.327,0.56224882067847,"1","DDT"
4.00203572304931e-05,0.781367006998801,0.106,0.076,0.563846813020418,"1","KLF12"
4.15549741585601e-05,-0.305764277544333,0.095,0.133,0.585468030919953,"1","LRIF1"
4.16087457543716e-05,-0.29573610459914,0.072,0.105,0.586225618933341,"1","LARP1"
4.17110372204278e-05,0.674856367171322,0.25,0.219,0.587666803398607,"1","SUPT4H1"
4.20833300250374e-05,-0.446735433341773,0.115,0.153,0.592912036722752,"1","NR4A3"
4.21542612643801e-05,-0.220572765751089,0.089,0.127,0.593911386953851,"1","PSMB5"
4.28433985092322e-05,0.252069114419409,0.179,0.235,0.603620641596572,"1","MTRNR2L12"
4.29727327044852e-05,-0.458206908947372,0.102,0.139,0.605442831073491,"1","ATXN1"
4.3727857637714e-05,-0.106581688885268,0.697,0.766,0.616081786257752,"1","COX7C"
4.37712066942059e-05,-0.308366070270063,0.072,0.106,0.616692531114667,"1","GRSF1"
4.43789354795084e-05,-0.0832002707590155,0.213,0.27,0.625254821970793,"1","PDCD6"
4.49033491635378e-05,0.394121569709592,0.458,0.44,0.632643286365085,"1","CAP1"
4.50264136595645e-05,0.524906295083259,0.204,0.167,0.634377142049605,"1","MECP2"
4.51609868236737e-05,0.468110265943944,0.328,0.3,0.636273143358739,"1","BTN3A2"
4.53096433719153e-05,-0.447959377359819,0.156,0.199,0.638367565466915,"1","MCTP2"
4.60412690779396e-05,-0.145269725611619,0.179,0.23,0.648675440039091,"1","SLA2"
4.64583249529246e-05,-0.269600663406004,0.189,0.238,0.654551340261754,"1","CCSER2"
4.69019551367616e-05,-0.195912892922295,0.079,0.114,0.660801645921834,"1","PSPC1"
4.77315473220647e-05,0.392849174147988,0.351,0.319,0.672489770220569,"1","ANXA6"
4.94303363670904e-05,0.0714651270923529,0.158,0.209,0.696424009075937,"1","PDCD5"
4.9590215137776e-05,-0.103722118819991,0.122,0.167,0.698676541076126,"1","STOML2"
4.97746639323408e-05,-0.222355103824997,0.13,0.173,0.70127524014275,"1","TMC8"
5.14886810157465e-05,0.656229070653451,0.108,0.078,0.725424026830852,"1","B4GALT4"
5.23976291158637e-05,-0.224493711497259,0.217,0.268,0.738230196613403,"1","OFD1"
5.25450318608544e-05,-0.298226499752464,0.071,0.104,0.740306953887578,"1","COX11"
5.31427846013668e-05,0.613178909538073,0.113,0.083,0.748728692248657,"1","RAPGEF1"
5.37141090286529e-05,-0.31481927960549,0.175,0.22,0.756778082104691,"1","UBALD2"
5.40234819952848e-05,-0.216162571252224,0.102,0.14,0.761136837831567,"1","RBM42"
5.42614291307213e-05,0.831920396678609,0.15,0.12,0.764489275022732,"1","CD320"
5.45603465483698e-05,-0.32736132249573,0.103,0.141,0.768700722519982,"1","RBM26"
5.56268038633256e-05,-0.127316604266054,0.533,0.604,0.783726039630394,"1","FXYD5"
5.61865393628025e-05,-0.0396200234633768,0.25,0.313,0.791612153082525,"1","XRCC6"
5.6320477078409e-05,-0.152273729386237,0.729,0.796,0.793499201557705,"1","HMGB1"
5.66602311901099e-05,0.15907632775418,0.551,0.483,0.798285997237458,"1","SLC25A6"
5.8339833099086e-05,-0.262746946494337,0.11,0.148,0.821949908533022,"1","PDCD6IP"
6.19295758726505e-05,-0.205818342003748,0.101,0.139,0.872525794469774,"1","NMRK1"
6.26582153560641e-05,0.484559052608055,0.241,0.205,0.882791596151587,"1","UPP1"
6.32049596640958e-05,-0.500447696881259,0.071,0.103,0.890494676707445,"1","ZDHHC20"
6.3770841600318e-05,-0.342472792968,0.132,0.173,0.89846738730688,"1","SRP54"
6.40374997112131e-05,0.52860973487174,0.194,0.159,0.902224333431282,"1","PKN1"
6.45821386473636e-05,-0.107620163801769,0.085,0.121,0.909897751402706,"1","FASTK"
6.53565712479564e-05,-0.0880677388373808,0.137,0.183,0.920808732312458,"1","ZCRB1"
6.53863934374201e-05,-0.0961408515504437,0.088,0.125,0.921228897139812,"1","PPP6R1"
6.83352555868102e-05,-0.226152429977642,0.158,0.203,0.962775415962569,"1","TANK"
6.91106024640467e-05,-0.129589225351285,0.592,0.663,0.973699278115954,"1","SKP1"
0.000533329555072731,1.03393354055303,0.103,0.079,1,"1","MT1F"
8.52360860506202e-05,0.760185255403539,0.137,0.106,1,"1","GPS2"
0.00492332474050448,0.736252167718903,0.177,0.158,1,"1","CD3D"
0.000106811956844442,0.719373786467895,0.138,0.107,1,"1","CTBP1"
0.000818488841888608,0.717026090669227,0.12,0.095,1,"1","UCHL5"
7.51127314601845e-05,0.70407087316027,0.221,0.189,1,"1","SFT2D1"
0.00224479911443632,0.693169700254267,0.126,0.103,1,"1","BLOC1S4"
0.000585924856681047,0.684191462655841,0.25,0.225,1,"1","TECR"
0.0080216774774855,0.683649715554917,0.139,0.12,1,"1","ZCCHC17"
0.0021068409474397,0.671614698714861,0.112,0.09,1,"1","RAB37"
0.000390136732687903,0.663085569164523,0.17,0.141,1,"1","CCM2"
0.0012176079300108,0.644021524580399,0.112,0.088,1,"1","ADA"
0.00111298466656474,0.643873861939252,0.134,0.109,1,"1","POLD4"
0.00178983117078162,0.633434547534117,0.162,0.137,1,"1","ZBTB8OS"
0.00621996805220771,0.621666710579903,0.145,0.125,1,"1","COMT"
0.000964569754644383,0.612218637147622,0.131,0.105,1,"1","ATP2B4"
0.000551670107691594,0.611631761389687,0.206,0.178,1,"1","ARRB2"
0.00220527498461435,0.608121484204955,0.109,0.087,1,"1","ZNF91"
0.000817200752093019,0.606299980255507,0.188,0.16,1,"1","FBXW5"
0.000192441236572821,0.601810410558431,0.235,0.205,1,"1","RAB8A"
0.000733928096752894,0.589962142767981,0.214,0.187,1,"1","SEC11C"
0.00148472006858759,0.586203693874623,0.205,0.18,1,"1","RNF167"
0.00034226629959072,0.57968822504842,0.18,0.151,1,"1","CYB5B"
0.00188981451693533,0.577093566335151,0.182,0.156,1,"1","SPAG7"
9.50779317626739e-05,0.574978239338219,0.148,0.115,1,"1","SLAMF7"
0.00503077961598198,0.557062899599245,0.135,0.113,1,"1","INPP4A"
0.000839490678611271,0.556280432414359,0.18,0.152,1,"1","SPOCK2"
0.00219224086581467,0.553056262884018,0.123,0.1,1,"1","IRAK4"
7.58160897463386e-05,0.549616325084143,0.197,0.163,1,"1","PTGDR"
0.000107321077288128,0.539060814253779,0.333,0.303,1,"1","NDUFC2"
0.00106838297583938,0.536869090666508,0.286,0.264,1,"1","SIGIRR"
0.000850903978126173,0.535361261488339,0.197,0.17,1,"1","SAMHD1"
0.00661939881099558,0.527857618289456,0.101,0.082,1,"1","KIF21A"
0.00159116915091286,0.522726859280919,0.216,0.191,1,"1","ADAM8"
0.000114601803155848,0.522320296210051,0.193,0.159,1,"1","LRP10"
0.005271705074979,0.517939552898393,0.111,0.091,1,"1","ZBP1"
9.53920141883382e-05,0.514869371504947,0.267,0.236,1,"1","MTPN"
0.00157616447340498,0.511197267891803,0.16,0.134,1,"1","BRD7"
0.00662993620433448,0.507655308422983,0.203,0.182,1,"1","IMP3"
0.00136626191155398,0.505951235236193,0.211,0.185,1,"1","VDAC3"
0.00792706432572171,0.504071959102937,0.115,0.095,1,"1","SMAD7"
0.000189948181408744,0.487818449193207,0.211,0.177,1,"1","MAPRE2"
0.00201209658479579,0.487062699279599,0.171,0.145,1,"1","RRBP1"
0.00278678853838024,0.48212504793286,0.233,0.21,1,"1","DENND2D"
0.000422349530688242,0.480997640195921,0.27,0.24,1,"1","TAOK3"
0.00194522677107106,0.474784041907333,0.263,0.241,1,"1","POLR3GL"
0.00674631583844993,0.467428995830007,0.115,0.094,1,"1","PPP2R2B"
0.00230653515251258,0.460104784579893,0.209,0.184,1,"1","TES"
0.0020713693302366,0.455964109328098,0.19,0.164,1,"1","PTPRA"
0.00211762674737718,0.455905051773118,0.232,0.207,1,"1","RNF115"
0.00197722133828277,0.451930180488021,0.21,0.185,1,"1","DIAPH1"
0.000934258987369114,0.451907222317068,0.172,0.143,1,"1","THUMPD1"
0.00317032897952021,0.449019747550816,0.188,0.164,1,"1","TERF1"
0.00779864567264198,0.44868198849692,0.202,0.181,1,"1","RPA2"
0.00754571092401722,0.447214738890645,0.233,0.213,1,"1","ITGB7"
0.00453228630189722,0.445355034520242,0.135,0.112,1,"1","CSNK1G2"
0.000210790481371655,0.430483789534943,0.109,0.081,1,"1","CD8A"
0.000121761787731049,0.428704276937128,0.405,0.382,1,"1","NDUFA13"
0.0068871199084953,0.426874274576178,0.293,0.275,1,"1","NDUFB1"
0.00223524071342859,0.423843817854306,0.348,0.334,1,"1","SH3BGRL"
0.00313465265395418,0.421690634394346,0.227,0.202,1,"1","DDOST"
0.000209037767612241,0.421681509636964,0.358,0.333,1,"1","PPP1R18"
0.00299571811534714,0.415563634425492,0.266,0.244,1,"1","PSAP"
0.00722734696858166,0.414409714783354,0.329,0.32,1,"1","SERPINB1"
0.00128480275904344,0.410087656088844,0.385,0.375,1,"1","OSTF1"
0.000863110711736469,0.405446714585183,0.147,0.119,1,"1","ITK"
0.0011595387361499,0.405015302862612,0.291,0.267,1,"1","DDX6"
0.00976606498101043,0.402900746481186,0.169,0.147,1,"1","BTN3A1"
0.000382958139279604,0.401404425564028,0.252,0.219,1,"1","UTRN"
0.00105217218090857,0.395374797770979,0.374,0.361,1,"1","TBC1D10C"
0.000598803453821611,0.386070740419069,0.235,0.201,1,"1","ITGA4"
0.0017081551633185,0.385303554254044,0.368,0.352,1,"1","HMGN3"
0.00146768261978509,0.381991554646973,0.372,0.356,1,"1","ERP29"
0.00111600638987447,0.376918704943153,0.207,0.177,1,"1","CAPN2"
0.00279002445446948,0.375867173019746,0.242,0.215,1,"1","DGKZ"
0.0033375173569208,0.375640327895661,0.204,0.178,1,"1","RBM38"
0.00838437159097716,0.3699034318433,0.379,0.367,1,"1","SYF2"
0.00512341803632499,0.368464092812795,0.115,0.093,1,"1","ATXN7"
0.000171143976041436,0.346045628261248,0.301,0.266,1,"1","PCSK7"
0.00263969683910861,0.343875489644473,0.371,0.362,1,"1","GNAI2"
0.00643220268070644,0.335148926812065,0.121,0.1,1,"1","LAG3"
0.000643370394526882,0.327218514946158,0.452,0.444,1,"1","CAPZB"
0.00750398615111695,0.310767367241129,0.124,0.101,1,"1","VAV3"
9.24090925932593e-05,0.310408847767409,0.514,0.502,1,"1","PPIB"
0.000252141998767339,0.280925015375403,0.509,0.498,1,"1","ARL6IP5"
8.29531217836611e-05,0.27856880212494,0.597,0.604,1,"1","CD53"
0.00345997646239978,0.266064618218841,0.339,0.311,1,"1","CD81"
0.00174180455149671,0.265428942812159,0.5,0.493,1,"1","VAMP8"
0.00335179722381252,0.258358002785433,0.521,0.526,1,"1","TMBIM6"
0.00115463186434243,0.255717580686572,0.568,0.57,1,"1","COX6B1"
0.00634072174947028,0.251777208354055,0.328,0.309,1,"1","IKZF1"
0.00825610305309594,0.208297248692021,0.583,0.595,1,"1","CDC42"
0.00694213495285271,0.188411869120167,0.081,0.106,1,"1","PPA2"
0.00753668718669506,0.168515699837002,0.099,0.125,1,"1","ETHE1"
0.000163946465061361,0.158443363477181,0.849,0.866,1,"1","HCST"
0.000603393494992472,0.157882780567704,0.703,0.709,1,"1","ARPC3"
0.00199781304933737,0.154660454002594,0.636,0.646,1,"1","S100A10"
0.002772027884822,0.144205349896514,0.087,0.116,1,"1","PRDX3"
0.00875171328773876,0.140008283145765,0.233,0.28,1,"1","POLR2G"
0.00959037251440748,0.130539686460746,0.202,0.244,1,"1","PIN1"
0.00451415014182638,0.121132461707524,0.136,0.17,1,"1","SNRPA1"
0.00820659887253635,0.111265029462874,0.249,0.298,1,"1","BIN1"
0.00116608323168722,0.109744897985767,0.161,0.202,1,"1","PPP1R7"
0.00602824578700803,0.108479128898095,0.169,0.207,1,"1","LAMTOR2"
0.00102320155439449,0.102546456779288,0.117,0.153,1,"1","METTL5"
0.00166841659352032,0.097229409421913,0.108,0.141,1,"1","ORMDL2"
0.00630018202957436,0.0947600922896946,0.194,0.234,1,"1","LAPTM4A"
0.000810002495426908,0.0943433663203641,0.131,0.171,1,"1","COMMD8"
0.000864647245823346,0.0904598725706235,0.167,0.213,1,"1","SNRPC"
0.000854025265721774,0.0894386428318535,0.102,0.135,1,"1","UQCRC1"
0.00600020144723255,0.087348636403463,0.133,0.165,1,"1","NDUFS3"
0.00762691159096434,0.0848409212153252,0.104,0.131,1,"1","PFDN4"
0.00414191621149168,0.084110038831164,0.227,0.275,1,"1","PRDX2"
0.00174633113381141,0.0832457873959922,0.097,0.128,1,"1","KXD1"
0.00393605917972925,0.0790302412467985,0.119,0.15,1,"1","LYPLA1"
0.000927747445239642,0.0765843375280861,0.165,0.209,1,"1","DNAJC15"
0.00318511899628339,0.0735431503101686,0.089,0.116,1,"1","CREB1"
0.00527711671661516,0.0709022015639735,0.141,0.176,1,"1","MED28"
0.00619526657105304,0.070651736846173,0.119,0.149,1,"1","SLC25A11"
0.00118439318535244,0.0683365771147949,0.107,0.14,1,"1","SMARCC1"
7.93661325099222e-05,0.0660797044929824,0.976,0.983,1,"1","HLA-A"
0.00247565680532488,0.065905452266066,0.115,0.148,1,"1","DUSP23"
0.000446316604902819,0.065847426981293,0.105,0.141,1,"1","COA3"
0.00192067859908137,0.0650842128610158,0.079,0.106,1,"1","BOLA3"
0.00386314113188939,0.0620609890786438,0.137,0.172,1,"1","POLR2I"
0.00738562048694289,0.0610345058055539,0.222,0.265,1,"1","PSMB2"
0.00350003689754852,0.0582143452365443,0.116,0.147,1,"1","HINT2"
0.00358726556051723,0.0572099773382098,0.167,0.205,1,"1","XRN2"
0.00190292700909217,0.0543635857320362,0.113,0.146,1,"1","AKR1A1"
0.00826305694062184,0.0541264544005906,0.111,0.138,1,"1","SNAP23"
0.00774612972812961,0.0526375165016479,0.306,0.356,1,"1","SSBP1"
0.00695584272341815,0.0516490598721071,0.147,0.179,1,"1","NAPA"
0.00256738767182129,0.0507181226909018,0.082,0.109,1,"1","GTF2F1"
0.000131373182455856,0.0476323546317191,0.086,0.121,1,"1","GIT2"
0.0058162065466148,0.0473446903965757,0.229,0.275,1,"1","RAB7A"
0.00559099995461537,0.0470699474567969,0.181,0.219,1,"1","PSMD7"
0.00252987496996083,0.0436524439914479,0.261,0.312,1,"1","PSMA5"
0.00126403802759665,0.0434554589992781,0.107,0.14,1,"1","UBE2G1"
0.00418593045836594,0.0418498747742205,0.172,0.211,1,"1","RNASEH2C"
0.000624732837588578,0.041604375395589,0.176,0.222,1,"1","PGLS"
0.00519884555646733,0.0403805516337215,0.128,0.158,1,"1","PRKCSH"
0.00957827828085409,0.038831321274116,0.27,0.318,1,"1","PSMB6"
0.00034652730880954,0.0381132548023131,0.146,0.19,1,"1","TIMM8B"
0.00981576907136581,0.0375461651544109,0.2,0.239,1,"1","GSTO1"
0.00243998246549815,0.0369680687614333,0.137,0.171,1,"1","SH3BP1"
0.00657313313917829,0.0357409147317734,0.079,0.102,1,"1","DYNC1LI1"
0.00423007280011633,0.0340791008404134,0.16,0.196,1,"1","CDC26"
0.00119961058001527,0.0336054332617839,0.092,0.123,1,"1","CCDC167"
0.00951603548185377,0.0326641756287801,0.179,0.214,1,"1","CAMLG"
0.00619268988036894,0.0325391666286676,0.134,0.166,1,"1","SMAP1"
0.00863001865924292,0.0305816769623794,0.126,0.154,1,"1","VPS51"
0.00226641371600753,0.0305117351918557,0.114,0.147,1,"1","CCDC124"
0.000355212906865668,0.0292836074725771,0.178,0.226,1,"1","TMEM219"
0.00943956322221576,0.0269816898923582,0.155,0.187,1,"1","AKIRIN2"
0.000192810172120827,0.0218218503622011,0.165,0.214,1,"1","PUF60"
8.91300233067143e-05,0.0217064074854346,0.144,0.191,1,"1","HSBP1"
0.00165763627173398,0.0207861533658622,0.091,0.12,1,"1","CNOT1"
0.00198287776533796,0.0163864522945123,0.165,0.204,1,"1","IGBP1"
0.00183863806165063,0.0157693860483847,0.287,0.34,1,"1","ABRACL"
0.000273998160689078,0.0143947009307041,0.18,0.229,1,"1","CAPZA2"
0.000290818256397009,0.0130607622378638,0.24,0.298,1,"1","VPS29"
0.00865366567063813,0.012949906121227,0.289,0.338,1,"1","DYNLRB1"
0.00303921996217624,0.0129334507963267,0.112,0.142,1,"1","DCAF7"
0.00169272976094704,0.00968441183167434,0.104,0.135,1,"1","PMPCB"
0.00737260625070343,0.00833407066125735,0.425,0.486,1,"1","MORF4L1"
0.000811787320479347,0.00729035578388504,0.245,0.299,1,"1","TMEM230"
0.00727285204015879,0.00667696561924691,0.339,0.392,1,"1","TXN"
0.000562477203851427,0.00550538164328185,0.207,0.26,1,"1","PSMD4"
0.000375525601449507,0.00505041718300144,0.123,0.162,1,"1","RNASEH2B"
0.00213919456867051,0.00463846385172517,0.166,0.206,1,"1","RAB11A"
0.00294922944231123,0.00396116952522999,0.119,0.151,1,"1","NR1H2"
8.84937536387446e-05,0.00248328069073533,0.165,0.216,1,"1","AUP1"
0.00269503872428304,0.00226544126544886,0.111,0.143,1,"1","KDELR1"
0.00242551752197918,0.00219113166253668,0.106,0.136,1,"1","ELOF1"
0.000222698769920297,0.00217467305754188,0.145,0.19,1,"1","BLOC1S2"
0.00366930847093223,0.00178622288161112,0.084,0.11,1,"1","NCOA4"
0.00911400720682731,-0.000469805480235896,0.301,0.354,1,"1","TAF7"
0.0084470894048569,-0.000950531934591936,0.349,0.405,1,"1","TERF2IP"
0.000233348886827993,-0.00318196902263485,0.153,0.199,1,"1","THOC7"
0.00736534777665572,-0.00401148424430359,0.109,0.137,1,"1","NUDCD2"
0.00116881794131916,-0.00439743684778759,0.1,0.131,1,"1","GPR108"
0.00218889277315002,-0.00561452203914954,0.116,0.149,1,"1","CNOT7"
0.00439118485371233,-0.00596070151335387,0.153,0.187,1,"1","TMEM167A"
0.00228088938462761,-0.0074892131659503,0.256,0.305,1,"1","EIF3I"
0.00665977825557832,-0.00772142954665156,0.167,0.202,1,"1","EIF2S3"
0.00302820095885955,-0.00824188303710732,0.093,0.121,1,"1","PPIH"
0.00144473283106294,-0.00839211842098564,0.238,0.287,1,"1","EIF5B"
0.00464196713714339,-0.00876298583543453,0.142,0.175,1,"1","CHIC2"
0.00340723934286458,-0.00895509243442324,0.129,0.162,1,"1","TXNDC12"
0.00474932904699321,-0.0100162132233787,0.122,0.152,1,"1","TRAPPC3"
0.00556617030571386,-0.0107429828531291,0.17,0.206,1,"1","WDR33"
0.000675285649938493,-0.0108228529601614,0.128,0.166,1,"1","MGMT"
0.000568745332000725,-0.0112729530979788,0.081,0.112,1,"1","SSRP1"
0.00041059217018874,-0.0117334174484442,0.102,0.137,1,"1","GUSB"
0.00562020923756389,-0.0121477449948118,0.143,0.176,1,"1","TMEM248"
0.000726741872199579,-0.0130709226880943,0.388,0.458,1,"1","RABAC1"
0.00204485708173844,-0.0133516772034266,0.097,0.127,1,"1","VPS35"
0.00375643156043368,-0.0135096353294579,0.076,0.1,1,"1","SRPK1"
0.00154006997974777,-0.0137168906885643,0.151,0.189,1,"1","ETFA"
7.2191435532065e-05,-0.0141224001592337,0.083,0.119,1,"1","KRCC1"
0.0038910490886553,-0.0159736154079529,0.139,0.173,1,"1","MCTS1"
0.00206146141035129,-0.0168916562604424,0.232,0.279,1,"1","TMED10"
0.000389338246170717,-0.0172986474729984,0.139,0.182,1,"1","FDX1"
0.000559530608229725,-0.0178972307242176,0.141,0.182,1,"1","FLOT1"
0.00192179384029265,-0.0185274458195391,0.105,0.136,1,"1","CCDC90B"
0.000294916717197982,-0.0188192438081186,0.17,0.218,1,"1","PPP1CC"
0.000799743736899252,-0.0197435699310419,0.082,0.111,1,"1","USP48"
0.00353150263705062,-0.0216116105512467,0.176,0.215,1,"1","SNX17"
0.00319084069061686,-0.0237638587260633,0.132,0.165,1,"1","SAT2"
0.004087912004003,-0.0239933927149205,0.154,0.189,1,"1","PSMC3"
0.00547762155568063,-0.0241389924578034,0.081,0.105,1,"1","CFAP20"
0.00512961978080126,-0.0242028667315739,0.093,0.12,1,"1","CBFB"
0.00566794938591304,-0.0242168753214679,0.116,0.146,1,"1","PPIE"
0.000569238903837239,-0.0244944017955659,0.379,0.448,1,"1","PRDX5"
0.0025503067790189,-0.0245984809964346,0.316,0.373,1,"1","HNRNPM"
0.000189529793517825,-0.0265580404689241,0.222,0.277,1,"1","PHPT1"
8.50899016941084e-05,-0.026861299288822,0.239,0.298,1,"1","SNRPE"
0.000252848202367597,-0.0278621308762169,0.097,0.133,1,"1","TMEM126A"
0.00314343066291445,-0.0282275094311557,0.18,0.219,1,"1","OSBPL8"
0.000366723288032797,-0.0288571886359269,0.075,0.105,1,"1","ZNF511"
0.0012045787491851,-0.0306142427779575,0.105,0.137,1,"1","JPX"
0.00943627312850042,-0.0307681172929326,0.101,0.126,1,"1","GBP1"
0.000428764584087098,-0.0307960462742939,0.122,0.158,1,"1","DCK"
0.00753238544558406,-0.0309575058885584,0.142,0.172,1,"1","ZNF644"
0.00340486104986775,-0.031191117765395,0.495,0.571,1,"1","UQCRH"
0.00371783093105177,-0.03141763288767,0.13,0.161,1,"1","TMEM134"
0.00393401065951839,-0.0316005969648599,0.141,0.174,1,"1","IL27RA"
0.00507627536944181,-0.0325236172053686,0.227,0.269,1,"1","MYDGF"
0.00102379204530205,-0.0332441351090582,0.346,0.405,1,"1","UQCRQ"
0.000155507600765413,-0.0336360811535533,0.196,0.249,1,"1","PSMB7"
0.00369617196879997,-0.0352285407288155,0.132,0.163,1,"1","LPIN2"
0.000345773455262909,-0.0357076250075678,0.121,0.159,1,"1","SACM1L"
0.00150408660803317,-0.0358782894235539,0.216,0.262,1,"1","KIF5B"
0.00613583047683487,-0.0360370832403686,0.093,0.118,1,"1","RPN1"
0.00651458609432548,-0.0362553516469362,0.204,0.244,1,"1","ANKRD44"
0.000139375864396679,-0.0368549947105059,0.1,0.138,1,"1","EIF2S1"
0.00304364290700792,-0.0393083860701461,0.096,0.124,1,"1","ATP6V1H"
0.00454492925414148,-0.0421191612185798,0.402,0.459,1,"1","MZT2B"
0.00392061474234412,-0.0426746542766385,0.208,0.248,1,"1","EVI2A"
0.000448898541016388,-0.0428917575016858,0.116,0.153,1,"1","SKAP2"
0.00379200576070816,-0.0432952558190118,0.205,0.247,1,"1","CCT6A"
0.000255622612049921,-0.0433406195732458,0.138,0.18,1,"1","ATP6V1E1"
0.00337784315051431,-0.0436594862599268,0.183,0.223,1,"1","TALDO1"
0.00434482219993076,-0.0439741724939093,0.621,0.685,1,"1","COMMD6"
0.000281677586650167,-0.0450454235823243,0.173,0.218,1,"1","RBBP4"
0.00496534133541973,-0.0453051929191794,0.124,0.154,1,"1","MPLKIP"
0.00320734943219803,-0.0454352133095662,0.127,0.159,1,"1","UBE2K"
0.00736542728027492,-0.0455956313174988,0.223,0.261,1,"1","CHD1"
0.0072907589014046,-0.0463621518402754,0.164,0.197,1,"1","THOC2"
0.000618585882579044,-0.0469667020819515,0.081,0.111,1,"1","RFXANK"
0.00653099596807603,-0.0477779428753884,0.254,0.298,1,"1","EIF1B"
0.00185031513329605,-0.0481769692882305,0.213,0.256,1,"1","CCT8"
0.000165382102671182,-0.0484011248237775,0.244,0.301,1,"1","SNRPD3"
0.00154049873508411,-0.0485681198371043,0.215,0.26,1,"1","MYCBP2"
0.00140033968994133,-0.0490050656370988,0.289,0.342,1,"1","ENY2"
0.00124716851121637,-0.0490514698850592,0.211,0.257,1,"1","BBX"
0.00408629404063894,-0.0500426186238305,0.088,0.114,1,"1","RIC8A"
0.00401383361607645,-0.0501511008371097,0.085,0.111,1,"1","TAF3"
0.000722345364698017,-0.05059240198001,0.112,0.147,1,"1","PSMD14"
0.0012072066757257,-0.0508271228541903,0.136,0.173,1,"1","PDCD2"
8.40371097772087e-05,-0.0514885682074858,0.196,0.252,1,"1","GDI2"
0.000196301714411355,-0.0523101388583986,0.327,0.399,1,"1","CSTB"
0.0017741903572063,-0.0523228215261217,0.173,0.213,1,"1","MAPRE1"
0.00799752348929739,-0.0525490415581773,0.458,0.508,1,"1","PARK7"
0.00111956342762135,-0.0525783661414276,0.074,0.101,1,"1","JAK3"
9.38066940350313e-05,-0.0541318490401086,0.297,0.364,1,"1","LSM7"
0.00446918940446886,-0.0551688633914693,0.152,0.186,1,"1","ACAA2"
0.00130199448888587,-0.0562932838584524,0.811,0.863,1,"1","PFDN5"
0.000401688827550993,-0.0564734288990033,0.084,0.116,1,"1","PFDN6"
0.00529435570044118,-0.0568527644528413,0.079,0.103,1,"1","HMG20B"
0.00379649812426926,-0.0569159118915534,0.257,0.305,1,"1","EPC1"
0.0006714243019893,-0.0570107369792292,0.131,0.169,1,"1","NDUFS4"
0.0026961835634891,-0.0602800239561749,0.118,0.149,1,"1","CCDC115"
0.00253742412052318,-0.0603598336082424,0.11,0.14,1,"1","SDHB"
8.24872212097463e-05,-0.0611511476805441,0.156,0.204,1,"1","IL16"
0.000453184883254553,-0.061969715712843,0.119,0.157,1,"1","PHF14"
0.00146781229250074,-0.0620786684089121,0.113,0.146,1,"1","DENR"
0.00527510583640695,-0.0623200999656783,0.361,0.413,1,"1","DDX17"
0.000378378762328885,-0.0626593265576033,0.185,0.231,1,"1","EIF6"
0.00246396580146256,-0.0633302302763231,0.104,0.134,1,"1","UBE2J2"
0.000234112312185165,-0.0647174317543079,0.221,0.275,1,"1","KHDRBS1"
0.00344903772557788,-0.0649754597042886,0.123,0.155,1,"1","TOP2B"
0.000282669904306567,-0.0650984913130925,0.233,0.285,1,"1","STOM"
0.00191328271971291,-0.0672140487410268,0.188,0.23,1,"1","CLTB"
0.000847476351518483,-0.0672745403291484,0.173,0.215,1,"1","CCT5"
0.000915581722608492,-0.0677327582248952,0.443,0.511,1,"1","APRT"
0.00591638315844213,-0.0678089126802548,0.128,0.158,1,"1","ETNK1"
0.000387513542212732,-0.0678422448530993,0.565,0.643,1,"1","SSR4"
9.82123627093967e-05,-0.0683801223862349,0.111,0.153,1,"1","BTF3L4"
0.00192759526580809,-0.0698051739728802,0.144,0.18,1,"1","SAMD9L"
0.00153169564641243,-0.0700504551993156,0.193,0.235,1,"1","PPM1G"
0.00562037708936023,-0.070545628195869,0.21,0.25,1,"1","PRPF4B"
0.000347237778310134,-0.0711326620191147,0.124,0.162,1,"1","NIFK"
0.00378839151938858,-0.0712137015505189,0.108,0.137,1,"1","COPS3"
0.0029098304505291,-0.071833955371444,0.143,0.177,1,"1","SPTAN1"
0.000874894011251416,-0.0721836432053126,0.168,0.208,1,"1","RCSD1"
8.1184269784801e-05,-0.0723889300091926,0.225,0.282,1,"1","PRKAR1A"
0.00801367574618838,-0.0750943651677869,0.141,0.17,1,"1","RNF187"
0.000425296431999856,-0.0763897060206667,0.087,0.119,1,"1","JOSD2"
0.00220122134072947,-0.0776387185198528,0.199,0.24,1,"1","LSM14A"
0.00627680944994454,-0.0776731846677622,0.217,0.255,1,"1","OPTN"
0.00159455257601616,-0.0800866860865938,0.105,0.136,1,"1","FAM162A"
0.00027265172552143,-0.0801430047512668,0.075,0.106,1,"1","SLC25A38"
0.000265750725689568,-0.0805911443942841,0.1,0.135,1,"1","STX10"
0.0030638678151955,-0.0808183848986177,0.134,0.167,1,"1","PSMD2"
0.00308092578180862,-0.0808882580213088,0.116,0.146,1,"1","UBTF"
0.00772788324773078,-0.0829768061593841,0.08,0.102,1,"1","VPS13A"
0.0011965795839183,-0.0830057712723973,0.095,0.125,1,"1","STX16"
9.50792138025367e-05,-0.0838602324337802,0.105,0.142,1,"1","SAFB"
0.00134784998135683,-0.0849169477335239,0.268,0.316,1,"1","ROCK1"
0.000273610631792417,-0.0853925594483673,0.278,0.335,1,"1","CSDE1"
0.000283375462271994,-0.0858305059997576,0.19,0.238,1,"1","ODF2L"
0.0030277975737681,-0.085885470118735,0.259,0.305,1,"1","SLTM"
0.00665260269509462,-0.0860858991745815,0.096,0.122,1,"1","PPID"
0.00132326656400036,-0.0870811928362114,0.38,0.439,1,"1","ICAM3"
0.000254044957122295,-0.0872090086118789,0.259,0.318,1,"1","POLR2K"
0.00157150280616265,-0.0873498860098344,0.133,0.166,1,"1","MTF2"
0.00231405022839555,-0.0876213114609503,0.107,0.137,1,"1","GOPC"
0.00164778869529451,-0.0883529100335656,0.1,0.13,1,"1","SMIM12"
0.00250523353692664,-0.0904350680213829,0.096,0.125,1,"1","XPO1"
0.00355266543415458,-0.0908075382950914,0.228,0.269,1,"1","HNRNPUL1"
0.000713154503128343,-0.0909523430945793,0.256,0.307,1,"1","TPR"
0.00206177475612208,-0.0909599572389371,0.08,0.106,1,"1","YIF1A"
0.00269784534265257,-0.0912205234875452,0.515,0.586,1,"1","NCL"
0.000366474522389344,-0.0917193516995829,0.294,0.352,1,"1","SKAP1"
0.00285358795089915,-0.0918402289672671,0.299,0.351,1,"1","RBMX"
0.00183733577893433,-0.0921559617966785,0.212,0.255,1,"1","STRAP"
9.03683094625623e-05,-0.0927172784439976,0.076,0.109,1,"1","PRKAG1"
0.00199187465502672,-0.0928489933407229,0.188,0.228,1,"1","PHB2"
0.00316588042849905,-0.0928766163566428,0.108,0.138,1,"1","WAPL"
0.00101112135766614,-0.0929347523707282,0.079,0.107,1,"1","GGA2"
0.00184785452675925,-0.094157670803487,0.15,0.186,1,"1","SYNCRIP"
0.00246387152014644,-0.0960582027577635,0.142,0.176,1,"1","YTHDF2"
0.000163192798435161,-0.0960741342656322,0.113,0.152,1,"1","DNAJC2"
0.0052905410052703,-0.0962924559566987,0.466,0.518,1,"1","SLC25A3"
0.000387881232088287,-0.0966848718352675,0.071,0.1,1,"1","TMEM205"
0.000208826840152488,-0.0968395805159308,0.185,0.232,1,"1","TOMM22"
0.000308704223095877,-0.0978684715094137,0.201,0.248,1,"1","TOP1"
0.000918995876312729,-0.0979127990990655,0.122,0.156,1,"1","ZNF638"
0.000271657113766992,-0.0983971879687993,0.287,0.345,1,"1","EIF3D"
0.000963050060852793,-0.0987121261489766,0.15,0.188,1,"1","POLE4"
0.000110294304471069,-0.0993478489477117,0.127,0.169,1,"1","FNTA"
7.58964647871883e-05,-0.100050966395836,0.233,0.293,1,"1","TOMM20"
0.0011087343598025,-0.100490034316072,0.097,0.127,1,"1","COPS2"
0.00534325753077075,-0.102807618558284,0.276,0.319,1,"1","TAF1D"
0.000189985403283791,-0.10327268818062,0.104,0.141,1,"1","LYSMD2"
0.00240863937060777,-0.104001465772586,0.081,0.107,1,"1","SLK"
0.000103035307630048,-0.104405031091991,0.14,0.185,1,"1","AIMP1"
0.00235770987606492,-0.105181260485286,0.223,0.262,1,"1","USP15"
0.00137941741292922,-0.105556042218814,0.11,0.142,1,"1","AATF"
0.000224143907357676,-0.106291200409473,0.145,0.188,1,"1","MMADHC"
0.00276454973332054,-0.106763923662935,0.077,0.102,1,"1","CAT"
0.000735982081931329,-0.107508258042606,0.089,0.12,1,"1","SLC4A7"
0.00264057370381665,-0.108076875952355,0.091,0.117,1,"1","WDR45B"
0.000223730247579517,-0.110267217218818,0.419,0.493,1,"1","PRRC2C"
0.00850940633347133,-0.111067488101478,0.195,0.23,1,"1","INPP5D"
0.00426519442147286,-0.111542663566899,0.092,0.118,1,"1","SPG7"
0.000449993385604508,-0.111939250124957,0.192,0.238,1,"1","YTHDC1"
0.000518610900751323,-0.112476848773292,0.284,0.337,1,"1","TAX1BP1"
0.0030839987778372,-0.114564004983514,0.103,0.132,1,"1","SCFD1"
0.000248886524589706,-0.117665645772937,0.139,0.18,1,"1","USP34"
8.1913477576658e-05,-0.118043539096147,0.093,0.131,1,"1","TPRKB"
0.00186672558225565,-0.118067013915828,0.671,0.722,1,"1","YBX1"
0.00166869315366123,-0.118123408379731,0.108,0.138,1,"1","SUPT5H"
0.00962895021603229,-0.118451355722799,0.086,0.109,1,"1","ASCC3"
0.00504425138379324,-0.118797576948317,0.109,0.137,1,"1","CPNE3"
0.000212118499147229,-0.119177394092428,0.388,0.461,1,"1","ZFP36L1"
0.000434929346422493,-0.119854450494341,0.088,0.12,1,"1","TXNDC15"
0.000996573387116108,-0.119866686788602,0.095,0.125,1,"1","CNDP2"
0.00869415618318966,-0.119926769236736,0.081,0.103,1,"1","MAP2K1"
0.000148149354691865,-0.120119623426999,0.24,0.295,1,"1","WTAP"
0.0014395359663188,-0.12088453556561,0.489,0.555,1,"1","RSRP1"
0.00537120913020883,-0.121036711423174,0.112,0.139,1,"1","PEX2"
0.000369471696087999,-0.123315993883748,0.071,0.1,1,"1","YDJC"
0.000642716883751712,-0.123336142633639,0.099,0.131,1,"1","HEBP2"
0.000513730707667232,-0.124434772361621,0.325,0.384,1,"1","ARID4B"
0.000184873264891317,-0.124449648440012,0.075,0.107,1,"1","SNRPA"
0.000395866082143704,-0.125499152693325,0.149,0.189,1,"1","LASP1"
0.00144603853525685,-0.125905522992004,0.1,0.13,1,"1","IMP4"
0.000201056117559736,-0.127073250650015,0.363,0.431,1,"1","MAP1LC3B"
0.000336494879886558,-0.127998463157863,0.073,0.102,1,"1","GPATCH2L"
0.00482642140019751,-0.128126285034629,0.135,0.165,1,"1","ARID4A"
0.00108362407415359,-0.12862643516933,0.159,0.199,1,"1","FNBP4"
9.12125067776706e-05,-0.12975859624943,0.159,0.206,1,"1","TXN2"
0.0019967836025635,-0.129920223509039,0.076,0.101,1,"1","ZNF326"
0.00013634463738637,-0.130137840654535,0.186,0.236,1,"1","CCDC59"
8.46580069138881e-05,-0.130620794840185,0.135,0.178,1,"1","FUBP1"
0.0075535145360957,-0.131017198229837,0.135,0.163,1,"1","SNHG15"
0.000616509275383022,-0.131613898963607,0.625,0.682,1,"1","HOPX"
0.000948014762989664,-0.133736498745935,0.086,0.115,1,"1","SNX14"
0.00137503561746507,-0.134015591481798,0.444,0.502,1,"1","DNAJB6"
0.00994455611806764,-0.134026536288663,0.095,0.117,1,"1","AZIN1"
0.000472320937642798,-0.134216461884415,0.076,0.105,1,"1","PFKP"
0.000186336682191719,-0.136503505701711,0.102,0.138,1,"1","OXA1L"
0.000367549327738912,-0.136881972590842,0.124,0.16,1,"1","ALG13"
8.11900609557223e-05,-0.137601980030217,0.068,0.1,1,"1","DKC1"
0.007162376496482,-0.137974412316241,0.093,0.118,1,"1","TRIM44"
0.0051512725515103,-0.138521922505967,0.117,0.145,1,"1","POLR2C"
0.00374661059448867,-0.139090956850387,0.094,0.121,1,"1","TOR1A"
0.000747691026616584,-0.139413288352352,0.12,0.154,1,"1","TM9SF3"
0.000531680550753555,-0.14136457264439,0.091,0.123,1,"1","USP1"
0.00160515187249894,-0.1415728756583,0.117,0.149,1,"1","FYTTD1"
0.0019217372405935,-0.141810143278769,0.119,0.15,1,"1","CCDC91"
0.000322391401800754,-0.141828499796182,0.096,0.13,1,"1","NGLY1"
0.000575358719172765,-0.142457316287565,0.133,0.17,1,"1","SUGT1"
0.000101756948507589,-0.142457793251419,0.152,0.197,1,"1","ASH1L"
8.06584999315915e-05,-0.142521877802636,0.07,0.103,1,"1","SURF2"
0.000321852271755946,-0.143114527419375,0.165,0.209,1,"1","BDP1"
0.00740486272288147,-0.143276706394063,0.178,0.21,1,"1","CDKN1B"
0.00030351450009705,-0.144412582483677,0.353,0.416,1,"1","MBNL1"
0.0013435600733984,-0.144905420572212,0.315,0.37,1,"1","PNN"
0.00215225900917918,-0.145207653435685,0.126,0.159,1,"1","GABPB1"
0.00280462280130186,-0.145323645574535,0.092,0.12,1,"1","ZFR"
0.00174155587568506,-0.145643779275009,0.107,0.137,1,"1","ACIN1"
0.00161232298326667,-0.145687646432426,0.107,0.137,1,"1","PHF5A"
0.000660088631670667,-0.148250673797099,0.078,0.106,1,"1","TPP2"
0.000173495268545557,-0.149044704445413,0.131,0.171,1,"1","EMC10"
0.00597172697137582,-0.150087895837657,0.092,0.116,1,"1","CCDC174"
0.00302947574904777,-0.152600628984479,0.084,0.11,1,"1","PDS5A"
9.50992140643804e-05,-0.153235548787864,0.271,0.333,1,"1","RAP1A"
0.000411734896509074,-0.155084828077604,0.139,0.178,1,"1","BRD4"
0.00201651603778446,-0.155106688818151,0.093,0.121,1,"1","GNL1"
0.000158254385897889,-0.156350155523175,0.158,0.201,1,"1","HERPUD2"
0.000231283370257633,-0.156495328210404,0.117,0.155,1,"1","UBA2"
0.000263202990563397,-0.156558320074345,0.095,0.13,1,"1","POLR2H"
0.00213097015793021,-0.15664934275623,0.13,0.161,1,"1","CCAR1"
0.00211749337211707,-0.15770913033688,0.113,0.144,1,"1","ZNF791"
0.000115041665142239,-0.157915312715851,0.227,0.281,1,"1","SRSF10"
0.00203376572833653,-0.158269784341209,0.169,0.205,1,"1","NIPBL"
0.000177375805994393,-0.160564252375404,0.141,0.182,1,"1","PPM1B"
0.00213966770294372,-0.161649573811807,0.103,0.132,1,"1","SUZ12"
0.000172265852527037,-0.164276279527289,0.134,0.174,1,"1","ERICH1"
0.000645590418472687,-0.165668646320824,0.075,0.104,1,"1","ACO2"
0.000706816068662196,-0.166318589980248,0.123,0.158,1,"1","PPP4R2"
0.00155350012972681,-0.166327044168279,0.216,0.258,1,"1","HNRNPH3"
0.000143621182722743,-0.166650215764387,0.109,0.146,1,"1","TNIP1"
0.00307465305073118,-0.167489624108597,0.089,0.115,1,"1","FAM120A"
0.000211805881722522,-0.167912806803578,0.071,0.101,1,"1","IGFLR1"
0.000265117817613113,-0.168435626179906,0.106,0.142,1,"1","GLRX3"
0.00273681198054256,-0.168497716943893,0.077,0.101,1,"1","AGO3"
0.00163250282865278,-0.170254161300158,0.21,0.251,1,"1","DDX21"
0.000195803640238615,-0.171289294004509,0.08,0.111,1,"1","TIA1"
0.000191549254391481,-0.171369033723308,0.109,0.146,1,"1","HADHB"
0.00975128539271916,-0.171393644358961,0.146,0.174,1,"1","USP8"
0.000224128686796351,-0.172376877156499,0.104,0.139,1,"1","STARD7"
0.00125635113878357,-0.173906287628064,0.086,0.114,1,"1","DCP1A"
0.000605086589385438,-0.174438455104776,0.15,0.189,1,"1","FXR1"
0.0083849919220067,-0.174959924989429,0.089,0.111,1,"1","CCS"
0.00364544911270306,-0.175139179532669,0.117,0.145,1,"1","RB1CC1"
0.000488464163759147,-0.175143158099686,0.194,0.238,1,"1","EIF3J"
0.00159715067803576,-0.176142595560023,0.117,0.149,1,"1","UBE3A"
7.3695880717698e-05,-0.17663753695155,0.295,0.359,1,"1","FNBP1"
0.00117355621150927,-0.177785919861337,0.088,0.116,1,"1","CAPRIN1"
0.00577319165199233,-0.17966129918961,0.111,0.139,1,"1","TBRG1"
0.000339504154965855,-0.180850877872205,0.159,0.199,1,"1","TCIRG1"
0.00017628241978973,-0.181636576838325,0.111,0.148,1,"1","SENP6"
0.00613723311984966,-0.182291515895585,0.08,0.102,1,"1","FBXO11"
0.000262474730289672,-0.183537243272786,0.093,0.126,1,"1","PIAS1"
0.00134786473339598,-0.184106643511715,0.139,0.174,1,"1","PRNP"
0.000140414334942084,-0.185785861109459,0.439,0.504,1,"1","DDX24"
0.000158214778336043,-0.18668233620142,0.166,0.21,1,"1","RNMT"
8.34335236451672e-05,-0.188576927924944,0.098,0.136,1,"1","NUDT21"
0.00197995661157418,-0.19119166188364,0.14,0.173,1,"1","PCMTD1"
0.000940715919870638,-0.192546858005924,0.103,0.134,1,"1","ATG101"
0.000197542595930921,-0.193611491437964,0.105,0.141,1,"1","ECHDC1"
0.000451994432179202,-0.194021431838793,0.589,0.671,1,"1","DDIT4"
0.000633049884085917,-0.194043433648266,0.075,0.102,1,"1","ATAD1"
0.000637306930952469,-0.194251025893522,0.095,0.126,1,"1","MITD1"
0.00027357644469245,-0.195234061597403,0.129,0.167,1,"1","OSER1"
0.00151491123104975,-0.196194189926577,0.292,0.338,1,"1","TXK"
0.000398148111129916,-0.198777955087905,0.134,0.171,1,"1","NRDC"
7.89719962358631e-05,-0.202589879743843,0.197,0.248,1,"1","NOP56"
0.000368393214879719,-0.203565515602536,0.11,0.144,1,"1","DHRS3"
0.000270021040780245,-0.20530643887689,0.18,0.223,1,"1","DUT"
0.000671595722079805,-0.205402397947549,0.169,0.209,1,"1","METAP2"
0.000797136117899447,-0.205440525553308,0.106,0.138,1,"1","PUM1"
0.000106706822570595,-0.205559307477112,0.072,0.104,1,"1","ASL"
0.000133265683630449,-0.20579789474458,0.085,0.119,1,"1","ABHD3"
0.000988391029895528,-0.20783098304448,0.13,0.164,1,"1","MKRN1"
0.000258507598839543,-0.207994356664924,0.138,0.177,1,"1","PPP4R3A"
0.00307479151040691,-0.208416962758305,0.183,0.217,1,"1","WAC"
0.000758355578788062,-0.20960619826326,0.121,0.154,1,"1","TM2D3"
0.000228645870482151,-0.210772343443042,0.094,0.128,1,"1","GMCL1"
0.000386916035356809,-0.211616084915868,0.08,0.11,1,"1","PUM2"
0.00353681972483163,-0.211829485132978,0.086,0.111,1,"1","TFG"
0.00410039381750194,-0.213616233462185,0.101,0.127,1,"1","STX5"
0.000217623179965678,-0.220294446093482,0.135,0.174,1,"1","RNF114"
0.00206495619658144,-0.221137321521317,0.146,0.18,1,"1","XAF1"
0.000106322552289024,-0.221237061299178,0.117,0.155,1,"1","PRKDC"
7.48263669321393e-05,-0.221927902645075,0.176,0.223,1,"1","JMJD6"
0.00106227403686152,-0.222769417474958,0.27,0.313,1,"1","VPS37B"
0.000114341371007681,-0.223720539586143,0.159,0.201,1,"1","RAB11FIP1"
0.000220954184345759,-0.224944247748808,0.14,0.18,1,"1","RAB1A"
0.000275483384364793,-0.225467730547412,0.094,0.127,1,"1","PRELID3B"
9.53596103386887e-05,-0.226172777191144,0.14,0.182,1,"1","APEX1"
0.000141426353649656,-0.226374403643521,0.109,0.147,1,"1","DAZAP1"
0.00371802983396241,-0.227323299073587,0.092,0.118,1,"1","DCP2"
8.60691130217312e-05,-0.232067602178325,0.091,0.127,1,"1","ESYT1"
0.000406190384386817,-0.234196062317715,0.081,0.111,1,"1","KLHDC2"
9.21942477493175e-05,-0.236095573209355,0.116,0.156,1,"1","N4BP2L1"
8.56354772156262e-05,-0.236503543570953,0.074,0.107,1,"1","USO1"
9.88452772063512e-05,-0.237333036131588,0.116,0.155,1,"1","FIP1L1"
0.000395774268825439,-0.238664391589231,0.11,0.144,1,"1","NCBP2"
0.00042258559752264,-0.239288206077208,0.158,0.196,1,"1","RABGAP1L"
0.0011355129671379,-0.239540531746606,0.12,0.152,1,"1","KMT2C"
0.00033309926475861,-0.23992406180907,0.213,0.257,1,"1","CCNH"
0.000658997914249919,-0.240761625485532,0.093,0.123,1,"1","SETD5"
0.000472962599315367,-0.243540642267152,0.122,0.158,1,"1","FAM32A"
0.000106905142863206,-0.244654227939121,0.134,0.174,1,"1","USP47"
9.00064878169521e-05,-0.246932754920414,0.075,0.107,1,"1","CUTC"
0.000573853629032667,-0.248719817420733,0.094,0.125,1,"1","AMZ2"
0.00066813925235136,-0.248991439519062,0.172,0.211,1,"1","RASA2"
0.000284999593745008,-0.249259862156449,0.082,0.114,1,"1","AAMP"
0.00176605060440095,-0.250702865789884,0.082,0.108,1,"1","GTPBP4"
9.04892779620931e-05,-0.251265328443973,0.073,0.105,1,"1","PSMD1"
0.00156280957202856,-0.254537319756702,0.513,0.578,1,"1","JUND"
0.000103635067104253,-0.257955443105603,0.115,0.153,1,"1","MNAT1"
0.000168748615519621,-0.258889573267726,0.08,0.111,1,"1","TBC1D1"
0.000282216391352488,-0.262632828480969,0.141,0.179,1,"1","SAFB2"
0.00192407150909359,-0.262724239702279,0.123,0.153,1,"1","AFF4"
0.000109493828837711,-0.266287559629824,0.132,0.172,1,"1","SVIP"
8.3147666183046e-05,-0.266773182336286,0.109,0.147,1,"1","GLUD1"
0.00371597062716575,-0.266819835688344,0.106,0.132,1,"1","JARID2"
0.000809343996098509,-0.268081915067568,0.292,0.336,1,"1","ATP1B3"
0.000571425775329698,-0.274917829856792,0.105,0.137,1,"1","LPP"
0.000101451927688435,-0.274984882725439,0.081,0.114,1,"1","PSMD3"
0.00118614246309709,-0.276837177563509,0.167,0.203,1,"1","POLR2A"
0.000569281395736339,-0.287623283381875,0.09,0.12,1,"1","CCDC88B"
0.00414778918627559,-0.291279841135468,0.108,0.135,1,"1","MAP3K2"
0.000433677667982521,-0.292136325253207,0.155,0.192,1,"1","HELZ"
8.79820895979932e-05,-0.293215300462921,0.341,0.403,1,"1","HMGB2"
0.000347119594458142,-0.294149343553004,0.268,0.311,1,"1","TAGAP"
7.41825940765897e-05,-0.297139962465815,0.171,0.216,1,"1","ZBTB1"
0.000422522473760983,-0.297233815303251,0.141,0.177,1,"1","NUFIP2"
0.000601359948079176,-0.297485501289293,0.275,0.315,1,"1","ALDOA"
0.000384900880667575,-0.301019953640997,0.166,0.206,1,"1","AKIRIN1"
0.000875493897876719,-0.30508800172015,0.079,0.106,1,"1","PRPS1"
8.11567685254681e-05,-0.306404026391885,0.141,0.183,1,"1","SEC14L1"
0.00066964818327399,-0.306970557796261,0.078,0.106,1,"1","GTPBP1"
0.00288606291820576,-0.308947638724609,0.087,0.112,1,"1","PSD4"
0.000729142679482965,-0.319878941978359,0.082,0.111,1,"1","LONP2"
0.000854835119080272,-0.320187804206036,0.085,0.114,1,"1","PPIL4"
0.0072239738625238,-0.323838062608811,0.081,0.102,1,"1","PIK3AP1"
0.000454372870710137,-0.327102954812001,0.108,0.141,1,"1","CUL3"
0.000470528197713067,-0.328465168834443,0.161,0.198,1,"1","KANSL1"
0.000301717117216758,-0.33433223273979,0.073,0.102,1,"1","YIPF5"
0.000364044731922737,-0.343295661174808,0.073,0.102,1,"1","CEP85L"
0.00104805437523841,-0.34510489980109,0.081,0.109,1,"1","MED13"
0.00466637764811822,-0.356315904283383,0.09,0.114,1,"1","UBE2H"
0.000745628806347793,-0.357185742998196,0.109,0.14,1,"1","ATG2A"
0.00394409299598167,-0.361088622783103,0.11,0.136,1,"1","PBXIP1"
0.000843040924211135,-0.376757535148965,0.11,0.141,1,"1","DUSP5"
0.000261908233858657,-0.386684628925713,0.086,0.117,1,"1","LRBA"
9.49258951489554e-05,-0.387360744917487,0.086,0.12,1,"1","ZNF721"
0.000679153527309425,-0.392534004022346,0.185,0.22,1,"1","MYLIP"
0.000339829807956703,-0.394022111302804,0.279,0.324,1,"1","IFNG"
9.32271066779487e-05,-0.402568204873913,0.135,0.174,1,"1","CD160"
0.000421586013896028,-0.40596844748237,0.072,0.1,1,"1","BORCS5"
9.8992652794144e-05,-0.427817699181275,0.071,0.102,1,"1","ICE1"
0.000265125195680053,-0.434112180588526,0.086,0.116,1,"1","ERO1B"
0.0017293466155992,-0.435624817534295,0.082,0.109,1,"1","PDE3B"
0.00118290432782218,-0.450921911107751,0.082,0.108,1,"1","RYBP"
0.000199061018385805,-0.468509431412411,0.076,0.106,1,"1","GALNT11"
0.00019748093799725,-0.572542065241335,0.08,0.11,1,"1","PPP1R16B"
0.000115895327519243,-0.578058258733909,0.082,0.114,1,"1","PNP"
0.000173926142231072,-0.628115785772753,0.091,0.123,1,"1","MTRNR2L8"
9.39478349112279e-05,-0.700816306476812,0.074,0.104,1,"1","TLE1"
0,9.19152036083506,0.277,0.001,0,"5","KIF15"
0,8.96319150579515,0.269,0,0,"5","SPC24"
0,8.49971265824477,0.315,0.001,0,"5","DLGAP5"
0,7.92661019500397,0.315,0.001,0,"5","KIF2C"
0,7.71974633079139,0.362,0.001,0,"5","SPC25"
0,7.32103128918559,0.431,0.004,0,"5","ASPM"
0,7.27112037822261,0.638,0.004,0,"5","ZWINT"
0,7.21188661161538,0.462,0.007,0,"5","TOP2A"
0,7.06980083064259,0.346,0.001,0,"5","MND1"
0,6.94573944772092,0.446,0.006,0,"5","UBE2C"
0,6.9172122509933,0.4,0.003,0,"5","AURKB"
0,6.86352852106132,0.323,0.002,0,"5","HMMR"
0,6.79786116722072,0.6,0.01,0,"5","MKI67"
0,6.425773923724,0.377,0.003,0,"5","GTSE1"
0,6.41402965732579,0.9,0.018,0,"5","TYMS"
0,6.13023021946487,0.562,0.006,0,"5","TK1"
0,5.77867204843943,0.454,0.007,0,"5","CDK1"
0,5.64305962025466,0.354,0.003,0,"5","CDCA8"
0,5.62005636203161,0.554,0.007,0,"5","CDT1"
0,5.59990306819851,0.415,0.006,0,"5","BIRC5"
0,5.45818586222633,0.562,0.008,0,"5","ASF1B"
0,5.40208706594291,0.408,0.004,0,"5","RAD51AP1"
0,5.10280852993711,0.5,0.01,0,"5","TPX2"
0,4.84473925010409,0.562,0.011,0,"5","CLSPN"
0,4.76436958421023,0.562,0.011,0,"5","CENPW"
0,4.5176742980165,0.623,0.016,0,"5","CENPM"
7.90505033345994e-323,5.81557477060947,0.3,0.002,1.11374254148117e-318,"5","CDCA3"
8.65603011513864e-320,6.15085348375408,0.269,0.001,1.21954808292188e-315,"5","HJURP"
4.20733458291614e-318,7.88438882807646,0.262,0.001,5.92771369387055e-314,"5","KIF14"
8.10309377060928e-306,4.38240736325599,0.531,0.014,1.14164488134114e-301,"5","UBE2T"
5.73583786871772e-304,6.83022902880128,0.269,0.001,8.08122197323639e-300,"5","CDCA5"
2.38097170010169e-303,6.33454577491524,0.354,0.004,3.35455102827326e-299,"5","RRM2"
2.49259383277394e-300,5.07265057453245,0.469,0.01,3.51181545099521e-296,"5","GINS2"
9.0487832608099e-297,6.96905116514409,0.269,0.001,1.27488307361551e-292,"5","CKAP2L"
8.88451667673631e-294,5.87477212960883,0.323,0.003,1.25173955458538e-289,"5","CCNA2"
4.03381384090725e-281,7.20647240538174,0.246,0.001,5.68324032045422e-277,"5","MYBL2"
9.71463178628864e-281,7.32827462694358,0.277,0.002,1.36869447237021e-276,"5","CCNB2"
1.9009432182168e-279,6.23215114730095,0.262,0.001,2.67823890014566e-275,"5","CDCA2"
6.8379438327002e-279,7.54099788197261,0.238,0.001,9.63397906589132e-275,"5","DIAPH3"
6.75489693095372e-278,5.58021054383558,0.354,0.005,9.5169742860207e-274,"5","KIF11"
7.22067435623994e-277,7.70227156650583,0.254,0.001,1.01732081005064e-272,"5","CENPA"
3.16955183299372e-274,5.06379914144809,0.438,0.01,4.46558157750485e-270,"5","CENPU"
8.10026121346354e-271,6.32923855015179,0.238,0.001,1.14124580236488e-266,"5","PKMYT1"
2.63410918569794e-266,6.3455233444575,0.292,0.003,3.71119643172983e-262,"5","CDC45"
3.12235369653342e-259,5.23638681285344,0.538,0.019,4.39908412304593e-255,"5","NUSAP1"
1.18209982709075e-257,6.13469934550246,0.277,0.003,1.66546044638816e-253,"5","KIF23"
1.09044623650354e-256,5.12518001290034,0.377,0.007,1.53632970260983e-252,"5","NUF2"
2.49277577642328e-256,5.52197968988469,0.292,0.003,3.51207179140276e-252,"5","NCAPG"
2.98454494332049e-253,5.56498882760357,0.269,0.002,4.20492537064424e-249,"5","ESCO2"
7.70220729088049e-253,4.13982003801124,0.431,0.011,1.08516398521215e-248,"5","GGH"
2.82696098221627e-252,8.62709102964211,0.192,0,3.9829053278445e-248,"5","ANLN"
7.91211108721316e-239,4.69531395480656,0.423,0.012,1.11473733107746e-234,"5","CDKN3"
1.56370845192321e-235,3.91406470989007,0.5,0.018,2.2031088379146e-231,"5","MCM4"
1.90588021595143e-233,4.81566375889656,0.277,0.003,2.68519463625397e-229,"5","NCAPH"
1.96545744434424e-233,5.17348801070069,0.231,0.002,2.7691329933366e-229,"5","FOXM1"
6.58463222590736e-232,3.9669459494807,0.385,0.009,9.27708834308088e-228,"5","BRCA1"
1.53786311444458e-227,6.46491822083666,0.2,0.001,2.16669534194096e-223,"5","MELK"
3.00925893108565e-223,6.04010874357885,0.208,0.001,4.23974490800657e-219,"5","CEP55"
4.1757910966853e-222,4.21050077794473,0.431,0.014,5.88327207611992e-218,"5","MCM2"
4.38990875064041e-220,6.48570924059034,0.2,0.001,6.18494243877728e-216,"5","KIF4A"
9.16338288935102e-220,4.5069925416348,0.362,0.009,1.29102901528067e-215,"5","TCF19"
7.94877254648187e-218,5.24091905835679,0.554,0.027,1.11990256407383e-213,"5","CENPF"
3.12540646603261e-217,4.25807489575405,0.362,0.009,4.40338516999335e-213,"5","PRC1"
1.36526490998483e-216,5.57621819118159,0.231,0.002,1.92352173167763e-212,"5","FAM111B"
1.86231158859921e-216,5.73540127647136,0.231,0.002,2.62381079717742e-212,"5","RAD51"
1.06498541289446e-213,3.5341757023106,0.585,0.029,1.500457948227e-209,"5","MAD2L1"
3.69101279636173e-213,5.91190769168617,0.2,0.001,5.20026792879405e-209,"5","PBK"
2.60215556612747e-211,3.83268114421137,0.538,0.025,3.66617697711699e-207,"5","DHFR"
3.1565627487763e-211,5.19358414089248,0.231,0.002,4.44728125675092e-207,"5","SHCBP1"
2.07687430248754e-209,3.34132508303545,0.569,0.028,2.9261082047747e-205,"5","CENPH"
1.5420234781824e-208,6.69546263722257,0.215,0.002,2.17255687841118e-204,"5","PLK1"
1.50665224998194e-198,5.35745248048082,0.208,0.002,2.12272235499955e-194,"5","SKA3"
2.5222753870452e-197,4.73153330689932,0.238,0.003,3.55363379280798e-193,"5","DEPDC1B"
2.61513264925395e-196,3.63285822542154,0.431,0.016,3.68446038953389e-192,"5","CENPN"
2.21303607176779e-195,3.53216261424401,0.7,0.05,3.11794652151363e-191,"5","SMC2"
2.52034092837662e-193,6.13226021516728,0.185,0.001,3.55090833398982e-189,"5","MCM10"
6.69709187644358e-193,3.89217140925781,0.354,0.01,9.43553274472136e-189,"5","ORC6"
9.09400719103041e-193,5.54033131061259,0.215,0.002,1.28125467314427e-188,"5","TROAP"
3.5166082222368e-192,4.90751211580362,0.346,0.01,4.95454932430943e-188,"5","CENPE"
1.1381715210409e-189,7.98569985057943,0.146,0,1.60356985599452e-185,"5","NEIL3"
4.04834670618469e-189,5.55808608890042,0.2,0.002,5.70371567434361e-185,"5","DTL"
4.06385942112393e-187,6.19166185866282,0.185,0.001,5.7255715384215e-183,"5","BUB1B"
4.1522719798633e-183,3.83555991954998,0.385,0.014,5.8501359924294e-179,"5","CHEK1"
4.16572070705627e-181,5.58468123872478,0.185,0.001,5.86908390417158e-177,"5","POLQ"
5.45294858329048e-180,4.05439082536068,0.392,0.015,7.68265925899795e-176,"5","CDCA7"
3.86211005237417e-179,3.40207599055713,0.531,0.029,5.44132685278997e-175,"5","FEN1"
1.23944267016958e-176,4.26127130922152,0.277,0.006,1.74625077800193e-172,"5","CDCA7L"
4.11983668436062e-170,5.03797389332074,0.185,0.002,5.80443790459568e-166,"5","NEK2"
6.7664428077336e-170,3.50530837290078,0.315,0.009,9.53324127181587e-166,"5","NCAPG2"
6.89973112843415e-170,5.28118726946094,0.192,0.002,9.72103118685087e-166,"5","CDC6"
6.41560659284186e-169,4.43234617924704,0.338,0.011,9.0389481286549e-165,"5","BUB1"
4.53545889205629e-164,4.16708506614715,0.254,0.005,6.39000803301811e-160,"5","POC1A"
2.26384716874371e-161,3.1988003840964,0.415,0.019,3.18953427604301e-157,"5","CCDC34"
6.34388695154158e-161,2.79958626067309,0.669,0.054,8.93790232602694e-157,"5","DTYMK"
2.52494604623286e-160,6.14267765326515,0.154,0.001,3.55739648453748e-156,"5","ORC1"
1.12864068077938e-159,6.85880269172127,0.131,0,1.59014185515006e-155,"5","CIT"
1.48299961438352e-158,3.10783511515851,0.692,0.061,2.08939815670495e-154,"5","MCM7"
2.72275387037861e-157,3.7220507578491,0.362,0.014,3.83608792797643e-153,"5","FANCI"
1.06381988159962e-156,3.74080273850923,0.4,0.019,1.4988158311857e-152,"5","NDC80"
5.7329872751699e-156,4.81109413708805,0.185,0.002,8.07720577198688e-152,"5","DSCC1"
6.23201393406756e-156,3.54724785979184,0.546,0.038,8.78028443170779e-152,"5","HELLS"
1.92881623743119e-152,3.83864445861326,0.331,0.012,2.7175091969168e-148,"5","BRCA2"
2.05223914524093e-152,4.94148191840023,0.162,0.001,2.89139973172995e-148,"5","OIP5"
1.79765071241541e-151,4.28424543092617,0.977,0.176,2.53271008872207e-147,"5","STMN1"
1.8971463235271e-150,4.45166467524589,0.262,0.007,2.67288945521733e-146,"5","RMI2"
1.09600358586409e-147,3.17407628736305,0.477,0.029,1.54415945212392e-143,"5","LIG1"
3.18587479897981e-147,5.49112232845303,0.162,0.002,4.48857900428265e-143,"5","GINS1"
2.18396052087954e-146,2.50851449393355,0.631,0.052,3.07698197786719e-142,"5","CENPK"
2.19377042157236e-145,3.06706161459449,0.677,0.064,3.0908031469533e-141,"5","MCM5"
2.69475231021384e-144,3.42527721851553,0.385,0.019,3.79663652986028e-140,"5","ATAD5"
5.91806131420093e-144,2.67574971820158,0.692,0.065,8.3379565855777e-140,"5","TMEM106C"
2.36704052363219e-142,3.97484784374859,0.208,0.004,3.3349233937454e-138,"5","PRR11"
1.09257405566818e-141,5.46863106961412,0.246,0.007,1.5393275870309e-137,"5","CDC20"
1.73670365977828e-141,3.48599092102634,0.438,0.026,2.44684178626161e-137,"5","RNASEH2A"
8.8275795080661e-141,3.32065191228035,0.308,0.011,1.24371767689143e-136,"5","PAQR4"
1.95742433360631e-140,3.33458368924069,0.354,0.016,2.75781514361793e-136,"5","CHAF1A"
4.59231691796308e-139,7.49879478957255,0.115,0,6.47011530571818e-135,"5","E2F8"
1.71804535609386e-138,5.2175303077427,0.169,0.002,2.42055410220064e-134,"5","BRIP1"
2.28626347301647e-137,4.01495734336482,0.315,0.013,3.2211166071329e-133,"5","MXD3"
3.34966433298273e-136,2.51526401298564,0.554,0.043,4.71934207873936e-132,"5","RRM1"
6.14740637975633e-134,5.66535631602059,0.123,0.001,8.66108084843869e-130,"5","KIF18B"
7.03758072058836e-134,5.95885121342011,0.123,0.001,9.91524747723693e-130,"5","KIF20A"
6.27241873718048e-133,3.57471085889069,0.262,0.008,8.83721075881358e-129,"5","RACGAP1"
1.43672359680965e-132,3.85347445759523,0.231,0.006,2.02419987554512e-128,"5","CCNF"
5.6691273080927e-132,4.26370083973958,0.177,0.003,7.98723346437181e-128,"5","TRIP13"
6.10952805681101e-131,5.96955883921689,0.131,0.001,8.60771407924103e-127,"5","XRCC2"
3.24173378986351e-130,3.50378500684725,0.354,0.018,4.5672787365387e-126,"5","HMGB3"
5.81799290088894e-129,2.63191531856062,0.662,0.067,8.19697019806243e-125,"5","SNRNP25"
8.97485026095371e-129,6.74733449110161,0.108,0,1.26446665326577e-124,"5","CDC25C"
1.24349096665275e-128,2.74165219470513,0.585,0.052,1.75195442291706e-124,"5","PHF19"
7.93845406592585e-127,2.68926505216161,0.446,0.03,1.11844879334829e-122,"5","PRIM1"
1.45170862642276e-126,3.54477525952582,0.254,0.008,2.04531228376703e-122,"5","KNSTRN"
2.90479370818659e-125,2.94881723868236,0.385,0.022,4.09256385546408e-121,"5","WDR76"
3.16377380349846e-125,5.06103221989832,0.131,0.001,4.45744091174897e-121,"5","SKA1"
1.05494666445721e-123,4.61212590934395,0.169,0.003,1.48631435555376e-119,"5","PLK4"
3.03111266531851e-123,4.37301456567578,0.231,0.007,4.27053463416725e-119,"5","E2F1"
4.64653277423768e-123,2.70076324203609,0.508,0.041,6.54650002562346e-119,"5","GMNN"
2.7770524362395e-122,2.99765032316576,0.792,0.111,3.91258917741784e-118,"5","PCNA"
2.75162712377191e-121,5.32269174692358,0.123,0.001,3.87676745468225e-117,"5","DEPDC1"
5.69615211621267e-121,6.84881390771437,0.108,0,8.02530871653203e-117,"5","APOBEC3B"
4.15832857495607e-119,4.41516858475685,0.277,0.011,5.85866912925561e-115,"5","CCNB1"
2.76440358767018e-118,2.75931673798007,0.346,0.019,3.89476821466852e-114,"5","MIS18A"
1.11042261478028e-115,2.97166679263812,0.362,0.021,1.56447442196394e-111,"5","FBXO5"
1.44816264638358e-114,2.82450535191516,0.546,0.052,2.04031635248983e-110,"5","ATAD2"
1.13164936487418e-113,3.41142276131492,0.208,0.006,1.59438079017124e-109,"5","PSMC3IP"
2.11438158659432e-113,2.50221810818209,0.7,0.084,2.97895221735274e-109,"5","DNAJC9"
3.30762537518126e-112,3.04556894843391,0.323,0.017,4.66011339109288e-108,"5","RFC5"
9.35960392084529e-109,3.06869117635873,0.262,0.011,1.31867459640789e-104,"5","ARHGAP11A"
7.63793887581114e-108,3.53267825222333,0.3,0.015,1.07610920821303e-103,"5","SAC3D1"
1.73932429213456e-106,2.70470652536464,0.308,0.016,2.45053399518838e-102,"5","CDK2"
1.4753998917325e-105,3.00583147455165,0.331,0.019,2.07869090746192e-101,"5","DSN1"
8.57839035374842e-105,2.1562838950458,0.746,0.1,1.20860941693962e-100,"5","CCDC167"
9.81183772761762e-105,2.51006390994558,0.446,0.037,1.38238981744405e-100,"5","BARD1"
7.69664724390288e-104,2.67650601884839,0.315,0.018,1.08438063019348e-99,"5","PXMP2"
9.83407933497465e-103,2.90618703160144,0.285,0.014,1.38552343750458e-98,"5","POLA2"
8.7765406256222e-102,2.95863259257547,0.485,0.046,1.23652680874391e-97,"5","MCM6"
2.99496496733117e-101,2.83940265356026,0.292,0.016,4.21960614247289e-97,"5","NRM"
1.52656292608846e-99,4.12759068094313,0.146,0.003,2.15077450656603e-95,"5","DNA2"
1.55221078656213e-99,2.03939014102828,0.677,0.087,2.18690977718739e-95,"5","NUDT1"
2.73898389290604e-99,2.26887576357919,0.469,0.042,3.85895440671533e-95,"5","HIRIP3"
3.85131446316259e-98,5.65030479060449,0.1,0.001,5.42611694714978e-94,"5","ESPL1"
4.18487890556279e-97,4.99815448433402,0.108,0.001,5.89607589004742e-93,"5","TRAIP"
1.23086593799913e-96,2.80119159495037,0.254,0.012,1.73416702004697e-92,"5","RFC3"
1.90821940996703e-96,2.39313111230005,0.469,0.044,2.68849032670254e-92,"5","HADH"
1.85263951002307e-95,2.62065875377019,0.577,0.069,2.61018380567151e-91,"5","MCM3"
2.26447688076433e-95,3.49940126406261,0.2,0.007,3.19042147730887e-91,"5","PARPBP"
3.17011053130068e-95,2.47275010751277,0.292,0.017,4.46636872754953e-91,"5","TUBG1"
4.70255655857491e-95,2.79025167961079,0.9,0.195,6.62543193537619e-91,"5","DUT"
3.93995665796765e-94,4.12495385609528,0.123,0.002,5.55100493541062e-90,"5","PSRC1"
4.44629069497046e-94,2.30352932316478,0.569,0.066,6.26437896014388e-90,"5","EZH2"
1.52136654233002e-93,2.12185201357276,0.623,0.078,2.14345332148876e-89,"5","CBX5"
2.14836062874422e-93,2.58090264291596,0.515,0.056,3.02682528983773e-89,"5","KIF20B"
8.22425926288406e-93,5.41686314787641,0.1,0.001,1.15871588754774e-88,"5","E2F2"
1.06521497736697e-92,2.03310227098128,0.662,0.088,1.50078138161232e-88,"5","SKA2"
4.0275355655247e-92,2.7296213918935,0.423,0.038,5.67439485826775e-88,"5","TACC3"
6.33197728949521e-90,3.21461404347183,0.215,0.009,8.92112280316979e-86,"5","FANCD2"
9.06522326461252e-90,4.08858004216953,0.169,0.005,1.27719930575126e-85,"5","POLE2"
2.94619118253517e-89,4.24998840777111,0.115,0.002,4.15088875707381e-85,"5","RECQL4"
1.20848448649825e-88,3.16845973016599,0.215,0.009,1.70263379302738e-84,"5","TIMELESS"
1.7534746115087e-88,2.06191986808492,0.431,0.04,2.4704703801546e-84,"5","IFI27L1"
2.70607709236595e-87,2.54094085545046,0.4,0.036,3.81259201543438e-83,"5","RFC4"
1.43396854379742e-86,2.00612247617457,0.423,0.039,2.02031828135618e-82,"5","BCL2L12"
2.78032545476097e-85,2.03781683911987,0.677,0.101,3.91720053321273e-81,"5","USP1"
1.23949574151796e-83,5.47723823866596,0.1,0.001,1.74632555022465e-79,"5","TTK"
1.45223509109551e-83,3.6550401413098,0.154,0.005,2.04605401984447e-79,"5","CENPO"
1.74699712890178e-83,2.2639588640443,0.715,0.117,2.46134425490971e-79,"5","TMPO"
1.13549034733199e-82,3.58067813637145,0.146,0.004,1.59979235035603e-78,"5","ZNF367"
4.90846400246791e-82,1.7014290862156,0.446,0.046,6.91553493307704e-78,"5","ACOT7"
8.49329286365078e-82,2.36881103969778,0.408,0.039,1.19662003155976e-77,"5","PAICS"
1.6968141467226e-81,3.3953617255152,0.131,0.003,2.39064145131747e-77,"5","DDIAS"
2.22251831212644e-80,2.549640590433,0.254,0.015,3.13130604995495e-76,"5","FANCG"
7.93273250088524e-79,2.3510905382143,0.254,0.015,1.11764268204972e-74,"5","SLC43A3"
1.20422140609582e-78,2.04488770577567,0.477,0.055,1.6966275390484e-74,"5","ITGB3BP"
6.25161423491812e-78,2.07724607306862,0.838,0.172,8.80789929557613e-74,"5","CARHSP1"
1.29509474896316e-77,2.62449321407246,0.292,0.021,1.82465899181419e-73,"5","AURKA"
1.14851027686909e-76,2.03641762222959,0.492,0.06,1.61813612908086e-72,"5","RFC2"
1.28597804235232e-76,2.73632068085326,0.238,0.014,1.81181446387018e-72,"5","GPSM2"
1.56975984929131e-76,2.31246674310082,0.331,0.028,2.21163465166653e-72,"5","NUDT8"
3.12832018495651e-76,3.08583133969228,0.208,0.01,4.40749030858523e-72,"5","KNTC1"
4.96662668717658e-76,1.97792756414435,0.562,0.077,6.99748033956308e-72,"5","SAE1"
1.31629246546086e-75,3.30105013178258,0.169,0.007,1.85452445458781e-71,"5","CHAF1B"
3.35352995515843e-75,1.96710101327153,0.531,0.07,4.72478835382271e-71,"5","CDK4"
7.54999410074186e-73,3.5657985402191,0.131,0.004,1.06371866885352e-68,"5","STIL"
2.79949313929432e-72,2.26138474888761,0.369,0.036,3.94420588395177e-68,"5","CDCA4"
4.10389562328253e-72,2.19750812906169,0.277,0.02,5.78197854364275e-68,"5","SHMT1"
4.22470469482412e-72,3.87709223000146,0.123,0.003,5.95218644453771e-68,"5","SPAG5"
1.47368697489418e-71,2.73580274711958,0.585,0.093,2.07627757892842e-67,"5","PTTG1"
2.68862147083006e-71,2.1393632287737,0.369,0.037,3.78799879025247e-67,"5","MSH2"
1.18372190724241e-70,2.55216390820163,0.262,0.019,1.66774579511383e-66,"5","ZWILCH"
2.78003675987959e-70,1.91478998263104,0.385,0.04,3.91679379099435e-66,"5","NCAPH2"
6.9386980819888e-70,2.08187598500191,0.377,0.039,9.77593172771401e-66,"5","CAMK1"
7.40749568550066e-70,1.76980857996861,0.592,0.09,1.04364206713019e-65,"5","IMPDH2"
1.57377705906084e-69,3.16406508711734,0.177,0.008,2.21729449851082e-65,"5","KIF18A"
3.56047567834185e-69,1.69875189759132,0.769,0.149,5.01635418321584e-65,"5","RPA3"
5.73464570297932e-69,1.55967426370461,0.823,0.164,8.07954233092756e-65,"5","PSMC3"
1.79167480846996e-68,3.13726555152433,0.177,0.008,2.52429063765332e-64,"5","PHGDH"
1.84378225073395e-68,2.56982501098906,0.692,0.144,2.59770481305906e-64,"5","SMC4"
4.62243871782821e-68,1.96443897451337,0.485,0.065,6.51255390954816e-64,"5","KIF22"
1.59313472588616e-67,1.81348164533103,0.777,0.16,2.24456751530102e-63,"5","DNMT1"
1.60177728157761e-67,1.92546273088053,0.738,0.144,2.25674401201469e-63,"5","DDX39A"
2.02699142134833e-67,1.62591520230376,0.608,0.096,2.85582821353767e-63,"5","PRDX3"
2.66617721867925e-67,2.93560062324759,0.169,0.008,3.7563770833972e-63,"5","CEP85"
9.45079172844589e-67,3.25128528796301,0.154,0.006,1.33152204662074e-62,"5","ECT2"
3.78268779243755e-66,3.08365201220091,0.123,0.004,5.32942883076527e-62,"5","NRGN"
9.83343414781181e-66,3.01246368738186,0.138,0.005,1.38543253708521e-61,"5","SUV39H2"
1.02058955671408e-65,3.28358492750501,0.131,0.004,1.43790862645447e-61,"5","ARHGEF39"
1.407210156569e-64,1.61280809782509,0.438,0.055,1.98261838959007e-60,"5","TEX30"
4.73753332042316e-64,1.99372854109847,0.4,0.047,6.67471069514419e-60,"5","MTHFD1"
4.93353094576524e-64,2.90548131901393,0.192,0.011,6.95085174948864e-60,"5","WDHD1"
4.36786462862255e-63,2.7367322261582,0.192,0.011,6.15388447526631e-59,"5","SPDL1"
1.20352753582052e-62,1.54715572062558,0.569,0.091,1.69564994521754e-58,"5","LMNB1"
2.55722646273384e-62,2.14758847165944,0.308,0.029,3.60287636334571e-58,"5","TTF2"
7.92455307930807e-62,2.92876327824863,0.185,0.01,1.11649028334371e-57,"5","POLA1"
8.67326190185493e-62,2.38862721987974,0.331,0.035,1.22197586935234e-57,"5","UNG"
1.69860690722062e-61,2.65727748152187,0.185,0.01,2.39316727158314e-57,"5","CCNE2"
1.92736126493227e-61,1.87838069720783,0.362,0.041,2.71545928616308e-57,"5","RBBP8"
2.17045675429242e-60,2.30074531587702,0.308,0.031,3.05795652112258e-56,"5","NCAPD3"
3.00104648559481e-60,3.69678102349748,0.154,0.007,4.22817439355453e-56,"5","NPW"
3.24021264922208e-60,1.67249864376643,0.369,0.043,4.56513560148899e-56,"5","NUP37"
5.44604581108e-60,1.95331899955988,0.923,0.305,7.67293394323061e-56,"5","ANP32B"
7.93596800541803e-60,1.69343506352262,0.508,0.077,1.11809853228335e-55,"5","TPGS2"
2.22012144606253e-59,2.75160942495533,0.177,0.01,3.1279291053575e-55,"5","CENPP"
2.76308782662962e-59,1.46847502849835,0.7,0.138,3.89291443893847e-55,"5","RNASEH2B"
3.25599177312686e-59,1.62435859210437,0.477,0.069,4.58736680915843e-55,"5","VRK1"
4.0175703960952e-59,2.98941300810984,0.162,0.008,5.66035493105853e-55,"5","TMEM237"
6.57260636150828e-59,1.41629105628569,0.423,0.056,9.26014510272902e-55,"5","RUVBL2"
1.52325583893377e-58,1.85726023268577,0.308,0.031,2.14611515147378e-54,"5","GAMT"
1.78566366631973e-58,2.82483932089211,0.946,0.371,2.51582153947786e-54,"5","HMGB2"
3.8959993890242e-58,2.8906585261698,0.962,0.496,5.48907353919619e-54,"5","TUBA1B"
4.04226088529195e-58,2.30713627327638,0.962,0.456,5.69514136128783e-54,"5","HMGN2"
6.66694556101275e-58,1.78683285968506,0.315,0.033,9.39305960091087e-54,"5","RHNO1"
6.76651537462942e-58,2.1515028117483,0.385,0.049,9.53334351131539e-54,"5","POLD2"
7.95163309017649e-58,2.43917131863969,0.185,0.011,1.12030558607497e-53,"5","PARP2"
1.07947637262529e-57,1.16474135525245,0.708,0.137,1.52087426139177e-53,"5","SMS"
1.49823609679231e-57,1.38833260607994,0.477,0.07,2.11086483677069e-53,"5","POP7"
8.67862309724714e-57,1.59930557299507,0.562,0.097,1.22273120817115e-52,"5","DNPH1"
1.60846220877318e-56,3.74274924286299,0.108,0.003,2.26616240594054e-52,"5","SAPCD2"
2.29522937508507e-56,1.29317477143104,0.477,0.071,3.23374866655735e-52,"5","MAGOHB"
1.34545104573031e-55,2.54623198451505,0.162,0.009,1.89560597832944e-51,"5","RCCD1"
2.69992910139779e-55,1.46658345810297,0.669,0.133,3.80393011095935e-51,"5","MAD2L2"
4.1468084893354e-55,1.56038827347361,0.377,0.048,5.84243848062464e-51,"5","MYCBP"
7.38019203955371e-55,2.24163597409152,0.269,0.026,1.03979525645272e-50,"5","LRR1"
1.1797483681462e-54,1.42078386048737,0.654,0.128,1.66214747588118e-50,"5","HPRT1"
3.64909596830759e-54,2.03525235235024,0.392,0.054,5.14121130974856e-50,"5","CKAP2"
4.69262830084477e-54,1.68961337381647,0.9,0.265,6.6114440130602e-50,"5","RANBP1"
5.66156534618072e-54,1.44840731646131,0.508,0.083,7.97657941623402e-50,"5","DPM2"
7.68811425869672e-54,1.39928197164093,0.446,0.066,1.08317841790778e-49,"5","ACYP1"
2.17045823895176e-53,2.05966623144327,0.285,0.029,3.05795861285913e-49,"5","NCAPD2"
2.68162789492372e-53,1.38402495558959,0.562,0.1,3.77814554115803e-49,"5","GLO1"
6.76961447887919e-53,1.75359764460874,0.785,0.202,9.53770983929289e-49,"5","NUCB2"
7.94708653349533e-53,1.85014314324471,0.223,0.018,1.11966502170416e-48,"5","HAUS8"
1.32458665674213e-52,1.87091107061126,0.285,0.03,1.86621014068398e-48,"5","BLM"
1.46341080825235e-52,2.6969727290327,0.138,0.007,2.06179948774673e-48,"5","INCENP"
1.47898836988034e-52,1.58945509792156,0.431,0.064,2.08374671432441e-48,"5","YEATS4"
3.38384976236577e-52,1.46411697448565,0.623,0.124,4.76750593019714e-48,"5","TMEM14C"
3.99356653034527e-52,1.33141149061756,0.562,0.102,5.62653588460345e-48,"5","PPIH"
7.11171669297087e-52,1.42395891902111,0.531,0.093,1.00196976487267e-47,"5","SSRP1"
8.68038177392693e-52,1.48325916609406,0.546,0.099,1.22297898812857e-47,"5","ZDHHC12"
1.04154630138287e-51,1.21007747821597,0.638,0.127,1.46743458401833e-47,"5","HINT2"
3.02636526743154e-51,1.29060078113006,0.738,0.165,4.2638460252843e-47,"5","RBBP7"
5.72963913505736e-51,2.26385090208874,0.208,0.017,8.07248857738231e-47,"5","RFWD3"
7.51596963541066e-51,1.58144655798964,0.415,0.061,1.05892496193301e-46,"5","ACAT2"
8.05562507882104e-51,1.65958841635294,0.315,0.037,1.1349570173551e-46,"5","MYL6B"
9.38656668636591e-51,2.87845275767618,0.115,0.005,1.32247338044209e-46,"5","MTFR2"
1.04348939553788e-50,2.01092032043702,0.238,0.022,1.47017220937332e-46,"5","CEP152"
1.71029121478258e-50,1.45433999720674,0.362,0.048,2.40962929250718e-46,"5","TOPBP1"
1.93064940244251e-50,1.72851947100725,0.477,0.081,2.72009194310125e-46,"5","DCTPP1"
2.60085798986875e-50,1.68060725833352,0.569,0.111,3.66434882192609e-46,"5","NME1"
2.67339526080492e-50,3.51332638396572,0.108,0.004,3.76654658294805e-46,"5","DERL3"
3.24512640587851e-50,1.73041289348672,0.254,0.025,4.57205859324223e-46,"5","CENPJ"
4.88619116958126e-50,2.77447928836082,0.177,0.012,6.88415473882304e-46,"5","POLE"
6.30064818158954e-50,1.78907769185839,0.485,0.084,8.8769832230415e-46,"5","TFDP1"
6.32335770256083e-50,1.62394672824451,0.862,0.251,8.90897866713795e-46,"5","SIVA1"
6.64327394146595e-50,1.65622777381402,0.938,0.34,9.35970865613138e-46,"5","DEK"
7.91954194416793e-50,1.19060456144655,0.377,0.052,1.11578426451382e-45,"5","RAD51C"
1.0963663663422e-49,1.4337710189815,0.354,0.047,1.54467057353953e-45,"5","DENND6B"
1.43608662857443e-49,1.43113469719788,0.492,0.085,2.02330245099851e-45,"5","TIMM10"
2.61218520361115e-49,2.19184513922309,0.262,0.027,3.68030773336775e-45,"5","PIF1"
3.121299047489e-49,1.33488155324891,0.8,0.2,4.39759822800725e-45,"5","LSM5"
3.6592538291316e-49,1.68961578047021,0.446,0.074,5.15552271986351e-45,"5","CDKN2C"
4.07559754927847e-49,1.90576123596313,0.269,0.029,5.74210938717843e-45,"5","FANCL"
4.63840721267081e-49,1.68341668571516,0.592,0.121,6.5350519219319e-45,"5","HMGA1"
5.35126843975386e-49,1.53033801547683,0.354,0.047,7.53940210476921e-45,"5","PMM1"
5.68645392825934e-49,1.34466717772055,0.877,0.243,8.01164493952459e-45,"5","SNRPD1"
8.38317226079938e-49,1.45208913362308,0.592,0.12,1.18110513982402e-44,"5","SMC1A"
1.2145577713724e-48,1.53029936416068,0.846,0.245,1.71119044408658e-44,"5","IDH2"
1.48571649609601e-48,2.26815604204885,0.208,0.017,2.09322597134966e-44,"5","FIGNL1"
1.75432921917212e-48,1.37662398255086,0.446,0.072,2.47167443689159e-44,"5","SCCPDH"
1.90742970037259e-48,3.18311156122722,0.115,0.005,2.68737770485495e-44,"5","ASRGL1"
2.21294188920263e-48,1.48509221777242,0.708,0.167,3.11781382769758e-44,"5","CD38"
3.66818820142499e-48,1.46421298285987,0.431,0.068,5.16811035698767e-44,"5","ADSL"
3.99194895184021e-48,1.98903132943843,0.208,0.018,5.62425687824767e-44,"5","PIDD1"
4.35375711951096e-48,1.09643241573591,0.569,0.108,6.13400840567899e-44,"5","EXOSC8"
2.10247198077441e-47,2.42452877494156,0.154,0.01,2.96217277371307e-43,"5","PRELID2"
2.30592924083781e-47,2.03508806988162,0.2,0.017,3.24882370741639e-43,"5","CEP57L1"
2.3213566504303e-47,1.49634993154824,0.392,0.059,3.27055938479125e-43,"5","CCDC28B"
2.88538693817363e-47,1.24104519052931,0.5,0.089,4.06522165719283e-43,"5","BOLA3"
2.94754235797545e-47,2.13943816110471,0.231,0.022,4.15279242815161e-43,"5","LRRC45"
6.49080963301607e-47,1.64972753518121,0.315,0.04,9.14490169195634e-43,"5","SEPHS1"
1.35123298664478e-46,2.85005512306744,0.138,0.008,1.90375215488382e-42,"5","CNTLN"
2.05625064844437e-46,1.46071628581029,0.338,0.046,2.89705153859328e-42,"5","THOC3"
2.36200074516497e-46,1.11790902307455,0.554,0.107,3.32782284986292e-42,"5","UQCC2"
3.12784251237654e-46,1.70180170812786,0.308,0.039,4.4068173156873e-42,"5","EMC9"
9.73161629322238e-46,1.07661973516313,0.469,0.081,1.3710874195521e-41,"5","VPS25"
1.80452518013774e-45,1.83212086703188,0.223,0.021,2.54239552629606e-41,"5","LMNB2"
4.27867922932199e-45,2.36934794056799,0.146,0.009,6.02823116619176e-41,"5","CHEK2"
5.55423113877161e-45,2.72972987066591,0.138,0.008,7.82535625141532e-41,"5","NET1"
6.41572965537332e-45,1.24500641681827,0.754,0.189,9.03912151145547e-41,"5","ETFB"
7.44941702895241e-45,0.973258094982371,0.615,0.129,1.04954836520911e-40,"5","MEA1"
9.3459393442407e-45,1.52765677839536,0.231,0.023,1.31674939421007e-40,"5","SMCO4"
1.36234764722389e-44,1.55716791587574,0.908,0.324,1.91941160017374e-40,"5","NUCKS1"
1.40356314736534e-44,1.35084060779996,0.285,0.034,1.97748011832303e-40,"5","COPRS"
2.48074049099241e-44,1.20046673198992,0.492,0.092,3.4951152777592e-40,"5","POLR3K"
3.64957408227801e-44,1.70094621453528,0.277,0.033,5.14188492452149e-40,"5","CCDC18"
3.94004579744184e-44,1.31789313179712,0.408,0.066,5.55113052401581e-40,"5","HAUS1"
1.6384548377663e-43,1.99522876967442,0.215,0.021,2.30841902092894e-39,"5","CTNNAL1"
1.66219935721575e-43,2.97655839340253,0.131,0.008,2.34187267438127e-39,"5","ARHGAP33"
2.22559413032046e-43,1.396116139536,0.462,0.084,3.1356395702085e-39,"5","GGCT"
2.68539716025088e-43,1.77250891478748,0.246,0.027,3.78345605907746e-39,"5","BUD13"
3.09227810957662e-43,2.16416452024124,0.223,0.023,4.35671062858251e-39,"5","MMS22L"
5.21501423302615e-43,1.0330097474397,0.485,0.09,7.34743355291054e-39,"5","PPA2"
5.8188089750345e-43,1.2857016352529,0.331,0.047,8.19811996492611e-39,"5","ACTL6A"
6.92249132106436e-43,1.37974278810501,0.446,0.08,9.75309802224757e-39,"5","GMPS"
9.51203849945385e-43,1.34500542643215,0.5,0.098,1.34015110418805e-38,"5","PMVK"
1.64153052671195e-42,1.55110803550082,0.946,0.472,2.31275235908446e-38,"5","RAN"
3.35807174994724e-42,2.26471589436383,0.138,0.009,4.73118728850067e-38,"5","IMPA2"
4.19907900890677e-42,1.21755376717048,0.362,0.055,5.91608241564875e-38,"5","THOC6"
4.2963641002824e-42,1.41396777459423,0.577,0.129,6.05314738088787e-38,"5","MIS18BP1"
5.37796490260446e-42,2.82475779096231,0.1,0.004,7.57701475127942e-38,"5","GINS3"
6.62840168139885e-42,2.11798293250615,0.185,0.016,9.33875512892283e-38,"5","CBR3"
6.83077171550447e-42,1.39825258535675,1,0.769,9.62387426997424e-38,"5","HMGB1"
6.94258396849118e-42,1.27925608528155,0.723,0.188,9.78140655320722e-38,"5","RNASEH2C"
7.45503223464412e-42,1.79037210497933,0.254,0.03,1.05033949153901e-37,"5","CSE1L"
7.86811236345274e-42,1.05078287474708,0.7,0.17,1.10853835088686e-37,"5","NDUFB6"
1.05249307436235e-41,1.66344354756554,0.215,0.022,1.48285749246912e-37,"5","BRI3BP"
1.06391387922874e-41,1.53957137030347,0.446,0.083,1.49894826444538e-37,"5","RPA1"
1.34860224899027e-41,1.9223816389535,0.246,0.028,1.90004570860239e-37,"5","POLD3"
1.56176062874199e-41,1.66158911372402,0.254,0.03,2.20036454983459e-37,"5","AHCY"
1.60100776857183e-41,1.27598712307191,0.746,0.199,2.25565984514085e-37,"5","TALDO1"
1.74140633772706e-41,2.08667771525047,0.231,0.025,2.45346738922366e-37,"5","DONSON"
1.9129346969873e-41,1.61640956562976,0.315,0.045,2.6951336945854e-37,"5","MSH6"
3.03799197200223e-41,1.33500884602823,0.354,0.055,4.28022688935394e-37,"5","TP53"
4.07840371355299e-41,1.90051578526598,0.246,0.029,5.74606299202481e-37,"5","TIPIN"
4.31305600200367e-41,1.00048347963314,0.5,0.097,6.07666460122296e-37,"5","HDAC2"
4.69362942108758e-41,1.45209836263529,0.308,0.043,6.61285449137029e-37,"5","MLH1"
6.66403469167733e-41,1.94913735812494,0.208,0.021,9.38895847710419e-37,"5","DDX11"
7.05778097488403e-41,1.47662345529669,0.338,0.052,9.94370761551411e-37,"5","ECI1"
7.10052868317529e-41,1.42348427992457,0.377,0.062,1.00039348617257e-36,"5","PAFAH1B3"
9.03389119622341e-41,1.31305621662842,0.777,0.221,1.27278493063592e-36,"5","LSM4"
1.07108115564913e-40,1.66717469561345,0.223,0.024,1.50904624019405e-36,"5","PCBD2"
1.57486496701797e-40,1.23575911990747,0.838,0.251,2.21882725203161e-36,"5","LSM3"
2.07134440689562e-40,1.60024367117568,0.285,0.038,2.91831713487524e-36,"5","PRIM2"
2.59198345288681e-40,1.26169604828794,0.492,0.099,3.65184548677223e-36,"5","FAM111A"
3.13996462864929e-40,1.24999835532614,0.746,0.205,4.42389616530399e-36,"5","PSIP1"
3.41559951173073e-40,1.02330853405279,0.638,0.148,4.81223815207743e-36,"5","AKR7A2"
3.46955362498174e-40,1.08959248832339,0.354,0.055,4.88825410223677e-36,"5","GSS"
5.89816561613724e-40,1.21801921037102,0.692,0.178,8.30992553657576e-36,"5","SMC3"
6.82260904458441e-40,1.73312963427212,0.292,0.04,9.61237388291497e-36,"5","NIPSNAP3A"
6.97959511830892e-40,2.47045628460947,0.131,0.008,9.83355156218543e-36,"5","CHTF18"
8.71309767571581e-40,1.29262442918192,0.431,0.079,1.2275883315316e-35,"5","PDS5B"
1.00733154878424e-39,1.25400018455846,0.654,0.162,1.41922941908212e-35,"5","SLBP"
1.01905414218577e-39,0.935987127970795,0.623,0.143,1.43574538092553e-35,"5","STOML2"
1.067795431406e-39,1.47939728461157,0.223,0.024,1.50441698330792e-35,"5","SASS6"
1.295177667545e-39,0.99985410725625,0.508,0.103,1.82477581580415e-35,"5","HDGF"
1.30869371591338e-39,2.27392675660201,0.123,0.007,1.84381857635036e-35,"5","GSTCD"
1.58913343003167e-39,1.1677822952099,0.4,0.07,2.23893008957161e-35,"5","EXOSC3"
1.81852626631648e-39,1.47161688383168,0.277,0.037,2.56212165661329e-35,"5","SAMD1"
1.8496799366732e-39,1.00619085460658,0.4,0.069,2.60601406277888e-35,"5","NABP2"
2.05012440081576e-39,1.10534171049544,0.377,0.063,2.88842026830932e-35,"5","NTAN1"
2.20790151570087e-39,1.44173660730777,0.369,0.061,3.11071244547096e-35,"5","OXCT1"
2.66469853444261e-39,1.2417358227904,0.792,0.229,3.75429376517619e-35,"5","HNRNPAB"
2.82254113950908e-39,2.39567124363943,0.169,0.014,3.97667821145434e-35,"5","MTHFD1L"
4.24295472415369e-39,1.00826638935418,0.554,0.121,5.97789891086014e-35,"5","TMEM141"
5.79997783032613e-39,1.33863154118049,0.338,0.053,8.17158876514648e-35,"5","HACD3"
6.09034812755595e-39,1.23087424668476,0.377,0.064,8.58069147691357e-35,"5","TMEM18"
6.34141971609534e-39,1.08700474507345,0.523,0.11,8.93442623800672e-35,"5","RTN3"
7.03687128058189e-39,1.96078686588951,0.262,0.034,9.91424794721182e-35,"5","CKAP5"
8.18775554881523e-39,2.08999528719757,0.262,0.034,1.15357287927258e-34,"5","OAS3"
8.37169997662773e-39,1.65988567315657,0.285,0.039,1.17948880970708e-34,"5","DPF3"
8.39926087840062e-39,1.20502488008992,0.892,0.292,1.18337186515786e-34,"5","CBX3"
1.20302595022594e-38,1.28335151457903,0.454,0.089,1.69494326127333e-34,"5","SNRPA"
1.2302409770882e-38,1.59246920218179,0.485,0.103,1.73328651261956e-34,"5","CD9"
1.33501834513642e-38,1.08806155673598,0.677,0.17,1.8809073464627e-34,"5","PMF1"
1.36441369926435e-38,1.77383202744734,0.208,0.022,1.92232246089354e-34,"5","COQ2"
1.71012354134177e-38,1.05084752949938,0.569,0.127,2.40939305739641e-34,"5","PSMD14"
1.86471835018041e-38,1.25355447418095,0.831,0.263,2.62720168356918e-34,"5","ANAPC11"
2.76639887238198e-38,1.3367889442544,0.746,0.216,3.89757937129897e-34,"5","ARL6IP4"
2.98519582274057e-38,2.08407267377542,0.177,0.016,4.20584239465919e-34,"5","SCMH1"
4.03260855846331e-38,-2.14984569855179,0.262,0.85,5.68154219801896e-34,"5","HLA-B"
4.70698605786141e-38,0.752556413955188,0.577,0.128,6.63167265692094e-34,"5","THYN1"
4.77591899710114e-38,0.88931561791645,0.546,0.119,6.7287922750158e-34,"5","COPS3"
4.80997710447357e-38,1.74213013585827,0.192,0.019,6.77677674249282e-34,"5","LRRCC1"
5.0714434867428e-38,1.66835869082368,0.262,0.034,7.14515672847193e-34,"5","NUP93"
6.05389386302442e-38,2.19223379222642,0.154,0.012,8.5293310636151e-34,"5","POLD1"
7.47009944196905e-38,1.22895344011077,0.454,0.09,1.05246231037902e-33,"5","RTCB"
7.83535371563008e-38,1.51815258384783,0.977,0.501,1.10392298499512e-33,"5","ENO1"
9.40689005628348e-38,1.05294542876215,0.7,0.182,1.32533674002978e-33,"5","PARP1"
1.04587564591634e-37,1.40457323550499,0.7,0.197,1.47353419753153e-33,"5","RAD21"
1.24924994678206e-37,1.15389816750983,0.446,0.087,1.76006825002124e-33,"5","PSMD1"
1.33981913030655e-37,1.73571387800814,0.254,0.033,1.88767117268889e-33,"5","HSDL2"
2.06278510951217e-37,0.80726211735025,0.546,0.119,2.9062579407917e-33,"5","CHCHD1"
4.28108677829826e-37,1.14957771449011,0.346,0.057,6.03162316194441e-33,"5","CNP"
5.39830072855888e-37,1.12662977437902,0.631,0.158,7.6056658964666e-33,"5","ZCRB1"
5.76547522493087e-37,1.36586304249423,0.923,0.35,8.12297804440511e-33,"5","CALM3"
5.7697770334676e-37,1.27729704756551,0.338,0.055,8.1290388624525e-33,"5","PRPS2"
7.37398424036188e-37,1.3755122334769,0.315,0.049,1.03892063962459e-32,"5","MGME1"
7.96285315557904e-37,1.04879660033646,0.462,0.093,1.12188638108953e-32,"5","SF3A2"
9.43197537290161e-37,1.33018951819582,0.254,0.033,1.32887101028811e-32,"5","SMUG1"
1.0799243119026e-36,1.65634497101157,0.192,0.02,1.52150536303957e-32,"5","MPP1"
1.15642930724653e-36,0.970826599862146,0.485,0.101,1.62929325097964e-32,"5","RANGRF"
1.31096372171792e-36,1.4400323389657,0.623,0.166,1.84701678752838e-32,"5","ITM2C"
1.57799598806517e-36,1.21130783634153,0.515,0.114,2.22323854758501e-32,"5","SUZ12"
1.61776573563165e-36,1.03596181023872,0.392,0.071,2.27927014493144e-32,"5","PRPSAP1"
1.87191836496508e-36,1.839578512002,0.192,0.02,2.63734578439931e-32,"5","CENPQ"
2.23997919216306e-36,0.782013996241388,1,0.985,3.15590668383853e-32,"5","PTMA"
2.51870634614807e-36,0.99757979983542,0.538,0.12,3.54860537108801e-32,"5","HAT1"
2.99474304972363e-36,1.22319070234558,0.331,0.054,4.21929348275563e-32,"5","SLC39A4"
3.00306620665501e-36,1.09206261925341,0.485,0.102,4.23101997855624e-32,"5","SNX10"
3.31356322073715e-36,1.10380178872474,0.431,0.084,4.66847922169657e-32,"5","EIF4EBP1"
3.5404737917468e-36,1.10428341905063,0.531,0.12,4.98817352519206e-32,"5","BAZ1B"
4.07675379438511e-36,0.873601907091256,0.646,0.16,5.74373842090919e-32,"5","YWHAH"
5.13043779921222e-36,0.838335307304805,0.415,0.079,7.22827381531009e-32,"5","WDR61"
5.43506996251372e-36,1.02248415434282,0.431,0.085,7.65747007018558e-32,"5","HMGXB4"
7.31183926180342e-36,0.960706446549247,0.762,0.215,1.03016503359548e-31,"5","NONO"
7.99424531258678e-36,1.92349262128595,0.138,0.011,1.12630922209035e-31,"5","ARHGAP19"
8.98608592025248e-36,1.52785997716728,0.254,0.034,1.26604964530437e-31,"5","PRADC1"
9.45891485678437e-36,1.14241923326022,0.869,0.284,1.33266651417235e-31,"5","RALY"
1.09572267705749e-35,1.14084041178413,1,0.884,1.54376367970629e-31,"5","GAPDH"
1.31003628277718e-35,1.37643890021495,0.315,0.05,1.84571011880477e-31,"5","N4BP2"
1.31577174020289e-35,0.896961684654475,0.562,0.13,1.85379080477185e-31,"5","SLC25A11"
1.34599428935566e-35,1.0491102244314,0.762,0.216,1.89637135427319e-31,"5","ILF2"
1.42752118927237e-35,0.857458064066724,0.708,0.187,2.01123460356584e-31,"5","SNRPC"
1.4550036084433e-35,1.30167124813843,0.277,0.04,2.04995458393576e-31,"5","MMAB"
1.52208134132785e-35,1.92278176247716,0.485,0.113,2.1444604017968e-31,"5","TUBA1C"
1.68775787898683e-35,1.68617555103474,0.915,0.397,2.37788207570454e-31,"5","COTL1"
1.78529843158031e-35,1.16582438348859,0.846,0.267,2.5153069602535e-31,"5","SNRPE"
1.83841942052738e-35,1.1773691186594,0.615,0.157,2.59014912158103e-31,"5","SLC25A39"
2.10857092510873e-35,1.07017899116114,0.385,0.071,2.97076557638569e-31,"5","FAM207A"
2.30278094397452e-35,1.03296709220959,0.523,0.117,3.2443880719657e-31,"5","GUSB"
2.92729590546191e-35,1.66972097093904,0.2,0.022,4.12426720120529e-31,"5","LRRC42"
3.19734199275751e-35,0.902660966956269,0.723,0.198,4.50473513359606e-31,"5","FDPS"
3.32526891548044e-35,1.2684606242101,0.331,0.055,4.68497137502039e-31,"5","SERPINE2"
3.47406873254894e-35,1.20953507986558,0.385,0.071,4.8946154372882e-31,"5","ISOC2"
3.8989705892154e-35,0.947994140987587,0.646,0.165,5.49325966314558e-31,"5","ACAA2"
4.85186142231969e-35,0.91283802405722,0.469,0.098,6.83578755790622e-31,"5","PFDN6"
6.21161676786804e-35,0.960731667445236,0.338,0.057,8.75154686424929e-31,"5","DNTTIP1"
7.05730458592401e-35,0.959097983866313,0.385,0.071,9.94303643110833e-31,"5","ELP6"
7.53219908339145e-35,1.558809518603,0.254,0.035,1.06121152885902e-30,"5","ANKRD26"
7.93676962532379e-35,1.23092618781066,0.362,0.065,1.11821147251187e-30,"5","RCC2"
8.47008524534037e-35,1.21985330110542,0.846,0.287,1.193350310216e-30,"5","SNRPF"
9.52504541715414e-35,0.876933335610394,0.669,0.174,1.34198364882285e-30,"5","LSM6"
1.23905763742432e-34,1.53727070036636,0.185,0.019,1.74570830536713e-30,"5","TSPAN4"
1.35479860328746e-34,0.869684627423283,0.462,0.097,1.9087757521717e-30,"5","EIF4EBP2"
1.59925522972995e-34,-1.36450387839923,1,1,2.25319069316652e-30,"5","KLRC2"
1.97823054728202e-34,2.8252432274553,0.108,0.007,2.78712901806563e-30,"5","NCS1"
2.18668884224205e-34,1.38009114142555,0.285,0.043,3.08082590983482e-30,"5","GALK1"
2.48076914042079e-34,0.956776786951877,0.746,0.211,3.49515564193885e-30,"5","MDH1"
2.60114022047517e-34,1.02205112294037,0.662,0.18,3.66474645662747e-30,"5","FABP5"
2.72433243463568e-34,0.992556120739331,0.331,0.056,3.8383119671582e-30,"5","HLTF"
3.45653980405221e-34,0.994880629781981,0.454,0.095,4.86991892992916e-30,"5","IMMT"
3.5766539256583e-34,1.04592501909202,0.554,0.132,5.03914771585998e-30,"5","LAGE3"
3.68235541498535e-34,2.56718121783017,0.131,0.01,5.18807054417287e-30,"5","SLC29A1"
4.7037375928151e-34,1.85195121866602,0.177,0.018,6.62709589451719e-30,"5","SKP2"
4.76639100620528e-34,1.27932040402172,0.269,0.039,6.71536828864262e-30,"5","PDLIM7"
5.64693710669612e-34,1.09443977072899,0.723,0.211,7.95596968962416e-30,"5","PPM1G"
5.74542325488722e-34,1.41451676662934,0.277,0.042,8.09472682381061e-30,"5","BCKDK"
5.99150954400851e-34,1.93698828989276,0.123,0.009,8.44143779655359e-30,"5","RFX2"
7.01132217976932e-34,0.664220014789269,0.608,0.148,9.87825181907699e-30,"5","TMEM109"
9.42177806034044e-34,1.0850190668501,0.5,0.113,1.32743431092137e-29,"5","CD151"
1.10484229373925e-33,1.04731076431591,0.492,0.112,1.55661230764923e-29,"5","COMMD4"
1.10838230740973e-33,1.30627428571481,0.331,0.057,1.56159983290956e-29,"5","SPATS2L"
1.22052195509251e-33,0.932795326640179,0.508,0.116,1.71959338252983e-29,"5","NUDT21"
1.3522527317843e-33,1.62802919828357,0.192,0.022,1.90518887381091e-29,"5","PGAP2"
1.35319968953112e-33,0.91748071330695,0.462,0.099,1.9065230425804e-29,"5","NDUFA8"
1.53175283044544e-33,2.24551724375014,0.138,0.011,2.15808656281459e-29,"5","ZGRF1"
1.63466182364139e-33,1.19691650479909,0.462,0.101,2.30307504332836e-29,"5","TSPAN5"
1.84777745265276e-33,0.86443811240702,0.362,0.066,2.60333365304247e-29,"5","RUVBL1"
2.36244983180515e-33,1.37379769721766,0.331,0.058,3.32845556803027e-29,"5","SHMT2"
2.43552449116383e-33,1.16626812017781,0.838,0.291,3.43141045560072e-29,"5","BANF1"
2.72836895251296e-33,1.38238662664221,0.231,0.03,3.84399901719551e-29,"5","ARMC6"
3.86109426096729e-33,1.23912969339915,0.408,0.083,5.43989570427682e-29,"5","APOBEC3H"
4.17709409230733e-33,0.758911645448577,0.562,0.135,5.8851078666518e-29,"5","MPST"
4.85727265214353e-33,0.934737866496921,0.754,0.222,6.84341143960502e-29,"5","HSPB11"
4.95485184960567e-33,0.803166015321322,0.392,0.076,6.98089077090942e-29,"5","SNRNP35"
5.47126290724079e-33,0.741502831089428,0.469,0.102,7.70846231001155e-29,"5","FAM136A"
5.57774541102152e-33,1.18620119443488,0.231,0.031,7.85848550958822e-29,"5","PAAF1"
5.62725097012175e-33,1.04553007417187,0.408,0.082,7.92823389180453e-29,"5","TMEM14A"
7.79992170645414e-33,1.20506532518144,0.438,0.094,1.09893096922232e-28,"5","MZT1"
7.80803232483988e-33,1.48615536240588,0.269,0.041,1.10007367424669e-28,"5","GCSH"
8.36797652041147e-33,0.73378508649204,0.523,0.121,1.17896421196077e-28,"5","COA3"
1.17860649656407e-32,2.21011957393917,0.131,0.01,1.66053869300912e-28,"5","EFCAB11"
1.2843156257792e-32,0.825005594368392,0.623,0.162,1.80947228516032e-28,"5","HSD17B10"
1.2949889745781e-32,0.643244242167792,0.538,0.126,1.82450996628309e-28,"5","PRPF31"
1.47218099931025e-32,1.21403966668182,0.9,0.361,2.07415580992822e-28,"5","COX5A"
1.50626792684095e-32,0.957667915643465,0.354,0.066,2.12218088212621e-28,"5","NUP107"
1.54264624946878e-32,0.801930895715097,0.523,0.122,2.17343430087657e-28,"5","URM1"
1.701403424728e-32,0.844602762805454,0.523,0.122,2.39710728509929e-28,"5","GLRX3"
1.91844270887686e-32,1.2801387816088,0.3,0.05,2.7028939325366e-28,"5","FN3KRP"
2.20226725365286e-32,0.975238507580377,0.5,0.116,3.10277433367151e-28,"5","VKORC1"
2.51346099297837e-32,0.939199298787528,0.746,0.224,3.54121519300723e-28,"5","TMIGD2"
2.78427067855397e-32,1.27662930296846,0.269,0.041,3.92275895901469e-28,"5","REEP4"
2.91800055123048e-32,1.14260951269755,0.269,0.041,4.11117097662862e-28,"5","ACADS"
2.98936230252993e-32,0.98368857640572,0.446,0.097,4.21171254803442e-28,"5","PGP"
3.81270676032877e-32,0.833386200585354,0.408,0.083,5.3717225546272e-28,"5","DKC1"
4.34153411116332e-32,0.615834217433268,0.692,0.184,6.11678740921799e-28,"5","DNAJC15"
4.5124474288764e-32,0.700057244925527,0.415,0.085,6.35758718254397e-28,"5","CYB5A"
4.5257003321741e-32,1.02420767286335,0.469,0.105,6.37625919800009e-28,"5","CPSF6"
4.61750898712644e-32,0.941369084503964,0.777,0.24,6.50560841196245e-28,"5","PSMB2"
4.81112514600665e-32,2.07440507585954,0.2,0.024,6.77839421820877e-28,"5","MASTL"
5.47615699001249e-32,0.910488607798023,0.5,0.116,7.7153575832286e-28,"5","UQCRC1"
6.34008631102811e-32,1.12350168681653,0.4,0.082,8.93254760360751e-28,"5","CCDC14"
6.42013688517548e-32,1.08430653325323,0.285,0.046,9.04533085752373e-28,"5","TOR2A"
6.50843543270215e-32,0.956505235836073,0.285,0.046,9.16973468113405e-28,"5","NUP88"
7.55033841136294e-32,0.804190549640704,0.554,0.137,1.06376717877692e-27,"5","CEP57"
7.62759899148501e-32,1.21925246041804,0.369,0.072,1.07465242191032e-27,"5","EIF1AY"
8.40885469616495e-32,2.1606364424794,0.131,0.011,1.18472353814268e-27,"5","FANCB"
9.15042969541523e-32,0.782250988378757,0.562,0.14,1.28920403978705e-27,"5","NUDT5"
9.85607729924564e-32,2.00927284107781,0.131,0.011,1.38862273069072e-27,"5","CHAC2"
1.00766118925245e-31,1.21442769610726,0.531,0.135,1.41969384953778e-27,"5","PRKDC"
1.12070578901706e-31,1.47706320206892,0.169,0.018,1.57896238614614e-27,"5","GINS4"
1.15279122373881e-31,1.01119661813348,0.385,0.077,1.6241675551256e-27,"5","EBNA1BP2"
1.20249638002779e-31,2.0887219596092,0.177,0.02,1.69419714982116e-27,"5","B3GNTL1"
1.27794318135321e-31,1.32299803665985,0.254,0.038,1.80049414820853e-27,"5","CPSF3"
1.40191749903704e-31,1.10895344168694,0.354,0.067,1.97516156439329e-27,"5","R3HDM1"
1.45382240198956e-31,1.02962978143092,0.408,0.085,2.04829038216309e-27,"5","KLHDC3"
1.49134423905876e-31,0.879778356355549,0.492,0.114,2.10115489840988e-27,"5","RRP7A"
1.52721355512968e-31,1.46946039854933,0.269,0.042,2.1516911778222e-27,"5","DYRK4"
1.92725580295301e-31,0.550795146425721,0.546,0.132,2.7153107007805e-27,"5","BABAM1"
2.18480402288062e-31,0.939985738752239,0.508,0.121,3.07817038783651e-27,"5","FKBP3"
2.68322402478931e-31,-1.52477183907281,0.962,0.935,3.78039432852566e-27,"5","BTG1"
2.95259143164283e-31,1.29654329815925,0.262,0.04,4.15990606804158e-27,"5","FSD1"
4.05171615367141e-31,1.0644886295529,0.215,0.028,5.70846288890766e-27,"5","AAAS"
5.50704038443581e-31,0.851886382395911,0.492,0.115,7.75886919763161e-27,"5","GPAA1"
5.67186054083395e-31,2.03680977893872,0.254,0.039,7.99108431598096e-27,"5","EPAS1"
5.74150955070689e-31,1.92801072899984,0.138,0.012,8.08921280599094e-27,"5","TMEM97"
6.47749960937635e-31,0.979050758832402,0.3,0.051,9.12614919965034e-27,"5","PRPF4"
7.40810699176888e-31,0.752448318703399,0.354,0.067,1.04372819407032e-26,"5","DRG2"
8.12379546319147e-31,1.00761433843793,0.331,0.061,1.14456154280905e-26,"5","SVBP"
8.37422727954966e-31,0.822639690408147,0.823,0.256,1.17984488141575e-26,"5","WDR1"
8.82614425323351e-31,1.15166185360728,0.262,0.041,1.24351546383807e-26,"5","HSD17B4"
9.86029135841754e-31,0.769852793233591,0.631,0.169,1.38921644948745e-26,"5","FIBP"
1.04327782198195e-30,0.983193427572948,0.431,0.095,1.46987412339037e-26,"5","ARL6IP6"
1.05771462853512e-30,1.18357649596279,0.946,0.452,1.49021414014313e-26,"5","COX8A"
1.06113233568925e-30,1.10712925943357,0.877,0.327,1.49502934775259e-26,"5","PKM"
1.21709365692198e-30,0.827600718273392,0.746,0.22,1.71476325323737e-26,"5","PIN1"
1.31333295320098e-30,1.72476091059545,0.192,0.024,1.85035479776486e-26,"5","PRR4"
1.38092466459396e-30,0.88041372179666,0.246,0.037,1.94558475994642e-26,"5","TRAF2"
1.90650779924945e-30,0.917467413433515,0.338,0.064,2.68607883836255e-26,"5","LZIC"
2.07199564219892e-30,0.764251932496352,0.585,0.152,2.91923466029406e-26,"5","POLR2I"
2.1765101136453e-30,1.05608072819138,0.7,0.212,3.06648509911486e-26,"5","NHP2"
2.39481588949705e-30,0.936932971930541,0.715,0.215,3.3740561067124e-26,"5","NDUFB3"
2.58605953263005e-30,2.34353126488847,0.138,0.013,3.64349927552248e-26,"5","COL23A1"
3.12546565927511e-30,0.78418931668311,0.546,0.137,4.4034685673527e-26,"5","NUTF2"
3.57868951328125e-30,0.823225867857067,0.415,0.089,5.04201565526195e-26,"5","DDB2"
3.82614321241697e-30,0.945717569979659,0.454,0.104,5.39065317197427e-26,"5","CBFB"
4.01434362142522e-30,1.02559704317229,0.569,0.151,5.655808728226e-26,"5","SVIP"
4.02539475082232e-30,1.20843207022107,0.931,0.44,5.67137866443356e-26,"5","SLC25A5"
4.04705677407947e-30,0.882147991179126,0.731,0.222,5.70189828900057e-26,"5","CCT2"
4.31244740870683e-30,1.14460558930326,0.346,0.067,6.07580715412705e-26,"5","PIGX"
4.60874958735822e-30,1.03671787349656,0.323,0.06,6.493267293629e-26,"5","MCMBP"
5.29242919495533e-30,2.00157775619616,0.123,0.01,7.45650349277256e-26,"5","BORA"
5.56534832099263e-30,0.876292957703255,0.646,0.183,7.84101924944652e-26,"5","PDCD5"
5.66493160602803e-30,1.22969083059086,0.3,0.053,7.98132213973289e-26,"5","CDKN2A"
6.28356626310788e-30,0.810130398530344,0.738,0.222,8.8529165080927e-26,"5","PSMB7"
6.41868967665706e-30,1.09802743263501,0.969,0.509,9.04329188544213e-26,"5","HMGN1"
6.83227697503406e-30,0.537552530932272,0.423,0.091,9.62599503012548e-26,"5","BAD"
7.1057653859194e-30,1.11276299666725,0.585,0.161,1.00113128522218e-25,"5","EBP"
7.41223848355986e-30,0.958822393712665,0.277,0.046,1.04431027994875e-25,"5","IPO9"
8.21787599790515e-30,0.986274072671728,0.385,0.08,1.15781654934486e-25,"5","ANAPC15"
8.61560799657256e-30,1.30078405249067,0.277,0.046,1.21385301063711e-25,"5","MRTO4"
8.8891464998267e-30,0.963728651703648,0.369,0.075,1.25239185036058e-25,"5","CD59"
9.06684833219286e-30,0.781483935121288,0.669,0.19,1.27742826152265e-25,"5","TWF2"
1.08310908163557e-29,1.10336305644507,0.662,0.199,1.52599238511636e-25,"5","ANP32E"
1.12950428307294e-29,0.902986192232192,0.569,0.151,1.59135858442147e-25,"5","SNRPA1"
1.24404648357288e-29,0.839155678293274,0.362,0.072,1.75273709070583e-25,"5","NSMCE2"
1.36717497234574e-29,0.818289176533975,0.777,0.241,1.92621281853792e-25,"5","TMEM160"
1.48112592131507e-29,1.02517536018251,0.3,0.053,2.08675831054081e-25,"5","MKKS"
1.56182191352944e-29,0.795685696613812,0.423,0.093,2.20045089397163e-25,"5","TSN"
1.60995631167799e-29,0.7158293035684,0.346,0.067,2.26826744752313e-25,"5","INO80E"
1.66673867781906e-29,0.780061537174542,0.415,0.09,2.34826812317927e-25,"5","WDR54"
1.75105803652345e-29,1.32930445133692,0.238,0.036,2.46706566765789e-25,"5","KMT5A"
1.84022385880469e-29,1.02232207070687,0.8,0.274,2.59269139466993e-25,"5","PGAM1"
1.91023880125759e-29,1.43140871951363,0.138,0.013,2.69133544709182e-25,"5","SLC37A4"
1.93245894930341e-29,0.870446076547529,0.462,0.108,2.72264141367357e-25,"5","SMARCB1"
1.97055576042475e-29,1.43534381703829,0.269,0.045,2.77631601086243e-25,"5","ISYNA1"
2.38643992354484e-29,1.15922751764885,0.208,0.028,3.36225520828233e-25,"5","ICMT"
2.51156411732498e-29,0.765377920762759,0.338,0.065,3.53854268489916e-25,"5","TFPT"
2.62708623354445e-29,0.903718632104608,0.708,0.218,3.70130179444078e-25,"5","DCXR"
2.94189258787774e-29,1.54797385803999,0.169,0.019,4.14483246706095e-25,"5","ACP2"
3.15361501915052e-29,0.728814319745145,0.538,0.136,4.44312820048116e-25,"5","MPC1"
3.21946958394949e-29,0.858886290770042,0.354,0.071,4.53591069682644e-25,"5","IMMP1L"
3.23193122885468e-29,0.875542751332221,0.815,0.272,4.55346790833335e-25,"5","SNRPD3"
3.30207145166349e-29,0.957358170363939,0.292,0.051,4.65228846824868e-25,"5","CMSS1"
3.3141296464207e-29,0.703300786874613,0.738,0.217,4.66927725884212e-25,"5","PCMT1"
4.23044080547789e-29,0.965898729433164,0.223,0.032,5.96026805083781e-25,"5","SLC1A4"
4.68546300364436e-29,0.783102359651464,0.392,0.083,6.60134882583453e-25,"5","POP4"
4.73009577241388e-29,0.834313771189305,0.469,0.111,6.66423193375392e-25,"5","POLR2H"
5.15750979950308e-29,1.39111249036121,0.2,0.027,7.2664155565199e-25,"5","SLC27A2"
5.49563210131325e-29,0.813834804103303,0.423,0.095,7.74279606754024e-25,"5","RFXANK"
5.61386093127695e-29,0.82065342613886,0.515,0.13,7.9093686660761e-25,"5","DUSP23"
5.98354676287081e-29,1.16435182829017,0.169,0.019,8.43021903420869e-25,"5","CLN6"
6.48077435002354e-29,1.26486946573347,0.277,0.048,9.13076298174817e-25,"5","FH"
6.91517512569941e-29,0.905542872496571,0.469,0.113,9.74279023459789e-25,"5","CNTRL"
7.63201518629065e-29,2.11148870978105,0.115,0.009,1.07527461959649e-24,"5","SOST"
7.68162171064772e-29,1.04435814554925,0.908,0.347,1.08226368281316e-24,"5","SNRPG"
8.22939240057248e-29,1.38044620670532,0.277,0.048,1.15943909531666e-24,"5","SPECC1"
9.79481029574483e-29,0.596168870829845,0.485,0.116,1.37999082256749e-24,"5","CAMTA1"
9.89357535808334e-29,0.662014124937967,0.469,0.11,1.39390583220036e-24,"5","VPS35"
1.04505413615331e-28,0.723686133864611,0.685,0.201,1.4723767724264e-24,"5","GTF3C6"
1.13626741766797e-28,1.10655994331543,0.792,0.284,1.6008871647524e-24,"5","NASP"
1.15609839412474e-28,0.743347019869187,0.738,0.223,1.62882702748235e-24,"5","SNRNP70"
1.25461100328909e-28,0.95104991062349,0.454,0.108,1.767621442534e-24,"5","XPO1"
1.52690436261856e-28,0.855527826662211,0.292,0.052,2.15125555649329e-24,"5","FUCA2"
1.57926520866397e-28,1.18718439657034,0.269,0.046,2.22502675248667e-24,"5","CASP2"
1.75934978100667e-28,0.744940121061898,0.585,0.156,2.4787479064603e-24,"5","UBE2E3"
1.81580096817207e-28,0.850238639558534,0.323,0.062,2.55828198405763e-24,"5","UCHL3"
1.86637786282596e-28,1.80828591274927,0.154,0.017,2.62953977093549e-24,"5","MCM8"
1.88644101840667e-28,1.35915340511868,0.285,0.051,2.65780675083315e-24,"5","MCUR1"
1.97163239533219e-28,1.23024878312323,0.246,0.039,2.77783288178352e-24,"5","TIMM23"
1.99092874351416e-28,1.10547999431497,0.454,0.11,2.8050195067371e-24,"5","NDFIP2"
2.33887245526531e-28,1.18354541215555,0.323,0.063,3.2952374022233e-24,"5","SUSD3"
2.39764478501564e-28,1.37800071134936,0.231,0.035,3.37804173760853e-24,"5","XRCC1"
2.47221355236175e-28,2.3464798609357,0.115,0.009,3.48310167392247e-24,"5","NEMP1"
2.47361732976527e-28,0.605288033032458,0.562,0.147,3.48507945590628e-24,"5","UBE2V2"
2.62645944564507e-28,0.659589077741669,0.354,0.071,3.70041871296934e-24,"5","DHRS4L2"
2.69243275494972e-28,0.877985039357084,0.377,0.08,3.79336850844865e-24,"5","PPIL3"
2.72957831438294e-28,0.756426565919164,0.731,0.223,3.84570288713413e-24,"5","PPP4C"
2.7621384299365e-28,1.47249244114711,0.208,0.029,3.89157683393753e-24,"5","SLC38A5"
2.77383487913265e-28,1.14114801944452,0.277,0.048,3.90805596120998e-24,"5","METTL21A"
2.79356265602169e-28,1.09043892511486,0.254,0.041,3.93585042606896e-24,"5","CRACR2B"
2.86847109435687e-28,0.567975136878959,0.423,0.096,4.04138892483939e-24,"5","TMEM107"
3.06163970826809e-28,0.720744428609418,0.446,0.104,4.31354418497891e-24,"5","GRHPR"
3.06614098973658e-28,0.592367526089924,0.654,0.184,4.31988604043987e-24,"5","RAB11A"
3.08453993613411e-28,1.63096640461128,0.2,0.027,4.34580831601935e-24,"5","UBR7"
3.11172840645867e-28,0.73811987992493,0.346,0.069,4.38411415185963e-24,"5","DCPS"
3.58938802776594e-28,0.626704477681746,0.462,0.109,5.05708879231944e-24,"5","ETHE1"
3.76329385255139e-28,1.28069976728728,0.292,0.053,5.30210470885965e-24,"5","DERA"
3.86745035813586e-28,1.33267965650827,0.231,0.035,5.44885080957761e-24,"5","FADD"
3.93133896979252e-28,0.815658516060028,0.792,0.259,5.53886347454069e-24,"5","CSNK2B"
3.95830825710206e-28,0.876638295321742,0.262,0.043,5.5768605034311e-24,"5","YIF1B"
4.10216462698765e-28,2.45141665260366,0.146,0.015,5.7795397429629e-24,"5","TIE1"
4.45669550873098e-28,0.767922685456411,0.708,0.214,6.27903830225108e-24,"5","RAD23A"
4.75439652476265e-28,0.666472190794976,0.485,0.119,6.6984692637381e-24,"5","TCEAL8"
4.84376960453138e-28,1.23037771996758,0.269,0.046,6.82438699582426e-24,"5","ADCY3"
5.8678456903684e-28,1.86103953838519,0.123,0.011,8.26720779316004e-24,"5","EXO5"
5.90450524540546e-28,1.28606839701494,0.2,0.027,8.31885744025175e-24,"5","SENP1"
5.96467049709973e-28,0.843335711765317,0.854,0.301,8.40362426336381e-24,"5","NDUFS6"
6.016820272533e-28,0.777918140825383,0.462,0.112,8.47709808197175e-24,"5","TPRKB"
6.19103244907715e-28,1.56012102161637,0.192,0.026,8.7225456175048e-24,"5","ACAD9"
6.57186828786163e-28,0.778599700194845,0.769,0.242,9.25910523076825e-24,"5","MPG"
7.02105845776994e-28,1.70610300959378,0.138,0.014,9.89196926115206e-24,"5","ANKRD35"
7.49481944306205e-28,1.62258946934765,0.238,0.038,1.05594511133301e-23,"5","USP18"
8.67709467732288e-28,1.08414400780882,0.385,0.085,1.22251586908802e-23,"5","COMTD1"
9.21129956083242e-28,0.73802171724989,0.369,0.078,1.29777999512568e-23,"5","AHCYL1"
9.3113679755488e-28,0.807833095278143,0.508,0.129,1.31187863407507e-23,"5","OLA1"
9.52290297107289e-28,0.71328718423579,0.5,0.126,1.34168179959446e-23,"5","SMIM19"
1.13454272368635e-27,1.08538744479459,0.208,0.029,1.5984572434017e-23,"5","WEE1"
1.1766930247587e-27,1.28360681802922,0.231,0.036,1.65784280258253e-23,"5","CTPS1"
1.22203037957904e-27,1.02113007141841,0.692,0.223,1.72171860178891e-23,"5","C1QBP"
1.25183121012935e-27,0.590682929097991,0.431,0.099,1.76370499195124e-23,"5","SYPL1"
1.27117358756946e-27,0.633908911593035,0.546,0.143,1.79095646752661e-23,"5","DCTN2"
1.34704532771131e-27,1.09843270105474,0.523,0.143,1.89785216221247e-23,"5","SUPT16H"
1.47120834754399e-27,1.4315760911601,0.246,0.04,2.07278544085472e-23,"5","CDKAL1"
1.85736227706646e-27,0.902324214162824,0.369,0.08,2.61683771215894e-23,"5","PFKL"
1.90375396339835e-27,0.840743257938014,0.815,0.282,2.68219895903193e-23,"5","MZT2A"
2.03687152008714e-27,0.579638768953601,0.438,0.102,2.86974828465077e-23,"5","HTATSF1"
2.04217976018148e-27,0.590079453770136,0.4,0.089,2.87722706411969e-23,"5","MTCH2"
2.04944586274207e-27,0.989990545111901,0.3,0.056,2.88746427601731e-23,"5","MPDU1"
2.06644376324923e-27,1.05339938558973,0.746,0.257,2.91141261804185e-23,"5","CAPG"
2.10983103410474e-27,0.556810697911094,0.646,0.182,2.97254094395016e-23,"5","NDUFB5"
2.12212851393223e-27,0.979092040099773,0.338,0.069,2.98986686327912e-23,"5","IPO7"
2.24902241743613e-27,0.962294887846883,0.546,0.151,3.16864768392577e-23,"5","DGCR6L"
2.35330600550672e-27,0.574162542678409,0.315,0.061,3.31557283115842e-23,"5","COMMD9"
2.41455452914981e-27,0.594862488321433,0.577,0.157,3.40186587611917e-23,"5","TXNDC17"
2.61487875426001e-27,0.657404285359052,0.562,0.151,3.68410267687693e-23,"5","STIP1"
3.27172590630758e-27,0.879014967602876,0.708,0.222,4.60953462939674e-23,"5","TMEM14B"
3.54104775248022e-27,1.35126221547102,0.2,0.028,4.98898217846938e-23,"5","SLC25A40"
3.67962465590639e-27,0.892816088859433,0.269,0.047,5.18422317770651e-23,"5","WRAP73"
3.79649675154599e-27,1.11927315711964,0.908,0.402,5.34888427325315e-23,"5","LDHB"
4.2935783137738e-27,0.661597266938973,0.623,0.176,6.04922248627591e-23,"5","ECHS1"
4.35227441862519e-27,1.04173452780166,0.946,0.457,6.13191942840103e-23,"5","SNRPB"
4.76243646176711e-27,0.743000974037195,0.492,0.126,6.70979673098368e-23,"5","GLRX5"
5.5608102997506e-27,0.756739240420401,0.769,0.253,7.83462563131861e-23,"5","CLTA"
5.57606167391714e-27,1.02472735677473,0.262,0.045,7.85611329238185e-23,"5","HAUS6"
5.94177367563967e-27,1.24873651957055,0.308,0.06,8.37136493160873e-23,"5","CDK5RAP2"
6.41938611131555e-27,1.21121615733199,0.185,0.024,9.04427309223249e-23,"5","ZNF814"
6.717881343876e-27,0.847983830934579,0.538,0.146,9.46482302538689e-23,"5","CXXC5"
6.73748632128004e-27,0.729313030936138,0.615,0.176,9.49244447805144e-23,"5","CLNS1A"
6.92889827821178e-27,0.646322778315293,0.646,0.189,9.76212478417258e-23,"5","ITGAE"
6.94051700497317e-27,0.816385234144631,0.338,0.07,9.7784944083067e-23,"5","PSMG3"
7.67824777691781e-27,0.514037049063413,0.646,0.185,1.08178832928995e-22,"5","LAMTOR2"
7.77516650549477e-27,1.50907296222955,0.138,0.014,1.09544320895916e-22,"5","MYEF2"
7.96456340787508e-27,0.909039361306102,0.338,0.07,1.12212733853552e-22,"5","SLF1"
8.1935861291167e-27,1.85847576875691,0.131,0.013,1.15439434973125e-22,"5","FAM83D"
8.80017758228701e-27,1.26871623732035,0.246,0.041,1.23985701956842e-22,"5","HSPA14"
8.89473163083793e-27,0.863536316456714,0.638,0.192,1.25317873946876e-22,"5","CCT5"
9.00844947091549e-27,1.0262106466829,0.908,0.431,1.26920044595728e-22,"5","MZT2B"
9.38451606608715e-27,0.640205746904918,0.492,0.124,1.32218446855102e-22,"5","DEGS1"
1.11212878153857e-26,1.23119770242759,0.269,0.048,1.56687824030969e-22,"5","PRPF19"
1.17592558539797e-26,0.43085765630396,0.608,0.168,1.65676155726719e-22,"5","NSMCE1"
1.19146889073703e-26,0.70506206313098,0.385,0.086,1.6786605201594e-22,"5","LCMT1"
1.2322601746169e-26,0.940689508178986,0.715,0.236,1.73613136001775e-22,"5","RHEB"
1.38276634841642e-26,2.51212407709533,0.208,0.031,1.94817950828389e-22,"5","MAML3"
1.39119677358273e-26,0.611195051174492,0.546,0.145,1.96005713430071e-22,"5","ATXN10"
1.40348064285276e-26,2.27171275350186,0.108,0.009,1.97736387771525e-22,"5","NREP"
1.40900859778345e-26,0.901382334703798,0.338,0.07,1.9851522134171e-22,"5","SDHAF3"
1.4258457186086e-26,0.849687075635639,0.554,0.154,2.00887403294766e-22,"5","AKR1B1"
1.47750479879578e-26,1.96742386384402,0.131,0.013,2.08165651102337e-22,"5","THEMIS"
1.5863955104346e-26,0.635568250978291,0.623,0.18,2.23507263465131e-22,"5","NDUFV1"
1.65896557213436e-26,0.880022349306668,0.531,0.146,2.3373165945801e-22,"5","MGMT"
1.68127778437811e-26,1.97169956544699,0.123,0.012,2.36875227041032e-22,"5","ZNF829"
1.68336314477264e-26,0.652055108422929,0.631,0.182,2.37169033467017e-22,"5","DBNL"
1.72604866766763e-26,0.853914959503633,0.469,0.119,2.43182996787692e-22,"5","EIF2S1"
1.73893544761303e-26,0.912174821113421,0.262,0.046,2.44998615214199e-22,"5","ARL3"
1.87398840207836e-26,0.94150475668703,0.462,0.118,2.6402622596882e-22,"5","PLSCR1"
1.96910439263307e-26,1.79766455727087,0.131,0.013,2.77427117878073e-22,"5","RHOBTB2"
1.98136239247895e-26,1.35705512227637,0.146,0.016,2.79154147476359e-22,"5","VAC14"
1.98837944865467e-26,0.510937323000164,0.554,0.148,2.80142780520956e-22,"5","NDUFS4"
2.18356160537569e-26,1.20762389918536,0.285,0.053,3.07641994581381e-22,"5","ADK"
2.30152621230365e-26,0.56243414189257,0.4,0.091,3.24262028051461e-22,"5","CFAP20"
2.37578515583854e-26,0.629160421601726,0.392,0.088,3.34724370606092e-22,"5","IFNAR2"
2.51473079136533e-26,0.961788790695649,0.323,0.066,3.54300421195462e-22,"5","CSRP1"
2.53998890210786e-26,1.85942965180915,0.146,0.016,3.57859036417977e-22,"5","CSTF2"
2.57711030089269e-26,0.57900218664863,0.546,0.146,3.63089070292771e-22,"5","NDUFS3"
2.80287722614657e-26,0.654187866105129,0.5,0.13,3.9489737239179e-22,"5","COMMD3"
2.85670899357955e-26,0.700540766173181,0.485,0.125,4.02481730105422e-22,"5","BID"
3.09756647224799e-26,1.11224066631322,0.238,0.039,4.36416140275019e-22,"5","FUNDC1"
3.33078505097731e-26,0.495043326202765,0.577,0.158,4.69274305832193e-22,"5","ADH5"
3.35847071273064e-26,1.0666335516418,0.254,0.044,4.7317493871662e-22,"5","PHTF2"
3.49710020752145e-26,0.88183512539145,0.769,0.262,4.92706448237697e-22,"5","VDAC1"
3.82680441288488e-26,0.976517953612562,0.538,0.15,5.39158473731351e-22,"5","TAF15"
3.84808619232527e-26,0.769915480697017,0.277,0.051,5.42156863636708e-22,"5","CBX1"
4.13965451667337e-26,0.554243784880191,0.631,0.18,5.83235924854111e-22,"5","SDHC"
4.22305410089717e-26,1.49258232138591,0.246,0.042,5.94986092275402e-22,"5","PCNT"
4.74655464449736e-26,1.10915173448995,0.231,0.038,6.68742083863233e-22,"5","MLST8"
4.9096974296197e-26,0.618206209719896,0.315,0.063,6.91727270859119e-22,"5","RAB35"
4.96260554591898e-26,0.956549247960382,0.808,0.299,6.99181495364525e-22,"5","PA2G4"
5.01684845991192e-26,0.873700920125691,0.377,0.085,7.0682377951699e-22,"5","ADI1"
5.11124424624478e-26,0.91556381611189,0.608,0.185,7.20123201853426e-22,"5","VDAC3"
5.23014820735471e-26,0.751946517463079,0.346,0.074,7.36875580934205e-22,"5","SRRT"
5.60461620968722e-26,0.713583239562784,0.385,0.087,7.89634377782832e-22,"5","PANK2"
5.77793513031216e-26,0.567746761151684,0.323,0.065,8.1405328050968e-22,"5","ACLY"
5.80003333547871e-26,1.05448412170906,0.715,0.248,8.17166696635595e-22,"5","CKS2"
5.85357582472846e-26,0.658205501148761,0.515,0.138,8.24710297945993e-22,"5","CDC123"
6.29115838432616e-26,0.767211218606675,0.369,0.082,8.86361304767713e-22,"5","SNX1"
6.52890234993902e-26,0.929257959648755,0.177,0.023,9.19857052082909e-22,"5","THOP1"
6.57304726778491e-26,0.594539918370727,0.408,0.095,9.26076629558216e-22,"5","TIMMDC1"
6.94534925421839e-26,0.797449882351836,0.662,0.206,9.78530256426829e-22,"5","PHB2"
6.99004796775868e-26,0.508503876438129,0.485,0.123,9.8482785817752e-22,"5","ABT1"
7.91086475476633e-26,1.71190376303058,0.131,0.013,1.11456173529903e-21,"5","NDC1"
8.42163724166546e-26,0.872368714732901,0.254,0.044,1.18652447097825e-21,"5","THUMPD3"
8.49024009287343e-26,0.81054405830618,0.715,0.234,1.19618992668494e-21,"5","NDUFAB1"
9.82521054249745e-26,1.0027988767465,0.292,0.057,1.38427391333247e-21,"5","FBXO22"
9.90355587863411e-26,0.627498148253672,0.438,0.108,1.39531198774076e-21,"5","PSMB5"
1.02229366697804e-25,0.899793282893336,0.869,0.325,1.44030954740536e-21,"5","ERH"
1.10072259483133e-25,2.11021387153576,0.169,0.022,1.55080806385786e-21,"5","WWOX"
1.11346407968466e-25,0.832542678323414,0.477,0.126,1.56875954186771e-21,"5","GCHFR"
1.1337040110376e-25,0.63647182256499,0.585,0.168,1.59727558115088e-21,"5","HSBP1"
1.22113445988777e-25,0.836246523437573,0.6,0.179,1.72045634053588e-21,"5","RPA2"
1.26648456985514e-25,0.628630845298807,0.346,0.074,1.7843501104689e-21,"5","ACBD6"
1.29548793551414e-25,0.557256618578702,0.446,0.11,1.82521295234587e-21,"5","SF3B4"
1.32724952230338e-25,0.707527176962812,0.446,0.11,1.86996185197323e-21,"5","PDHA1"
1.32787781879336e-25,1.13619057313045,0.315,0.065,1.87084705889797e-21,"5","NDUFAF4"
1.35845497862991e-25,1.24222950628323,0.969,0.609,1.91392721939167e-21,"5","GSTP1"
1.42180922519004e-25,0.747989897272169,0.554,0.156,2.00318701737025e-21,"5","TKT"
1.44243251893775e-25,0.556047959307559,0.485,0.125,2.03224317593139e-21,"5","KDELR1"
1.47411443904605e-25,0.477125068027366,0.392,0.09,2.07687983317198e-21,"5","PLGRKT"
1.4957179872356e-25,0.938547720932699,0.508,0.139,2.10731707221624e-21,"5","DCK"
1.52986318136995e-25,0.527146596524666,0.431,0.104,2.15542423623212e-21,"5","CHTOP"
1.54242360916422e-25,0.727155801239501,0.8,0.268,2.17312062295147e-21,"5","HNRNPD"
1.57640591807723e-25,0.531342137666385,0.469,0.119,2.22099829797901e-21,"5","NAA20"
1.64367719883007e-25,0.958360845918663,0.831,0.311,2.31577680543168e-21,"5","PSMA4"
1.66692845984088e-25,1.20079438479466,0.192,0.028,2.34853550706981e-21,"5","SAAL1"
1.70838129323249e-25,0.635486806949537,0.715,0.225,2.40693840403525e-21,"5","PHB"
1.70852851995689e-25,1.20024354818853,0.208,0.032,2.40714583176726e-21,"5","KLHL23"
1.73758340005407e-25,0.937788351523827,0.285,0.054,2.44808125233619e-21,"5","G2E3"
1.78356146369681e-25,0.880807150923137,0.215,0.034,2.51285974620244e-21,"5","ERAL1"
1.80810075026136e-25,0.853167285585009,0.615,0.187,2.54743314704323e-21,"5","PPA1"
1.91373702553818e-25,0.774966946765101,0.338,0.072,2.69626409528074e-21,"5","DRG1"
2.02928799800982e-25,0.980068460573085,0.277,0.052,2.85906386039603e-21,"5","GMDS"
2.05494012786399e-25,1.07462468277662,0.3,0.06,2.89520514614758e-21,"5","AP1S1"
2.1352100213901e-25,0.862410068072482,0.677,0.217,3.00829739913652e-21,"5","GSTO1"
2.45078741123754e-25,0.82822449699891,0.8,0.285,3.45291438369257e-21,"5","PSMA5"
2.48127048962692e-25,0.515942137232321,0.385,0.088,3.49586199283537e-21,"5","PYCR2"
2.5699044413413e-25,0.988195283619416,0.431,0.108,3.62073836740576e-21,"5","RIF1"
2.64735158675252e-25,0.854006041800232,0.531,0.15,3.72985365057563e-21,"5","IFI35"
2.67675106342658e-25,0.940177472046574,0.277,0.052,3.77127457326171e-21,"5","PPIF"
2.68559859247825e-25,1.24658362518222,0.223,0.036,3.78373985694261e-21,"5","PELP1"
2.72347007318673e-25,0.69082093573913,0.638,0.194,3.83709698611279e-21,"5","RBBP4"
2.85484796659135e-25,0.666072612310161,0.585,0.169,4.02219530013056e-21,"5","ANXA5"
2.92239505840471e-25,1.25598622002787,0.292,0.058,4.1173623977864e-21,"5","PGM2"
2.96053402473222e-25,0.681139599907875,0.331,0.07,4.17109638744522e-21,"5","RPP30"
3.35165654754761e-25,0.777726192459501,0.3,0.059,4.72214890983983e-21,"5","SMC6"
3.38644039683853e-25,0.886849415212533,0.254,0.045,4.77115587510581e-21,"5","RUFY1"
3.39979447769354e-25,0.687161615765996,0.369,0.083,4.78997043962243e-21,"5","SNAPIN"
3.542952780007e-25,0.721829669034179,0.354,0.078,4.99166617175186e-21,"5","SAMM50"
3.65786153171088e-25,0.590695586417518,0.431,0.106,5.15356111202745e-21,"5","TOR1A"
3.74100030932053e-25,0.798855272773796,0.262,0.047,5.27069533580169e-21,"5","LAS1L"
3.83697976397702e-25,0.839230763676686,0.215,0.034,5.40592078946723e-21,"5","RCC1"
4.33294132377867e-25,1.52370883590908,0.177,0.024,6.10468103107177e-21,"5","CENPL"
4.47673481878348e-25,0.752726553103191,0.308,0.062,6.30727168618404e-21,"5","APIP"
4.48643031490517e-25,1.21673786271741,0.231,0.039,6.32093167066989e-21,"5","GTF2H3"
4.83384953052888e-25,0.40169956924863,0.538,0.146,6.81041060356214e-21,"5","ARHGAP4"
5.10368137905982e-25,0.543603251791394,0.362,0.08,7.19057669495739e-21,"5","RRP1B"
5.21697557898045e-25,1.46436888557821,0.223,0.037,7.35019689322556e-21,"5","HNRNPLL"
5.47511563624164e-25,0.483527972969347,0.438,0.109,7.71389041990085e-21,"5","ALG5"
5.67966686641537e-25,1.25345320318921,0.231,0.039,8.00208264809261e-21,"5","FECH"
5.79961062810585e-25,0.800869365149754,0.369,0.084,8.17107141393834e-21,"5","DDX54"
5.85140594184385e-25,0.550725142866022,0.554,0.153,8.2440458314638e-21,"5","IDH3B"
6.28583038560389e-25,1.39531759399777,0.169,0.022,8.85610643027732e-21,"5","TTI2"
6.30782880041844e-25,1.06010106379087,0.246,0.043,8.88709999690954e-21,"5","GPN3"
6.77293353496142e-25,0.854407756243373,0.808,0.291,9.54238605740714e-21,"5","PDIA6"
7.36602575144287e-25,0.502860082532647,0.362,0.08,1.03779936812079e-20,"5","JAGN1"
8.08462124531665e-25,0.790919483753641,0.3,0.06,1.13904228725266e-20,"5","PHF6"
8.22171008337263e-25,1.07248445603813,0.223,0.037,1.15835673364637e-20,"5","FZR1"
8.66704579761622e-25,1.73408835849235,0.2,0.031,1.22110008242615e-20,"5","MYO1E"
8.90035012487316e-25,0.659144078703519,0.515,0.141,1.25397032909338e-20,"5","VBP1"
9.18511227762245e-25,1.18893157212027,0.262,0.049,1.29409046879423e-20,"5","AFAP1L2"
9.27402075258933e-25,1.88180205770575,0.154,0.019,1.30661678383231e-20,"5","TIMM21"
9.65488859673767e-25,1.89969827601678,0.115,0.011,1.36027725439437e-20,"5","TSPAN13"
9.76411471739319e-25,1.00028202155198,0.223,0.037,1.37566612253353e-20,"5","SIGMAR1"
1.02815250639225e-24,0.70075833513852,0.823,0.282,1.44856406625604e-20,"5","XRCC6"
1.06239389921941e-24,1.08582443883513,0.3,0.061,1.49680676461023e-20,"5","CINP"
1.08085127740081e-24,0.716279920802129,0.554,0.159,1.52281136473001e-20,"5","ILK"
1.0984891628453e-24,0.817427043833607,0.738,0.249,1.54766138153274e-20,"5","PRDX2"
1.14254528514696e-24,0.837416803095791,0.3,0.061,1.60973205224355e-20,"5","PLIN3"
1.15718603093993e-24,0.599622974046364,0.469,0.123,1.63035939899127e-20,"5","NUBP2"
1.2521521259449e-24,0.661833804343724,0.769,0.257,1.76415713024377e-20,"5","NDUFV2"
1.40997919889163e-24,0.96580555637423,0.323,0.069,1.98651969331841e-20,"5","API5"
1.4628555562823e-24,0.686622727365435,0.638,0.197,2.06101719324613e-20,"5","PSMD7"
1.5164834519508e-24,0.622085303738407,0.454,0.117,2.13657353545348e-20,"5","STX10"
1.5182538563489e-24,0.771838244331605,0.354,0.08,2.13906785820997e-20,"5","BCAP29"
1.52368322486943e-24,0.66970088968281,0.7,0.223,2.14671729551854e-20,"5","CCT6A"
1.68397582869917e-24,0.777790522050868,0.346,0.076,2.37255354505426e-20,"5","AP1G2"
1.71320151586378e-24,0.780206935105107,0.238,0.041,2.41372961570047e-20,"5","TMEM60"
1.73568572542231e-24,1.05278643893063,0.192,0.028,2.44540761854749e-20,"5","ZFYVE19"
1.90597990323653e-24,1.44627439747383,0.2,0.031,2.68533508566994e-20,"5","BOLA1"
1.9060266083516e-24,2.29234278570902,0.1,0.008,2.68540088850657e-20,"5","SMIM10"
2.00801672063286e-24,0.636089177574347,0.4,0.096,2.82909475769963e-20,"5","COPS4"
2.05172687422948e-24,0.871082933656711,0.562,0.167,2.89067799310191e-20,"5","TIMM13"
2.12971866012219e-24,0.519775160052394,0.415,0.102,3.00056062024616e-20,"5","KATNBL1"
2.1371056027175e-24,0.509399896251238,0.415,0.101,3.01096808366868e-20,"5","CYB5R3"
2.33628276322358e-24,0.851248100745813,0.277,0.054,3.2915887851057e-20,"5","DFFA"
2.3666710540602e-24,0.638273837784844,0.469,0.123,3.33440284806542e-20,"5","COMMD1"
2.56810705361982e-24,0.711503385245715,0.538,0.154,3.61820602784496e-20,"5","RFC1"
2.60097569339804e-24,0.593966896096616,0.331,0.071,3.66451465442851e-20,"5","ISCA2"
2.75191430553035e-24,1.59839123880571,0.138,0.016,3.87717206506172e-20,"5","ZNF85"
2.8487343296991e-24,0.720330758676001,0.331,0.071,4.01358179711306e-20,"5","TM7SF3"
2.91242205156005e-24,0.682851316083959,0.523,0.147,4.10331142844296e-20,"5","ECI2"
2.91872946852289e-24,0.7989210627988,0.323,0.069,4.1121979482019e-20,"5","POLDIP2"
2.93585832802557e-24,0.846444113112186,0.992,0.975,4.13633079835522e-20,"5","ACTB"
3.00405294405813e-24,0.630479049226808,0.331,0.072,4.2324101928835e-20,"5","EXOSC9"
3.2711805797736e-24,1.38501973123666,0.169,0.023,4.60876631884302e-20,"5","INAFM1"
3.29635167002519e-24,0.720618567746617,0.562,0.165,4.64422986789849e-20,"5","PSMC1"
3.31705366585406e-24,0.436632328584154,0.615,0.18,4.67339690982179e-20,"5","SSR3"
3.40585896997173e-24,1.15308520437449,0.292,0.06,4.79851470279317e-20,"5","OAS1"
3.53141246562461e-24,0.675132371463809,0.731,0.242,4.97540702281851e-20,"5","AP2S1"
3.70657508851419e-24,0.817821829247356,0.377,0.089,5.22219364220765e-20,"5","TRNAU1AP"
3.77802517876645e-24,0.989487030420845,0.192,0.029,5.32285967436405e-20,"5","NACC1"
3.78100899943758e-24,0.723132118440599,0.323,0.069,5.32706357930761e-20,"5","REPIN1"
3.8514063798209e-24,1.78301740783085,0.123,0.013,5.42624644852966e-20,"5","FAM166B"
4.39138777253422e-24,0.471629795911928,0.562,0.16,6.18702623272347e-20,"5","SUCLG1"
4.9158900931894e-24,0.817556430267514,0.438,0.114,6.92599755229454e-20,"5","NMI"
4.98953931811847e-24,1.40038352998647,0.208,0.033,7.02976194529711e-20,"5","MIR181A1HG"
5.40178101711068e-24,1.06477437663996,0.215,0.036,7.61056927500724e-20,"5","CEP295"
5.46652910577611e-24,0.644165563000312,0.477,0.128,7.70179285712796e-20,"5","DPM1"
5.47530097395973e-24,1.02463975844675,0.954,0.565,7.71415154221186e-20,"5","PPDPF"
5.49836315964438e-24,1.62875114436372,0.146,0.018,7.74664385562296e-20,"5","TST"
5.64499826992473e-24,0.85845344050044,0.308,0.065,7.95323806249696e-20,"5","ATL3"
5.69953208646061e-24,0.929626012989445,0.277,0.055,8.03007075661436e-20,"5","DCLRE1C"
5.83635110567275e-24,0.943393614485818,0.262,0.05,8.22283507278234e-20,"5","GALE"
5.89897764296757e-24,1.22602000878908,0.208,0.033,8.31106960117701e-20,"5","XRCC4"
6.17429621647824e-24,0.938051995221581,0.3,0.062,8.69896593939619e-20,"5","TOR3A"
6.44298175099283e-24,0.522454732471491,0.577,0.168,9.0775169889738e-20,"5","ETFA"
6.4465977929566e-24,1.52444260275026,0.162,0.021,9.08261163049655e-20,"5","TIMM8A"
6.58932614753073e-24,0.570445089247205,0.454,0.118,9.28370160925605e-20,"5","PMPCB"
6.88125900372399e-24,0.629443583705204,0.354,0.081,9.69500581034673e-20,"5","DDX23"
7.50292923165829e-24,0.635052200610933,0.369,0.086,1.05708769944834e-19,"5","NIT2"
7.52418502859366e-24,0.541377964260735,0.515,0.143,1.06008242867856e-19,"5","TRAPPC4"
7.8724590540894e-24,0.698890322150858,0.538,0.155,1.10915075613066e-19,"5","MCTS1"
7.9968062543009e-24,0.41755556977539,0.338,0.075,1.12667003316845e-19,"5","TIMM9"
9.19322751805721e-24,0.79891658748025,0.208,0.033,1.29523382501908e-19,"5","ERI1"
9.77022397289032e-24,-1.27178929191681,0.954,0.871,1.37652685554052e-19,"5","DDX5"
1.00157615138793e-23,1.37253593327581,0.131,0.014,1.41112063969046e-19,"5","FKBPL"
1.01932467167517e-23,0.981116555417366,0.985,0.707,1.43612652992315e-19,"5","VIM"
1.03078106852856e-23,0.583524472887009,0.554,0.16,1.45226744744989e-19,"5","CNPY3"
1.08172722369188e-23,0.532396248578244,0.523,0.146,1.52404548545949e-19,"5","PNKD"
1.11443282505755e-23,0.862836214147408,0.977,0.707,1.57012440722358e-19,"5","CHCHD2"
1.14617492876846e-23,0.881012893411486,0.269,0.052,1.61484585714188e-19,"5","NUP62"
1.16516555796469e-23,0.861620840487873,0.308,0.065,1.64160175461645e-19,"5","WBP4"
1.16927701039811e-23,0.835158348004335,0.285,0.057,1.6473943799499e-19,"5","HPS3"
1.24999069304786e-23,0.786005888137993,0.546,0.161,1.76111188743513e-19,"5","APEX1"
1.30149952945056e-23,1.51467125275261,0.146,0.018,1.83368268704289e-19,"5","CPOX"
1.34224580382553e-23,0.642015482550792,0.592,0.179,1.89109011300979e-19,"5","SUMO3"
1.4433462311325e-23,0.556719832149396,0.585,0.175,2.03353050504258e-19,"5","ILF3"
1.47265018274071e-23,0.576426737305593,0.385,0.092,2.07481684246338e-19,"5","PRKAG1"
1.50606132345458e-23,0.796060435264202,0.415,0.106,2.12188979861515e-19,"5","NUP210"
1.51064085195586e-23,0.590532724092985,0.608,0.183,2.12834189632061e-19,"5","CYC1"
1.62692701428349e-23,0.560979577670986,0.377,0.09,2.29217747042401e-19,"5","ZNF511"
1.65334865399134e-23,0.597451177586255,0.515,0.145,2.3294029186084e-19,"5","NDUFA9"
1.65764125807789e-23,0.54134246456854,0.754,0.249,2.33545076850594e-19,"5","PHPT1"
1.65935568010171e-23,1.6223473459064,0.123,0.013,2.3378662176953e-19,"5","SNX8"
1.65966741348234e-23,1.28403311091592,0.162,0.022,2.33830541885528e-19,"5","FDXR"
1.81417006638201e-23,0.795577692715132,0.369,0.088,2.55598420652561e-19,"5","TRIAP1"
1.83688919850296e-23,0.505905269737325,0.477,0.129,2.58799319177082e-19,"5","AKR1A1"
1.93471706807131e-23,0.935515327147394,0.362,0.086,2.72582287720567e-19,"5","EEF1E1"
1.96153516512991e-23,1.05706742050618,0.185,0.028,2.76360689415153e-19,"5","G6PC3"
1.97925852735087e-23,0.92693023972181,0.4,0.101,2.78857733918463e-19,"5","ADGRG3"
2.00497532212283e-23,0.455176955168497,0.362,0.084,2.82480973133886e-19,"5","ERO1A"
2.06616885227508e-23,0.55204606879799,0.477,0.129,2.91102529597036e-19,"5","POP5"
2.08284326575729e-23,1.21058721179062,0.185,0.028,2.93451787712545e-19,"5","NUDCD1"
2.13892483719004e-23,0.90169435865974,0.577,0.182,3.01353120311705e-19,"5","SRP72"
2.14190803088135e-23,0.609377467459928,0.815,0.285,3.01773422470873e-19,"5","NDUFB9"
2.18944156748281e-23,0.767441665574346,0.354,0.082,3.08470422442653e-19,"5","ASF1A"
2.20701926809149e-23,0.501147070297914,0.3,0.063,3.1094694468141e-19,"5","NUDT2"
2.21342712522589e-23,0.872185959934828,0.385,0.095,3.11849747673076e-19,"5","MAPKAPK3"
2.23742268671115e-23,1.82685052197895,0.115,0.012,3.15230482330733e-19,"5","MESP1"
2.26674355426567e-23,0.917556355461757,0.792,0.309,3.1936149936049e-19,"5","ITM2A"
2.32651653909219e-23,0.430277198239677,0.638,0.196,3.27782915192698e-19,"5","KPNB1"
2.40713122864283e-23,0.343634408459699,0.669,0.205,3.39140718803488e-19,"5","RAB8A"
2.44682217229124e-23,1.41797735824452,0.138,0.016,3.44732775854113e-19,"5","CEP41"
2.52115835467383e-23,1.0233805679431,0.208,0.034,3.55206000589996e-19,"5","DOHH"
2.59901768391056e-23,0.422968926228073,0.462,0.121,3.66175601486159e-19,"5","COPS8"
2.63727498360241e-23,0.696082695017708,0.377,0.091,3.71565672439743e-19,"5","TFAM"
2.64396669403102e-23,0.764972565333835,0.6,0.186,3.7250846752203e-19,"5","PSMG2"
2.65825325585406e-23,0.829507168364334,0.554,0.168,3.74521301217278e-19,"5","TIMM8B"
2.81894559958742e-23,0.715449864089673,0.877,0.324,3.97161245525872e-19,"5","UBE2L3"
2.82121995970313e-23,0.545597929643381,0.7,0.224,3.97481680122574e-19,"5","GDI2"
3.03865136656106e-23,1.04054204798806,0.3,0.064,4.28115591034787e-19,"5","ERI3"
3.04817140693868e-23,0.870260544603287,0.246,0.046,4.29456869523591e-19,"5","PRKAR1B"
3.10963281918673e-23,0.458922543451128,0.446,0.117,4.38116167895218e-19,"5","PIH1D1"
3.58434331353806e-23,2.16250388428634,0.1,0.009,5.04998129444377e-19,"5","MACC1"
3.71748732356224e-23,0.436222700606126,0.554,0.159,5.23756789016684e-19,"5","METTL23"
3.91748437387655e-23,0.429329240057243,0.662,0.206,5.51934373435468e-19,"5","COPZ1"
4.26770230468475e-23,0.499289993688365,0.408,0.102,6.01276577707034e-19,"5","NENF"
4.26799669318504e-23,1.51099996436474,0.169,0.024,6.0131805410284e-19,"5","TMEM39B"
4.37522509303037e-23,0.470797820136403,0.462,0.123,6.16425463357048e-19,"5","ATG3"
4.38168200232639e-23,1.99250411125335,0.1,0.009,6.17335177307765e-19,"5","SUV39H1"
4.43572497529388e-23,0.705429581497858,0.231,0.041,6.24949291769155e-19,"5","MBOAT7"
4.81534034736578e-23,1.32426110809927,0.154,0.02,6.78433301540364e-19,"5","LHPP"
4.83904225437777e-23,2.08713687413091,0.108,0.01,6.81772663219285e-19,"5","DNAH14"
5.2313228169749e-23,0.638486807883501,0.631,0.198,7.37041071683594e-19,"5","PGLS"
5.44002903339994e-23,0.731887076402759,0.762,0.268,7.66445690515717e-19,"5","VDAC2"
5.67273201996404e-23,1.06776791905505,0.277,0.057,7.99231214292734e-19,"5","SLF2"
5.79080136901126e-23,0.938353450220134,0.262,0.051,8.15866004879996e-19,"5","AGGF1"
5.81515954784715e-23,1.28858807997225,0.2,0.033,8.19297828696185e-19,"5","CENPV"
6.07283172750127e-23,0.622027807304277,0.485,0.134,8.55601262087654e-19,"5","NDUFC1"
6.22440530650317e-23,0.814986689645737,0.215,0.037,8.76956463633232e-19,"5","DPYSL2"
6.50652621625314e-23,0.677654900060141,0.285,0.058,9.16704478607905e-19,"5","DAP"
6.5109072220118e-23,1.42708545015329,0.2,0.033,9.17321718509243e-19,"5","REC8"
6.65345189407673e-23,0.391514067002117,0.454,0.12,9.37404837356471e-19,"5","ELOF1"
6.69692094917754e-23,0.794386141836961,0.262,0.051,9.43529192529624e-19,"5","EXOSC5"
7.07497913624628e-23,1.51552815346888,0.138,0.017,9.96793810505738e-19,"5","BDH1"
7.17564366237803e-23,0.962829107314096,0.208,0.035,1.01097643559244e-18,"5","ALG8"
7.17882121868907e-23,0.762591644870634,0.4,0.102,1.0114241215011e-18,"5","SLFN13"
7.70667675270348e-23,0.832688293132165,0.269,0.054,1.08579368768839e-18,"5","CETN2"
8.77330539340351e-23,0.860480448150173,0.231,0.042,1.23607099687662e-18,"5","SPAG16"
9.64920000792564e-23,0.758321202013673,0.438,0.117,1.35947578911664e-18,"5","CTCF"
1.01239596508743e-22,0.397442111398936,0.392,0.097,1.42636467521168e-18,"5","ISY1"
1.09959712715988e-22,0.750365053910487,0.4,0.101,1.54922239245555e-18,"5","CAPRIN1"
1.10567791288139e-22,0.705265725173945,0.4,0.102,1.5577896114586e-18,"5","RSRC1"
1.11613526109462e-22,0.878327733219006,0.3,0.065,1.57252296935621e-18,"5","CDC25B"
1.12730126735248e-22,0.513398320908671,0.508,0.144,1.5882547555729e-18,"5","EIF2AK2"
1.14221672139167e-22,0.700428796124577,0.285,0.059,1.60926913876872e-18,"5","PTPMT1"
1.14875156679676e-22,1.46057412020732,0.154,0.02,1.61847608245995e-18,"5","GPA33"
1.18916431980083e-22,0.473398455037512,0.554,0.162,1.67541361016739e-18,"5","LSM1"
1.20641525296987e-22,0.762650630631435,0.846,0.334,1.69971844990925e-18,"5","BLOC1S1"
1.26871689151639e-22,1.02483353094984,0.246,0.047,1.78749522845745e-18,"5","BLVRA"
1.28000726887255e-22,1.04518572222875,0.254,0.049,1.80340224111454e-18,"5","ACOT9"
1.30588099740895e-22,1.04691574842316,0.215,0.037,1.83985573724948e-18,"5","REPS1"
1.31614999642846e-22,0.794540989564857,0.369,0.09,1.85432372996806e-18,"5","MPHOSPH9"
1.42363597054077e-22,0.574040016573476,0.569,0.171,2.00576071889489e-18,"5","PTBP1"
1.66166959133289e-22,0.792610246134819,1,0.89,2.34112628722891e-18,"5","ACTG1"
1.78829333243176e-22,1.50440365622081,0.146,0.019,2.51952647606311e-18,"5","MCEE"
1.87675416575018e-22,0.523508332302819,0.362,0.086,2.64415894412543e-18,"5","NUP50"
1.88236706559735e-22,1.91139479376715,0.123,0.014,2.65206695872011e-18,"5","CCDC77"
1.90946493487697e-22,0.476764679449567,0.331,0.075,2.69024514674816e-18,"5","UQCC3"
1.92362619342383e-22,2.22826318712068,0.1,0.009,2.71019694391484e-18,"5","GEN1"
1.92525649427366e-22,0.493888340562747,0.492,0.137,2.71249387478215e-18,"5","TIPRL"
1.92645230042836e-22,1.2639031108904,0.154,0.021,2.71417864607352e-18,"5","UCK2"
1.92968888684707e-22,0.919115606077669,0.231,0.042,2.71873867267884e-18,"5","IPO5"
1.93329987844666e-22,0.549165523601284,0.6,0.185,2.72382619874349e-18,"5","GNAI3"
1.99832753249511e-22,0.715141772189023,0.254,0.049,2.81544366053235e-18,"5","COQ5"
2.05058328391324e-22,0.907859675982526,0.969,0.606,2.88906678870536e-18,"5","TPI1"
2.06093812310332e-22,0.740904405169375,0.446,0.123,2.90365572164027e-18,"5","SMARCC1"
2.11066818728511e-22,1.12117132384813,0.192,0.031,2.973720409066e-18,"5","AIMP2"
2.13877154282765e-22,0.95726802083577,0.923,0.443,3.01331522668987e-18,"5","NAP1L1"
2.25701080389789e-22,0.513977326903577,0.585,0.176,3.17990252161174e-18,"5","PSMC4"
2.30164497495299e-22,0.481274617398837,0.585,0.177,3.24278760521127e-18,"5","CMC2"
2.33189133163502e-22,0.44909547297203,0.6,0.183,3.28540169714058e-18,"5","TXN2"
2.34332459895046e-22,0.67401898216752,0.785,0.281,3.3015100274613e-18,"5","SRP9"
2.37011551791408e-22,0.771698943482466,0.777,0.291,3.33925575318915e-18,"5","NDUFS8"
2.38857944533181e-22,0.861108048992572,0.262,0.052,3.36526958052798e-18,"5","GPKOW"
2.44722102958736e-22,1.23911491595783,0.154,0.021,3.44788970858564e-18,"5","GEMIN2"
2.45646813861876e-22,0.606729132693431,0.4,0.102,3.46091796049996e-18,"5","DBF4"
2.47074496044887e-22,1.05383661218409,0.2,0.033,3.48103257477641e-18,"5","FBXO4"
2.59510417980686e-22,0.590452739379549,0.769,0.266,3.65624227892989e-18,"5","EIF2S2"
2.74872550708999e-22,1.66648889011864,0.108,0.011,3.87267936693909e-18,"5","VANGL1"
2.76647085333244e-22,0.45037383732892,0.715,0.234,3.89768078526007e-18,"5","GNB2"
2.82526737350617e-22,0.470357774082154,0.331,0.075,3.98051920253284e-18,"5","HCFC1R1"
2.95537759247139e-22,0.958120433829817,0.746,0.291,4.16383149003294e-18,"5","PLP2"
3.00746692800304e-22,0.536250559948765,0.731,0.249,4.23722015486349e-18,"5","IFI27L2"
3.12869889243171e-22,0.569310040839917,0.554,0.165,4.40802386954704e-18,"5","NDUFA10"
3.14330336782259e-22,0.591558005130549,0.685,0.227,4.42860011492524e-18,"5","SSNA1"
3.23839470617856e-22,0.87151134351397,0.231,0.042,4.56257430153497e-18,"5","ASH2L"
3.43764379357789e-22,0.978793923626506,0.708,0.267,4.84329634077188e-18,"5","HNRNPR"
3.47614621432833e-22,0.960129696061342,0.2,0.033,4.89754240136719e-18,"5","CHD1L"
3.71114960101742e-22,0.652683190586786,0.415,0.109,5.22863867287344e-18,"5","CNDP2"
3.82014766305732e-22,1.40533092669396,0.192,0.031,5.38220604248146e-18,"5","SFR1"
3.90695213024137e-22,0.431670367388422,0.4,0.102,5.50450485629707e-18,"5","SEC13"
4.00527290389329e-22,1.52772063347189,0.115,0.012,5.64302899429526e-18,"5","EAF2"
4.04289582273803e-22,0.860232436858523,0.985,0.745,5.69603592465561e-18,"5","PPIA"
4.09965086693146e-22,0.560809532439035,0.608,0.188,5.77599810641974e-18,"5","ANAPC5"
4.11509430822553e-22,0.58213116996117,0.354,0.085,5.79775637085895e-18,"5","CNPPD1"
4.13957534579619e-22,1.43202121747145,0.154,0.021,5.83224770469225e-18,"5","NEK6"
4.17762886957781e-22,0.828109087815259,0.331,0.077,5.88586131434818e-18,"5","HPGD"
4.30821389701455e-22,0.479152936897051,0.431,0.114,6.06984255950379e-18,"5","PSMC2"
4.63293764950103e-22,1.31358677897726,0.2,0.034,6.527345854382e-18,"5","SH2B3"
4.73491548073284e-22,0.657754287747635,0.238,0.045,6.6710224208045e-18,"5","MBIP"
4.77674881324401e-22,1.06201223687727,0.2,0.033,6.72996140297948e-18,"5","FAHD2A"
5.00481726805061e-22,1.9857448500589,0.1,0.009,7.0512870489565e-18,"5","KHK"
5.10000735971694e-22,0.639033000202469,0.746,0.264,7.1854003691052e-18,"5","UBE2N"
5.21139731359666e-22,0.611182520501428,0.362,0.088,7.34233767512633e-18,"5","NSL1"
5.4159390602139e-22,1.75853063585549,0.1,0.009,7.63051654193536e-18,"5","COQ3"
5.68416522534535e-22,0.798990662620636,0.323,0.074,8.00842038598906e-18,"5","LYRM4"
5.69146418047396e-22,0.994728589189741,0.262,0.053,8.01870388386976e-18,"5","MZB1"
5.75548874849485e-22,0.37868176984514,0.692,0.223,8.10890809775439e-18,"5","TECR"
5.86435601400461e-22,0.665881245737668,0.708,0.241,8.2622911881311e-18,"5","YWHAE"
5.88075277351207e-22,0.760270713374245,0.254,0.05,8.28539258260115e-18,"5","SMYD2"
5.97388921789601e-22,0.849696264194147,0.354,0.086,8.41661251909368e-18,"5","TOMM40"
6.03613695916864e-22,1.3333502566416,0.162,0.023,8.50431336177269e-18,"5","NUP188"
6.32008960740584e-22,0.740089672973658,0.515,0.155,8.90437424787408e-18,"5","PCID2"
6.58108743360645e-22,0.55419739807952,0.446,0.121,9.27209408520813e-18,"5","CPNE3"
6.62222946079553e-22,0.74380341098694,0.346,0.083,9.33005908731482e-18,"5","SFT2D2"
6.71909636126326e-22,1.73177613700238,0.123,0.014,9.4665348633838e-18,"5","CEP128"
6.8109621658064e-22,0.72875761158209,0.731,0.263,9.59596459540464e-18,"5","UBE2L6"
6.88478761978083e-22,0.618563596679563,0.3,0.066,9.69997727750921e-18,"5","MTHFS"
6.94175629554568e-22,0.732249504972818,0.485,0.14,9.78024044479431e-18,"5","CXCR3"
7.1062728729505e-22,0.733323819045889,0.238,0.045,1.00120278507e-17,"5","SLC25A24"
7.5968010868482e-22,0.72754379942667,0.277,0.058,1.07031330512604e-17,"5","MSRA"
7.65290799001044e-22,0.932173764329511,0.215,0.038,1.07821820671257e-17,"5","ANAPC7"
7.88962445265018e-22,0.529732730631988,0.392,0.1,1.11156918913388e-17,"5","ARMCX6"
8.07119493930339e-22,0.308414733592807,0.654,0.207,1.13715065499845e-17,"5","PSMB10"
8.49569132919771e-22,0.633099762161515,0.338,0.08,1.19695795137067e-17,"5","ACTR1B"
8.56321504244455e-22,0.808251705781924,0.246,0.048,1.20647136733001e-17,"5","UBL4A"
8.69284275839277e-22,0.818408370380413,0.9,0.375,1.22473461622996e-17,"5","UQCRQ"
9.29738632453312e-22,1.44635045164513,0.131,0.016,1.30990875926347e-17,"5","CCHCR1"
9.36950532274349e-22,0.604320100069364,0.423,0.112,1.32006960492133e-17,"5","NELFE"
1.08727707277742e-21,0.456768963837383,0.515,0.15,1.5318646678361e-17,"5","PLEKHJ1"
1.1777480821464e-21,0.574031547072179,0.469,0.132,1.65932927293606e-17,"5","SREK1"
1.1941279775008e-21,0.546812268620607,0.685,0.226,1.68240690750087e-17,"5","PSMA3"
1.23308977775886e-21,0.361440223798533,0.454,0.124,1.73730018788446e-17,"5","ATOX1"
1.28514700808441e-21,0.551158659968275,0.4,0.104,1.81064361969013e-17,"5","TXNDC9"
1.31261444591286e-21,0.597372747174276,0.408,0.107,1.84934249284663e-17,"5","AK2"
1.33947898389569e-21,0.547874441591619,0.415,0.11,1.88719194041064e-17,"5","NELFCD"
1.37475640340705e-21,0.303088591128961,0.423,0.112,1.93689429676019e-17,"5","MIF4GD"
1.44231203763253e-21,0.811261650973745,0.362,0.091,2.03207342982047e-17,"5","RCAN3"
1.50273485410078e-21,0.630671596564359,0.808,0.296,2.11720313594258e-17,"5","DDT"
1.58739498409862e-21,0.839052583753515,0.462,0.131,2.23648079309655e-17,"5","POLE3"
1.60773692305663e-21,0.820798323946131,0.262,0.054,2.26514055089448e-17,"5","ZNF609"
1.64766173603155e-21,0.423924268459741,0.446,0.121,2.32139061989485e-17,"5","RBM42"
1.65360785436659e-21,0.70676334419634,0.438,0.122,2.32976810601709e-17,"5","NUDCD2"
1.74955924948655e-21,0.652258861436153,0.723,0.254,2.46495402660159e-17,"5","SRSF10"
1.78355278017908e-21,0.769481899698603,0.308,0.07,2.51284751199431e-17,"5","BCCIP"
1.78422843160652e-21,1.3889092902214,0.138,0.018,2.51379943729043e-17,"5","WRAP53"
1.81910384316428e-21,0.827911979153861,0.469,0.136,2.56293540463416e-17,"5","UBA2"
1.85118809954633e-21,0.71355012480756,0.262,0.054,2.60813891345082e-17,"5","INIP"
1.88769121066015e-21,1.38150997633719,0.154,0.022,2.65956814669909e-17,"5","ZNF714"
1.92399104572547e-21,0.348349592636971,0.538,0.159,2.71071098432261e-17,"5","ATP6V1E1"
1.99709631242133e-21,1.16865013740627,0.138,0.018,2.81370899457041e-17,"5","GSTZ1"
2.03947698793672e-21,0.31814030124878,0.377,0.095,2.87341912830404e-17,"5","TARDBP"
2.08448899115863e-21,0.550787038495967,0.377,0.095,2.9368365396434e-17,"5","EIF4G1"
2.15898498289282e-21,1.30875857215453,0.154,0.022,3.0417939423977e-17,"5","CCDC88A"
2.27004278851038e-21,0.421897910181218,0.446,0.121,3.19826328473227e-17,"5","GID8"
2.3539273893582e-21,0.601632714338131,0.354,0.087,3.31644829886677e-17,"5","HK1"
2.45605307967362e-21,0.475969944957459,0.538,0.162,3.46033318395216e-17,"5","HDAC1"
2.49913256001845e-21,0.453477768634427,0.408,0.107,3.52102786381e-17,"5","CUEDC2"
2.55822373541978e-21,0.837307106176002,0.831,0.33,3.60428142083293e-17,"5","XRCC5"
2.56889531731823e-21,0.782940672936121,0.262,0.054,3.61931661256965e-17,"5","TSFM"
2.59214841494821e-21,0.681406476369661,0.3,0.067,3.65207790182054e-17,"5","NFYC"
2.66464691094512e-21,0.768854576144598,0.392,0.104,3.75422103283058e-17,"5","DCP2"
2.68444798914913e-21,0.464012857255893,0.369,0.092,3.78211877191222e-17,"5","PRPS1"
2.71035005047867e-21,1.0525122633199,0.208,0.037,3.81861218611939e-17,"5","GOT1"
2.78777701210223e-21,0.729403505493951,0.308,0.071,3.92769903235083e-17,"5","TTF1"
2.81737972756032e-21,1.39004976405153,0.131,0.016,3.96940629815973e-17,"5","NCOA5"
2.88169458419804e-21,0.858485630922895,0.8,0.313,4.06001949967662e-17,"5","ABRACL"
2.89410622288153e-21,0.713515348696324,0.377,0.097,4.07750625741779e-17,"5","CHCHD3"
2.9015747153891e-21,0.609511228589534,0.523,0.157,4.0880286165117e-17,"5","FUBP1"
2.90919089055337e-21,0.82254487852122,0.192,0.032,4.09875904570064e-17,"5","CORO1C"
3.06184666148062e-21,0.515491872943669,0.354,0.087,4.31383576136004e-17,"5","SRPK1"
3.0696546950305e-21,1.26086572139172,0.185,0.03,4.32483649982847e-17,"5","SFXN4"
3.12570565045975e-21,0.470917346968399,0.6,0.19,4.40380669093274e-17,"5","AP3S1"
3.21919829577129e-21,0.411283583523722,0.438,0.12,4.53552847891217e-17,"5","ZCCHC17"
3.22106000383303e-21,0.684577578033111,0.231,0.044,4.53815143940035e-17,"5","NTHL1"
3.23937108089321e-21,0.258431740492551,0.469,0.13,4.56394991587044e-17,"5","CDK5RAP3"
3.27432960212594e-21,0.355374447886924,0.792,0.278,4.61320297643523e-17,"5","CACYBP"
3.30665613697868e-21,0.65832493853403,0.708,0.247,4.65874783138927e-17,"5","NDUFA6"
3.40147868636865e-21,0.450967139988051,0.331,0.078,4.79234332122479e-17,"5","NAGK"
3.43771164661427e-21,1.1199232369794,0.215,0.039,4.84339193891485e-17,"5","IFT52"
3.46566891539153e-21,1.01418192629013,0.162,0.024,4.88278093489512e-17,"5","PPP2R1B"
3.96183071162564e-21,0.81136846691379,0.908,0.405,5.58182328960937e-17,"5","HNRNPF"
4.13891125936807e-21,0.724728476493319,0.392,0.104,5.83131207332368e-17,"5","RPN1"
4.16498917795444e-21,0.640981902903148,0.408,0.109,5.86805325282001e-17,"5","ESYT1"
4.65222305227512e-21,0.883032423163838,0.254,0.052,6.55451705835041e-17,"5","BRAT1"
4.66659184516402e-21,0.401278888462278,0.646,0.208,6.57476125065158e-17,"5","TOMM22"
4.67588518145355e-21,1.56210878127447,0.108,0.011,6.5878546321499e-17,"5","RMI1"
4.68504663445271e-21,1.35910824104935,0.385,0.104,6.60076220328042e-17,"5","CDK6"
4.80911617762435e-21,0.710099860905645,0.669,0.233,6.77556378265495e-17,"5","CCT8"
5.11840855233958e-21,0.476621648126951,0.423,0.115,7.21132580939123e-17,"5","EIF2AK1"
5.3539428712817e-21,0.413386326587445,0.485,0.14,7.54317011134879e-17,"5","SRSF1"
5.46284751388535e-21,0.808124166194865,0.585,0.19,7.69660586231307e-17,"5","NOP58"
5.67334643538516e-21,1.11147646771635,0.208,0.037,7.99317779281416e-17,"5","CEP44"
5.83682583613027e-21,0.419514741741464,0.446,0.124,8.22350392052394e-17,"5","ORMDL2"
6.2386756708424e-21,0.474002383797287,0.438,0.121,8.78967015264985e-17,"5","PFDN1"
6.30515564113937e-21,0.410275852540636,0.269,0.057,8.88333378280126e-17,"5","GTF3C5"
6.32268365966588e-21,0.641960734604186,0.277,0.06,8.90802900810326e-17,"5","CISH"
6.76348278413414e-21,0.420755792496639,0.408,0.108,9.5290708945666e-17,"5","LYPLA2"
7.0943775209597e-21,0.542404124344443,0.285,0.062,9.99526848928012e-17,"5","CBR4"
7.21468191779538e-21,0.650815603797651,0.292,0.066,1.01647653539819e-16,"5","CDC27"
7.26766537741488e-21,0.627416428320013,0.862,0.332,1.02394137502398e-16,"5","LSM7"
7.4435791455457e-21,-0.84239313430699,0.992,0.96,1.04872586581593e-16,"5","EIF1"
8.06237964635793e-21,0.52821853559382,0.346,0.085,1.13590866837537e-16,"5","YDJC"
8.21944524922152e-21,0.59144823960538,0.615,0.203,1.15803764116282e-16,"5","PRMT1"
8.26198868914771e-21,1.2973032440981,0.215,0.04,1.16403158641402e-16,"5","FARSB"
8.27935934059573e-21,0.506125916285373,0.454,0.128,1.16647893749653e-16,"5","DAZAP1"
8.31322650329198e-21,0.862737658151817,0.2,0.035,1.17125048204881e-16,"5","TMEM9"
8.32827543249982e-21,0.920119137784461,0.169,0.026,1.1733707256849e-16,"5","RFT1"
8.70345645708207e-21,1.22999643176407,0.508,0.165,1.22622998023829e-16,"5","KPNA2"
8.71082298789863e-21,0.936230165227071,0.3,0.069,1.22726785076504e-16,"5","PCBD1"
8.76256969624997e-21,0.641869363124698,0.331,0.079,1.23455844450466e-16,"5","PRDX4"
9.07765235607414e-21,1.29038500384596,0.185,0.031,1.27895044044728e-16,"5","TUBGCP3"
9.20330602362528e-21,0.842316000782027,0.962,0.722,1.29665378566857e-16,"5","CORO1A"
9.80574410415165e-21,0.299169426076728,0.531,0.157,1.38153128683393e-16,"5","RAB11B"
9.95435681113999e-21,1.03265347940272,0.162,0.024,1.40246933112151e-16,"5","ENO2"
9.98649336617628e-21,1.21185783943481,0.146,0.02,1.40699705036058e-16,"5","TUBGCP5"
1.00049465382591e-20,0.731359025030889,0.823,0.328,1.40959691777532e-16,"5","BUB3"
1.01965582749937e-20,0.958110263821117,0.246,0.05,1.43659309536386e-16,"5","PIGS"
1.06908827841853e-20,1.46283146855809,0.138,0.018,1.50623847546387e-16,"5","CCDC51"
1.07206014651723e-20,0.561009833547024,0.338,0.083,1.51042554042812e-16,"5","SFXN1"
1.10169540116296e-20,0.478918568000033,0.3,0.068,1.55217865069849e-16,"5","NFYB"
1.10551551695388e-20,0.173527633540426,0.5,0.144,1.55756081183633e-16,"5","TXNDC12"
1.11487354896144e-20,0.771891607032331,0.885,0.381,1.57074534313178e-16,"5","NDUFB11"
1.12391750124345e-20,1.41114794582057,0.146,0.02,1.58348736750189e-16,"5","ABHD11"
1.17091479893073e-20,0.605886104342269,0.362,0.092,1.64970186021351e-16,"5","NIPA2"
1.18298423419034e-20,0.43108214541743,0.454,0.129,1.66670648755077e-16,"5","PIN4"
1.19226291596335e-20,0.953341244234935,0.208,0.038,1.67977922230077e-16,"5","ELOVL6"
1.19986340873411e-20,1.2840588185075,0.185,0.031,1.69048755656549e-16,"5","HSF2"
1.2036990436257e-20,0.373931223590526,0.477,0.137,1.69589158256424e-16,"5","NFATC2IP"
1.20870006129141e-20,0.405171140503205,0.462,0.13,1.70293751635347e-16,"5","PSMD6"
1.21632729610863e-20,0.994803422020985,0.269,0.058,1.71368352748745e-16,"5","MAGEH1"
1.25885027889773e-20,0.773264839891833,0.185,0.031,1.77359415793901e-16,"5","RCN1"
1.33277527616014e-20,0.432701962491173,0.369,0.093,1.87774708658202e-16,"5","SF3A3"
1.36091815382757e-20,0.695481341473854,0.3,0.069,1.91739758692767e-16,"5","FARSA"
1.43014302205728e-20,0.573346604716009,0.538,0.167,2.01492850377651e-16,"5","SYNCRIP"
1.43317222225593e-20,0.847612852934281,0.246,0.05,2.01919634393638e-16,"5","WDR41"
1.45411457531748e-20,0.940007460505104,0.208,0.038,2.0487020251648e-16,"5","ALDH16A1"
1.47527641265582e-20,0.490673864145802,0.692,0.234,2.07851693779078e-16,"5","PSMD4"
1.48209237088373e-20,1.99484107176326,0.108,0.012,2.08811994133809e-16,"5","MORN2"
1.51890809864907e-20,0.662065953769983,0.692,0.245,2.13998962018668e-16,"5","ANP32A"
1.57841711001134e-20,0.455382605246821,0.7,0.235,2.22383186629497e-16,"5","METTL9"
1.59249928557827e-20,0.574124728956433,0.423,0.117,2.24367224345122e-16,"5","VMA21"
1.60565421722005e-20,0.498911981887258,0.346,0.085,2.26220622664133e-16,"5","DCTD"
1.62520889961688e-20,0.594548678702833,0.269,0.058,2.28975681867022e-16,"5","GMEB1"
1.63597041902494e-20,0.908051598241165,0.262,0.056,2.30491872336423e-16,"5","MFGE8"
1.76279591817962e-20,0.506816407519159,0.508,0.153,2.48360316912326e-16,"5","PPP2R1A"
1.78528608677169e-20,0.248435060468614,0.515,0.151,2.51528956765264e-16,"5","COMMD8"
1.82725072334029e-20,0.679892588336296,0.662,0.231,2.57441354411414e-16,"5","MPC2"
1.84087306660153e-20,0.502783614320722,0.377,0.098,2.5936060635349e-16,"5","AAMP"
1.86451155101657e-20,0.659230309217777,0.508,0.156,2.62691032422724e-16,"5","TTC39C"
1.93085562733468e-20,1.09377790157412,0.138,0.019,2.72038249335183e-16,"5","KLHL22"
1.94240994351488e-20,0.355008320824704,0.508,0.151,2.73666136941811e-16,"5","ESD"
2.00556102017892e-20,0.878441279497944,0.177,0.029,2.82563492133008e-16,"5","SRRD"
2.01315038540778e-20,0.452943437546133,0.292,0.066,2.83632757800102e-16,"5","MTX1"
2.05554441766511e-20,0.842397622731356,0.238,0.048,2.89605653004837e-16,"5","SYK"
2.07533132425197e-20,0.304566781071848,0.338,0.082,2.9239343027386e-16,"5","TMEM11"
2.0790583683625e-20,0.664712424754357,0.346,0.087,2.92918533518593e-16,"5","NTMT1"
2.13398315879784e-20,1.56031431697368,0.123,0.015,3.00656887243028e-16,"5","ZW10"
2.20982053686482e-20,1.06396873136551,0.231,0.046,3.11341615438884e-16,"5","COG4"
2.27244555707535e-20,1.18345226650024,0.208,0.038,3.20164854536346e-16,"5","GEMIN6"
2.28538423439733e-20,0.698481419350818,0.762,0.288,3.2198778478424e-16,"5","THRAP3"
2.29750234819226e-20,0.594635643406631,0.446,0.128,3.23695105836807e-16,"5","RECQL"
2.29855378078829e-20,0.795068909398653,0.877,0.379,3.23843242175262e-16,"5","GNG5"
2.34142554357325e-20,1.2649367684843,0.162,0.025,3.29883444834035e-16,"5","SFXN5"
2.41006141934404e-20,0.483909416407811,0.331,0.08,3.39553553371382e-16,"5","NAA15"
2.60578210682591e-20,1.65746889354447,0.1,0.01,3.67128641030702e-16,"5","NLRX1"
2.62219820930872e-20,0.413179742752004,0.577,0.181,3.69441505709506e-16,"5","PPP1R7"
2.73870381155836e-20,1.21884697936976,0.177,0.029,3.85855980010458e-16,"5","EXOSC2"
2.78269403691016e-20,0.508955380872358,0.723,0.256,3.92053762860273e-16,"5","COX17"
2.83471729660595e-20,0.734004297803703,0.262,0.056,3.99383319918812e-16,"5","USP39"
2.8520771357361e-20,1.07396267244209,0.331,0.083,4.01829147653858e-16,"5","STAG1"
2.90354854793497e-20,0.368228016567447,0.562,0.174,4.09080954918558e-16,"5","FAAP20"
2.93386713855064e-20,0.413261925460269,0.462,0.133,4.13352541150399e-16,"5","TRAPPC2L"
2.95850438443914e-20,1.21771477390712,0.146,0.021,4.1682368272363e-16,"5","IFT74"
2.98038047797847e-20,0.667507317671108,0.462,0.135,4.19905805542387e-16,"5","STXBP2"
3.03364444776803e-20,0.409003977512197,0.669,0.223,4.27410166246038e-16,"5","RBCK1"
3.03889306913527e-20,0.824804771692512,0.246,0.051,4.28149644510468e-16,"5","MUS81"
3.04328908760741e-20,1.04841931216709,0.138,0.019,4.28768999553008e-16,"5","TTI1"
3.0901870708761e-20,0.659243084002372,0.3,0.07,4.35376456415734e-16,"5","SMARCA4"
3.30500144116597e-20,0.726150195393983,0.223,0.043,4.65641653045874e-16,"5","TRAF7"
3.39534347318611e-20,0.754123144296557,0.969,0.625,4.78369941937191e-16,"5","SUMO2"
3.40154986020107e-20,1.14452734378837,0.2,0.036,4.79244359803729e-16,"5","SMPD4"
3.43343325841574e-20,0.791360222491988,0.277,0.062,4.83736411778194e-16,"5","WDR18"
3.43711697734529e-20,0.986000430390983,0.208,0.038,4.84255410938178e-16,"5","THEM6"
3.66876950117805e-20,1.17241394631204,0.262,0.057,5.16892935020975e-16,"5","TBC1D31"
3.70738320203603e-20,0.592437210540898,0.238,0.048,5.22333219334857e-16,"5","FAIM"
3.74494035551236e-20,0.465963141446102,0.531,0.166,5.27624646688137e-16,"5","SLIRP"
3.74955284994304e-20,0.496151366447548,0.331,0.081,5.28274501028476e-16,"5","PRRC2A"
3.78513810472675e-20,0.660578144269158,0.215,0.041,5.33288107574951e-16,"5","MICB"
3.84992686908135e-20,0.641688799180741,0.308,0.073,5.42416196584871e-16,"5","AK3"
3.98612908327029e-20,0.302509840601719,0.377,0.098,5.61605726541951e-16,"5","UCHL5"
4.02482627040425e-20,1.23665003922175,0.131,0.017,5.67057773237255e-16,"5","IFT22"
4.09252703064928e-20,0.633734969133934,0.3,0.07,5.76596133348177e-16,"5","ATF6"
4.44624275313477e-20,0.575516614630618,0.4,0.11,6.26431141489158e-16,"5","ILKAP"
4.46230790042389e-20,0.668313149173298,0.331,0.081,6.28694560090722e-16,"5","EIF2B1"
4.69485088152715e-20,1.07614590840772,0.192,0.034,6.6145754069836e-16,"5","MBD3"
4.73282944353207e-20,0.436555093537707,0.577,0.184,6.66808340299233e-16,"5","PSMB4"
4.75248201052145e-20,0.460117439699821,0.331,0.081,6.69577190462367e-16,"5","NMT2"
4.85127509001591e-20,0.564792126000535,0.215,0.041,6.83496147432342e-16,"5","DTWD1"
4.87604583413689e-20,1.2249867326238,0.162,0.025,6.86986097571546e-16,"5","HMBS"
5.04823422089633e-20,0.653054211247166,0.369,0.097,7.11245719382084e-16,"5","CCDC57"
5.11130473667616e-20,0.650812375478374,0.338,0.085,7.20131724350305e-16,"5","DCUN1D5"
5.28288258884664e-20,0.725877460337682,0.362,0.095,7.44305327942603e-16,"5","TOR1AIP1"
5.36880332284916e-20,0.66403707682573,0.346,0.088,7.56410700156218e-16,"5","MFAP1"
5.53844389664243e-20,0.496773353330158,0.462,0.134,7.80311360597952e-16,"5","KIF2A"
5.55813905858853e-20,0.68438306525866,0.862,0.353,7.83086211964539e-16,"5","PSMD8"
6.37949572920664e-20,0.705790509873546,0.238,0.048,8.98807153287924e-16,"5","HSPBP1"
6.5665623252735e-20,1.03235938806905,0.246,0.052,9.25162966007784e-16,"5","HAUS3"
6.70882776694203e-20,0.450314788395233,0.769,0.277,9.45206744084462e-16,"5","DNAJC8"
6.71375152806622e-20,0.992724375874105,0.408,0.115,9.4590045278925e-16,"5","TOX"
6.73480605456451e-20,0.589608963644071,0.331,0.082,9.48866825027594e-16,"5","CBR1"
6.76536299096273e-20,0.756877826493526,0.162,0.025,9.53171991796739e-16,"5","GCA"
6.78091085968845e-20,1.2487250686334,0.315,0.079,9.55362531021506e-16,"5","FAM126A"
7.00266736415064e-20,1.06066389467056,0.2,0.036,9.86605804935184e-16,"5","NDUFAF6"
7.03916425862228e-20,0.47163903427897,0.492,0.15,9.91747852397292e-16,"5","ITGA1"
7.12165507583183e-20,0.563093541360667,0.792,0.292,1.00336998363395e-15,"5","PSMB6"
7.13461184642487e-20,1.01147130623661,0.123,0.015,1.0051954630428e-15,"5","ZNF789"
7.26365445376577e-20,0.82354616433903,0.5,0.158,1.02337627599106e-15,"5","EPSTI1"
7.30418493611558e-20,0.56457864731576,0.462,0.136,1.02908661564932e-15,"5","MLEC"
7.79746401545156e-20,0.568001417866914,0.723,0.26,1.09858470513697e-15,"5","DCTN3"
7.81319671139156e-20,1.47367021999272,0.154,0.023,1.10080128466796e-15,"5","NUP155"
8.22703683076839e-20,1.41428261820592,0.169,0.028,1.15910721908696e-15,"5","CHAMP1"
8.64249316826556e-20,0.842327859614288,0.2,0.036,1.21764086247693e-15,"5","TCAF1"
8.65589981302026e-20,0.485815700148763,0.646,0.215,1.21952972465642e-15,"5","GTF2A2"
8.65893863248503e-20,0.410455905658901,0.508,0.154,1.21995786393082e-15,"5","PDCD2"
8.80265979752843e-20,0.545670280753211,0.731,0.26,1.24020673887378e-15,"5","OSTC"
8.96161597346269e-20,0.769113566142922,0.985,0.688,1.26260207450116e-15,"5","HNRNPA2B1"
9.30827792936502e-20,0.312459295441643,0.477,0.14,1.31144327746824e-15,"5","SNRNP200"
9.3477072031414e-20,0.385770614663555,0.369,0.096,1.31699846785059e-15,"5","CSNK2A1"
9.63422228906405e-20,0.295481168455176,0.431,0.12,1.35736557830623e-15,"5","OXA1L"
9.92089681472813e-20,0.450169618486579,0.623,0.208,1.39775515222705e-15,"5","EIF6"
9.9989602799619e-20,2.19865480584935,0.1,0.01,1.40875351384383e-15,"5","ZNF776"
1.02667476508526e-19,0.595353548426985,0.277,0.062,1.44648207652862e-15,"5","TMA16"
1.04007161285198e-19,0.531403063705289,0.415,0.118,1.46535689534715e-15,"5","TOMM5"
1.04428212403697e-19,0.628955410197958,0.254,0.054,1.47128908455569e-15,"5","RNPEP"
1.05624068656026e-19,0.466960508629024,0.538,0.168,1.48813750329475e-15,"5","STAG2"
1.05825925252882e-19,0.450412928319591,0.615,0.206,1.49098146088785e-15,"5","POLR2F"
1.11043823315121e-19,1.8966215806621,0.1,0.01,1.56449642668673e-15,"5","IGFBP6"
1.15540769441798e-19,0.518804292164093,0.546,0.174,1.62785390066549e-15,"5","ITGB1BP1"
1.16794036578091e-19,0.375311737488529,0.423,0.118,1.64551118134872e-15,"5","UBE2J2"
1.33134117096517e-19,0.754556507753546,0.215,0.041,1.87572657577282e-15,"5","DPP3"
1.37009316692994e-19,0.619797342562119,0.3,0.071,1.9303242628876e-15,"5","PDXK"
1.37989694395838e-19,0.818449174927001,0.508,0.161,1.94413680434296e-15,"5","TNFSF10"
1.4032153194679e-19,0.529551013371875,0.315,0.076,1.97699006359833e-15,"5","CWC27"
1.43511025310109e-19,1.04944360103636,0.131,0.017,2.02192683559412e-15,"5","RAD18"
1.44153245010795e-19,1.83945781287863,0.169,0.028,2.03097506895709e-15,"5","WRN"
1.48851485670109e-19,0.743648480306558,0.969,0.495,2.09716858160617e-15,"5","PSME2"
1.50183336073542e-19,0.482784859530746,0.623,0.208,2.11593302194014e-15,"5","RPN2"
1.56714975625297e-19,0.451290803711931,0.431,0.123,2.20795729158481e-15,"5","ELAVL1"
1.60978849244106e-19,1.66280660285419,0.162,0.026,2.26803100700021e-15,"5","ZDHHC14"
1.6672470550617e-19,0.521947014514015,0.308,0.074,2.34898437587643e-15,"5","MPHOSPH6"
1.69116242304256e-19,1.48423547721673,0.331,0.09,2.38267873782466e-15,"5","IGFBP2"
1.81450078520867e-19,0.946314169521665,0.231,0.047,2.5564501562805e-15,"5","NOC3L"
1.86008070065187e-19,0.497873883856132,0.246,0.052,2.62066769914842e-15,"5","SGTA"
1.88502772790117e-19,0.54157588541904,0.377,0.102,2.65581556583995e-15,"5","NAE1"
1.90877306966179e-19,0.744265598537847,0.3,0.072,2.68927037784649e-15,"5","FLYWCH2"
1.96290201552918e-19,1.43038374411719,0.146,0.021,2.76553264967906e-15,"5","INTS7"
1.98849518897659e-19,1.50663259548612,0.169,0.028,2.80159087174912e-15,"5","TNFSF13B"
2.04660241981593e-19,0.426183013735371,0.238,0.049,2.88345814927866e-15,"5","EIF2B2"
2.11034677806755e-19,0.631735486072058,0.838,0.334,2.97326757561937e-15,"5","ENSA"
2.12522947557118e-19,0.974949501467598,0.2,0.037,2.99423580813223e-15,"5","TDP1"
2.12783471924066e-19,0.350666845734823,0.346,0.088,2.99790633593817e-15,"5","ASL"
2.17218051519327e-19,0.43296935547531,0.5,0.153,3.0603851278558e-15,"5","CYB5B"
2.21344421664926e-19,0.606543892231057,0.285,0.066,3.11852155683715e-15,"5","CHID1"
2.22752684573869e-19,0.506055191270666,0.492,0.151,3.13836257296124e-15,"5","PRPF38A"
2.24557259096502e-19,0.812690673423955,0.262,0.058,3.16378722341062e-15,"5","ZMAT5"
2.26814951701397e-19,0.625914565433837,0.362,0.096,3.19559585452098e-15,"5","PDS5A"
2.42672612353246e-19,0.558250645861481,0.192,0.034,3.41901443544488e-15,"5","WRNIP1"
2.42948759469417e-19,0.508645424544606,0.369,0.099,3.42290507216462e-15,"5","TMED3"
2.45119694161693e-19,0.414759164631645,0.362,0.094,3.45349137104409e-15,"5","GTPBP4"
2.57740165628582e-19,0.512640829872701,0.4,0.111,3.63130119354109e-15,"5","CCNG1"
2.65820641593108e-19,0.482199644424041,0.615,0.208,3.74514701940529e-15,"5","ACP1"
2.70498962326217e-19,0.484543465687812,0.262,0.057,3.81105988021407e-15,"5","ZNF580"
2.7136315245092e-19,0.517863661188687,0.177,0.03,3.82323545488101e-15,"5","CLUAP1"
2.71884132862957e-19,0.30030750811817,0.354,0.091,3.83057554790619e-15,"5","GPS1"
2.72028528178293e-19,0.358473922345367,0.346,0.089,3.83260993350398e-15,"5","KPNA3"
2.78110032091582e-19,0.542295971277438,0.769,0.283,3.9182922421383e-15,"5","NDUFA12"
2.80244037304343e-19,0.568938378932168,0.785,0.303,3.94835824158089e-15,"5","NDUFC2"
2.84110041344408e-19,0.329452106690113,0.385,0.104,4.00282637250137e-15,"5","BCAS4"
2.9904341660952e-19,0.720726536198303,0.277,0.064,4.21322269661153e-15,"5","GNGT2"
3.07395882003995e-19,0.567589563670731,0.4,0.112,4.33090058155429e-15,"5","PBRM1"
3.41179746089354e-19,0.5833700036177,0.362,0.096,4.80688144265291e-15,"5","USP48"
3.507037188362e-19,0.462652945610797,0.423,0.121,4.94106469468323e-15,"5","PHF5A"
3.56219138827761e-19,0.46599829025554,0.592,0.196,5.01877144694432e-15,"5","RBM17"
3.56744656817306e-19,0.419027602139037,0.246,0.052,5.02617546989903e-15,"5","EHMT2"
3.64315953134124e-19,0.0536575115054109,0.508,0.152,5.13284746370668e-15,"5","LSM10"
3.777320145035e-19,0.370596148894368,0.362,0.095,5.32186635233981e-15,"5","GANAB"
3.85060512384322e-19,0.553270794939851,0.546,0.176,5.42511755898271e-15,"5","IAH1"
3.86602934984074e-19,0.538033220221265,0.285,0.066,5.44684875099062e-15,"5","SMIM20"
3.8953443932424e-19,0.461925687976039,0.323,0.08,5.48815071563922e-15,"5","COA6"
4.01302675863629e-19,0.517093082091139,0.723,0.268,5.65395340024267e-15,"5","NUDC"
4.06282651345877e-19,0.61101082725407,0.2,0.037,5.72411627481206e-15,"5","GOT2"
4.30362792150777e-19,0.704675338171773,0.262,0.058,6.0633813786123e-15,"5","GAR1"
4.36557871647762e-19,1.07808415005766,0.169,0.028,6.15066385364531e-15,"5","MROH1"
4.37415363595661e-19,0.512788704528183,0.708,0.255,6.16274505769927e-15,"5","POLR2G"
4.41156688134865e-19,0.378776838081722,0.585,0.19,6.21545657913211e-15,"5","PUF60"
4.53552261327273e-19,0.864271888212265,0.185,0.033,6.39009780983994e-15,"5","ZFHX3"
4.70142735835673e-19,0.544493118868431,0.215,0.042,6.62384100518879e-15,"5","CSTF3"
5.1241083105943e-19,0.596917998153429,0.308,0.075,7.21935619879631e-15,"5","PDZD11"
5.13850409528509e-19,0.632288194063413,0.331,0.084,7.23963841984716e-15,"5","LRRC59"
5.14560555822411e-19,1.28439321543785,0.638,0.295,7.24964367098195e-15,"5","ALDOA"
5.17569751503586e-19,0.711802520897775,0.823,0.347,7.29204022893402e-15,"5","RBX1"
5.23240901606422e-19,0.411430487137768,0.592,0.194,7.37194106273288e-15,"5","TMEM123"
5.32799033978069e-19,0.462178183337782,0.331,0.084,7.50660558971701e-15,"5","SPTSSA"
5.35149888128045e-19,0.180500353349399,0.454,0.132,7.53972677383602e-15,"5","MBD4"
5.36004121197827e-19,0.295025966670186,0.415,0.117,7.55176206355618e-15,"5","SNRNP27"
5.53140111302767e-19,1.09205907742691,0.138,0.02,7.79319102814468e-15,"5","ABCB10"
5.70243344218714e-19,0.417519310921498,0.669,0.23,8.03415847669747e-15,"5","UQCRFS1"
5.85995909008935e-19,0.433602071017809,0.323,0.081,8.25609636202689e-15,"5","POMC"
6.07911536130121e-19,1.46536264281123,0.138,0.02,8.56486563253728e-15,"5","MGLL"
6.09611891100266e-19,0.507813408724969,0.554,0.18,8.58882193371165e-15,"5","FRG1"
6.21886266389607e-19,0.624054855111969,0.715,0.266,8.76175560716318e-15,"5","MDH2"
6.23456419388849e-19,0.329019258253699,0.323,0.081,8.78387749276949e-15,"5","PUS7L"
6.26198386927841e-19,0.867240586168917,0.231,0.048,8.82250907342635e-15,"5","BIN3"
6.46462272686263e-19,0.552683842218893,0.346,0.091,9.10800695987676e-15,"5","DNASE2"
6.47084011167021e-19,0.636842554791461,0.338,0.088,9.11676663333216e-15,"5","TCERG1"
6.50633594415752e-19,0.524470069501669,0.646,0.226,9.16677671172353e-15,"5","PSMD13"
6.72146555628964e-19,1.41141740874906,0.123,0.016,9.46987282225647e-15,"5","HAUS5"
6.8230760618474e-19,0.736032865661157,0.238,0.051,9.6130318635368e-15,"5","ASB1"
6.84199117965357e-19,0.620402184509016,0.246,0.053,9.63968137301392e-15,"5","HMGCL"
7.08554628505794e-19,0.728072203270243,0.208,0.04,9.98282616101814e-15,"5","ZMIZ1"
7.09174052979936e-19,0.536570940940963,0.431,0.126,9.99155323243432e-15,"5","COA4"
7.17498538907683e-19,0.580868809395157,0.854,0.343,1.01088369146703e-14,"5","NDUFA11"
7.59730546930658e-19,0.247509515415223,0.415,0.117,1.0703843675706e-14,"5","EXOSC1"
7.71562331634856e-19,0.488336541480325,0.6,0.203,1.08705416904035e-14,"5","CCT7"
7.838807458177e-19,0.70560581099894,0.462,0.143,1.10440958278256e-14,"5","LAP3"
8.40291552110986e-19,1.38962419723948,0.223,0.046,1.18388676776917e-14,"5","HES6"
8.42256065727504e-19,0.673421709106206,0.277,0.064,1.18665457100348e-14,"5","PGM1"
8.5470191144454e-19,0.387291698968159,0.315,0.078,1.20418952303421e-14,"5","CTNNBIP1"
8.62555609805249e-19,1.41939726684848,0.1,0.011,1.21525459865461e-14,"5","KHDC1"
8.82862765232798e-19,0.760702268599935,0.215,0.043,1.24386534993649e-14,"5","KDM1A"
9.07251205743957e-19,0.261250154783381,0.469,0.14,1.27822622377266e-14,"5","SDHA"
9.10627189635436e-19,0.396363203396677,0.477,0.146,1.28298264747737e-14,"5","SMIM7"
9.20919971581964e-19,0.587659087280637,0.223,0.045,1.29748414796183e-14,"5","BRD8"
9.30914004206826e-19,0.583291343555601,0.262,0.059,1.311564740527e-14,"5","ACD"
1.00052759887718e-18,0.294669153455045,0.462,0.137,1.40964333405806e-14,"5","MPLKIP"
1.02886875045666e-18,0.255676072741282,0.415,0.118,1.44957318251839e-14,"5","NUDT22"
1.09174877441272e-18,0.706899394169577,0.292,0.071,1.53816484827008e-14,"5","TMEM33"
1.09324114591375e-18,0.26283553771826,0.485,0.147,1.54026745047788e-14,"5","FUNDC2"
1.09599191325576e-18,0.436451016780461,0.369,0.1,1.54414300658604e-14,"5","LRCH4"
1.11802302679705e-18,0.829112146350275,0.254,0.057,1.57518264245436e-14,"5","IVD"
1.11955427765001e-18,0.523662731196646,0.354,0.094,1.5773400217811e-14,"5","ARHGAP18"
1.13635541398257e-18,0.319605825334901,0.338,0.087,1.60101114276005e-14,"5","DZIP3"
1.15836455203004e-18,0.409924658674536,0.477,0.147,1.63201981735513e-14,"5","COA1"
1.2277042006925e-18,0.563372762691527,0.754,0.277,1.72971244835566e-14,"5","CCT3"
1.28555379838018e-18,1.05681056775119,0.192,0.036,1.81121674653784e-14,"5","RTP4"
1.29074278399417e-18,0.676392865237319,0.231,0.048,1.81852750836938e-14,"5","FTSJ1"
1.29191660983089e-18,0.774390822618077,0.254,0.057,1.82018131159073e-14,"5","GART"
1.30230814702236e-18,0.823060224147725,0.231,0.048,1.83482194833981e-14,"5","NDRG3"
1.42766949381834e-18,-1.83333491267092,0.723,0.774,2.01144354984066e-14,"5","TSC22D3"
1.45797722418309e-18,0.428881156219381,0.515,0.163,2.05414411115156e-14,"5","HM13"
1.50762415587669e-18,0.812455283712527,0.231,0.049,2.12409167321467e-14,"5","ECE1"
1.54245577718467e-18,1.11939087497962,0.192,0.036,2.17316594447548e-14,"5","RITA1"
1.56007998710112e-18,1.08496894368408,0.177,0.031,2.19799669382677e-14,"5","NHLRC2"
1.60392777817122e-18,0.86454943330736,0.185,0.033,2.25977384666543e-14,"5","MDM1"
1.67994940708767e-18,0.907672557297667,0.185,0.033,2.36688071964582e-14,"5","TMEM68"
1.70899325889915e-18,0.79518811573307,0.338,0.09,2.40780060246301e-14,"5","RNF130"
1.73940292284202e-18,0.687499226790951,0.285,0.068,2.45064477799212e-14,"5","FLOT2"
1.75711532758914e-18,1.03364031140588,0.138,0.02,2.47559978504035e-14,"5","RNF26"
1.78240959489417e-18,0.672059368879662,0.285,0.068,2.51123687824639e-14,"5","TPMT"
1.86885345484917e-18,1.08136606693996,0.292,0.073,2.633027632537e-14,"5","SPTBN1"
1.91142145962199e-18,0.409114455776959,0.446,0.133,2.69300169446143e-14,"5","RAB10"
1.92836743988139e-18,0.36125888172974,0.331,0.085,2.71687688604888e-14,"5","CHRAC1"
2.00506935180258e-18,0.41224117473156,0.738,0.27,2.82494220975465e-14,"5","VPS29"
2.06320650614641e-18,0.360657722952044,0.438,0.129,2.90685164650967e-14,"5","DENR"
2.09911124957263e-18,0.493353380286722,0.523,0.169,2.95743783952287e-14,"5","POLE4"
2.16414681114631e-18,0.474132698816644,0.392,0.111,3.04906644222403e-14,"5","TSR2"
2.27919583481341e-18,0.323619661025766,0.408,0.117,3.21115901166861e-14,"5","MIR4435-2HG"
2.38886656922297e-18,-0.545572027755066,1,1,3.36567410937824e-14,"5","B2M"
2.41007557433611e-18,0.355170632541855,0.546,0.176,3.39555547668215e-14,"5","THOC7"
2.44005713587361e-18,1.05084061614597,0.208,0.042,3.43779649873233e-14,"5","ING2"
2.44664954746788e-18,0.371885493504958,0.646,0.223,3.44708454742749e-14,"5","PDAP1"
2.49824175895587e-18,0.829954151705878,0.2,0.039,3.51977281419292e-14,"5","ILVBL"
2.51635068444223e-18,0.649350106733405,0.515,0.167,3.54528647931066e-14,"5","PARP14"
2.54719136912159e-18,1.19000002251694,0.238,0.052,3.58873791995541e-14,"5","S100A13"
2.54803016214841e-18,0.149133905542066,0.615,0.203,3.58991969545089e-14,"5","RNH1"
2.57054750192925e-18,1.33046212402335,0.192,0.037,3.62164437546811e-14,"5","ATP10A"
2.59006401932677e-18,0.521746624391439,0.815,0.313,3.64914119682948e-14,"5","FKBP1A"
2.64872804342506e-18,0.237777181512596,0.3,0.073,3.73179294038156e-14,"5","BLVRB"
2.66044370074366e-18,1.70771264290963,0.1,0.011,3.74829912997774e-14,"5","LRP8"
2.67497920648084e-18,0.696787747832401,0.269,0.063,3.76877820401086e-14,"5","HSD17B12"
2.74064172868965e-18,0.629248528775544,0.162,0.027,3.86129013155084e-14,"5","PEX11B"
2.80652850431515e-18,0.992805805638281,0.2,0.039,3.95411800972961e-14,"5","USP5"
2.85228934942185e-18,0.42726046901257,0.669,0.236,4.01859046440045e-14,"5","EWSR1"
3.0436066395133e-18,0.303230098182004,0.654,0.225,4.2881373944103e-14,"5","MANF"
3.06369677629601e-18,0.344389963709864,0.346,0.092,4.31644238812344e-14,"5","CCDC25"
3.08693901485004e-18,0.680373940291885,0.392,0.114,4.34918837802222e-14,"5","MDFIC"
3.1477145439412e-18,0.628596761774707,0.808,0.33,4.43481502095876e-14,"5","SSBP1"
3.25101852309492e-18,0.704840708602776,0.808,0.344,4.58035999718843e-14,"5","EIF5A"
3.30229600928348e-18,0.148758521437516,0.408,0.116,4.65260484747949e-14,"5","TSG101"
3.30393086351279e-18,0.21906316097351,0.408,0.116,4.65490819360317e-14,"5","PFDN4"
3.35215577662979e-18,0.498639557044016,0.269,0.062,4.72285227369372e-14,"5","ACAT1"
3.43367387068948e-18,0.423863070575457,0.277,0.065,4.83770311641441e-14,"5","BBIP1"
3.46733197082336e-18,0.25076104080081,0.4,0.113,4.88512401369304e-14,"5","CNIH1"
3.47103204249242e-18,0.559343906262938,0.362,0.1,4.89033704466757e-14,"5","DHX15"
3.70325102219864e-18,0.848622848545203,0.331,0.089,5.21751036517566e-14,"5","ANKRD36C"
3.88099376285223e-18,0.688227994975284,0.308,0.078,5.46793211248251e-14,"5","CHMP6"
3.91989612899217e-18,0.50885168030622,0.292,0.072,5.52274165613707e-14,"5","EMC8"
4.00971858311886e-18,0.85566177858655,0.477,0.156,5.64929251175616e-14,"5","PPP1R14B"
4.07989206891835e-18,1.01857478407104,0.269,0.064,5.74815993589907e-14,"5","RIOK1"
4.0963468430309e-18,0.889512484604923,0.138,0.021,5.77134306714623e-14,"5","PI4K2B"
4.1350364157428e-18,0.572117367044719,0.292,0.072,5.82585280614002e-14,"5","TXNRD1"
4.41768068332003e-18,0.447853470730302,0.546,0.18,6.22407031472959e-14,"5","ACADVL"
4.49489556113011e-18,0.349350160171432,0.554,0.181,6.33285835607621e-14,"5","CARD19"
4.5994645452616e-18,1.20019929530332,0.208,0.042,6.48018559781907e-14,"5","ALDH3A2"
4.63114249462757e-18,0.671073564311125,0.2,0.039,6.52481666068079e-14,"5","GMPPB"
4.68803611036888e-18,0.812769455525169,0.246,0.055,6.60497407589871e-14,"5","GFM1"
4.79462546694735e-18,0.775063030151602,0.308,0.079,6.75514782038212e-14,"5","ATIC"
4.86886066373761e-18,1.09341442647241,0.385,0.118,6.85973778913991e-14,"5","MX1"
4.89465417687625e-18,0.48712182002857,0.585,0.202,6.89607826980094e-14,"5","SSBP4"
4.95908226376687e-18,0.641310301319591,0.385,0.11,6.98685100142114e-14,"5","MITD1"
5.03258007484552e-18,0.356542320715719,0.331,0.086,7.09040206744986e-14,"5","RNF34"
5.24111335085786e-18,0.449896777250623,0.269,0.063,7.38420460002364e-14,"5","NUP58"
5.5673749100053e-18,0.76710809426711,0.185,0.034,7.84387451070647e-14,"5","ELP4"
5.68790922021632e-18,0.810023448375355,0.162,0.027,8.01369530036278e-14,"5","CASP6"
5.97222856452286e-18,0.398810462380027,0.577,0.194,8.41427282455626e-14,"5","NDUFAF3"
6.27425909738319e-18,2.01288554105756,0.223,0.049,8.83980364230318e-14,"5","IFI27"
6.34803344852269e-18,0.187364240727106,0.6,0.199,8.94374432562361e-14,"5","SS18L2"
6.42508211080126e-18,1.07499012927378,0.285,0.071,9.0522981859079e-14,"5","TBC1D5"
6.4312485796416e-18,0.655560916348415,0.208,0.042,9.06098612385705e-14,"5","PKNOX1"
6.46051185610392e-18,0.748300110740004,0.231,0.05,9.10221515406482e-14,"5","RRP1"
6.46420812152188e-18,0.345981749151934,0.454,0.137,9.10742282241218e-14,"5","SNX5"
6.63343592701364e-18,0.561806541299887,0.485,0.156,9.34584787756952e-14,"5","TTC1"
6.81873858382001e-18,1.37025315704109,0.123,0.017,9.60692079074402e-14,"5","SAP130"
6.87935226939751e-18,0.886905641502852,0.869,0.426,9.69231941235414e-14,"5","CKLF"
6.99081509501936e-18,0.753033419928954,0.385,0.113,9.84935938737278e-14,"5","GBP1"
7.34502648002679e-18,0.626114305657742,0.292,0.073,1.03484078077097e-13,"5","SF3B3"
7.43360774660886e-18,0.450888493134947,0.485,0.155,1.04732099541972e-13,"5","STAT1"
7.46250692816943e-18,0.614851814226896,0.208,0.042,1.05139260110979e-13,"5","PSMD10"
7.53295342427227e-18,0.478382174010861,0.769,0.295,1.06131780794572e-13,"5","NDUFA2"
7.5987631567818e-18,0.296533310314836,0.4,0.115,1.07058974115899e-13,"5","CABIN1"
7.62566152989232e-18,0.601056831180085,0.231,0.05,1.07437945294653e-13,"5","APTX"
7.71863743924615e-18,1.17802570562495,0.154,0.025,1.08747882881539e-13,"5","GBE1"
7.76344252013487e-18,0.915655856211819,0.169,0.03,1.0937914166618e-13,"5","APEX2"
7.78657583012759e-18,0.305408581425833,0.431,0.128,1.09705066870668e-13,"5","TAF12"
7.83106409183318e-18,0.578196230480962,0.262,0.061,1.10331861989838e-13,"5","PTPN11"
8.48870710990164e-18,0.362335972566013,0.431,0.129,1.19597394471404e-13,"5","SNRNP40"
8.57860051304156e-18,0.45092471500536,0.292,0.072,1.20863902628243e-13,"5","CCNB1IP1"
8.73425287788759e-18,0.354995443004542,0.531,0.172,1.23056888796558e-13,"5","TMEM256"
8.82421284048205e-18,0.735407003503825,0.215,0.045,1.24324334709552e-13,"5","ACSF3"
8.87579343692368e-18,0.78235658552874,0.223,0.047,1.25051053732818e-13,"5","POLR2D"
8.92398343853769e-18,0.439871754132625,0.246,0.055,1.25730002665558e-13,"5","NOM1"
9.03764168765557e-18,0.316077939795188,0.369,0.102,1.27331333737379e-13,"5","PEPD"
9.53223793075598e-18,1.36812115422075,0.115,0.015,1.34299700206421e-13,"5","PROSER3"
9.95588354316133e-18,0.399072987226457,0.446,0.135,1.402684432396e-13,"5","METTL5"
1.02402408130874e-17,1.59226524988928,0.108,0.013,1.44274752815588e-13,"5","TAF9B"
1.06178340998351e-17,0.603344874824848,0.192,0.037,1.49594664632577e-13,"5","CYB5R1"
1.07744579948519e-17,0.47222990243102,0.477,0.151,1.51801338689469e-13,"5","BNIP2"
1.08396691096479e-17,0.579124355156909,0.669,0.249,1.5272009808583e-13,"5","KHDRBS1"
1.12943277798548e-17,0.51271492619438,0.254,0.058,1.59125784090375e-13,"5","FUCA1"
1.13304210438444e-17,0.814433346483601,0.162,0.028,1.59634302086724e-13,"5","PMS2"
1.14634317193911e-17,0.368525820756666,0.415,0.123,1.61508289494502e-13,"5","CISD2"
1.1603571879384e-17,0.26909619537715,0.5,0.157,1.63482724208642e-13,"5","TADA3"
1.16252964174514e-17,0.800249968953699,0.185,0.035,1.63788801225472e-13,"5","SCAMP1-AS1"
1.18730594138896e-17,0.272459431341475,0.423,0.125,1.6727953408229e-13,"5","UROS"
1.23097181067682e-17,0.649677778543242,0.392,0.116,1.73431618406257e-13,"5","SUCLG2"
1.26013800365338e-17,0.0945152731161078,0.438,0.13,1.77540843334725e-13,"5","PPIE"
1.3009856448034e-17,0.212871855828242,0.531,0.171,1.83295867496352e-13,"5","CWC15"
1.33601302766584e-17,0.461471454595158,0.338,0.091,1.88230875467841e-13,"5","CERS2"
1.35414192695249e-17,0.281401646661639,0.662,0.231,1.90785056088336e-13,"5","SAR1A"
1.36908711017396e-17,0.395443227643858,0.415,0.124,1.92890682952409e-13,"5","ECHDC1"
1.36961203772523e-17,0.218404574272448,0.723,0.255,1.92964639995107e-13,"5","LAMTOR1"
1.37623211580954e-17,0.734097649131028,0.223,0.048,1.93897342796406e-13,"5","TRPT1"
1.38964211670998e-17,0.420302311448202,0.385,0.111,1.95786677823269e-13,"5","PRELID3B"
1.42790360982619e-17,0.315035509067843,0.269,0.064,2.01177339588413e-13,"5","HNRNPUL2"
1.46807113198026e-17,1.37166523477701,0.246,0.057,2.06836541784699e-13,"5","UBASH3B"
1.46972120853559e-17,0.851503911585526,0.285,0.071,2.07069021070579e-13,"5","OAS2"
1.48784225226575e-17,0.68943315855916,0.231,0.05,2.09622094921722e-13,"5","ACOT8"
1.50793307467148e-17,0.541088289855819,0.315,0.082,2.12452690890465e-13,"5","EMG1"
1.54967625867694e-17,0.700521184239927,0.331,0.09,2.18333888084995e-13,"5","HENMT1"
1.5531208231843e-17,0.601579606995619,0.162,0.028,2.18819192778436e-13,"5","STARD9"
1.55995169479553e-17,0.985868804350602,0.2,0.04,2.19781594279742e-13,"5","GSR"
1.56140045818761e-17,0.843870141806311,0.346,0.098,2.19985710554052e-13,"5","SCLT1"
1.56542624307576e-17,1.01977549102637,0.146,0.023,2.20552903386944e-13,"5","BIVM"
1.6090656947264e-17,1.07902902028496,0.185,0.035,2.26701265730003e-13,"5","CPSF1"
1.64999382501522e-17,1.23235038977711,0.115,0.015,2.32467630006394e-13,"5","PXMP4"
1.75295710827169e-17,0.347737597068335,0.685,0.245,2.46974126984398e-13,"5","NDUFS7"
1.75553679372401e-17,0.754176225453194,0.254,0.059,2.47337578867776e-13,"5","DDX41"
1.79742213791254e-17,0.657404641929049,0.238,0.053,2.53238805010497e-13,"5","RAD1"
1.81341133614785e-17,1.37667967465553,0.108,0.014,2.5549152314987e-13,"5","B4GALT6"
1.82144909207972e-17,0.553696732623881,0.331,0.089,2.56623962583112e-13,"5","LARP1"
1.822998901512e-17,0.202049591403521,0.331,0.087,2.56842315234025e-13,"5","NBN"
1.87477908890157e-17,0.423210280502388,0.323,0.085,2.64137625835342e-13,"5","ACTR1A"
1.88230477560935e-17,0.142337682571449,0.446,0.135,2.65197919835601e-13,"5","LUC7L2"
1.99748229131167e-17,0.529021662478943,0.315,0.082,2.81425280022902e-13,"5","ATP6V0E2"
2.01072340466349e-17,0.174292197783503,0.269,0.064,2.83290820483039e-13,"5","VPS72"
2.03987709241394e-17,0.712934378309409,0.231,0.051,2.873982835502e-13,"5","ATP6V1C1"
2.05611679460145e-17,1.27768712344478,0.162,0.028,2.89686295191398e-13,"5","CCP110"
2.07007054248729e-17,0.7354205658491,0.831,0.386,2.91652238731035e-13,"5","TRAPPC1"
2.07186899576803e-17,0.414984302227072,0.292,0.073,2.91905622813757e-13,"5","DMAP1"
2.12218956360828e-17,0.617381902830166,0.931,0.439,2.9899528761677e-13,"5","PSMB1"
2.17726512901086e-17,0.432765677726247,0.692,0.251,3.06754884026341e-13,"5","FBL"
2.19442924108066e-17,0.496833937727706,0.646,0.235,3.09173135775855e-13,"5","COMMD7"
2.27414884802496e-17,1.51827793870831,0.138,0.022,3.20404831198236e-13,"5","PRKAR2B"
2.37642534248607e-17,0.950461149653162,0.2,0.04,3.34814566502862e-13,"5","TRMU"
2.41855594233066e-17,0.736541038793009,0.2,0.04,3.40750346714966e-13,"5","RAB33A"
2.52410770330455e-17,0.431173978161811,0.408,0.121,3.55621534318578e-13,"5","SMC5"
2.52698443509097e-17,0.639499690181284,0.892,0.402,3.56026837059967e-13,"5","UQCR10"
2.5465024274174e-17,0.187308865028464,0.446,0.136,3.58776726998837e-13,"5","PSMD11"
2.63784694139616e-17,0.683455276190273,0.246,0.057,3.71646255573305e-13,"5","NNT"
2.64310218833309e-17,0.298421667269678,0.277,0.067,3.72386667314249e-13,"5","MCRS1"
2.67804644113392e-17,0.89861231431409,0.208,0.043,3.77309963091358e-13,"5","METTL3"
2.6954259392631e-17,0.438289892410825,0.592,0.205,3.79758560582779e-13,"5","VCP"
2.80097888063689e-17,0.551062770812653,0.262,0.062,3.94629914492932e-13,"5","KAT5"
2.90641885208637e-17,0.285796440124962,0.4,0.117,4.09485352070448e-13,"5","TIMM17A"
2.90982775313928e-17,0.808449562140953,0.138,0.021,4.09965632139793e-13,"5","NIF3L1"
2.91362877699798e-17,0.544692386270277,0.792,0.318,4.10501158391246e-13,"5","SRI"
2.91434457835807e-17,1.356745121285,0.162,0.028,4.10602007644868e-13,"5","ATAD3A"
2.96524440123882e-17,0.304156495060793,0.469,0.147,4.17773283690537e-13,"5","COPS5"
2.98753589420589e-17,0.8089967594979,0.246,0.057,4.20913932134668e-13,"5","ACOT13"
3.04395395132211e-17,0.683990869072745,0.185,0.035,4.28862672201772e-13,"5","PTPRN2"
3.04765810274514e-17,0.528372028187692,0.6,0.217,4.29384550095763e-13,"5","SLC16A3"
3.06392975148568e-17,0.650790977553529,0.2,0.04,4.31677062686818e-13,"5","HAUS2"
3.10086356185602e-17,0.418344723838,0.731,0.271,4.36880667229895e-13,"5","TUFM"
3.1203372894509e-17,0.301550372985329,0.392,0.114,4.39624320710737e-13,"5","IMP4"
3.12268703785078e-17,1.36114572381508,0.154,0.026,4.39955376762796e-13,"5","PPIL1"
3.20613546582545e-17,0.294208285793675,0.515,0.169,4.51712425780148e-13,"5","TMEM167A"
3.20682512031496e-17,0.737019801035724,0.277,0.069,4.51809591201175e-13,"5","GPATCH4"
3.23442900318035e-17,0.207923988367878,0.508,0.163,4.55698702258079e-13,"5","DNAJC19"
3.37371081333009e-17,0.402300159256433,0.415,0.125,4.75322116490077e-13,"5","GLOD4"
3.39713299962612e-17,0.569287949841482,0.254,0.059,4.78622068317324e-13,"5","ENOSF1"
3.6374521513458e-17,0.667156382807625,0.892,0.419,5.1248063360311e-13,"5","PSMB8"
3.66532297469833e-17,0.959339185297098,0.138,0.022,5.16407353905248e-13,"5","ROGDI"
3.98987463781286e-17,0.839673534961531,0.2,0.041,5.62133437721453e-13,"5","COQ9"
4.03069626144258e-17,0.332706259746087,0.431,0.131,5.67884796274645e-13,"5","CCDC124"
4.04020693276374e-17,0.777015797055403,0.192,0.038,5.69224754757083e-13,"5","CSTF1"
4.08207973734218e-17,0.449530555978667,0.315,0.083,5.7512421419414e-13,"5","CCDC50"
4.15370307154505e-17,0.280750036149933,0.738,0.269,5.85215225749982e-13,"5","ZNHIT1"
4.25911858813931e-17,0.863770677761418,0.115,0.016,6.00067217882948e-13,"5","CNTROB"
4.31114301309977e-17,1.03218501974524,0.162,0.028,6.07396939115626e-13,"5","BCAT2"
4.40941392010721e-17,1.05701222398586,0.185,0.036,6.21242327203905e-13,"5","DIAPH2"
4.41379320765871e-17,-1.20148397527905,0.838,0.864,6.21859325027036e-13,"5","FTL"
4.54959773817008e-17,0.469106597037625,0.569,0.199,6.40992825330783e-13,"5","OSBPL8"
4.57256743265184e-17,0.392783830970767,0.246,0.057,6.44229025586318e-13,"5","TRMT2A"
4.61307591035667e-17,0.297857183266787,0.277,0.068,6.49936265010151e-13,"5","PRKRIP1"
4.63257010017908e-17,0.487719084742182,0.385,0.113,6.5268280141423e-13,"5","PLEKHO1"
4.7227575519501e-17,0.150103276238329,0.4,0.117,6.65389311494249e-13,"5","AP1S2"
4.75396672944066e-17,0.631254886269875,0.2,0.041,6.69786372510895e-13,"5","PPCDC"
4.76957747914185e-17,0.0618539456802005,0.385,0.109,6.71985771036295e-13,"5","NFU1"
4.85602364014586e-17,0.195571431570148,0.385,0.111,6.84165170660151e-13,"5","USP14"
5.04140569281134e-17,0.286019909929204,0.377,0.108,7.1028364806019e-13,"5","DCAF11"
5.04275038116124e-17,0.203718521496679,0.4,0.117,7.10473101201808e-13,"5","PPP2R3C"
5.12375993373635e-17,0.411012628334432,0.231,0.051,7.21886537064114e-13,"5","PPP1R8"
5.13068261150969e-17,0.30810033587887,0.608,0.211,7.228618731356e-13,"5","RER1"
5.20106498942627e-17,0.547944342235657,0.246,0.057,7.32778046360267e-13,"5","CPSF7"
5.22824492098603e-17,0.235899312451921,0.354,0.098,7.36607426917721e-13,"5","PPT1"
5.61251249960441e-17,0.441354608707517,0.269,0.066,7.90746886069266e-13,"5","CISD1"
5.79494526447894e-17,1.99945047021177,0.223,0.051,8.16449838312438e-13,"5","SNX9"
5.81193574276601e-17,0.452151359015396,0.315,0.084,8.18843626798303e-13,"5","OSGEP"
5.8879599927697e-17,0.679101639254948,0.877,0.423,8.29554683381324e-13,"5","PPP1CA"
5.9694751112204e-17,0.325161126654816,0.415,0.126,8.41039348419842e-13,"5","DCAF7"
6.08386682119103e-17,0.55772482322763,0.215,0.046,8.57155996437604e-13,"5","C1GALT1C1"
6.16448397413399e-17,0.400497579497734,0.669,0.243,8.68514147115738e-13,"5","PRPF40A"
6.25115487294282e-17,0.495154459675277,0.246,0.057,8.80725210048914e-13,"5","ASCC1"
6.53074458508691e-17,0.530050163867549,0.831,0.338,9.20116604592895e-13,"5","TSTD1"
6.5323582456673e-17,1.3797194360841,0.262,0.066,9.20343953232066e-13,"5","TESC"
6.55378173171641e-17,0.615307542180653,0.231,0.052,9.23362308181525e-13,"5","NAPRT"
6.65577061621149e-17,0.301336779021036,0.315,0.084,9.37731522118037e-13,"5","LYRM2"
6.74695520948839e-17,0.481742565090956,0.708,0.269,9.50578519464819e-13,"5","OCIAD2"
6.81773430674355e-17,0.530497575857497,0.169,0.031,9.60550586477098e-13,"5","AMDHD2"
6.90466509955052e-17,1.03768483852225,0.146,0.024,9.72798265875673e-13,"5","FOXRED1"
6.92014456946074e-17,0.710820522532211,0.246,0.058,9.74979168391324e-13,"5","NUBP1"
7.19579163069443e-17,0.51976922851309,0.208,0.044,1.01381508284854e-12,"5","PPP1R21"
7.44326419240224e-17,0.369312975097987,0.469,0.15,1.04868149206755e-12,"5","PSMF1"
7.57790216501829e-17,0.382728503588194,0.254,0.06,1.06765063602943e-12,"5","TIMM50"
7.80881918249347e-17,0.348252227201401,0.2,0.041,1.10018453462151e-12,"5","FTSJ3"
7.92155775749516e-17,0.557149999525679,0.315,0.085,1.11606827245349e-12,"5","ASB8"
8.03691572053883e-17,0.408603628568879,0.715,0.269,1.13232105586672e-12,"5","PSMA2"
8.11826656589186e-17,0.282219065749259,0.662,0.236,1.1437825764685e-12,"5","SNX6"
8.17295904855493e-17,0.286315764953304,0.523,0.173,1.1514882003509e-12,"5","DPY30"
8.57715598070136e-17,0.600147140923464,0.277,0.07,1.20843550612101e-12,"5","IKBIP"
8.59030954347037e-17,0.493694475448895,0.808,0.33,1.21028871157954e-12,"5","NOP10"
8.75966621845743e-17,0.265354890332998,0.3,0.077,1.23414937351847e-12,"5","CDIP1"
9.15323914323543e-17,0.427700140333236,0.262,0.063,1.28959986289044e-12,"5","DHRS1"
9.16656579932671e-17,0.334443419599527,0.715,0.264,1.29147745546714e-12,"5","TPM4"
9.48844569814338e-17,0.7561045802825,0.269,0.067,1.33682711441142e-12,"5","CTDSPL2"
9.76674611772106e-17,0.653013612936791,0.246,0.058,1.37603686052572e-12,"5","MAPK13"
1.02971355025554e-16,0.551616202741006,0.331,0.092,1.45076342095503e-12,"5","ACADM"
1.03904585066038e-16,0.576330058206957,0.823,0.346,1.46391169899541e-12,"5","PRDX6"
1.04538091518098e-16,0.221231060513582,0.454,0.142,1.47283717139848e-12,"5","PABPC4"
1.05827186918833e-16,0.417087637768549,0.615,0.219,1.49099923649944e-12,"5","EIF4H"
1.08281749055635e-16,0.738613829878904,0.231,0.052,1.52558156244484e-12,"5","RNF8"
1.10710698285065e-16,0.400646200283909,0.423,0.131,1.55980302813828e-12,"5","UBTF"
1.11986256686497e-16,0.403972063434291,0.669,0.245,1.57777437045605e-12,"5","PSMC5"
1.12491226935627e-16,0.336245708709505,0.738,0.279,1.58488889629605e-12,"5","MAGOH"
1.12728772378909e-16,0.416905664264554,0.746,0.287,1.58823567404644e-12,"5","BUD31"
1.12811375380572e-16,0.574710488601281,0.3,0.079,1.58939946773689e-12,"5","DDX49"
1.137297926854e-16,0.337403320206278,0.292,0.075,1.60233904914459e-12,"5","SNAPC5"
1.1384117933034e-16,0.281412519746176,0.392,0.116,1.60390837558517e-12,"5","PEF1"
1.15970580589571e-16,0.391448673037061,0.446,0.141,1.63390950992646e-12,"5","TMEM126B"
1.16465447163788e-16,0.166285230972531,0.446,0.14,1.64088168509060e-12,"5","SMARCE1"
1.16801127914666e-16,0.812858554242122,0.185,0.036,1.64561109118973e-12,"5","DVL2"
1.16810545844454e-16,1.17397687187064,0.131,0.02,1.64574378040251e-12,"5","LMO7"
1.21907028849433e-16,1.50814733688152,0.115,0.016,1.71754812945966e-12,"5","GTSF1"
1.2207942365934e-16,0.245763639905915,0.292,0.075,1.71997699993645e-12,"5","EGLN2"
1.22316271117989e-16,1.00460580765455,0.138,0.022,1.72331394378135e-12,"5","WDR12"
1.23758510679911e-16,0.342337719076025,0.346,0.097,1.74363365696926e-12,"5","NCOA4"
1.32428133948624e-16,0.331482088824287,0.385,0.113,1.86577997920216e-12,"5","PITPNB"
1.37767325466305e-16,0.403096561185516,0.431,0.134,1.94100384849478e-12,"5","LYPLA1"
1.37864310344588e-16,1.28899024859194,0.115,0.016,1.9423702684449e-12,"5","ZNF273"
1.3809264041182e-16,0.733758671133646,0.254,0.061,1.94558721076213e-12,"5","ALG3"
1.39312737320107e-16,0.707207406842751,0.2,0.042,1.96277715610298e-12,"5","SPIN1"
1.41305259292323e-16,0.985290550067906,0.162,0.029,1.99084979816954e-12,"5","KATNB1"
1.49536406301676e-16,0.634003324731153,0.262,0.064,2.10681842838431e-12,"5","NSUN5"
1.5374623488101e-16,0.395714957302207,0.492,0.163,2.16613070323855e-12,"5","LIMS1"
1.5471796796545e-16,0.476889233243425,0.277,0.07,2.17982145066523e-12,"5","PTDSS1"
1.5849011255751e-16,0.788893929699237,0.446,0.147,2.23296719582276e-12,"5","SRGAP3"
1.59747518942354e-16,1.15794642632748,0.1,0.012,2.25068279437883e-12,"5","CEP76"
1.60949949624902e-16,1.13013271648822,0.123,0.018,2.26762384026525e-12,"5","LIN52"
1.61534419727715e-16,0.356846013923558,0.408,0.125,2.27585843954378e-12,"5","ACP5"
1.6205498979262e-16,0.503702612058524,0.608,0.225,2.28319275118822e-12,"5","IKZF3"
1.63924435312268e-16,0.262935192905872,0.408,0.124,2.30953136911454e-12,"5","CD320"
1.69429385561517e-16,0.762115918094382,0.138,0.022,2.38709061317622e-12,"5","HS2ST1"
1.7418746181796e-16,0.6496659758555,0.885,0.439,2.45412714955323e-12,"5","IFI16"
1.74918252212833e-16,0.27918863154911,0.631,0.225,2.4644232554266e-12,"5","LCP2"
1.75858801973349e-16,0.382293266780057,0.577,0.203,2.47767466100252e-12,"5","POLR2E"
1.79206322587457e-16,0.282539859590457,0.546,0.186,2.52483787893468e-12,"5","CAPNS1"
1.79930766127857e-16,0.51599278006472,0.7,0.272,2.53504456397538e-12,"5","NDUFB1"
1.90019387641158e-16,0.422567612183977,0.269,0.067,2.67718315247628e-12,"5","HBS1L"
1.94318209006243e-16,0.462581951535803,0.262,0.064,2.73774924668896e-12,"5","R3HCC1"
1.9735883567446e-16,0.540867797747715,0.346,0.099,2.78058863581747e-12,"5","GTF2F2"
2.11838542282025e-16,0.503722574056948,0.262,0.064,2.98459322221146e-12,"5","AIDA"
2.14085539138237e-16,0.34228918668787,0.415,0.127,3.01625116091862e-12,"5","RAB1B"
2.15893597581505e-16,0.510934798443735,0.254,0.061,3.04172489632582e-12,"5","APEH"
2.18138045510564e-16,0.948656850555259,0.162,0.029,3.07334692319834e-12,"5","AIG1"
2.2672944954743e-16,0.628036443943307,0.385,0.117,3.19439121467374e-12,"5","SAR1B"
2.27035277959258e-16,0.565458063662683,0.708,0.282,3.19870003116798e-12,"5","TPR"
2.32047212662853e-16,0.827405683287192,0.262,0.065,3.26931317920693e-12,"5","USP10"
2.33316194372132e-16,0.289661302049567,0.615,0.221,3.28719186250897e-12,"5","U2SURP"
2.36245804070178e-16,0.445208486403249,0.223,0.05,3.32846713354474e-12,"5","EXOSC10"
2.38617895558833e-16,0.259466774204141,0.631,0.223,3.3618875305284e-12,"5","UQCRC2"
2.4178537550789e-16,0.363986720774554,0.308,0.082,3.40651415553066e-12,"5","DLD"
2.43324804233954e-16,0.508117595532498,0.554,0.199,3.42820316685218e-12,"5","SDF2L1"
2.46555635716517e-16,0.448170526469399,0.531,0.181,3.47372235161001e-12,"5","RNF167"
2.47804175302146e-16,0.618494300348896,0.362,0.107,3.49131302583193e-12,"5","TRIM28"
2.52460234608141e-16,0.406734145413419,0.562,0.197,3.5569122453941e-12,"5","HADHA"
2.56108650699175e-16,0.609742009559974,0.346,0.099,3.60831477970068e-12,"5","CHMP1A"
2.64201173516075e-16,0.714474666728908,0.177,0.034,3.72233033366798e-12,"5","HCCS"
2.69553131365976e-16,0.484604354518887,0.292,0.077,3.79773406781523e-12,"5","SEC61A1"
2.69793342927515e-16,0.567723047601205,0.269,0.068,3.80111840850576e-12,"5","NMRAL1"
2.82328841286087e-16,0.334122101599033,0.4,0.122,3.97773104487968e-12,"5","DHPS"
2.84639980831161e-16,-0.913099598605721,1,0.943,4.01029268993023e-12,"5","SRGN"
2.89380257427632e-16,0.597617762717895,0.269,0.068,4.0770784468979e-12,"5","DNMT3A"
2.94106522315909e-16,0.310654609936569,0.531,0.181,4.14366679290885e-12,"5","NAA10"
3.01832128769129e-16,0.874399992198868,0.254,0.063,4.25251286222825e-12,"5","FPGS"
3.06888197495773e-16,0.608600295537555,0.254,0.062,4.32374781451795e-12,"5","WDR70"
3.10502761912824e-16,0.729272683531146,0.169,0.032,4.37467341258977e-12,"5","TRIM59"
3.13145548435433e-16,0.700667279274035,0.246,0.06,4.41190763190681e-12,"5","STAT2"
3.19725533054171e-16,0.142702347958578,0.554,0.189,4.50461303520022e-12,"5","METAP2"
3.21341776958278e-16,-1.61455563766155,0.738,0.777,4.52738429556517e-12,"5","CST7"
3.22209848257577e-16,0.446464097125768,0.238,0.057,4.539614552101e-12,"5","SIRPG"
3.28058437507668e-16,0.271043880289144,0.569,0.197,4.62201532604553e-12,"5","SNW1"
3.43029983846942e-16,0.631065911395685,0.215,0.048,4.83294944241957e-12,"5","BLMH"
3.43753878134757e-16,0.425014602473005,0.2,0.042,4.84314838904059e-12,"5","NUDT16"
3.53911202498757e-16,1.22904684906626,0.123,0.019,4.98625493200499e-12,"5","IBA57"
3.62948241420455e-16,0.670885305946936,0.162,0.03,5.11357777337279e-12,"5","SACS"
3.660180468573e-16,0.321139488244149,0.5,0.166,5.15682826217250e-12,"5","PSMC6"
3.75447773699752e-16,0.275355638021128,0.569,0.198,5.2896836836558e-12,"5","MED4"
3.80115428886123e-16,0.537893444821828,0.254,0.062,5.35544627757659e-12,"5","PDE4DIP"
3.87260974344403e-16,0.286174774506644,0.223,0.05,5.45611986753829e-12,"5","UROD"
3.94574044476084e-16,0.4829942653805,0.585,0.213,5.55915371262355e-12,"5","ARF5"
4.0731751571589e-16,0.884178359604208,0.246,0.06,5.73869647892118e-12,"5","VTA1"
4.10898806511456e-16,0.263915427232091,0.338,0.096,5.7891532849399e-12,"5","GTF2F1"
4.11059789279877e-16,1.19981890161287,0.138,0.023,5.79142137116418e-12,"5","KLHL8"
4.14470595357779e-16,0.305583126284127,0.277,0.071,5.83947621799575e-12,"5","SART1"
4.16107286427873e-16,0.781817798872282,0.292,0.079,5.8625355584823e-12,"5","MEF2A"
4.16876943957854e-16,0.221396793294193,0.438,0.138,5.87337926342221e-12,"5","CHCHD5"
4.18769470008021e-16,0.553834717971455,0.262,0.065,5.90004306294301e-12,"5","LRRFIP2"
4.22711492564735e-16,0.687889227695768,0.215,0.048,5.95558221874455e-12,"5","AHR"
4.2341981447911e-16,0.422509895733699,0.523,0.18,5.96556176619618e-12,"5","ARRB2"
4.26918967432401e-16,0.340910310535187,0.469,0.153,6.0148613321551e-12,"5","SRP54"
4.27661952097578e-16,0.488280473775243,0.3,0.08,6.02532924310277e-12,"5","NOB1"
4.29247170049936e-16,0.508091222988962,0.223,0.051,6.04766337883354e-12,"5","FAM210A"
4.31654785897671e-16,0.469671628095402,0.254,0.062,6.08158427851228e-12,"5","PML"
4.32454519873832e-16,0.39585438890323,0.169,0.032,6.09285173050242e-12,"5","ZNF544"
4.46327999126071e-16,0.971946489379619,0.138,0.023,6.28831517968722e-12,"5","SRD5A3"
4.54785659959366e-16,1.22134251678669,0.131,0.021,6.40747516316751e-12,"5","HLCS"
4.91623328238383e-16,0.304551321842884,0.369,0.109,6.92648107155057e-12,"5","CEBPZOS"
4.97521379292946e-16,0.550839136057269,0.315,0.087,7.00957871285832e-12,"5","RAB3GAP1"
4.99672019237372e-16,0.483594442092695,0.446,0.146,7.03987907903533e-12,"5","BCL7C"
5.00458183493312e-16,0.365882890520078,0.654,0.243,7.05095534723727e-12,"5","APOBEC3C"
5.08276020756569e-16,0.182748924992676,0.392,0.118,7.1611008564393e-12,"5","WIPI2"
5.12461781784295e-16,0.284286377833285,0.415,0.129,7.22007404355893e-12,"5","PBDC1"
5.13912667232324e-16,0.389136081477912,0.3,0.08,7.24051556863621e-12,"5","VPS26B"
5.21802885435569e-16,0.328932435818472,0.4,0.123,7.35168085290173e-12,"5","RBM26"
5.2847203597926e-16,0.297063964366475,0.662,0.244,7.44564251491179e-12,"5","CHMP2A"
5.32471244463416e-16,1.19431372887154,0.138,0.023,7.50198736324506e-12,"5","SLC7A1"
5.37718851409004e-16,0.112376161833225,0.438,0.138,7.57592089750146e-12,"5","BCL7B"
5.47289982662208e-16,0.71062737285238,0.323,0.091,7.71076856572785e-12,"5","MAP2K1"
5.52318977929196e-16,0.556068385299251,0.208,0.045,7.78162208004444e-12,"5","THAP1"
5.54702782489571e-16,0.803124539027355,0.154,0.028,7.81520750249556e-12,"5","SFMBT1"
5.55036241981704e-16,0.506983293946256,0.246,0.06,7.81990561328022e-12,"5","ARMC1"
5.60965470664551e-16,1.15166702228635,0.2,0.043,7.90344251619286e-12,"5","OGG1"
5.63193835249637e-16,0.277441269563702,0.738,0.28,7.93483794483213e-12,"5","LSM8"
5.77583729262967e-16,0.237364724405487,0.3,0.08,8.13757716158595e-12,"5","SESN1"
5.84728795748636e-16,0.739676529186913,0.2,0.043,8.23824400330253e-12,"5","PARVB"
5.86330054230326e-16,0.287847450625705,0.431,0.136,8.26080413405107e-12,"5","CDC5L"
5.9409278713178e-16,0.122108408511341,0.362,0.105,8.37017327789965e-12,"5","DAXX"
6.21296787322023e-16,0.652715746649384,0.169,0.032,8.75345043657998e-12,"5","COX15"
6.33033851814975e-16,0.196978849384038,0.415,0.128,8.91881393822118e-12,"5","HADHB"
6.5851262016595e-16,0.333918243190298,0.562,0.195,9.27778430551807e-12,"5","PHIP"
6.63845381227194e-16,0.190776712341362,0.277,0.071,9.35291757610994e-12,"5","EI24"
6.72490664739142e-16,0.2931568408873,0.285,0.074,9.47472097550978e-12,"5","HTRA2"
6.74464720926083e-16,0.154695405196817,0.354,0.102,9.50253345312759e-12,"5","LUZP1"
6.8488284487331e-16,0.340069386692297,0.362,0.106,9.64931440142006e-12,"5","RPIA"
6.85340298798919e-16,0.608825723395873,0.808,0.347,9.65575946977797e-12,"5","UBE2I"
6.9512626698144e-16,0.555482793321609,0.238,0.057,9.79363397550151e-12,"5","ZNF264"
7.169701135714e-16,0.285922144533179,0.431,0.135,1.01013919301075e-11,"5","PTBP3"
7.29155944029608e-16,0.144964668471711,0.346,0.099,1.02730780954331e-11,"5","CDIPT"
7.30980537689647e-16,0.351022029211732,0.331,0.094,1.02987847955094e-11,"5","HIGD1A"
7.34851019534166e-16,1.03585041633557,0.1,0.013,1.03533160142169e-11,"5","DPY19L4"
7.43372314762141e-16,0.658928208938358,0.262,0.067,1.04733725426838e-11,"5","MYC"
7.47383170413149e-16,0.42947640131369,0.254,0.062,1.05298814879509e-11,"5","CIAPIN1"
7.53287193598747e-16,0.271453102966426,0.408,0.126,1.06130632706128e-11,"5","AATF"
7.56546765181047e-16,0.455652620398402,0.277,0.072,1.06589873746358e-11,"5","UBL7"
7.57138011313784e-16,1.03472951751951,0.138,0.023,1.06673174413999e-11,"5","NUP43"
7.62130819429054e-16,0.336869221467723,0.431,0.137,1.07376611149359e-11,"5","FIP1L1"
7.64509433281635e-16,0.189625871462519,0.531,0.179,1.0771173405505e-11,"5","ERP44"
7.74193255804893e-16,0.224908263329631,0.515,0.173,1.09076087810351e-11,"5","SNF8"
7.77907391577761e-16,0.886540384561536,0.162,0.03,1.09599372399391e-11,"5","TRMT61B"
7.78690614732289e-16,0.232805694309334,0.669,0.243,1.09709720709632e-11,"5","PDCD6"
7.7997565513194e-16,0.538114164829765,0.769,0.317,1.09890770051539e-11,"5","PPIG"
8.1036078269315e-16,0.138519576327853,0.492,0.162,1.14171730673638e-11,"5","IDH3G"
8.11676956678093e-16,0.705051357779946,0.231,0.055,1.14357166426377e-11,"5","SWI5"
8.2013291031267e-16,0.613837003456273,0.269,0.069,1.15548525733952e-11,"5","SCOC"
8.20367536601982e-16,1.88124152519485,0.115,0.017,1.15581582231853e-11,"5","MAPK12"
8.33236677539055e-16,0.985949644544475,0.208,0.046,1.17394715498477e-11,"5","NOP16"
8.84189289989913e-16,0.499239185551043,0.262,0.066,1.24573429066679e-11,"5","ASAP1"
8.87849508091233e-16,0.376432275300951,0.408,0.128,1.25089117194974e-11,"5","CRELD2"
9.0126603659294e-16,0.509949839158341,0.431,0.143,1.26979371895579e-11,"5","ID3"
9.27084529457772e-16,0.258941839260903,0.485,0.161,1.30616939355306e-11,"5","VPS26A"
9.61910946793321e-16,0.602231476200199,0.138,0.023,1.35523633293711e-11,"5","TRIB3"
9.86590375095281e-16,0.433112918028808,0.4,0.125,1.39000717947174e-11,"5","SDHB"
9.91151670454461e-16,1.1619803288229,0.115,0.017,1.39643358850329e-11,"5","CAMSAP1"
1.00782311359389e-15,0.491717635077591,0.292,0.079,1.41992198474243e-11,"5","TMX2"
1.02453049643167e-15,0.403770164972696,0.4,0.125,1.44346101642259e-11,"5","SAFB"
1.02878026334608e-15,0.386318728908277,0.246,0.06,1.4494485130283e-11,"5","PNO1"
1.0654100455785e-15,0.334795213496511,0.238,0.057,1.50105621321554e-11,"5","TIMM44"
1.08247696193638e-15,0.296576805160461,0.208,0.046,1.52510179167216e-11,"5","CYB561A3"
1.09811996921412e-15,0.581771864940314,0.308,0.086,1.54714122462578e-11,"5","BRIX1"
1.16798161839632e-15,0.62719908919636,0.185,0.038,1.64556930215857e-11,"5","CIDEB"
1.20037437453944e-15,0.42771231962964,0.162,0.03,1.69120745628862e-11,"5","ZNF43"
1.24150541264666e-15,1.29512812776543,0.208,0.047,1.74915697587788e-11,"5","IFIT3"
1.25994474780168e-15,0.182034938541448,0.546,0.188,1.77513615517778e-11,"5","CHMP5"
1.28983491109881e-15,0.368946803362838,0.615,0.229,1.81724840624711e-11,"5","AIP"
1.29759035608427e-15,0.202592256484014,0.692,0.255,1.82817505268713e-11,"5","TRABD"
1.297633533242e-15,0.605375754244466,0.192,0.041,1.82823588498465e-11,"5","TMCO3"
1.30104935409626e-15,0.0940277259532514,0.392,0.119,1.83304843498622e-11,"5","ANKRD10"
1.31624678040591e-15,0.702263165091085,0.169,0.033,1.85446008891388e-11,"5","VPS45"
1.3190960772432e-15,0.289559888741649,0.554,0.194,1.85847446322794e-11,"5","DEF6"
1.34026601322803e-15,0.362432733873546,0.369,0.112,1.88830078603697e-11,"5","PDIA4"
1.36163124983625e-15,1.42260086249836,0.154,0.028,1.9184022678943e-11,"5","DUS3L"
1.37297777096363e-15,1.14389879945803,0.431,0.15,1.93438838151065e-11,"5","PLCG2"
1.38529278074135e-15,0.477738232286879,0.731,0.291,1.95173899878649e-11,"5","GLIPR2"
1.38661845333447e-15,0.63545349855284,0.185,0.038,1.95360673890293e-11,"5","RAD54L2"
1.40138451191494e-15,0.456544561319005,0.208,0.046,1.97441063883696e-11,"5","NFX1"
1.40755215939136e-15,0.69622716952238,0.192,0.041,1.98310023736648e-11,"5","ODF2"
1.4271998498957e-15,0.23014870463035,0.369,0.111,2.01078186851805e-11,"5","CCDC82"
1.44476552249697e-15,0.996500099603312,0.131,0.021,2.03553014464598e-11,"5","COPZ2"
1.45651009315191e-15,0.242081978847724,0.408,0.127,2.05207707024173e-11,"5","DHRS3"
1.46105528260368e-15,0.433036032273132,0.762,0.306,2.05848078766032e-11,"5","P4HB"
1.50152545177325e-15,1.07281361858102,0.146,0.026,2.11549920900334e-11,"5","APOLD1"
1.52000169508283e-15,0.62271757659159,0.5,0.177,2.1415303882022e-11,"5","MAZ"
1.54005932583639e-15,0.551135434166125,0.223,0.052,2.16978958417089e-11,"5","MMD"
1.55965236258314e-15,0.776946740500687,0.192,0.041,2.19739421364338e-11,"5","MFSD14B"
1.59181453981337e-15,1.2812676591733,0.115,0.017,2.24270750514306e-11,"5","TOR4A"
1.60748145179392e-15,0.69920588591761,0.185,0.038,2.26478061743246e-11,"5","UMPS"
1.64924835765148e-15,0.242430666491141,0.338,0.097,2.32362601109517e-11,"5","PSPC1"
1.70322586117566e-15,0.427858059833764,0.785,0.319,2.39967491581039e-11,"5","NDUFB4"
1.82266748435681e-15,0.252700324366932,0.331,0.094,2.56795621871031e-11,"5","CCNC"
1.8228817460307e-15,0.643186114984712,0.915,0.483,2.56825809198265e-11,"5","PARK7"
1.88251948420587e-15,0.430907876024677,0.254,0.064,2.65228170129765e-11,"5","DDX56"
1.89001647039415e-15,0.434379398238325,0.423,0.135,2.66284420513832e-11,"5","MNAT1"
1.9297343272088e-15,0.848323378620511,0.138,0.024,2.71880269360448e-11,"5","APOO"
1.94041632378645e-15,0.284174884410838,0.492,0.167,2.73385255858273e-11,"5","EIF4E"
1.98943415658023e-15,0.631169354889215,0.285,0.077,2.80291378320589e-11,"5","SCAPER"
2.00562737293827e-15,0.14973035094027,0.292,0.079,2.82572840573272e-11,"5","MAP3K13"
2.02914425937263e-15,0.649961006320024,0.146,0.026,2.85886134703009e-11,"5","F11R"
2.04566751282258e-15,0.806722312126376,0.277,0.075,2.88214095881573e-11,"5","LGALS9"
2.04977136996341e-15,0.37760018306432,0.369,0.113,2.88792288314145e-11,"5","PPP1R35"
2.05659461995901e-15,0.986165742713655,0.169,0.033,2.89753616006025e-11,"5","ATPAF2"
2.06902080644625e-15,0.587799241187867,0.2,0.044,2.91504341420212e-11,"5","DDX55"
2.08299215660218e-15,0.937865478517864,0.185,0.039,2.93472764943682e-11,"5","ATG10"
2.09328112004899e-15,0.711535010960276,0.154,0.028,2.94922377003702e-11,"5","SPATA33"
2.10459792902491e-15,0.446541999594552,0.223,0.052,2.9651680222032e-11,"5","KEAP1"
2.1832470497846e-15,0.189805594134514,0.531,0.181,3.07597676844152e-11,"5","ANXA7"
2.20030589556909e-15,0.6338303585898,0.346,0.104,3.10001097626729e-11,"5","RAP1GDS1"
2.25196171909235e-15,0.350683287623964,0.315,0.089,3.17278886602921e-11,"5","ARL2"
2.254479190512e-15,1.00682428864916,0.192,0.042,3.17633573151236e-11,"5","MAPK9"
2.32773197923994e-15,0.259505780785946,0.377,0.115,3.27954158555116e-11,"5","SMIM12"
2.32841947317043e-15,0.332600566017473,0.231,0.055,3.28051019574982e-11,"5","ASPSCR1"
2.35698313152225e-15,0.331736914605559,0.269,0.07,3.3207535340017e-11,"5","UBA1"
2.46898678877098e-15,0.319261354412148,0.669,0.251,3.47855548669944e-11,"5","TCEA1"
2.48910579738563e-15,0.298533762096294,0.515,0.177,3.50690115793662e-11,"5","TIAL1"
2.60376327094261e-15,0.536196383326061,0.985,0.894,3.66844207243104e-11,"5","CFL1"
2.70389678116363e-15,0.66210712977107,0.992,0.907,3.80952017498144e-11,"5","PFN1"
2.74843275805687e-15,0.971090803515791,0.154,0.029,3.87226691282632e-11,"5","STAP1"
2.80671187777488e-15,0.499091100002339,0.185,0.039,3.95437636459703e-11,"5","ZNF414"
2.82324622978129e-15,0.916665905602709,0.208,0.047,3.97767161313886e-11,"5","LRRC58"
2.86438684198615e-15,0.800630789110741,0.192,0.042,4.03563462167429e-11,"5","BAG2"
2.90893951692236e-15,0.244997695736195,0.454,0.149,4.09840488539192e-11,"5","SASH3"
2.92440262523427e-15,0.447702419901816,0.362,0.11,4.12019085869257e-11,"5","UBE2R2"
2.92519363479401e-15,0.301259703621105,0.569,0.204,4.12130531206128e-11,"5","CHCHD10"
2.92812537180153e-15,0.826617875034701,0.162,0.031,4.12543583633118e-11,"5","TCEAL1"
2.96321102916238e-15,0.331317238237324,0.423,0.137,4.17486801898688e-11,"5","NDUFS2"
2.97362612979032e-15,0.750898641565686,0.277,0.075,4.18954185426158e-11,"5","TRAT1"
3.07785414069457e-15,1.12816596933271,0.192,0.042,4.33638869882458e-11,"5","TIAM1"
3.11172230075454e-15,0.73295429253242,0.231,0.056,4.38410554953308e-11,"5","ZC3H11A"
3.12316541658116e-15,0.44684899721011,0.323,0.093,4.4002277554212e-11,"5","GGA2"
3.18428347130605e-15,0.402779092840305,0.315,0.09,4.48633698272309e-11,"5","SMIM15"
3.38117029783179e-15,0.386179374028031,0.238,0.058,4.76373083261521e-11,"5","NDUFS1"
3.39813565484775e-15,1.6186924335431,0.123,0.02,4.78763332411499e-11,"5","TADA2A"
3.43143802108476e-15,0.41710959322024,0.446,0.149,4.83455302790632e-11,"5","MTF2"
3.48622424870632e-15,0.585969861310136,0.177,0.036,4.91174134400234e-11,"5","SP1"
3.60323922013622e-15,0.468163284983647,0.585,0.218,5.07660373724992e-11,"5","SPCS3"
3.65213564127495e-15,0.448703499773045,0.269,0.071,5.14549390499227e-11,"5","CMAS"
3.69190319857666e-15,0.493359889169207,0.846,0.365,5.20152241647466e-11,"5","TXN"
3.74626703626648e-15,0.473549135912225,0.523,0.186,5.27811562739584e-11,"5","FKBP2"
3.97375788564842e-15,0.0625992183901459,0.585,0.206,5.59862748509006e-11,"5","CNPY2"
4.02145076812119e-15,0.822696607082793,0.169,0.034,5.66582198720595e-11,"5","TBC1D10B"
4.08807008115687e-15,0.654043115517469,0.177,0.036,5.75968193734191e-11,"5","MTAP"
4.11272552198739e-15,0.367649167798443,0.346,0.103,5.79441898792803e-11,"5","TMEM70"
4.29618814456159e-15,0.482833927444068,0.223,0.053,6.05289947687282e-11,"5","ZCCHC9"
4.32261480352666e-15,0.849729691156361,0.223,0.053,6.09013199668871e-11,"5","UBAP2"
4.33325304617189e-15,0.296304454606573,0.292,0.08,6.10512021675157e-11,"5","OXR1"
4.39915294270089e-15,1.18828113696544,0.131,0.022,6.19796658097128e-11,"5","GPX7"
4.45338407618844e-15,0.478685646720209,0.169,0.034,6.27437282494189e-11,"5","DNAJC13"
4.54482721495285e-15,0.432431181257929,0.369,0.114,6.40320706314707e-11,"5","ZNF22"
4.69468731005215e-15,0.800009618395256,0.162,0.031,6.61434495113248e-11,"5","P3H1"
4.7184240892956e-15,0.33176223498574,0.277,0.074,6.64778769940857e-11,"5","HDAC3"
4.77997737544553e-15,0.208469206641793,0.377,0.116,6.73451012426521e-11,"5","TMEM126A"
4.8434691886993e-15,0.566855047067911,0.269,0.071,6.82396373995845e-11,"5","IRF4"
4.97554914497824e-15,0.257839732574228,0.538,0.19,7.01005119035985e-11,"5","UBE2A"
5.05885712214043e-15,0.121369070280779,0.515,0.176,7.12742379938366e-11,"5","APH1A"
5.1575130942459e-15,0.607305425349012,0.215,0.05,7.26642019848304e-11,"5","ITPK1"
5.2192891038327e-15,0.348169848492212,0.262,0.068,7.35345641838989e-11,"5","ZNF524"
5.26753881974986e-15,0.680339297553682,0.162,0.031,7.42143544314558e-11,"5","PPP4R1"
5.29827567527057e-15,0.375018117713509,0.354,0.107,7.46474059888871e-11,"5","AKAP5"
5.52692364004395e-15,0.262743372697996,0.415,0.135,7.78688271645792e-11,"5","PARVG"
5.61174213459071e-15,0.491751745864662,0.246,0.062,7.90638349342485e-11,"5","LYRM1"
5.64980483000789e-15,0.308144058810376,0.269,0.071,7.96001002499812e-11,"5","DESI2"
5.70808821460031e-15,0.184668056981217,0.354,0.106,8.04212548555038e-11,"5","CNOT1"
5.86942761311162e-15,0.595005437604252,0.185,0.039,8.26943656411296e-11,"5","SPATC1L"
5.87760981490078e-15,0.831262048736024,0.162,0.032,8.28096446821370e-11,"5","NAA40"
5.92770899265607e-15,0.213143859495681,0.485,0.165,8.35154919975314e-11,"5","GTF2I"
5.94285556650125e-15,0.445587114444774,0.208,0.047,8.37288920764361e-11,"5","TMEM199"
6.21872797891049e-15,0.548312654024099,0.9,0.427,8.76156584948699e-11,"5","ARPC5"
6.2450094660225e-15,0.865054092045046,0.154,0.029,8.7985938366791e-11,"5","TTC7A"
6.57822125594143e-15,0.158672120080751,0.315,0.09,9.26805592749588e-11,"5","OAZ2"
6.78308486360482e-15,0.0958974961488471,0.292,0.08,9.55668826433283e-11,"5","RBM14"
6.79459481209939e-15,0.733554921531288,0.162,0.032,9.57290463076683e-11,"5","KCTD17"
6.83433886026576e-15,1.01414883567398,0.154,0.029,9.62890002022843e-11,"5","XYLT1"
6.84535460084524e-15,0.803010986895256,0.269,0.072,9.64442009713086e-11,"5","BZW2"
6.90138712308232e-15,0.719649852282002,0.269,0.072,9.72336431771067e-11,"5","IFNAR1"
6.95770549847019e-15,0.210741987078144,0.323,0.093,9.80271127679466e-11,"5","YIF1A"
7.11095304653801e-15,0.30335024572362,0.615,0.229,1.00186217472674e-10,"5","PRPF4B"
7.23341651892435e-15,0.483754289704796,0.238,0.06,1.01911605335125e-10,"5","FBXO25"
7.32622618951717e-15,0.390141218375733,0.792,0.326,1.03219200784107e-10,"5","ECH1"
7.39966593662654e-15,0.34797367469049,0.338,0.1,1.04253893381131e-10,"5","RIC8A"
7.47527975665519e-15,0.0134291961911972,0.538,0.195,1.05319216491515e-10,"5","LDLRAD4"
7.60216313898188e-15,0.194358298775491,0.331,0.096,1.07106876465116e-10,"5","SLC35B1"
7.68948667875182e-15,0.772880298174979,0.215,0.051,1.08337177816934e-10,"5","LEMD3"
7.71995050972761e-15,0.168010862105569,0.385,0.121,1.08766382731552e-10,"5","SPRY1"
7.78019594979377e-15,0.7994347776359,0.246,0.063,1.09615180736644e-10,"5","SMG6"
7.80708233388928e-15,1.38633306976408,0.131,0.022,1.09993983002166e-10,"5","LCLAT1"
7.87396277337297e-15,0.170487096691871,0.454,0.15,1.10936261514052e-10,"5","PSMD2"
8.11967168660934e-15,0.0188338209347673,0.592,0.208,1.14398054392639e-10,"5","GRB2"
8.30763891614193e-15,0.123282074822903,0.285,0.077,1.17046324689524e-10,"5","ELOVL1"
8.33969303528949e-15,0.395099378892452,0.254,0.066,1.17497935174194e-10,"5","CLN3"
8.42500032835787e-15,0.859906746180107,0.146,0.027,1.18699829626234e-10,"5","MBTD1"
8.43470169405665e-15,0.600106409059486,0.185,0.04,1.18836512167564e-10,"5","MTIF2"
8.47021558928542e-15,0.262506061127268,0.408,0.131,1.19336867437442e-10,"5","GPI"
8.78870468638133e-15,0.285583036352329,0.515,0.181,1.23824060326427e-10,"5","GSDMD"
8.8590648359496e-15,0.0961125120362651,0.4,0.126,1.24815364473694e-10,"5","COMT"
8.88857498433582e-15,0.918169110930916,0.2,0.046,1.25231132954307e-10,"5","CNOT10"
8.98759928475573e-15,0.468601419359046,0.269,0.072,1.26626286322923e-10,"5","PSME3"
9.14391320070975e-15,0.379691214176435,0.308,0.088,1.288285930848e-10,"5","SURF2"
9.33729445535014e-15,0.168470965817574,0.362,0.11,1.31553141581428e-10,"5","AMZ2"
9.42139372421617e-15,0.478317486804074,0.177,0.037,1.32738016180482e-10,"5","PCYT2"
9.51774519560087e-15,0.284895115391098,0.315,0.091,1.34095512060821e-10,"5","VRK3"
9.51784282888059e-15,0.525918144806825,0.277,0.075,1.34096887616099e-10,"5","GCDH"
9.52539338471887e-15,0.344959632942207,0.254,0.066,1.34203267397304e-10,"5","TPD52L2"
9.76456680248268e-15,0.107820780153864,0.631,0.232,1.37572981680179e-10,"5","CPNE1"
9.96585915667208e-15,0.502335111742721,0.208,0.048,1.40408989658353e-10,"5","UBAC1"
1.00958312355912e-14,0.526828106799178,0.908,0.428,1.42240166278245e-10,"5","COPE"
1.03009365167762e-14,0.201374913591562,0.446,0.148,1.4512989458486e-10,"5","CLPP"
1.0318149272506e-14,0.733404846741947,0.154,0.029,1.45372405100337e-10,"5","CCDC152"
1.04111271562659e-14,0.334374584789975,0.715,0.281,1.4668237050463e-10,"5","CDK2AP2"
1.05530831167148e-14,0.345106424253691,0.3,0.085,1.48682388031395e-10,"5","TSEN15"
1.0713287598166e-14,0.72522910060499,0.185,0.04,1.50939508970561e-10,"5","PPP1R12C"
1.08327186621275e-14,0.755336025134199,0.2,0.045,1.52622173230714e-10,"5","HYOU1"
1.09736861925723e-14,0.117529634830726,0.323,0.094,1.54608264767152e-10,"5","GOLT1B"
1.10490084135444e-14,0.4089515377906,0.408,0.134,1.55669479538427e-10,"5","NCAM1"
1.11538716807814e-14,0.146391606952495,0.338,0.1,1.57146898110529e-10,"5","DDA1"
1.11936852304294e-14,0.619857189583073,0.985,0.659,1.5770783121152e-10,"5","HINT1"
1.1269076121954e-14,0.555907996923229,0.238,0.06,1.5877001348221e-10,"5","SLC27A3"
1.13810545351118e-14,0.267883846663515,0.223,0.054,1.6034767734519e-10,"5","DCAF15"
1.14041235692313e-14,0.731265130177109,0.308,0.09,1.60672696966899e-10,"5","ARHGEF6"
1.15090178659164e-14,0.345239093866493,0.785,0.318,1.62150552712896e-10,"5","CAPZA1"
1.17669678635769e-14,0.199332478617172,0.277,0.075,1.65784810229934e-10,"5","GPANK1"
1.19717701920283e-14,0.574816459696218,0.246,0.063,1.68670270235487e-10,"5","SETD3"
1.21405340107938e-14,0.50990284622121,0.292,0.083,1.71047983678075e-10,"5","ASNSD1"
1.21761393469133e-14,0.825916356737011,0.146,0.027,1.71549627258662e-10,"5","TATDN3"
1.21832926451495e-14,0.144845613945189,0.4,0.128,1.71650410077511e-10,"5","TIMM17B"
1.22901620926233e-14,0.222401446361062,0.338,0.101,1.73156093722969e-10,"5","HPS1"
1.25305843082779e-14,0.487781401356474,0.238,0.06,1.76543402319328e-10,"5","KCTD9"
1.28225443257174e-14,0.400663833677933,0.838,0.355,1.80656827005032e-10,"5","EID1"
1.29480195359523e-14,0.375615311230012,0.485,0.17,1.82424647242032e-10,"5","OXNAD1"
1.33204671262262e-14,0.0103889420468771,0.531,0.184,1.87672061341401e-10,"5","EIF2S3"
1.36840908328007e-14,0.862944918242726,0.146,0.027,1.92795155743329e-10,"5","AKIP1"
1.4013542186399e-14,0.159318549643089,0.246,0.063,1.97436795864175e-10,"5","ANAPC10"
1.41403220725365e-14,0.352448000000508,0.3,0.085,1.99222997679966e-10,"5","AK6"
1.43137892713926e-14,0.242945973420262,0.777,0.307,2.01666977044651e-10,"5","RNPS1"
1.43915689242757e-14,0.0221339611456843,0.431,0.14,2.02762814574121e-10,"5","FAM32A"
1.44609229829339e-14,0.21577309769195,0.392,0.124,2.03739943906555e-10,"5","ARFGAP3"
1.45579569298992e-14,0.272758545360967,0.292,0.081,2.05107055185349e-10,"5","NSFL1C"
1.48823808480881e-14,0.380667515383712,0.631,0.242,2.09677863768713e-10,"5","GADD45GIP1"
1.49699497878705e-14,0.157145931540357,0.592,0.216,2.10911622561307e-10,"5","WAS"
1.50851718714777e-14,0.6689226978188,0.138,0.025,2.12534986497249e-10,"5","PPP1R37"
1.51208039670264e-14,0.159653886947154,0.531,0.187,2.13037007091435e-10,"5","RCN2"
1.5428521032832e-14,0.601827215376889,0.738,0.322,2.1737243283157e-10,"5","ANXA2"
1.59063101660054e-14,1.08551800696952,0.1,0.014,2.2410400392885e-10,"5","CLECL1"
1.59804380338757e-14,0.0661188168679826,0.338,0.101,2.25148391459275e-10,"5","CLTC"
1.61375419110226e-14,0.425525534614999,0.6,0.229,2.27361827984398e-10,"5","PCM1"
1.61435085798245e-14,1.34459575230082,0.131,0.023,2.27445892381147e-10,"5","VKORC1L1"
1.63207479547306e-14,0.189976504613159,0.369,0.115,2.29943017934199e-10,"5","ERCC1"
1.65290268338038e-14,0.885813524004714,0.177,0.038,2.32877459061462e-10,"5","FAM193A"
1.66871872191179e-14,1.24772046295442,0.169,0.035,2.35105780730153e-10,"5","USP37"
1.67163793452794e-14,0.507107697936949,0.208,0.048,2.35517068595641e-10,"5","HCFC1"
1.71532288976746e-14,0.150430450041708,0.385,0.121,2.41671841939337e-10,"5","SHARPIN"
1.77517595724277e-14,0.363837019880778,0.708,0.281,2.50104540615935e-10,"5","EIF3I"
1.78031199992135e-14,0.600923368169926,0.962,0.577,2.50828157668919e-10,"5","COX6C"
1.81517150714416e-14,0.801869769169483,0.162,0.033,2.55739513641541e-10,"5","APBB1"
1.82207835849417e-14,-0.00220093218790113,0.523,0.181,2.56712619928244e-10,"5","ERGIC3"
1.87091496284136e-14,0.201693069965083,0.338,0.102,2.63593209114719e-10,"5","FAM120A"
1.92027139633205e-14,0.00920803230172983,0.408,0.131,2.70547037029222e-10,"5","SZRD1"
1.92143164075794e-14,0.663892423447184,0.262,0.071,2.70710503866386e-10,"5","TRPM7"
1.99323664361906e-14,0.335912470476465,0.546,0.199,2.8082711071949e-10,"5","RGS10"
1.99689278037831e-14,0.302026804619625,0.792,0.319,2.813422238275e-10,"5","SF3B6"
1.99718274902611e-14,0.234490231464825,0.392,0.126,2.81383077510288e-10,"5","PSMD12"
2.0052229577754e-14,0.393743356811383,0.223,0.055,2.82515862520976e-10,"5","RBM10"
2.00889570875524e-14,0.586290127706367,0.208,0.049,2.83033316406526e-10,"5","SLC39A3"
2.03540205077586e-14,0.456694659868699,0.808,0.345,2.86767794933811e-10,"5","HNRNPM"
2.05280324385851e-14,0.481182530645538,0.762,0.325,2.89219449027226e-10,"5","RBMX"
2.06591255798646e-14,0.264400890843201,0.277,0.076,2.91066420294712e-10,"5","PUM3"
2.06925805359349e-14,0.791466966389774,0.162,0.033,2.91537767170787e-10,"5","TERF2"
2.11528997205516e-14,0.385086618582663,0.208,0.049,2.98023204162851e-10,"5","TSPAN3"
2.1206235525505e-14,0.414221689468972,0.238,0.061,2.9877465231884e-10,"5","EED"
2.22125722372764e-14,0.382560583976312,0.423,0.142,3.12952930250987e-10,"5","MTHFD2"
2.22171300361067e-14,0.367970989754941,0.315,0.093,3.13017145078707e-10,"5","TPP2"
2.22298459866797e-14,0.320768228647599,0.231,0.057,3.13196300106331e-10,"5","SMIM4"
2.22551478684381e-14,0.349999031757479,0.192,0.043,3.13552778318425e-10,"5","MAD2L1BP"
2.25181199174852e-14,0.413023102263383,0.246,0.064,3.1725779151745e-10,"5","SLC38A10"
2.29553240738617e-14,0.677645214952522,0.177,0.038,3.23417560876638e-10,"5","SLC27A5"
2.33237472363123e-14,0.774020290599599,0.192,0.044,3.28608274812404e-10,"5","MAPK3"
2.35773490466604e-14,0.0472228128572229,0.454,0.152,3.32181270718398e-10,"5","POLR2B"
2.39399623319958e-14,0.592170462734489,0.262,0.071,3.37290129295489e-10,"5","NEK7"
2.40592088666699e-14,0.105022984676658,0.469,0.159,3.38970193722512e-10,"5","MAPK1IP1L"
2.41056946890201e-14,0.780932744808607,0.131,0.023,3.39625132473604e-10,"5","ENG"
2.4268623565687e-14,0.280994115210154,0.469,0.163,3.41920637416964e-10,"5","HDDC2"
2.45997779095237e-14,0.386056854682953,0.769,0.323,3.4658627096728e-10,"5","ARHGDIA"
2.48927705792481e-14,0.675750667075536,0.123,0.02,3.50714244691027e-10,"5","PRMT5"
2.49902077560497e-14,0.279352617664297,0.685,0.268,3.52087037074984e-10,"5","DGUOK"
2.57400711463595e-14,1.46816838546117,0.108,0.016,3.62651862381058e-10,"5","ZNF71"
2.6195550224718e-14,0.594544576410714,0.177,0.038,3.69069107116052e-10,"5","ZFPL1"
2.6245903303318e-14,0.960430588380901,0.177,0.038,3.69778531640448e-10,"5","BRCC3"
2.63200147684542e-14,0.172192003481497,0.562,0.203,3.70822688072751e-10,"5","DDOST"
2.6507203591003e-14,0.79718389027876,0.246,0.065,3.73459991393642e-10,"5","TMEM131"
2.66608826185315e-14,0.241713713396408,0.285,0.079,3.7562517521249e-10,"5","GIGYF2"
2.78578596782769e-14,0.232645978473353,0.6,0.227,3.92489385007244e-10,"5","CTSA"
2.82616914635669e-14,0.446273801749873,0.315,0.093,3.98178971030195e-10,"5","USB1"
2.87068703060965e-14,0.388830692624528,0.385,0.124,4.04451095742593e-10,"5","DENND1B"
2.94149367896713e-14,0.335795818742112,0.277,0.077,4.14427044429679e-10,"5","LETMD1"
2.97631079641289e-14,0.804733469955644,0.254,0.068,4.19332428106612e-10,"5","REV3L"
2.97680439079258e-14,0.738288162670128,0.131,0.023,4.19401970618767e-10,"5","MTFMT"
2.98417435503584e-14,0.25579399464261,0.638,0.244,4.20440324880999e-10,"5","PFDN2"
3.03469932009434e-14,0.381592577461654,0.285,0.08,4.27558787208091e-10,"5","ENOPH1"
3.04610846425091e-14,0.295590341713897,0.4,0.131,4.2916622152831e-10,"5","CD58"
3.04648947275056e-14,1.01367333781834,0.246,0.066,4.29219901815826e-10,"5","ALYREF"
3.09111188213635e-14,0.137327058183636,0.262,0.07,4.3550675307419e-10,"5","SNX4"
3.16971611686692e-14,0.470090121015756,0.238,0.061,4.4658130370538e-10,"5","DUSP12"
3.28223168445708e-14,0.129257634420149,0.462,0.158,4.62433622023158e-10,"5","SPPL2A"
3.3263744791501e-14,0.142268305925524,0.238,0.061,4.68652900367458e-10,"5","UHRF2"
3.34112704669751e-14,0.653943433924587,0.785,0.362,4.70731389609212e-10,"5","ARPC4"
3.38056681372183e-14,0.191436081419719,0.4,0.13,4.76288058385268e-10,"5","PNKP"
3.40190741858663e-14,0.144160416241887,0.669,0.257,4.7929473620467e-10,"5","PIM1"
3.413360278838e-14,0.480792761771514,0.246,0.065,4.80908329685486e-10,"5","ZDHHC4"
3.42975415507108e-14,0.25628974047044,0.285,0.08,4.83218062907965e-10,"5","RDX"
3.44423409348203e-14,0.28967498695572,0.362,0.113,4.85258141430683e-10,"5","APPL1"
3.4845684863669e-14,0.465835738864502,0.385,0.125,4.90940854044233e-10,"5","NT5C3A"
3.50144315084952e-14,0.300945785609645,0.2,0.046,4.93318325523188e-10,"5","CPSF2"
3.5069867888624e-14,0.716725596662198,0.223,0.056,4.94099368682824e-10,"5","NPM3"
3.52953310037267e-14,1.34412977160111,0.138,0.026,4.97275918511506e-10,"5","MOV10"
3.63004352488062e-14,0.595423657030638,0.231,0.059,5.1143683222043e-10,"5","MGAT5"
3.67920539639059e-14,0.744099019326962,0.215,0.053,5.1836324829747e-10,"5","ABHD12"
3.77150154382411e-14,0.582671867568425,0.215,0.052,5.31366852509379e-10,"5","VRK2"
3.81054446740834e-14,0.568217616820882,0.215,0.052,5.36867610013161e-10,"5","TCF12"
4.02977997620708e-14,0.320218825255647,0.238,0.061,5.67755700847815e-10,"5","KCTD20"
4.0621543269693e-14,0.476169636195978,0.223,0.055,5.72316923126705e-10,"5","RMDN1"
4.08324069472124e-14,0.00638113681564534,0.469,0.159,5.75287781479275e-10,"5","GOLGA7"
4.11268432562207e-14,0.84637132491321,0.223,0.056,5.79436094636893e-10,"5","SH3GLB2"
4.11710627219988e-14,0.189770274641268,0.638,0.241,5.80059102690241e-10,"5","RAB27A"
4.15344694439814e-14,0.729713242211588,0.108,0.016,5.85179139996254e-10,"5","SIMC1"
4.47611069601887e-14,0.723731608814286,0.231,0.059,6.30639235962099e-10,"5","CUX1"
4.60263188443783e-14,1.32033009606131,0.185,0.042,6.48464806198446e-10,"5","FAM102B"
4.63336568677994e-14,0.583645932681573,0.192,0.044,6.52794891610426e-10,"5","GRWD1"
4.67973494993734e-14,0.365453807626874,0.638,0.252,6.59327857096672e-10,"5","ROMO1"
4.81222615125077e-14,0.843989697723996,0.223,0.056,6.77994542449722e-10,"5","MOSPD3"
4.90481640034927e-14,0.252245965655983,0.462,0.16,6.91039582645208e-10,"5","MAGED2"
4.9697306173188e-14,0.221076956405847,0.608,0.229,7.00185346674045e-10,"5","VAMP5"
5.02094668035895e-14,0.366628164636241,0.223,0.056,7.07401177795772e-10,"5","TCHP"
5.05474169678531e-14,0.35898898131621,0.362,0.115,7.12162557660082e-10,"5","TAF11"
5.35692740080539e-14,0.244116798231132,0.392,0.128,7.54737501499472e-10,"5","IRF8"
5.4481604447746e-14,0.300477050481298,0.238,0.061,7.67591325064293e-10,"5","MPRIP"
5.47896379458023e-14,0.562032437937702,0.185,0.041,7.71931209018408e-10,"5","SLC30A9"
5.5209450377578e-14,0.27826700112764,0.438,0.15,7.77845946369697e-10,"5","HPCAL1"
5.56187787653997e-14,0.336978827335061,0.354,0.111,7.83612974025717e-10,"5","TLK1"
5.67335529111995e-14,0.457648381991156,0.885,0.413,7.9931902696589e-10,"5","SEC11A"
5.7471263886765e-14,0.0978041870519369,0.492,0.173,8.09712636900632e-10,"5","DECR1"
5.76427911580372e-14,0.0899951495087185,0.277,0.077,8.12129284625586e-10,"5","RBMX2"
5.78417999227039e-14,0.254968053833095,0.338,0.104,8.14933119110976e-10,"5","YIPF3"
6.22572059603038e-14,0.0810882779282868,0.469,0.161,8.7714177477472e-10,"5","MLF2"
6.29119592603869e-14,0.236170271838785,0.631,0.239,8.86366594019591e-10,"5","SH3GLB1"
6.32529922736484e-14,0.580892998409029,0.192,0.044,8.91171408143433e-10,"5","EXOC6"
6.35168156826501e-14,0.507295005606801,0.231,0.059,8.94888416152857e-10,"5","PSMG4"
6.38718772721679e-14,0.242480115155794,0.154,0.031,8.99890878887573e-10,"5","DPAGT1"
6.55798016645464e-14,0.361117886337074,0.538,0.2,9.23953825651794e-10,"5","PSMB8-AS1"
6.56209300636633e-14,0.196302145802339,0.262,0.071,9.24533283666952e-10,"5","CREB3"
6.70394018095929e-14,0.0960932448319076,0.577,0.212,9.44518132095354e-10,"5","ADRM1"
6.72187545295058e-14,0.906773548357882,0.177,0.039,9.47045032566207e-10,"5","FXN"
6.73551164773862e-14,0.898860372659292,0.169,0.036,9.48966236049894e-10,"5","WDR75"
6.85226778594333e-14,0.564473508746971,0.269,0.075,9.65416008361556e-10,"5","STK24"
6.90298817644043e-14,0.653159090553477,0.154,0.031,9.72562004178692e-10,"5","KATNAL1"
6.94216896385901e-14,-0.00624587717169706,0.523,0.184,9.78082185318096e-10,"5","NOSIP"
6.9849544967692e-14,-0.80073563717576,0.962,0.89,9.84110239049813e-10,"5","HLA-E"
7.05847642522296e-14,0.217359424284332,0.508,0.184,9.94468743549663e-10,"5","TTC3"
7.09499227927706e-14,0.1015655338354,0.562,0.206,9.99613462227345e-10,"5","HAX1"
7.1218992395966e-14,0.807485556842098,0.262,0.072,1.00340438386677e-09,"5","IFI44"
7.13238786742872e-14,0.245258752112404,0.777,0.316,1.00488212664203e-09,"5","ENY2"
7.39417575926716e-14,0.118632976297971,0.377,0.121,1.04176542272315e-09,"5","LLPH"
7.43875661801758e-14,0.561894172088329,0.931,0.465,1.0480464199125e-09,"5","PGK1"
7.59028056761785e-14,1.0670805579636,0.177,0.039,1.06939462917168e-09,"5","AAGAB"
7.66540041752621e-14,0.844071938110859,0.138,0.026,1.07997826482527e-09,"5","ALKBH4"
7.76490613997958e-14,0.447764504270869,0.162,0.033,1.09399762606172e-09,"5","POC5"
7.77196893410986e-14,0.360972150851955,0.2,0.047,1.09499270312674e-09,"5","RANGAP1"
7.80195253669657e-14,0.17287826824273,0.269,0.074,1.09921709289518e-09,"5","RNASEH1"
7.98060669998446e-14,0.725515031587371,0.123,0.021,1.12438767796081e-09,"5","MFHAS1"
8.16303845136496e-14,1.02853434049869,0.185,0.042,1.15009048741281e-09,"5","FANCA"
8.81138823430494e-14,0.355202489056654,0.323,0.099,1.24143648833122e-09,"5","PSMD3"
8.86824883340487e-14,0.160889026080421,0.685,0.269,1.24944757813841e-09,"5","RTF1"
8.99297563577395e-14,0.305014609526373,0.385,0.126,1.26702033732419e-09,"5","CTDNEP1"
9.1155287886657e-14,0.754918683899254,0.192,0.045,1.28428685103511e-09,"5","RBFA"
9.23890718483971e-14,1.08652851495674,0.115,0.019,1.30166963327207e-09,"5","HAUS4"
9.33923105493251e-14,0.438119446032627,0.246,0.066,1.31580426332944e-09,"5","FAM110A"
9.35768065802131e-14,0.584440545031524,0.954,0.569,1.31840362790862e-09,"5","NDUFA4"
9.44062458650072e-14,0.198890574462607,0.477,0.168,1.33008959799209e-09,"5","FBXO7"
9.44526168075028e-14,0.171215069191841,0.485,0.173,1.33074291820091e-09,"5","LARP7"
9.47191897307591e-14,0.428049349874612,0.431,0.151,1.33449866411666e-09,"5","TBCD"
9.86805582487291e-14,0.0797966911892452,0.4,0.132,1.39031038516634e-09,"5","ACTR10"
1.01138466248747e-13,0.690969099801272,0.146,0.028,1.4249398509786e-09,"5","TMEM209"
1.01724757332413e-13,0.979500703793202,0.185,0.042,1.43320010605637e-09,"5","MRS2"
1.04530120061471e-13,0.126223819490496,0.508,0.182,1.47272486154606e-09,"5","IMP3"
1.0455915128618e-13,-0.857227412447572,0.954,0.952,1.47313388247099e-09,"5","NKG7"
1.05372751424568e-13,0.607780110770296,0.962,0.613,1.48459669482074e-09,"5","LDHA"
1.07867526566785e-13,-0.0511297404915337,0.292,0.084,1.51974558179944e-09,"5","NANS"
1.08805485245215e-13,0.585223346247439,0.154,0.031,1.53296048161984e-09,"5","SLC25A19"
1.10723153797597e-13,0.245305625013289,0.615,0.234,1.55997851385435e-09,"5","PCNP"
1.1163484144254e-13,0.60581274993318,0.162,0.034,1.57282328108395e-09,"5","INTS12"
1.13525167254025e-13,1.12508042418132,0.108,0.017,1.59945608144196e-09,"5","DHX32"
1.13995385399904e-13,0.594930559517639,0.362,0.12,1.60608098489925e-09,"5","NCF1"
1.15204343611707e-13,0.405779573941972,0.2,0.048,1.62311399714534e-09,"5","DCTN5"
1.19221067946308e-13,1.29580896677275,0.238,0.065,1.67970562629554e-09,"5","FAF1"
1.20296597375885e-13,0.379674748675601,0.3,0.089,1.69485876042885e-09,"5","ZNF326"
1.20797551209404e-13,0.821152440908434,0.138,0.026,1.7019166989893e-09,"5","PUSL1"
1.23307992932999e-13,0.461853481289579,0.192,0.045,1.73728631243302e-09,"5","ALKBH3"
1.23584130266744e-13,0.0768305055869228,0.469,0.164,1.74117681132815e-09,"5","ABCF1"
1.24328355387814e-13,0.218179931365204,0.4,0.133,1.75166219905891e-09,"5","FDFT1"
1.26614401656977e-13,-0.078137269178031,0.331,0.1,1.78387030494515e-09,"5","COMMD2"
1.26766405641231e-13,0.13476666750624,0.323,0.098,1.7860118890793e-09,"5","RNF4"
1.26999566528489e-13,0.413776725865906,0.231,0.06,1.78929689281989e-09,"5","IL10RB"
1.28406325038286e-13,0.802040698893821,0.146,0.029,1.80911671346442e-09,"5","NUDT18"
1.30222098539943e-13,-1.05465060239623,0.823,0.835,1.83469914632926e-09,"5","KLRD1"
1.30502193902971e-13,0.189523962415799,0.4,0.133,1.83864540989896e-09,"5","NSD1"
1.35303630479958e-13,0.321301729684804,0.754,0.315,1.90629284983213e-09,"5","NDUFB10"
1.35737290678811e-13,0.659689129534745,0.162,0.034,1.91240268837377e-09,"5","WSB2"
1.38984336915012e-13,0.43974346667786,0.185,0.042,1.9581503227956e-09,"5","AGPAT1"
1.39173506377032e-13,0.88034687889718,0.185,0.042,1.96081553134601e-09,"5","OGFOD3"
1.4026897880422e-13,0.118944619115147,0.608,0.229,1.97624964237266e-09,"5","ABI3"
1.41084982115601e-13,0.614086535928569,0.177,0.039,1.98774631302671e-09,"5","RNF214"
1.42594860820177e-13,0.19410255747572,0.315,0.095,2.00901899409547e-09,"5","ADNP"
1.42821555724204e-13,0.314203323744359,0.308,0.092,2.0122128985983e-09,"5","CUTC"
1.44093151601103e-13,0.216699106859565,0.638,0.248,2.03012841290794e-09,"5","TCP1"
1.44170304795958e-13,0.740868844200612,0.154,0.031,2.03121542427025e-09,"5","HERC6"
1.48232468376036e-13,0.459420375749325,0.185,0.042,2.08844724694997e-09,"5","HVCN1"
1.48760259126701e-13,0.363013193498492,0.569,0.22,2.09588329083609e-09,"5","LSM14A"
1.48810340450846e-13,0.379300791458553,0.538,0.208,2.09658888661197e-09,"5","PTPN6"
1.50050374521385e-13,0.244889051031389,0.477,0.171,2.1140597266318e-09,"5","TXNL4A"
1.54070642495054e-13,0.294975961013792,0.4,0.135,2.17070128211282e-09,"5","RPAIN"
1.55355866752278e-13,0.480731028625033,0.231,0.06,2.18880880667285e-09,"5","LEO1"
1.56488410419086e-13,1.32624325460483,0.1,0.015,2.2047652143945e-09,"5","KLC2"
1.61208000363527e-13,0.394631519083537,0.254,0.069,2.27125951712174e-09,"5","TMX3"
1.62069253453233e-13,0.208339971845234,0.292,0.085,2.2833937119026e-09,"5","AASDHPPT"
1.69276744110601e-13,0.585275083260483,0.254,0.07,2.38494004777426e-09,"5","QSOX1"
1.70151011382192e-13,0.126044429528618,0.623,0.236,2.3972575993637e-09,"5","HNRNPH3"
1.71629225833282e-13,0.595470379099905,0.977,0.723,2.4180841627651e-09,"5","NPM1"
1.71883869776316e-13,0.162499677967835,0.546,0.202,2.42167184127852e-09,"5","TXNL1"
1.78574864482299e-13,0.129526629254414,0.262,0.072,2.51594126569111e-09,"5","AFG3L2"
1.80754044338649e-13,0.298267138095871,0.362,0.117,2.54664373068722e-09,"5","MICU2"
1.82095827094762e-13,0.478274466901256,0.169,0.037,2.5655481079381e-09,"5","NR2C2AP"
1.86515378972032e-13,0.105904586541092,0.446,0.153,2.62781517433696e-09,"5","BTG3"
1.88325865117625e-13,0.561579415574288,0.169,0.037,2.65332311364222e-09,"5","ALG6"
1.88410072582175e-13,0.509651899412829,0.238,0.064,2.65450951261026e-09,"5","TMEM223"
1.93379159774746e-13,0.35008445063155,0.262,0.073,2.72451898206639e-09,"5","MPV17"
1.94541281211579e-13,0.311203400598572,0.769,0.32,2.74089211098994e-09,"5","FKBP8"
1.97621929237328e-13,0.646074199422742,0.515,0.199,2.78429536102471e-09,"5","UBALD2"
2.0047894646437e-13,0.320625056133287,0.738,0.301,2.8245478767365e-09,"5","GHITM"
2.04164385616656e-13,-0.0711667471667377,0.377,0.121,2.87647202895307e-09,"5","FAM162A"
2.10795947734378e-13,0.559110685765414,0.269,0.077,2.96990410762965e-09,"5","TMEM242"
2.14394596267623e-13,0.126829958002554,0.423,0.144,3.02060546681454e-09,"5","NIFK"
2.16246584025557e-13,0.182078387625055,0.292,0.086,3.04669812233607e-09,"5","TUBGCP2"
2.1785501720886e-13,0.577191454585013,0.2,0.048,3.06935933745563e-09,"5","PMS1"
2.31573254739148e-13,0.0925299477083881,0.3,0.089,3.26263558601986e-09,"5","EBPL"
2.33060851422773e-13,0.659245063374057,0.215,0.055,3.28359433569545e-09,"5","RXRA"
2.38376552433248e-13,0.38548822617373,0.2,0.048,3.35848724723203e-09,"5","PHF10"
2.42214408957631e-13,0.7760464817368,0.123,0.022,3.41255880780407e-09,"5","ZNF678"
2.45017025991066e-13,0.846034116700666,0.108,0.017,3.45204487918813e-09,"5","AIFM2"
2.45298449326208e-13,0.575172904686785,0.246,0.067,3.45600985255694e-09,"5","PDXDC1"
2.45503728168804e-13,0.589006158861179,0.154,0.032,3.45890202617028e-09,"5","LIAS"
2.50639558798366e-13,0.225693106550115,0.277,0.079,3.53126074391017e-09,"5","UTP18"
2.52590050389399e-13,0.846177131045585,0.108,0.017,3.55874121993624e-09,"5","NAPEPLD"
2.53516936623174e-13,0.128280897210991,0.308,0.092,3.57180012008389e-09,"5","HMCES"
2.53611598379285e-13,0.289362755574358,0.815,0.348,3.57313380956574e-09,"5","HMGN3"
2.55918808572134e-13,0.274579588907277,0.346,0.111,3.6056400939728e-09,"5","ANXA2R"
2.57243728542172e-13,0.610004001149755,0.108,0.017,3.62430689143066e-09,"5","CLCC1"
2.58181292225912e-13,0.538362634181019,0.369,0.123,3.63751622617087e-09,"5","DOCK2"
2.60376607667761e-13,0.581292230363247,0.885,0.432,3.66844602543108e-09,"5","SET"
2.66978717472846e-13,0.103549718148017,0.462,0.162,3.76146315047493e-09,"5","FDX1"
2.70956154840948e-13,0.353472392305375,0.238,0.064,3.81750126555412e-09,"5","GPR82"
2.71407994886169e-13,0.848771870210307,0.115,0.019,3.82386723995124e-09,"5","NAGA"
2.71569409915799e-13,0.238089071201599,0.323,0.1,3.82614141630369e-09,"5","ATXN2L"
2.72215467007571e-13,0.749188390812674,0.162,0.035,3.83524371466967e-09,"5","PDCD11"
2.74366019048508e-13,0.245994903861919,0.254,0.07,3.86554284237443e-09,"5","CD2AP"
2.74648025683054e-13,-0.00109950156331529,0.485,0.17,3.86951603384855e-09,"5","DR1"
2.79565340970173e-13,0.357202258787217,0.223,0.058,3.93879608892877e-09,"5","PDCL"
2.80669557399864e-13,0.650182573537892,0.208,0.052,3.95435339420668e-09,"5","MED27"
2.82462467676988e-13,0.244915476214577,0.438,0.152,3.97961370710109e-09,"5","SUGT1"
2.82809908044931e-13,0.181851556744705,0.608,0.233,3.98450879444504e-09,"5","CANX"
2.83214825175276e-13,1.2280789625428,0.123,0.022,3.99021367189446e-09,"5","TTLL10"
2.83689608574892e-13,0.1742969031701,0.254,0.07,3.99690289521165e-09,"5","RASSF7"
2.84849612107695e-13,0.101137728163459,0.392,0.13,4.01324618498532e-09,"5","TMUB1"
2.85695384159679e-13,0.557380221897623,0.154,0.032,4.02516226742571e-09,"5","FHOD1"
2.93166534011684e-13,0.377238270836164,0.285,0.084,4.13042329769062e-09,"5","SMURF2"
2.94188135091457e-13,1.19327388548829,0.146,0.03,4.14481663530353e-09,"5","CMPK2"
2.95675938901191e-13,1.05126448412283,0.154,0.032,4.16577830317887e-09,"5","TRAP1"
2.96488770808402e-13,0.114583090764937,0.254,0.07,4.17723029191958e-09,"5","YWHAG"
2.97709855742651e-13,0.284405241777654,0.292,0.087,4.19443415755821e-09,"5","CUL1"
2.98378608443951e-13,1.06591970053931,0.138,0.027,4.20385621436682e-09,"5","NUDT15"
3.01681290317603e-13,0.175147391814973,0.438,0.152,4.2503876992847e-09,"5","MFF"
3.06603432857677e-13,0.606803640116433,0.154,0.032,4.31973576553181e-09,"5","ZNF667-AS1"
3.08353596247284e-13,0.409838857700966,0.154,0.032,4.34439381752798e-09,"5","SSBP2"
3.10798173727424e-13,0.238527615807009,0.754,0.309,4.37883546964568e-09,"5","LAMTOR5"
3.15346698728711e-13,0.975287619163244,0.169,0.038,4.44291963838881e-09,"5","E2F3"
3.1745781768016e-13,0.0138082647682212,0.362,0.116,4.47266319329578e-09,"5","DNAJC4"
3.22343560863171e-13,0.242380887091823,0.292,0.086,4.54149842900121e-09,"5","EXOSC7"
3.239822890704e-13,0.618307898006335,0.208,0.052,4.56458647071287e-09,"5","STX18"
3.2585752551599e-13,0.377659542848005,0.669,0.276,4.59100667699478e-09,"5","EIF3A"
3.29499631684521e-13,0.568761417246075,0.146,0.029,4.64232031080321e-09,"5","SPATS2"
3.34789829603649e-13,0.503507771567575,0.285,0.085,4.71685390928581e-09,"5","DAPK2"
3.35051671129029e-13,0.385407650357719,0.154,0.032,4.72054299453690e-09,"5","UCK1"
3.39450277812202e-13,1.0033763291996,0.123,0.022,4.78251496409611e-09,"5","GEMIN8"
3.46104501801596e-13,-0.259195139062763,0.323,0.098,4.87626632588269e-09,"5","CNIH4"
3.50735751821221e-13,0.152635265414026,0.577,0.219,4.94151600740918e-09,"5","ZNF706"
3.56467141049691e-13,0.353679886029956,0.208,0.052,5.0222655502491e-09,"5","MON1B"
3.56653543002058e-13,0.518881279692804,0.185,0.043,5.024891767356e-09,"5","MIS12"
3.61716827997787e-13,0.589088618391373,0.192,0.046,5.09622838966082e-09,"5","COPS7B"
3.63340973837516e-13,0.148551931932171,0.208,0.052,5.11911098039677e-09,"5","MED7"
3.65763413835944e-13,0.314686987030703,0.615,0.247,5.15324073753462e-09,"5","CLDND1"
3.6781567626771e-13,0.02985762999159,0.269,0.076,5.18215506293577e-09,"5","NUP54"
3.76800751307186e-13,0.393263302099845,0.823,0.364,5.30874578516694e-09,"5","YWHAQ"
3.80318783135211e-13,0.790646286117761,0.169,0.038,5.35831133559199e-09,"5","PBX3"
3.8281536161843e-13,0.0134043796950661,0.415,0.141,5.39348562984206e-09,"5","PTRHD1"
3.84034552947352e-13,0.758558263067866,0.169,0.038,5.41066281647524e-09,"5","PEX14"
3.86005966229054e-13,0.293547967565155,0.208,0.052,5.43843805820114e-09,"5","CCDC43"
3.97008488866895e-13,0.157169291200199,0.262,0.073,5.59345259964568e-09,"5","MED11"
3.97330763639199e-13,0.278299325467257,0.554,0.213,5.59799312891267e-09,"5","NT5C"
3.97898449875471e-13,0.410779941686478,0.185,0.043,5.60599126029551e-09,"5","INO80C"
4.06067257509399e-13,0.768854874172225,0.123,0.022,5.72108159104993e-09,"5","PNPLA4"
4.13636070938058e-13,0.256409280908664,0.269,0.077,5.8277186034463e-09,"5","SLC2A4RG"
4.19664087318531e-13,0.0728984872111858,0.415,0.142,5.91264732623079e-09,"5","MAT2B"
4.20117206382597e-13,0.523836034895968,0.185,0.043,5.91903132072441e-09,"5","ATE1"
4.22516343599194e-13,0.308626705179423,0.192,0.046,5.95283276496905e-09,"5","MIB1"
4.25729509780868e-13,0.448336381565397,0.223,0.058,5.99810306330266e-09,"5","QTRT1"
4.31149135068615e-13,0.122303619286236,0.292,0.087,6.07446016398172e-09,"5","RABEP1"
4.35374604750369e-13,0.558651376350612,0.146,0.029,6.13399280632795e-09,"5","RNF165"
4.36427191886925e-13,1.32059419163742,0.115,0.02,6.14882270649488e-09,"5","SPECC1L"
4.3690561076606e-13,0.564922418646356,0.354,0.118,6.15556315008302e-09,"5","SRM"
4.41737905671477e-13,0.108579547037982,0.323,0.1,6.22364535300544e-09,"5","CFAP97"
4.43042187905345e-13,0.793809277811641,0.108,0.018,6.2420213853984e-09,"5","ANO9"
4.44798156964161e-13,0.530133566526068,0.246,0.068,6.26676123346807e-09,"5","RDH14"
4.44845180054608e-13,0.0926159827257735,0.5,0.182,6.26742374178937e-09,"5","IL16"
4.45414097256443e-13,0.378054726098896,0.231,0.061,6.27543921624603e-09,"5","SIN3A"
4.47448173174213e-13,0.0217359213777757,0.369,0.12,6.30409731185149e-09,"5","DYNC1I2"
4.54347570391734e-13,0.346180756054288,0.331,0.105,6.40130291924914e-09,"5","RGL4"
4.66143423130372e-13,0.449784393315801,0.177,0.041,6.5674946884838e-09,"5","CEP135"
4.68993130142639e-13,0.476640968607576,0.877,0.41,6.60764421057965e-09,"5","GPX4"
4.79664895698619e-13,0.390515571700897,0.292,0.088,6.75799871549784e-09,"5","CEP85L"
5.15398457890065e-13,0.379436961778071,0.215,0.055,7.26144887321312e-09,"5","UXS1"
5.44264432226442e-13,0.745494157701723,0.238,0.066,7.66814158563834e-09,"5","RCOR3"
5.44606486593264e-13,0.382250305568769,0.231,0.062,7.67296078961250e-09,"5","TNPO3"
5.50519147949035e-13,0.38532966748047,0.2,0.049,7.75626427545396e-09,"5","STRN"
5.6340761081857e-13,0.0840007159167222,0.408,0.139,7.93784982882283e-09,"5","LMAN1"
5.63819740828003e-13,0.915775598574874,0.162,0.035,7.94365632852574e-09,"5","SPINT2"
5.65266057263377e-13,0.523075625826448,0.223,0.059,7.96403348078372e-09,"5","POLK"
5.72142904777033e-13,0.183299753396548,0.246,0.068,8.06092138540362e-09,"5","TRIM27"
5.90033468151502e-13,-1.72929261607143,0.762,0.781,8.3129815327865e-09,"5","JUNB"
5.93688568536448e-13,0.190799902466198,0.631,0.247,8.36447824211002e-09,"5","MYDGF"
5.95827550451918e-13,0.655441374745379,0.169,0.038,8.39461435831708e-09,"5","MTG2"
6.16127766921327e-13,0.138932108438516,0.615,0.239,8.68062410815457e-09,"5","KIF5B"
6.18556956739337e-13,0.186197868704217,0.323,0.101,8.71484896350052e-09,"5","XPA"
6.28716956723111e-13,0.103586277205864,0.246,0.067,8.85799320327191e-09,"5","NAA60"
6.35745946946501e-13,0.561664691384685,0.192,0.047,8.95702464652925e-09,"5","CIZ1"
6.39667895430866e-13,0.524197720821578,0.631,0.267,9.01228097872547e-09,"5","HP1BP3"
6.58052366540594e-13,0.144860605426188,0.2,0.049,9.27129979219043e-09,"5","MBD1"
6.63440184287163e-13,0.400205170245849,0.908,0.424,9.34720875642184e-09,"5","PTGES3"
6.74072045078609e-13,-0.0696636964458517,0.438,0.152,9.49700104311253e-09,"5","FASLG"
6.83767910589429e-13,0.190752471325902,0.8,0.331,9.63360609229446e-09,"5","ATP6V1F"
7.01022536644067e-13,0.990209956518711,0.1,0.016,9.87670651877825e-09,"5","CDPF1"
7.06530495724146e-13,1.00539302573373,0.1,0.016,9.95430815425749e-09,"5","TMEM164"
7.06605874837267e-13,0.227570396439076,0.392,0.134,9.95537017058225e-09,"5","MED30"
7.33520978629265e-13,0.191398840276919,0.608,0.239,1.03345770679077e-08,"5","MTPN"
7.4090449772878e-13,0.204678264343433,0.354,0.116,1.04386034685008e-08,"5","CTNNBL1"
7.47924298890189e-13,0.439424927192654,0.246,0.069,1.05375054470639e-08,"5","EXOG"
7.67971576193752e-13,0.415490099591997,0.138,0.027,1.08199515369938e-08,"5","RANBP6"
7.78978132563382e-13,0.454843380112209,0.3,0.093,1.09750229096855e-08,"5","HACD4"
7.88951223986975e-13,0.0642372281387664,0.408,0.139,1.11155337947525e-08,"5","VPS51"
8.06089116285050e-13,0.19935785262111,0.292,0.088,1.13569895593401e-08,"5","YIPF5"
8.22863088687809e-13,0.392768943162104,0.246,0.069,1.15933180565225e-08,"5","PYM1"
8.44363151741965e-13,0.0555746065995441,0.262,0.075,1.18962324448925e-08,"5","TYW3"
8.44770916637367e-13,0.358719747233017,0.238,0.065,1.19019774445039e-08,"5","KATNA1"
8.45964179621151e-13,0.368296238960441,0.177,0.041,1.19187893266824e-08,"5","SRBD1"
8.48406425003608e-13,-0.117957009699551,0.3,0.091,1.19531981218758e-08,"5","TCOF1"
8.48508033642099e-13,0.497216633181413,0.223,0.059,1.19546296859835e-08,"5","YLPM1"
8.52707750325186e-13,0.343596213344903,0.162,0.035,1.20137994943315e-08,"5","DVL3"
8.77767907494172e-13,0.513441122861724,0.146,0.03,1.23668720486854e-08,"5","MTA2"
9.06410414269538e-13,0.551142124486198,0.931,0.478,1.27704163266435e-08,"5","SERBP1"
9.15192813349116e-13,1.04417479185083,0.131,0.025,1.28941515472757e-08,"5","PPP1R12B"
9.26199300184256e-13,0.384954748591056,0.231,0.062,1.3049221940296e-08,"5","RBM28"
9.35029158525372e-13,0.465219028042294,0.169,0.038,1.3173625814464e-08,"5","RPUSD1"
9.44636895386558e-13,0.66345109003405,0.123,0.023,1.33089892191012e-08,"5","NAB2"
9.45952714772569e-13,0.627434739152673,0.138,0.028,1.33275277984307e-08,"5","SLC39A9"
9.50043032924598e-13,0.295208822239129,0.423,0.15,1.33851562908747e-08,"5","FNTA"
9.57011456884066e-13,0.653201294778499,0.2,0.05,1.34833344160396e-08,"5","NOL10"
9.57210650425162e-13,0.190348276291029,0.269,0.078,1.34861408538401e-08,"5","PPP6R2"
9.68936408036828e-13,0.368988582466137,0.462,0.172,1.36513450528309e-08,"5","LBR"
9.6978656062472e-13,0.234421662064688,0.238,0.065,1.36633228526417e-08,"5","MTX2"
9.7018660951068e-13,0.537082380703975,0.923,0.504,1.3668959141396e-08,"5","COX6A1"
9.78366735732174e-13,0.221251354635145,0.438,0.157,1.37842089397306e-08,"5","ZNF644"
9.83094932056184e-13,0.22760705193183,0.369,0.124,1.38508244977396e-08,"5","WAPL"
9.87071213106134e-13,0.574507299327772,0.915,0.465,1.39068463214523e-08,"5","HNRNPA3"
9.87484538723447e-13,0.24527949610185,0.215,0.056,1.39126696660746e-08,"5","BTBD1"
9.88165374184617e-13,0.0935054255810123,0.477,0.173,1.39222619568871e-08,"5","SAMHD1"
9.8860194710241e-13,0.402906801418052,0.254,0.072,1.39284128327258e-08,"5","RABL6"
9.91315503966415e-13,0.306065009398464,0.215,0.056,1.39666441353828e-08,"5","CDC16"
1.0224212376433e-12,1.25600191495735,0.108,0.018,1.44048928171565e-08,"5","PCK2"
1.03168090335826e-12,0.202838416036241,0.277,0.081,1.45353522474145e-08,"5","HEXB"
1.03406793154927e-12,0.145323070659147,0.385,0.13,1.45689830875977e-08,"5","TMX1"
1.06551894867396e-12,0.513975893682435,0.246,0.07,1.50120964678675e-08,"5","GLT8D1"
1.06997127515997e-12,0.412250298451165,0.162,0.036,1.50748252957289e-08,"5","FAM104B"
1.07153598501445e-12,0.605155808044675,0.162,0.036,1.50968704928686e-08,"5","CPSF4"
1.0737272402967e-12,0.0141526824954782,0.331,0.105,1.51277430885402e-08,"5","FASTK"
1.08445383797121e-12,0.25838063666086,0.208,0.053,1.52788701231764e-08,"5","CENPT"
1.08488773957143e-12,0.240667050200136,0.638,0.256,1.52849833628219e-08,"5","OCIAD1"
1.08568332725478e-12,0.395851410315027,0.792,0.352,1.52961923976926e-08,"5","ERP29"
1.10195937712417e-12,0.0921971484722472,0.646,0.254,1.55255056643025e-08,"5","MGST3"
1.14254383078915e-12,0.215050821266908,0.554,0.213,1.60973000319883e-08,"5","ATG12"
1.143088214078e-12,0.166819759581888,0.523,0.196,1.61049698481449e-08,"5","PPP1CC"
1.1644246943416e-12,0.0498286485804554,0.423,0.147,1.64055795185788e-08,"5","LPIN2"
1.1651897725192e-12,1.29353953715306,0.192,0.049,1.6416358705023e-08,"5","CERS6"
1.16550017251959e-12,0.244145179844076,0.246,0.069,1.64207319306284e-08,"5","SEL1L"
1.16725380234174e-12,0.310448196029028,0.731,0.314,1.64454388211928e-08,"5","DDX46"
1.1850471839004e-12,0.262023249757145,0.146,0.03,1.66961297739728e-08,"5","ARFGEF2"
1.19214671383542e-12,0.249242528344739,0.408,0.142,1.67961550512272e-08,"5","WBP11"
1.19679600024441e-12,1.14867123699705,0.115,0.02,1.68616588474435e-08,"5","ETAA1"
1.22630611128382e-12,0.241704140470136,0.6,0.24,1.72774268018777e-08,"5","COX14"
1.26785434971975e-12,-0.0809464020673888,0.385,0.13,1.78627999332016e-08,"5","PRPF6"
1.26903573630631e-12,0.979859465061595,0.123,0.023,1.78794444888197e-08,"5","LRRC61"
1.29018055913741e-12,0.115651492322587,0.308,0.096,1.8177353897687e-08,"5","SPG21"
1.31689468581593e-12,0.334260009144833,0.169,0.038,1.85537292284606e-08,"5","PEX19"
1.32119298057666e-12,0.187291368573342,0.277,0.082,1.86142879033445e-08,"5","ZFAND1"
1.34389270656492e-12,0.526616720463866,0.192,0.047,1.89341043427932e-08,"5","REEP3"
1.34595543216664e-12,0.346984214048521,0.262,0.076,1.89631660837959e-08,"5","ITFG1"
1.35660759456651e-12,0.776801260723267,0.131,0.025,1.91132443998476e-08,"5","TOE1"
1.36699629690991e-12,0.299085936187013,0.4,0.141,1.92596108271637e-08,"5","PTPN18"
1.39063333772443e-12,-0.06167967825346,0.385,0.129,1.95926330951995e-08,"5","CEP350"
1.40393485286308e-12,0.74744723665966,0.208,0.054,1.97800381419879e-08,"5","NCOR2"
1.41838184082531e-12,0.034691952655311,0.608,0.233,1.99835817553877e-08,"5","MAF1"
1.42046256749739e-12,0.395765373430618,0.238,0.066,2.00128971134707e-08,"5","APOBR"
1.43807816773525e-12,0.790600385464855,0.1,0.016,2.02610833052219e-08,"5","SPICE1"
1.45257016492916e-12,0.461316779261617,0.223,0.06,2.04652610536869e-08,"5","UBAP2L"
1.4567025388058e-12,0.554082147022681,0.185,0.045,2.05234820692349e-08,"5","ZNF280D"
1.48726090795431e-12,0.365436732283096,0.377,0.129,2.09540189321682e-08,"5","CFDP1"
1.48961141887553e-12,0.525098950621831,0.385,0.136,2.09871352805373e-08,"5","BCL2"
1.49499867491129e-12,0.209784706380173,0.185,0.044,2.10630363308251e-08,"5","DOK1"
1.51696630334461e-12,0.379341191367133,0.208,0.053,2.13725382478222e-08,"5","BET1"
1.5384898631046e-12,0.627459185807744,0.231,0.064,2.16757836812807e-08,"5","THAP7"
1.56519515281144e-12,0.600254299586716,0.146,0.031,2.20520345079604e-08,"5","LACTB2"
1.58353142932719e-12,0.419668473587213,0.862,0.406,2.23103743077908e-08,"5","BRK1"
1.59336434353553e-12,0.306407489456128,0.762,0.335,2.2448910236072e-08,"5","BAX"
1.60965336913333e-12,0.428830396380169,0.238,0.066,2.26784063177195e-08,"5","GNL2"
1.61195473221573e-12,-0.110524835753237,0.338,0.108,2.27108302221874e-08,"5","PPP6R1"
1.64565187297909e-12,0.257439882595936,0.662,0.272,2.31855892384024e-08,"5","DOCK8"
1.66205415218369e-12,0.561389858924263,0.131,0.025,2.3416680950116e-08,"5","MYO19"
1.68917150176587e-12,0.210711923914045,0.285,0.086,2.37987372883794e-08,"5","RPAP2"
1.70846936937267e-12,0.203215798730727,0.254,0.072,2.40706249450915e-08,"5","BRD3"
1.71255265737769e-12,0.291690599163588,0.231,0.063,2.41281543897943e-08,"5","METTL17"
1.72758953426614e-12,0.456282558043705,0.238,0.067,2.43400089482756e-08,"5","STAMBP"
1.75189519340058e-12,0.663175703448769,0.515,0.216,2.46824513798208e-08,"5","ZNF683"
1.75842632025758e-12,0.450137815832888,0.154,0.033,2.47744684261091e-08,"5","FCHO1"
1.77800215524415e-12,0.312727757427147,0.246,0.07,2.50502723652349e-08,"5","AP1M1"
1.79562803609695e-12,0.023339733789321,0.6,0.229,2.52986034005699e-08,"5","UGP2"
1.79669042584041e-12,0.842270473794591,0.115,0.021,2.53135714096655e-08,"5","CLK2"
1.79675839948707e-12,0.129911342772309,0.338,0.11,2.53145290903734e-08,"5","CRIPT"
1.80389475711189e-12,-0.0780725456842902,0.346,0.112,2.54150732329494e-08,"5","CTBP1"
1.81976333531396e-12,0.226451108935773,0.677,0.274,2.56386456312384e-08,"5","TMEM230"
1.84785508822123e-12,0.226740127186881,0.438,0.159,2.60344303379489e-08,"5","DNAJB11"
1.85592910905928e-12,0.489782495877384,0.223,0.061,2.61481852175363e-08,"5","NDE1"
1.87430421947195e-12,0.529367497569968,0.185,0.045,2.64070721481402e-08,"5","EXOSC4"
1.90866598349967e-12,0.110448387012671,0.538,0.205,2.68911950415269e-08,"5","AHSA1"
1.95019081704574e-12,0.79216032695764,0.169,0.039,2.74762384213575e-08,"5","EMSY"
1.96616442565091e-12,-0.00935682699471,0.385,0.131,2.77012905929956e-08,"5","HAGH"
1.9895722261845e-12,0.161444926101607,0.354,0.117,2.80310830947135e-08,"5","PRPF8"
2.01421936795285e-12,0.357645231188576,0.2,0.051,2.83783366750877e-08,"5","ARHGAP1"
2.01659583224132e-12,0.091595130837628,0.515,0.195,2.8411818680448e-08,"5","CHD4"
2.04730145871696e-12,0.161667743426001,0.285,0.086,2.88444302518633e-08,"5","A1BG"
2.04824974405726e-12,0.22818811759731,0.277,0.083,2.88577906440228e-08,"5","RABIF"
2.05072653164975e-12,0.550081672136579,0.123,0.023,2.88926861044134e-08,"5","CEP89"
2.05429750139534e-12,0.161427214815311,0.238,0.066,2.89429974971589e-08,"5","GGPS1"
2.05832192898921e-12,0.0769121033362911,0.485,0.178,2.8999697657529e-08,"5","GNB1"
2.07065678710176e-12,0.214327702895005,0.731,0.305,2.91734834734767e-08,"5","RWDD1"
2.11415438515877e-12,0.112186972305112,0.215,0.057,2.9786321132502e-08,"5","RPP25L"
2.15906621705418e-12,0.063992595164621,0.462,0.168,3.04190839320763e-08,"5","FAM50A"
2.1881441904504e-12,0.215859636502556,0.277,0.083,3.08287634992557e-08,"5","CCDC47"
2.19941542995788e-12,0.475421806518908,0.215,0.057,3.09875639926766e-08,"5","HAGHL"
2.20138293480036e-12,0.192152715040137,0.354,0.118,3.10152841684022e-08,"5","DHX9"
2.23308752507251e-12,0.990036045727808,0.523,0.229,3.14619701407466e-08,"5","IFI6"
2.2559541500769e-12,0.222578848271642,0.515,0.197,3.17841380204334e-08,"5","NOL7"
2.26750782417417e-12,0.370350062498577,0.169,0.039,3.19469177347899e-08,"5","ZNF138"
2.27626767074926e-12,0.144266438508605,0.485,0.18,3.20703352131863e-08,"5","PDCD10"
2.31442285360028e-12,0.229505692240198,0.238,0.067,3.26079035843744e-08,"5","UBA3"
2.34184898766941e-12,0.501857767497861,0.215,0.057,3.29943103872743e-08,"5","RING1"
2.35623410674812e-12,0.267189884528641,0.815,0.357,3.31969823299742e-08,"5","NDUFB7"
2.36665608718047e-12,0.316896844742032,0.377,0.13,3.33438176122857e-08,"5","PDHB"
2.37641002661271e-12,0.295131675098758,0.223,0.06,3.34812408649465e-08,"5","TOLLIP"
2.38850364348816e-12,0.28882015078275,0.723,0.302,3.36516278331048e-08,"5","AURKAIP1"
2.39744211954095e-12,0.34542469377241,0.323,0.104,3.37775620222124e-08,"5","ELP5"
2.40354618910423e-12,0.144132449295325,0.262,0.076,3.38635622582894e-08,"5","ZC3H7A"
2.50461574411084e-12,0.535463064347451,0.162,0.036,3.52875312187776e-08,"5","GPN2"
2.53972812884753e-12,0.142519838610739,0.369,0.124,3.57822296073328e-08,"5","UBE2G1"
2.55599473519264e-12,0.114172752057757,0.615,0.239,3.60114098241292e-08,"5","HSPA9"
2.55886637134316e-12,1.17882851100258,0.108,0.019,3.60518683058537e-08,"5","SMYD4"
2.62395562802633e-12,0.160453889707795,0.454,0.165,3.6968910843263e-08,"5","COPB1"
2.62632331870581e-12,0.105490775314166,0.515,0.193,3.70022692372461e-08,"5","CMTM3"
2.65125245758651e-12,0.776374815100945,0.131,0.026,3.73534958749363e-08,"5","C2CD5"
2.66420970629784e-12,0.102349063918932,0.423,0.15,3.75360505520303e-08,"5","NCKAP1L"
2.68261920963266e-12,0.152514201451692,0.4,0.14,3.77954220445145e-08,"5","EIF4E2"
2.71250241575726e-12,0.331741222493974,0.254,0.074,3.8216446535604e-08,"5","CHD8"
2.72683091449232e-12,0.826480438438931,0.154,0.034,3.84183207542823e-08,"5","SIRT6"
2.73886567886125e-12,0.271311434824792,0.2,0.051,3.85878785494762e-08,"5","PDE6D"
2.75088381442967e-12,0.75799248344401,0.131,0.026,3.87572020614996e-08,"5","FAAP100"
2.85836645739227e-12,0.776864564553159,0.192,0.049,4.02715250181997e-08,"5","MAP3K7"
2.87919422199131e-12,0.863876035499622,0.123,0.023,4.05649673936356e-08,"5","POT1"
2.99459783771398e-12,0.334537889906895,0.2,0.051,4.21908889355522e-08,"5","MAP7D3"
3.00458239717802e-12,0.321224587240006,0.285,0.087,4.23315613938411e-08,"5","USP22"
3.06107477449205e-12,0.215412644981697,0.323,0.105,4.31274824978185e-08,"5","JOSD2"
3.07825586906982e-12,0.0490354441484351,0.554,0.212,4.33695469393247e-08,"5","NDUFA5"
3.15056679476208e-12,0.0560903021297023,0.454,0.164,4.43883355714029e-08,"5","CD2BP2"
3.17044285246556e-12,-0.0255870522202255,0.523,0.196,4.46683693483872e-08,"5","SNX17"
3.18552310655235e-12,-0.0073026210217837,0.6,0.229,4.48808350482161e-08,"5","RAB5C"
3.20676802617062e-12,0.0423831888023788,0.508,0.189,4.51801547207179e-08,"5","ZNF428"
3.21357498838677e-12,0.355434045101702,0.192,0.048,4.52760580113812e-08,"5","RSPRY1"
3.27944518554762e-12,0.254381088587957,0.385,0.135,4.62041032191804e-08,"5","VPS36"
3.28762310463703e-12,1.31445592456392,0.1,0.016,4.63193219212312e-08,"5","TMED8"
3.31299727334342e-12,0.803833545595364,0.154,0.034,4.66768185841354e-08,"5","UTP14A"
3.31859441388095e-12,0.206056223485308,0.162,0.037,4.67556766971687e-08,"5","FAM98B"
3.32779905857753e-12,0.201950315129893,0.554,0.218,4.68853609362988e-08,"5","MIEN1"
3.35779183508611e-12,0.299250999535849,0.231,0.064,4.73079291645282e-08,"5","RAB3GAP2"
3.3596606015458e-12,-0.00371065701647089,0.546,0.206,4.73342582151788e-08,"5","CAPZA2"
3.40021356078409e-12,0.14660585602403,0.362,0.122,4.7905608857887e-08,"5","UBE2J1"
3.44612730396854e-12,-0.0869895685488977,0.623,0.24,4.85524875856127e-08,"5","POLR3GL"
3.49488605655247e-12,0.268688050702717,0.462,0.173,4.92394496507677e-08,"5","COX20"
3.50447528900248e-12,-0.203065558419011,0.423,0.148,4.93745523467559e-08,"5","SAP30BP"
3.51621211575992e-12,0.214516206055428,0.215,0.057,4.95399124989415e-08,"5","TMEM101"
3.56598975246962e-12,1.10509214297226,0.169,0.04,5.02412296225444e-08,"5","SLC44A1"
3.60832216244793e-12,0.0893961029003459,0.254,0.074,5.08376509467289e-08,"5","DUSP22"
3.66935480733909e-12,0.863098077369045,0.108,0.019,5.16975398806005e-08,"5","UQCC1"
3.82670624982626e-12,0.491260833481459,0.231,0.065,5.39144643538021e-08,"5","TRIM11"
3.85856149090359e-12,0.335897737239574,0.831,0.378,5.43632728453406e-08,"5","SNU13"
3.95062111545006e-12,0.866862380007821,0.146,0.032,5.56603008955759e-08,"5","TBC1D7"
3.95900228397275e-12,0.435469053450713,0.377,0.133,5.57783831788921e-08,"5","ELOVL5"
4.02954775968945e-12,0.576953953521414,0.269,0.082,5.67722983862647e-08,"5","DYRK1A"
4.11378197185293e-12,0.792156711347789,0.223,0.062,5.79590742014359e-08,"5","ABCG1"
4.22653740500896e-12,0.136309787757261,0.192,0.048,5.95476854991712e-08,"5","WDR6"
4.35993390443598e-12,0.24892812111416,0.585,0.236,6.14271087795986e-08,"5","ATRAID"
4.36321202245681e-12,0.113606603352262,0.708,0.288,6.1473294184394e-08,"5","SF3B2"
4.36578287759396e-12,0.40605514421863,0.892,0.438,6.15095149624213e-08,"5","POMP"
4.38620253440207e-12,0.504103850551359,0.154,0.034,6.17972075071908e-08,"5","IL18"
4.40106514904449e-12,0.166307484969302,0.285,0.088,6.20066068848878e-08,"5","SFMBT2"
4.41165736747061e-12,-0.0671042641322302,0.385,0.131,6.21558406502935e-08,"5","POLR2C"
4.43238838629447e-12,0.377929134977462,0.785,0.362,6.24479199745028e-08,"5","CD96"
4.57946207911981e-12,0.178526787507448,0.446,0.163,6.4520041232719e-08,"5","G3BP1"
4.58641225865898e-12,0.247818958368063,0.569,0.229,6.46179623122463e-08,"5","LRPAP1"
4.60549109994493e-12,0.265725191898288,0.285,0.088,6.48867641071241e-08,"5","CORO1B"
4.6104808449029e-12,1.18734237348028,0.115,0.021,6.49570646238369e-08,"5","HACD1"
4.68910378261643e-12,0.262980873596375,0.2,0.052,6.60647831932828e-08,"5","EDEM1"
4.69086035820649e-12,0.595388470719567,0.662,0.301,6.60895315867712e-08,"5","CCND2"
4.80268486406398e-12,0.0547261483849092,0.385,0.133,6.76650270497974e-08,"5","SRA1"
4.8238691680901e-12,-0.775687866198887,0.954,0.94,6.79634927092213e-08,"5","CCL5"
4.8359193298198e-12,0.0315733083481908,0.431,0.155,6.81332674378312e-08,"5","ZNHIT3"
4.86285738190956e-12,0.70262745042221,0.138,0.029,6.85127976537238e-08,"5","GPR137"
4.88653577568497e-12,0.586861540792673,0.962,0.7,6.88464025436256e-08,"5","YBX1"
4.91267692728052e-12,0.112153085158332,0.238,0.067,6.92147052284552e-08,"5","ARMC10"
4.92777001503772e-12,0.43883764341376,0.292,0.091,6.94273517418664e-08,"5","PFKP"
4.93386063398156e-12,0.142859030485085,0.338,0.112,6.95131624721662e-08,"5","PRKD3"
5.08335392667125e-12,1.01038784337968,0.146,0.032,7.16193734728713e-08,"5","CEP192"
5.12454384817998e-12,0.687603778233093,0.208,0.056,7.21996982770077e-08,"5","VEGFB"
5.25445475289404e-12,0.493979189573724,0.169,0.04,7.40300130135241e-08,"5","PON2"
5.30935090471845e-12,0.0681724218995607,0.192,0.049,7.48034448965783e-08,"5","STK19"
5.33228299681222e-12,1.23106990160257,0.108,0.019,7.51265351420873e-08,"5","QSER1"
5.43384805544482e-12,0.164412743279854,0.346,0.116,7.65574852531621e-08,"5","NINJ1"
5.44597127895471e-12,0.980690149784914,0.138,0.029,7.67282893491929e-08,"5","NUP85"
5.44703955888128e-12,0.265024669076302,0.323,0.106,7.67433403450784e-08,"5","DDB1"
5.5292400686482e-12,0.0711713895161038,0.346,0.116,7.79014633271845e-08,"5","PWP1"
5.6080645826422e-12,0.169406099980223,0.308,0.098,7.90120219048459e-08,"5","ZNF652"
5.63276439352e-12,1.201394255096,0.138,0.029,7.93600175403033e-08,"5","TGDS"
5.66890344927683e-12,0.621239945123903,0.308,0.101,7.98691806968612e-08,"5","GALNT2"
5.72044574105395e-12,-2.33396571222278,0.169,0.452,8.05953600457091e-08,"5","HLA-DPB1"
5.72157461766856e-12,0.164004564481476,0.231,0.065,8.06112647883324e-08,"5","BMS1"
5.85470131612124e-12,0.138263744871535,0.262,0.078,8.24868868428322e-08,"5","NOL8"
5.8637653730494e-12,0.163458772027997,0.508,0.192,8.2614590340893e-08,"5","KDELR2"
5.9114915578922e-12,0.10404719914201,0.246,0.071,8.32870045591431e-08,"5","ZDHHC3"
5.92853623331197e-12,1.01990453644502,0.115,0.021,8.35271469911323e-08,"5","PPAT"
6.04203087615765e-12,-0.0207994310121632,0.423,0.15,8.51261730141852e-08,"5","REST"
6.07358679237642e-12,0.488611444114193,0.2,0.052,8.55707643177913e-08,"5","HMGXB3"
6.11475437746169e-12,0.811630441995049,0.192,0.05,8.61507744240578e-08,"5","HERC5"
6.11819217736599e-12,-1.25674883194504,0.269,0.61,8.61992095869094e-08,"5","CLIC1"
6.12270267505591e-12,0.298052950506279,0.769,0.341,8.62627579888627e-08,"5","BSG"
6.15295231056305e-12,0.373656959348535,0.215,0.059,8.66889451035228e-08,"5","GLRX2"
6.19346141919556e-12,0.257889743839367,0.246,0.071,8.72596779350462e-08,"5","IARS2"
6.20113237574161e-12,0.439874742044695,0.223,0.062,8.73677540418235e-08,"5","NT5DC1"
6.23707158098212e-12,0.878531696345953,0.138,0.029,8.78741015044571e-08,"5","NT5C3B"
6.27938988413765e-12,0.374893251628084,0.138,0.029,8.84703240776153e-08,"5","E4F1"
6.29024315958973e-12,0.498126092450916,0.892,0.471,8.86232358754597e-08,"5","COX5B"
6.43201670220204e-12,0.114024178408727,0.631,0.257,9.06206833173245e-08,"5","PET100"
6.43542363151714e-12,0.600898927555987,0.392,0.146,9.06686835444449e-08,"5","CDKN2D"
6.45131087199511e-12,0.18211500391273,0.2,0.052,9.0892518875539e-08,"5","OMA1"
6.48342352029956e-12,0.197842396253837,0.285,0.088,9.13449539775005e-08,"5","PPIP5K2"
6.52841731846527e-12,0.356118047664494,0.615,0.261,9.19788715998572e-08,"5","CCT4"
6.54114588798147e-12,0.369083269531488,0.269,0.082,9.21582044157709e-08,"5","PTCD3"
6.55292607384667e-12,0.0320705868803974,0.185,0.046,9.23241754544257e-08,"5","SPRYD7"
6.61086866975481e-12,0.553272184178757,0.215,0.059,9.31405286881755e-08,"5","XPNPEP1"
6.62445021067679e-12,0.417779048749375,0.185,0.046,9.33318790182253e-08,"5","TAF6"
6.64411585110036e-12,0.81643674767902,0.169,0.041,9.3608948226153e-08,"5","LARP1B"
6.64759917443406e-12,0.432221929588541,0.185,0.046,9.36580247686014e-08,"5","GGCX"
6.81558258597764e-12,0.0504996890650254,0.323,0.105,9.6024743053839e-08,"5","DTD1"
6.89610030708733e-12,0.0785119769864862,0.246,0.071,9.71591572265533e-08,"5","TGFBR1"
6.94800886664425e-12,0.339222583796097,0.669,0.288,9.78904969221509e-08,"5","ZNF207"
7.05573303692895e-12,0.535179068260132,0.185,0.047,9.9408222757292e-08,"5","WDR73"
7.13809266370937e-12,0.398503950810153,0.246,0.072,1.00568587539001e-07,"5","RWDD4"
7.15564331524487e-12,-0.18863333470176,0.585,0.223,1.00815858668485e-07,"5","RNF181"
7.21355948948285e-12,1.13489665564912,0.108,0.019,1.01631839647324e-07,"5","CEP97"
7.23526396130953e-12,0.473540271643857,0.192,0.049,1.0193763395089e-07,"5","TFIP11"
7.5830523564553e-12,0.319465969081617,0.177,0.043,1.06837624650099e-07,"5","AKAP11"
7.64259399344503e-12,0.394460328184523,0.238,0.069,1.07676506773647e-07,"5","STRBP"
7.68388554878433e-12,0.25071522353612,0.208,0.056,1.08258263496822e-07,"5","QRICH1"
7.73155613044175e-12,0.429585638027958,0.138,0.029,1.08929894321794e-07,"5","OTUD6B"
7.87767363195151e-12,0.33093389480018,0.292,0.093,1.10988543800565e-07,"5","TFRC"
7.99952525070123e-12,0.0781405426459298,0.231,0.065,1.1270531125713e-07,"5","MAEA"
8.12513667650662e-12,0.426011853163166,0.262,0.08,1.14475050635302e-07,"5","CLNK"
8.20774360750375e-12,0.476928101484125,0.177,0.044,1.1563889968612e-07,"5","INPP1"
8.2960651489086e-12,0.0195232577431146,0.238,0.068,1.16883261882973e-07,"5","DICER1"
8.33393676519287e-12,0.689485794978167,0.138,0.029,1.17416835084802e-07,"5","TBL3"
8.54906463503211e-12,0.579623588122002,0.154,0.035,1.20447771642967e-07,"5","PRKACA"
8.74559157538004e-12,0.372639376104441,0.331,0.112,1.23216639705529e-07,"5","GMCL1"
8.78977033445326e-12,0.143671045786034,0.531,0.207,1.23839074242112e-07,"5","CHD9"
8.79641205781221e-12,0.209825422928563,0.246,0.072,1.23932649482516e-07,"5","TDP2"
8.92844010069304e-12,0.0550591174040344,0.454,0.168,1.25792792578664e-07,"5","MMADHC"
8.94333425127064e-12,-0.0162460411915433,0.423,0.152,1.26002636266152e-07,"5","SCAMP2"
9.30293450188385e-12,0.529005044781856,0.938,0.544,1.31069044197042e-07,"5","RHOA"
9.3969599666719e-12,0.366930801805595,0.185,0.047,1.3239376897044e-07,"5","TRMT1"
9.5455238372481e-12,-0.159721888726075,0.231,0.065,1.34486885342988e-07,"5","GNPAT"
9.54685252216978e-12,-0.0521591861474949,0.408,0.144,1.3450560518485e-07,"5","EMC6"
9.60124127641143e-12,-0.0936817246441368,0.508,0.19,1.35271888343361e-07,"5","ZC3H13"
9.61801144668812e-12,1.21915987802782,0.146,0.033,1.35508163272389e-07,"5","TMEM184C"
9.66071945300985e-12,0.633790392768298,0.162,0.038,1.36109876373456e-07,"5","IDH3A"
9.99170773739423e-12,1.13701182850793,0.138,0.03,1.40773170312147e-07,"5","ANO6"
1.00135853627367e-11,1.24852673735354,0.115,0.022,1.41081404175597e-07,"5","SPATA5"
1.00135854425876e-11,1.15415220150009,0.115,0.022,1.41081405300617e-07,"5","IL2RA"
1.00562024598489e-11,0.470659145568876,0.885,0.465,1.41681836456811e-07,"5","PRELID1"
1.00572333226313e-11,0.286378678886988,0.215,0.059,1.41696360282553e-07,"5","GPR68"
1.02228400978905e-11,1.29358006831645,0.177,0.045,1.4402959413918e-07,"5","TMEM238"
1.05042145300407e-11,0.0105621010555197,0.354,0.12,1.47993878513743e-07,"5","SP140L"
1.059753138276e-11,0.0763728193438887,0.423,0.153,1.49308619651705e-07,"5","NRDC"
1.05989672091868e-11,0.762167035487892,0.131,0.027,1.49328849010233e-07,"5","TARS2"
1.06556170524911e-11,0.146482080189485,0.262,0.079,1.50126988652547e-07,"5","ARF3"
1.07823853967306e-11,0.372638894219275,0.777,0.361,1.51913027854537e-07,"5","TBCA"
1.08399510452152e-11,0.858338809909988,0.146,0.032,1.52724070276037e-07,"5","FBP1"
1.08911811515322e-11,0.240946519472091,0.254,0.076,1.53445851243937e-07,"5","CDS2"
1.10657892003591e-11,0.725335797322618,0.177,0.044,1.55905904043859e-07,"5","ZNF143"
1.11698028562722e-11,0.332076474182779,0.169,0.041,1.57371352442019e-07,"5","ORC3"
1.11940063762236e-11,0.196376714063035,0.515,0.201,1.57712355834615e-07,"5","LNPEP"
1.12050247812997e-11,0.596154681177497,0.185,0.047,1.57867594143731e-07,"5","P2RY11"
1.12506575943951e-11,0.199582401528891,0.708,0.298,1.58510514847433e-07,"5","EMB"
1.13189405903139e-11,0.756406197547805,0.246,0.074,1.59472553976932e-07,"5","SOS1"
1.15239011449647e-11,0.286518445223999,0.269,0.083,1.62360243231408e-07,"5","PARP9"
1.1731794585287e-11,0.0572601627207543,0.431,0.157,1.65289253912109e-07,"5","G6PD"
1.17767684170922e-11,-0.0732232087529968,0.277,0.085,1.65922890228412e-07,"5","ARL1"
1.1803531926487e-11,0.712460642080918,0.162,0.038,1.66299961312276e-07,"5","MTFR1L"
1.1890754781051e-11,0.479330528889306,0.192,0.05,1.67528844110228e-07,"5","MED1"
1.2008026354461e-11,0.457984191353198,0.892,0.483,1.69181083308001e-07,"5","DBI"
1.21883732431941e-11,0.438912443427116,0.185,0.047,1.71721990623361e-07,"5","TESPA1"
1.24203837013977e-11,0.618941813891169,0.131,0.027,1.74990785968993e-07,"5","LRRC14"
1.2530398054247e-11,0.148974557115328,0.323,0.107,1.76540778186286e-07,"5","GNL1"
1.25355608202332e-11,0.488106382409054,0.177,0.044,1.76613516396266e-07,"5","INPP5B"
1.25956950175428e-11,0.401074885294293,0.231,0.066,1.77460747102161e-07,"5","DTX3L"
1.26428206833802e-11,0.16543353035369,0.292,0.093,1.78124700608144e-07,"5","TP53I13"
1.26567016560268e-11,0.167380388243063,0.431,0.16,1.78320269631761e-07,"5","CASP1"
1.27903720975541e-11,0.0899744805157519,0.262,0.079,1.8020355248244e-07,"5","RGS3"
1.28149920078335e-11,0.315369610612315,0.169,0.041,1.80550422398367e-07,"5","PDK3"
1.28822690990191e-11,0.603474719680967,0.123,0.024,1.8149828933608e-07,"5","POLH"
1.31785113962037e-11,0.325173896000072,0.269,0.083,1.85672047061114e-07,"5","NOLC1"
1.32460526097366e-11,0.0495335524978094,0.315,0.103,1.86623635218579e-07,"5","DNPEP"
1.34355158195621e-11,0.0152535733056804,0.508,0.194,1.89292982381811e-07,"5","AUP1"
1.35387502459638e-11,0.172313429323936,0.392,0.141,1.90747452215384e-07,"5","RASGRP1"
1.36176762407354e-11,0.266297472666226,0.131,0.027,1.91859440555721e-07,"5","PUS1"
1.37652765654716e-11,0.179935155685812,0.392,0.142,1.9393898153093e-07,"5","SACM1L"
1.39496417222032e-11,0.31388061084453,0.292,0.094,1.96536502224121e-07,"5","HDLBP"
1.41196405929555e-11,0.0117187088758529,0.385,0.136,1.9893161631415e-07,"5","SUMF2"
1.42229673018047e-11,1.16673162229332,0.146,0.033,2.00387386315126e-07,"5","IFIT1"
1.49265056050613e-11,1.01635175106988,0.1,0.017,2.10299537469709e-07,"5","TAF5"
1.51651378138503e-11,0.510000372596903,0.123,0.024,2.13661626659337e-07,"5","FBXL4"
1.51698334487099e-11,0.215612553217326,0.7,0.295,2.13727783458874e-07,"5","PEBP1"
1.53202316643551e-11,0.127571091778565,0.292,0.094,2.15846743919099e-07,"5","TRIP11"
1.62930355713644e-11,0.0715756819188927,0.423,0.155,2.29552578164953e-07,"5","SH3BP1"
1.63169459410594e-11,0.0103267893477956,0.531,0.205,2.29889451363586e-07,"5","LAT"
1.63592605571442e-11,1.00943898911838,0.138,0.03,2.30485621989605e-07,"5","NUP133"
1.68648491807475e-11,-0.00500971455225348,0.4,0.143,2.37608860107552e-07,"5","TMEM208"
1.72232774981173e-11,0.131153186933075,0.362,0.126,2.42658756670975e-07,"5","HSPA4"
1.72330907086448e-11,0.313604145049439,0.292,0.095,2.42797014994096e-07,"5","SLK"
1.73898425617142e-11,0.140573648317044,0.285,0.09,2.45005491851992e-07,"5","CAT"
1.74939258350145e-11,0.838844367077373,0.131,0.027,2.46471921089519e-07,"5","ZNF100"
1.76418975114613e-11,0.116227517073398,0.577,0.234,2.48556694038979e-07,"5","STARD3NL"
1.78610852091555e-11,0.941767923281531,0.169,0.042,2.51644829511791e-07,"5","MAPK8"
1.79572242357202e-11,0.223427807145935,0.3,0.097,2.52999332257063e-07,"5","KLHDC2"
1.80258697252262e-11,-0.0480379963312463,0.469,0.176,2.53966478558712e-07,"5","NUB1"
1.80971330009451e-11,0.383984993004542,0.154,0.035,2.54970506850315e-07,"5","SLC39A8"
1.82404791158114e-11,0.69695828733049,0.215,0.061,2.56990110262666e-07,"5","GSKIP"
1.83646073484876e-11,-0.0763979260598989,0.423,0.153,2.58738952932841e-07,"5","DCTN6"
1.83742489253e-11,0.182069435697528,0.231,0.066,2.58874793108551e-07,"5","SRP68"
1.83988838974061e-11,0.585057868551443,0.115,0.022,2.59221875230555e-07,"5","INPP5F"
1.85712153384257e-11,2.30286908677766,0.108,0.02,2.6164985290308e-07,"5","EXT1"
1.85902849185288e-11,0.05092451469137,0.277,0.086,2.61918524217152e-07,"5","INTS10"
1.86312459648837e-11,0.0667331306456287,0.331,0.111,2.62495624399246e-07,"5","PIAS1"
1.87885884487022e-11,0.110084110750341,0.485,0.187,2.64712422653765e-07,"5","XRN2"
1.90461662454002e-11,-0.103804974077273,0.269,0.084,2.68341436231444e-07,"5","CSF1"
1.93201729990236e-11,0.0944778986016968,0.246,0.073,2.72201917383243e-07,"5","SNAP29"
1.93664109628461e-11,0.390614978555092,0.131,0.027,2.72853364055539e-07,"5","TXNRD2"
1.95577582223078e-11,0.262974170229277,0.323,0.109,2.75549255594095e-07,"5","TRIM33"
1.96168593944823e-11,1.0226295838407,0.115,0.022,2.76381932008861e-07,"5","LZTR1"
1.96887182250415e-11,-0.0156137544982815,0.308,0.1,2.7739435107261e-07,"5","PSD4"
1.98313660888561e-11,0.620416126691764,0.162,0.039,2.79404116825894e-07,"5","NRIP1"
1.98867191913089e-11,0.433702887369359,0.923,0.469,2.80183986686352e-07,"5","NDUFS5"
2.01383590847311e-11,0.152362159109605,0.377,0.134,2.83729341144777e-07,"5","FYTTD1"
2.035435603538e-11,0.147828409119761,0.231,0.066,2.86772522182469e-07,"5","VHL"
2.03648619447272e-11,0.418544931319033,0.2,0.054,2.86920539939262e-07,"5","ARFIP1"
2.03839180510987e-11,0.152019229558061,0.338,0.116,2.8718902142193e-07,"5","HEBP2"
2.0525248516829e-11,0.265703975752229,0.208,0.057,2.89180226353604e-07,"5","FHL3"
2.07864626390873e-11,0.684710687856385,0.131,0.027,2.92860472122102e-07,"5","CCDC141"
2.0831487620077e-11,0.281892254891027,0.146,0.033,2.93494829079265e-07,"5","THOC5"
2.08754373205672e-11,-0.0420246902894837,0.392,0.14,2.94114036409472e-07,"5","ARL5A"
2.13042783344905e-11,0.935572017598955,0.1,0.017,3.00155977454636e-07,"5","HEATR6"
2.13789774515424e-11,0.62143763624699,0.115,0.022,3.01208413314781e-07,"5","DAPP1"
2.15589749602174e-11,-0.0270630694126044,0.431,0.159,3.03744398214502e-07,"5","SPAG7"
2.17101384471754e-11,0.385890800684168,0.177,0.045,3.05874140582254e-07,"5","BTBD10"
2.18097868565542e-11,0.622363041833342,0.192,0.051,3.07278087021991e-07,"5","DCAF16"
2.24322813663848e-11,0.268920311565905,0.162,0.038,3.16048412170995e-07,"5","ARMT1"
2.26847256505822e-11,0.0838625971759635,0.438,0.163,3.19605099691053e-07,"5","NAPA"
2.27235052812672e-11,0.67366103386426,0.115,0.022,3.20151465907773e-07,"5","LDAH"
2.29083842465776e-11,0.591734679921031,0.1,0.017,3.22756225650032e-07,"5","APP"
2.35854786804002e-11,0.591342673008311,0.146,0.033,3.32295809128158e-07,"5","RBM19"
2.37210413298356e-11,0.0212960313163496,0.415,0.152,3.34205751296054e-07,"5","ACAP2"
2.38917539359617e-11,0.449593527319245,0.2,0.054,3.36610921203765e-07,"5","NTPCR"
2.41569835450661e-11,0.854705752371263,0.192,0.052,3.40347741166436e-07,"5","PDLIM1"
2.421146416884e-11,0.490936641984857,0.162,0.039,3.41115318674786e-07,"5","WDR77"
2.42855211869697e-11,0.145260120104533,0.315,0.105,3.42158708003216e-07,"5","UBE2G2"
2.49084924222421e-11,0.0797107689233307,0.231,0.067,3.50935749736968e-07,"5","SECISBP2L"
2.50714890627433e-11,0.112016363573415,0.323,0.108,3.5323220940499e-07,"5","RTCA"
2.5220265829763e-11,0.0904274993130095,0.308,0.101,3.55328325275532e-07,"5","C1GALT1"
2.56631655650207e-11,0.110967126110261,0.208,0.057,3.61568339645577e-07,"5","SLC25A1"
2.56996456605034e-11,-0.0746684822153209,0.315,0.104,3.62082307710833e-07,"5","MPHOSPH10"
2.57937745360669e-11,0.360136123274163,0.223,0.064,3.63408489438647e-07,"5","ZEB1"
2.6398280106784e-11,0.0668333970066521,0.323,0.108,3.7192536842448e-07,"5","COPB2"
2.66345246232557e-11,0.512249758808609,0.815,0.404,3.7525381741705e-07,"5","GNAS"
2.66540585043858e-11,-0.262881406851701,0.338,0.113,3.75529030268292e-07,"5","KXD1"
2.69077635527146e-11,0.108906579706145,0.254,0.077,3.79103480694196e-07,"5","DDX19B"
2.69802835041924e-11,0.2219246621664,0.269,0.084,3.80125214290567e-07,"5","MAP4K1"
2.7262848000703e-11,0.568691624657613,0.192,0.051,3.84106265481904e-07,"5","ZNF37A"
2.76194128956213e-11,0.242629735612046,0.823,0.368,3.89129908286408e-07,"5","SUMO1"
2.77794318098386e-11,0.183896061660326,0.285,0.091,3.91384414768816e-07,"5","HMG20B"
2.8155031792296e-11,0.163216163159085,0.508,0.201,3.96676242921659e-07,"5","SRSF4"
2.83897941612141e-11,0.030247611069796,0.585,0.234,3.99983809937345e-07,"5","RHOG"
2.86863501943134e-11,0.72816668995578,0.115,0.022,4.04161987887681e-07,"5","ZDHHC16"
2.94534519411467e-11,1.17724125211771,0.108,0.02,4.14969684398816e-07,"5","LAPTM4B"
2.99802566631507e-11,0.0262115900125683,0.223,0.064,4.2239183612713e-07,"5","FBXO21"
3.0087607358628e-11,0.0454959465814223,0.285,0.09,4.2390430007571e-07,"5","DYNC1LI1"
3.06020952614744e-11,-0.107117540263389,0.5,0.19,4.31152920138913e-07,"5","ZMAT2"
3.08529226273309e-11,-0.138097680304836,0.346,0.118,4.34686826896465e-07,"5","NKAP"
3.11581704366959e-11,-0.153600950695832,0.492,0.186,4.38987463282609e-07,"5","TES"
3.14278950658613e-11,0.358666257238534,0.8,0.372,4.4278761358292e-07,"5","CCDC85B"
3.14702631991711e-11,0.0535069087495161,0.446,0.167,4.43384538213122e-07,"5","KRR1"
3.14740374448067e-11,0.184649964002849,0.131,0.028,4.43437713559881e-07,"5","RAB3IP"
3.15833419288707e-11,0.81801331050423,0.108,0.02,4.44977704435859e-07,"5","CRAT"
3.19714730125504e-11,0.0120330202127783,0.6,0.242,4.50446083273822e-07,"5","KRTCAP2"
3.24702941734045e-11,0.198248207536484,0.277,0.088,4.57473974609096e-07,"5","ARL14EP"
3.25143743585094e-11,0.0101005410049857,0.454,0.17,4.58095020337039e-07,"5","BLOC1S2"
3.43383926339192e-11,0.510747729812467,0.162,0.039,4.83793613819288e-07,"5","CNOT6"
3.46038680490199e-11,0.478957883966894,0.208,0.058,4.87533896942641e-07,"5","PSMG1"
3.47031095868569e-11,0.297860497164941,0.692,0.302,4.88932110969227e-07,"5","PPP1CB"
3.47662820673148e-11,0.382621681965814,0.269,0.086,4.89822148046398e-07,"5","AP3B1"
3.49829844283306e-11,0.264863809384797,0.331,0.115,4.92875267610749e-07,"5","NHLRC3"
3.60327332420564e-11,0.488064066071064,0.238,0.071,5.07665178647333e-07,"5","PHTF1"
3.61316200391766e-11,0.0406998127443523,0.262,0.081,5.09058394731959e-07,"5","CLASP1"
3.68213199201325e-11,0.594126992571073,0.177,0.045,5.18775576354746e-07,"5","HDHD2"
3.69767090786827e-11,-0.137282184036688,0.323,0.108,5.20964854209561e-07,"5","SNX2"
3.71688795809023e-11,-0.0913591525151918,0.285,0.09,5.23672344415332e-07,"5","ACO2"
3.79160174253126e-11,0.129132907187343,0.738,0.312,5.34198769505229e-07,"5","SCP2"
3.82141006881465e-11,0.0111180749457069,0.631,0.257,5.38398464595296e-07,"5","IK"
3.83206843712186e-11,0.33752988909334,0.669,0.292,5.39900122106099e-07,"5","NAP1L4"
3.84768715073404e-11,0.00941416557269069,0.377,0.134,5.42100642666919e-07,"5","ACAA1"
3.86182385237199e-11,-0.0221304287025038,0.277,0.087,5.44092362560689e-07,"5","LMF2"
3.87074889848592e-11,0.0348422206636607,0.4,0.145,5.45349812307682e-07,"5","RBM22"
3.87695602862131e-11,0.105464699354779,0.2,0.054,5.46224334872456e-07,"5","BORCS8"
3.91436359507913e-11,0.229503433435178,0.754,0.328,5.51494686910699e-07,"5","SNX3"
3.93878422492888e-11,-0.103216744716591,0.638,0.255,5.5493530945023e-07,"5","MEAF6"
3.97908204111422e-11,1.3087576380624,0.1,0.018,5.60612868772582e-07,"5","GPHN"
3.99537626407025e-11,1.49235836009886,0.1,0.018,5.62908561844858e-07,"5","CLEC12A"
4.00854582022447e-11,0.102068007640576,0.677,0.284,5.64764020611425e-07,"5","TMED9"
4.02495629545422e-11,0.113013885833669,0.531,0.214,5.67076092466545e-07,"5","PYCARD"
4.04232470849869e-11,1.53991259745958,0.208,0.061,5.69523128180381e-07,"5","ENTPD1"
4.11829275214076e-11,0.410395748761051,0.185,0.049,5.80226265849112e-07,"5","ZNRF1"
4.12911353117914e-11,0.0275002695671696,0.477,0.182,5.81750805407829e-07,"5","TMEM147"
4.22256364225685e-11,0.068079305508584,0.231,0.067,5.94916991557568e-07,"5","SRPRB"
4.27709106914343e-11,0.606217929694106,0.123,0.025,6.02599360731618e-07,"5","PM20D2"
4.32043112313172e-11,0.780866460839791,0.185,0.049,6.08705540938028e-07,"5","TAF8"
4.42525068243443e-11,0.643111780878245,0.162,0.039,6.23473568648186e-07,"5","DDHD2"
4.42908504390355e-11,0.219475039578253,0.385,0.14,6.24013791835571e-07,"5","AP2B1"
4.43037075238351e-11,0.0549218121785142,0.431,0.162,6.24194935303313e-07,"5","STT3B"
4.44260907397978e-11,0.0747714499098666,0.315,0.107,6.25919192433011e-07,"5","ZCCHC10"
4.48752584166449e-11,1.00564576465442,0.162,0.04,6.3224751583211e-07,"5","PPP1R9A"
4.51196509777518e-11,-0.0101375035525362,0.238,0.071,6.35690762625545e-07,"5","PHKG2"
4.52436260160918e-11,0.158431043770053,0.223,0.064,6.37437446940717e-07,"5","MSH3"
4.52485745267958e-11,0.391007385635066,0.177,0.045,6.37507166508026e-07,"5","HRAS"
4.53610625071924e-11,0.254042770022642,0.185,0.048,6.39092009663834e-07,"5","SMARCD2"
4.53728837479977e-11,-0.0310704662885795,0.423,0.156,6.3925855912554e-07,"5","TMEM179B"
4.57315747465594e-11,0.0720956334230515,0.315,0.106,6.44312156604276e-07,"5","PHAX"
4.59847788971312e-11,0.69318543312554,0.162,0.04,6.47879549881681e-07,"5","TRIM41"
4.69554697623813e-11,0.494743361918316,0.5,0.207,6.6155561348219e-07,"5","FKBP5"
4.82373128947044e-11,0.356408467516526,0.877,0.432,6.79615501373491e-07,"5","COX7B"
4.87404260098322e-11,0.26787570106102,0.223,0.065,6.86703862052526e-07,"5","GAPVD1"
4.87900674595518e-11,0.902629004669756,0.1,0.018,6.87403260437625e-07,"5","MYBBP1A"
4.88374073119156e-11,0.0273868414942653,0.346,0.121,6.88070231617579e-07,"5","CCDC90B"
4.91251888092481e-11,0.696868409651829,0.162,0.04,6.92124785133497e-07,"5","PGD"
4.93275126729955e-11,0.276390822365869,0.208,0.058,6.94975326049834e-07,"5","WDR11"
4.97968494524133e-11,-0.0949569480459177,0.492,0.189,7.01587811935052e-07,"5","RCSD1"
4.98992691759883e-11,0.271192728457721,0.246,0.075,7.03030803420499e-07,"5","SUDS3"
5.00525822818927e-11,0.120922345418898,0.638,0.266,7.05190831769586e-07,"5","SSB"
5.05280820869675e-11,1.30939607354139,0.115,0.023,7.11890148523285e-07,"5","RAD51B"
5.13225215182351e-11,-0.158525144221551,0.277,0.088,7.23083005670415e-07,"5","PRPF18"
5.21369040224387e-11,0.0156141165842414,0.377,0.135,7.34556840772138e-07,"5","CARD8"
5.21402103459427e-11,0.718012282078115,0.1,0.018,7.34603423563986e-07,"5","PAN2"
5.32345273037698e-11,0.184060798913204,0.523,0.21,7.50021255182812e-07,"5","CLTB"
5.38860819583427e-11,0.0223720097398133,0.577,0.231,7.5920100871109e-07,"5","CMTM6"
5.49126289079834e-11,0.932864236977808,0.231,0.071,7.73664028684578e-07,"5","OSBPL9"
5.51579204374255e-11,0.420315536751353,0.138,0.031,7.77119941042888e-07,"5","AAMDC"
5.53207230183841e-11,-0.0784438257675752,0.608,0.245,7.79413666606014e-07,"5","SLC3A2"
5.57728576541762e-11,-0.0923985911444799,0.254,0.078,7.85783791489689e-07,"5","STK16"
5.59045376987505e-11,0.630019621408416,0.131,0.028,7.87639031637696e-07,"5","GHDC"
5.72872199838988e-11,0.0117832091693881,0.246,0.075,8.0711964235315e-07,"5","APOL2"
5.90878030143028e-11,0.164903325047443,0.262,0.082,8.32488056668512e-07,"5","ARMC8"
5.96958498068859e-11,-0.0482895735106036,0.323,0.109,8.41054827929216e-07,"5","PPID"
5.99114301449371e-11,0.483939420375513,0.169,0.043,8.44092139312019e-07,"5","CARNMT1"
6.00961453943486e-11,0.397880592121253,0.2,0.055,8.46694592460978e-07,"5","DCAF6"
6.03145373076214e-11,0.404784708475637,0.292,0.098,8.49771516127078e-07,"5","ASCC3"
6.08461952224493e-11,0.167145975487072,0.292,0.097,8.57262044489088e-07,"5","UFL1"
6.14888468848319e-11,0.435099630433178,0.192,0.052,8.66316363760396e-07,"5","PIK3C3"
6.16672713141593e-11,0.341870476325504,0.231,0.069,8.68830185545191e-07,"5","GPATCH2"
6.17910519334665e-11,-0.0599950721620515,0.438,0.165,8.7057413069061e-07,"5","AIMP1"
6.25402991851894e-11,-0.0945750777159478,0.377,0.134,8.81130275220133e-07,"5","HLA-DMA"
6.25585643908303e-11,0.140889234522311,0.269,0.086,8.81387613702408e-07,"5","HERC2"
6.29579943029227e-11,0.270363343346766,0.146,0.034,8.87015181733878e-07,"5","CETN3"
6.31473014314905e-11,0.289745913006675,0.146,0.034,8.8968232986827e-07,"5","L3MBTL2"
6.32148796235318e-11,0.0877830984967488,0.269,0.085,8.9063443901594e-07,"5","HIBCH"
6.37162757295024e-11,0.332535152342125,0.923,0.472,8.9769860875296e-07,"5","RBM3"
6.41156651283112e-11,-0.181366983871082,0.4,0.145,9.03325605992776e-07,"5","CCM2"
6.57594920234413e-11,0.00424162583266308,0.5,0.195,9.26485483118264e-07,"5","MYO1G"
6.57865434727961e-11,-0.0146190513458069,0.277,0.088,9.26866610988225e-07,"5","COA5"
6.64254873218356e-11,0.409768044686609,0.238,0.073,9.35868690877342e-07,"5","CD82"
6.69804910249853e-11,-0.0680511396962936,0.446,0.167,9.43688138051018e-07,"5","CDC40"
6.70330842310526e-11,0.0681318427735724,0.646,0.27,9.44429123731301e-07,"5","WTAP"
6.7328673819423e-11,-0.0343441052271208,0.423,0.158,9.48593685441851e-07,"5","IL27RA"
6.74218356337919e-11,0.995789343383081,0.162,0.04,9.49906242244494e-07,"5","OSBPL3"
6.74777744619844e-11,0.440963692140174,0.138,0.031,9.50694364394899e-07,"5","CNPY4"
6.77060922768147e-11,0.436450268172395,0.208,0.059,9.53911134088043e-07,"5","SUCLA2"
6.77605067133088e-11,0.833171313743553,0.1,0.018,9.54677779083808e-07,"5","DLAT"
6.89018342609413e-11,0.135598312890763,0.377,0.136,9.70757942902402e-07,"5","CAPN1"
6.89213626635256e-11,0.790819777063115,0.115,0.023,9.71033078566413e-07,"5","SWAP70"
7.03175033143156e-11,-0.124077838163334,0.431,0.16,9.90703304195392e-07,"5","SERPINB6"
7.22424493710193e-11,0.0357505950534378,0.431,0.162,1.01782386918829e-06,"5","TMOD3"
7.30886099160203e-11,0.0938718039524438,0.5,0.196,1.02974542510681e-06,"5","SURF4"
7.3965272472871e-11,0.513882703272543,0.169,0.043,1.04209672387028e-06,"5","AP3M2"
7.39861743373086e-11,0.227602943623373,0.485,0.193,1.04239121023834e-06,"5","TYMP"
7.48644963765515e-11,0.256747725624875,0.385,0.143,1.05476588944923e-06,"5","GABPB1"
7.50928855893154e-11,-0.0120324185849082,0.277,0.089,1.05798366506786e-06,"5","DDX1"
7.51632720683803e-11,0.937443435637275,0.108,0.021,1.05897534017141e-06,"5","MANEA"
7.52010456216963e-11,0.533755562523249,0.154,0.037,1.05950753176408e-06,"5","TRUB2"
7.63601658107956e-11,0.0398112839244157,0.485,0.189,1.0758383761083e-06,"5","BAG1"
7.71403289320142e-11,0.155840335259716,0.231,0.069,1.08683009432315e-06,"5","LTN1"
7.77426513685726e-11,0.417784396692832,0.238,0.073,1.09531621513182e-06,"5","ZDHHC6"
7.80536834835565e-11,-0.0554375372454191,0.308,0.103,1.09969834659983e-06,"5","LPGAT1"
7.85380616415335e-11,0.430059131628936,0.123,0.026,1.10652275046757e-06,"5","PIGL"
7.88175556773500e-11,0.172103807766311,0.477,0.189,1.11046054193818e-06,"5","NUCB1"
7.93728114699702e-11,0.711164119575113,0.154,0.037,1.11828354080041e-06,"5","APOBEC3D"
8.00956029062871e-11,0.894669721598469,0.123,0.026,1.12846694934668e-06,"5","KLHL5"
8.01961803948031e-11,0.494652328720576,0.138,0.031,1.12988398558238e-06,"5","MAGEF1"
8.02676268182628e-11,0.442169028188219,0.877,0.46,1.1308905942425e-06,"5","DRAP1"
8.05422497138566e-11,0.128163889272575,0.231,0.069,1.13475975621853e-06,"5","SFI1"
8.19681694219998e-11,-0.28050035484601,0.108,0.021,1.15484953898656e-06,"5","MSANTD3"
8.21804895187795e-11,0.406202415964217,0.192,0.053,1.15784091683008e-06,"5","MTFP1"
8.26950553866664e-11,0.431356148499358,0.154,0.037,1.16509063534274e-06,"5","AP1B1"
8.37296849138405e-11,0.0671246193575283,0.446,0.171,1.1796675307511e-06,"5","LASP1"
8.49233236955137e-11,0.219278458517037,0.546,0.226,1.19648470754609e-06,"5","TOP1"
8.54607640065813e-11,-0.0404630458654639,0.262,0.082,1.20405670408872e-06,"5","TATDN1"
8.56114893614423e-11,-0.300773070677369,0.262,0.081,1.20618027361336e-06,"5","ZNF32"
8.62144512756826e-11,0.54606052169328,0.131,0.028,1.21467540402309e-06,"5","COLGALT1"
8.6679999758543e-11,0.186031895061883,0.331,0.115,1.22123451659811e-06,"5","HUWE1"
8.86523815401446e-11,0.555801551116997,0.169,0.043,1.2490234035191e-06,"5","DNAJC17"
8.90864581043158e-11,0.0449626787478447,0.277,0.089,1.25513910823171e-06,"5","COX11"
9.04780183307694e-11,0.131566507069987,0.292,0.097,1.27474480026221e-06,"5","DNM1L"
9.09812326076998e-11,0.0716882756169064,0.715,0.306,1.28183458620988e-06,"5","SNRPB2"
9.10217504637928e-11,1.32741042445989,0.1,0.018,1.28240544228438e-06,"5","LIN54"
9.18672952347485e-11,-0.109921847330382,0.354,0.124,1.29431832256237e-06,"5","ABHD14B"
9.26042717586827e-11,0.0376632958033261,0.485,0.188,1.30470158480808e-06,"5","ADD1"
9.27251794275350e-11,0.129603771238541,0.738,0.316,1.30640505295454e-06,"5","CDC37"
9.27338486181078e-11,0.0394083783369379,0.415,0.156,1.30652719318052e-06,"5","ERICH1"
9.29459800197826e-11,0.426209670180925,0.177,0.046,1.30951591249872e-06,"5","ATPAF1"
9.41603217743807e-11,0.772743113416395,0.169,0.044,1.32662477347925e-06,"5","RPE"
9.44387791610098e-11,0.133758821971563,0.185,0.049,1.33054795959947e-06,"5","NQO2"
9.5372298531289e-11,0.405241145728372,0.2,0.056,1.34370031400733e-06,"5","EP400"
9.55385191973817e-11,0.0201192695402868,0.346,0.122,1.34604219697191e-06,"5","RPF1"
9.55674618720711e-11,0.820440432298521,0.131,0.029,1.34644997031561e-06,"5","WDR5"
9.56332759410828e-11,0.27463118614719,0.208,0.059,1.34737722473392e-06,"5","COASY"
9.62314758675447e-11,0.0553235330534598,0.185,0.049,1.35580526349784e-06,"5","TMEM80"
9.63109172817566e-11,0.893373427985202,0.108,0.021,1.35692451358267e-06,"5","SYCE1L"
9.76912798083219e-11,0.158206378449796,0.254,0.079,1.37637244121945e-06,"5","ZNF217"
9.79329107966306e-11,0.300140698728681,0.177,0.046,1.37977678021373e-06,"5","MICAL1"
9.94726792226266e-11,0.175026523312718,0.385,0.144,1.40147057756759e-06,"5","STX8"
9.96791980764813e-11,0.147650686465883,0.362,0.13,1.40438022169954e-06,"5","GLUD1"
1.00137185530529e-10,0.639621520934155,0.154,0.038,1.41083280693963e-06,"5","LAYN"
1.00394536365024e-10,0.00664895748129257,0.292,0.097,1.41445862284682e-06,"5","TM9SF2"
1.01081730800396e-10,0.282738064270755,0.177,0.046,1.42414050524678e-06,"5","KNOP1"
1.01081731163426e-10,0.313859434929413,0.177,0.046,1.42414051036151e-06,"5","NPLOC4"
1.02684568806383e-10,0.755799630750626,0.169,0.044,1.44672288991314e-06,"5","PXK"
1.03997069154714e-10,0.0648715919048164,0.631,0.264,1.46521470732077e-06,"5","EIF5B"
1.04568909354821e-10,0.509924283739916,0.192,0.053,1.47327136390007e-06,"5","OCEL1"
1.0497615590636e-10,-0.202009584687888,0.438,0.163,1.47900906056471e-06,"5","FLOT1"
1.05000249303685e-10,0.401344577574392,0.277,0.092,1.47934851243961e-06,"5","JADE1"
1.06508880102658e-10,0.557992387573509,0.2,0.057,1.50060361176635e-06,"5","HTT"
1.07211098800464e-10,0.0356388891502435,0.185,0.049,1.51049717099973e-06,"5","CLCN3"
1.10253953030739e-10,0.156106716539055,0.231,0.069,1.55336794425009e-06,"5","DHX30"
1.10298651136617e-10,-0.10690731949317,0.269,0.086,1.55399769586379e-06,"5","LAMP2"
1.12077539810445e-10,0.0910841699374048,0.369,0.135,1.57906045838936e-06,"5","DNAJC2"
1.13193785385895e-10,-1.62715724512888,0.238,0.51,1.59478724230188e-06,"5","SLC25A6"
1.13360628924931e-10,0.0744637510130325,0.538,0.218,1.59713790092335e-06,"5","SEMA4D"
1.15573641828209e-10,-0.0801087913948771,0.423,0.159,1.62831703971764e-06,"5","MED28"
1.16003157948524e-10,0.182063006383651,0.2,0.056,1.63436849233676e-06,"5","FUOM"
1.16657386038313e-10,-0.0258136083157047,0.538,0.214,1.64358591189379e-06,"5","DNAJC7"
1.16804637161686e-10,0.984307118925199,0.146,0.035,1.64566053297099e-06,"5","GTF3C3"
1.17294345132822e-10,0.0484414242200903,0.508,0.201,1.65256002857633e-06,"5","CNN2"
1.17309564069456e-10,0.815363813419967,0.115,0.024,1.65277444817456e-06,"5","GNPNAT1"
1.17399834971537e-10,0.431745181347741,0.138,0.032,1.65404627491398e-06,"5","PIK3R6"
1.19107139290806e-10,0.643910341931476,0.1,0.018,1.67810048546816e-06,"5","DUS2"
1.21804745001532e-10,0.632613150452641,0.185,0.05,1.71610705232659e-06,"5","TMEM128"
1.22008529726452e-10,0.114786444603559,0.254,0.08,1.71897817531598e-06,"5","PHACTR4"
1.22049411009704e-10,0.124814109090001,0.238,0.073,1.71955415171572e-06,"5","EEA1"
1.22077575992593e-10,0.0765308656918126,0.238,0.073,1.71995096815964e-06,"5","SLC16A7"
1.22530647670899e-10,0.0923872049318886,0.177,0.047,1.7263342950353e-06,"5","SMG7"
1.22663857501093e-10,0.927604303372822,0.108,0.021,1.7282110883329e-06,"5","TMEM229B"
1.23035552439845e-10,0.26008722362596,0.138,0.032,1.73344789832498e-06,"5","CHSY1"
1.24015818413102e-10,-0.0663816567837726,0.362,0.129,1.74725886562219e-06,"5","RALA"
1.25976965902902e-10,0.103595187307685,0.754,0.325,1.77488947260599e-06,"5","LMAN2"
1.26929961708349e-10,0.163829332089946,0.223,0.066,1.78831623050893e-06,"5","CERS4"
1.27693570297435e-10,-0.0431797700188212,0.508,0.199,1.79907471192056e-06,"5","PAFAH1B1"
1.28411593693189e-10,0.281881167336023,0.138,0.032,1.80919094354334e-06,"5","STT3A"
1.28542351875699e-10,0.506800657226262,0.138,0.032,1.81103319557672e-06,"5","CCRL2"
1.2932596694702e-10,0.606695916295917,0.185,0.05,1.82207354831656e-06,"5","ATP13A3"
1.31345987753189e-10,1.11404139543464,0.123,0.026,1.85053362145468e-06,"5","ZNF738"
1.31438009917191e-10,0.0558046744938374,0.2,0.056,1.85183012172331e-06,"5","ZCCHC8"
1.31664768507671e-10,-0.209007022907179,0.308,0.103,1.85502492350458e-06,"5","BRMS1"
1.31941218762696e-10,0.484721604672541,0.892,0.529,1.85891983114763e-06,"5","ARPC1B"
1.32307356528968e-10,0.204922936417371,0.231,0.07,1.86407834613662e-06,"5","UBXN2A"
1.33577174221312e-10,0.741828365785855,0.162,0.041,1.88196880760406e-06,"5","MLH3"
1.33835634898067e-10,0.0901480622668747,0.738,0.318,1.88561026007886e-06,"5","REEP5"
1.34629845290879e-10,0.0381453694562846,0.323,0.112,1.8967998903032e-06,"5","UPF3B"
1.35064822649492e-10,0.256500376277851,0.169,0.043,1.90292828630869e-06,"5","POLR1E"
1.36238555916448e-10,1.01902529297347,0.1,0.019,1.91946501430683e-06,"5","TCP11L1"
1.36335990531636e-10,0.173874907158738,0.269,0.087,1.92083777060021e-06,"5","P2RY10"
1.37554319755947e-10,1.06338756377123,0.108,0.021,1.93800281104154e-06,"5","TTL"
1.39295476269828e-10,0.505256205249581,0.115,0.024,1.9625339651656e-06,"5","CC2D1B"
1.40604998199489e-10,0.377239099541593,0.2,0.057,1.9809838196326e-06,"5","AP3M1"
1.41390142085419e-10,0.0543883148072846,0.377,0.138,1.99204571184147e-06,"5","ZNF148"
1.41705562944058e-10,0.0490153782834,0.385,0.141,1.99648967631884e-06,"5","PTPN1"
1.41741606826839e-10,-0.0142449785971204,0.2,0.056,1.99699749858333e-06,"5","RAB5B"
1.42520828838439e-10,0.180223529293233,0.715,0.314,2.00797595750476e-06,"5","DYNLRB1"
1.43519281066565e-10,0.397206205136516,0.2,0.057,2.02204315094683e-06,"5","NT5C2"
1.44359071085994e-10,0.265634701420693,0.254,0.081,2.03387495253057e-06,"5","CXXC1"
1.47302884963164e-10,0.103150089415113,0.269,0.087,2.07535034624601e-06,"5","ZNF593"
1.48285714698783e-10,0.134453841251853,0.292,0.098,2.08919743439116e-06,"5","ASCC2"
1.48385301763099e-10,0.755853562767172,0.131,0.029,2.0906005165403e-06,"5","TBP"
1.48584830903981e-10,0.0998418991810095,0.685,0.292,2.09341168260618e-06,"5","EIF3M"
1.49068212939402e-10,0.855347904853471,0.662,0.314,2.10022205210324e-06,"5","ARL6IP1"
1.49317069648038e-10,0.411889734784981,0.162,0.041,2.10372819427121e-06,"5","SLC37A1"
1.50967237484878e-10,-0.209828554634784,0.462,0.176,2.12697740892444e-06,"5","MOB4"
1.54055889425646e-10,0.100647168974391,0.208,0.06,2.17049342611793e-06,"5","MOCS2"
1.54923659961879e-10,0.177385777095391,0.377,0.139,2.18271944520291e-06,"5","GNL3"
1.55066229093991e-10,-0.0255768126803547,0.423,0.16,2.18472810170523e-06,"5","YTHDF2"
1.59394261434809e-10,0.298937740581896,0.154,0.038,2.24570574935503e-06,"5","TMEM214"
1.60397075549918e-10,0.640043986365706,0.223,0.068,2.2598343974228e-06,"5","HIP1"
1.60712764120403e-10,0.191052227986989,0.369,0.136,2.26428213369236e-06,"5","STAU1"
1.61055738102352e-10,-0.215624854983205,0.315,0.107,2.26911429412403e-06,"5","SEC63"
1.61250465027574e-10,-0.116901436787472,0.285,0.094,2.27185780177349e-06,"5","RELA"
1.62617429408529e-10,0.274586410156023,0.131,0.029,2.29111696293676e-06,"5","CMTR1"
1.63388873254096e-10,0.370596876988507,0.123,0.026,2.30198583527696e-06,"5","ABHD10"
1.65560713353409e-10,0.162159536014679,0.185,0.051,2.33258489043618e-06,"5","IFRD2"
1.65682986451112e-10,0.0757610122935303,0.308,0.105,2.33430759610971e-06,"5","R3HDM2"
1.66956512769935e-10,0.801911995619661,0.154,0.038,2.35225030841561e-06,"5","NOC4L"
1.70311446580406e-10,0.019060202876475,0.269,0.087,2.39951797087134e-06,"5","FAM126B"
1.72224767423364e-10,0.26489594676459,0.346,0.126,2.42647474822777e-06,"5","CUL3"
1.736226769143e-10,0.514647722544618,0.185,0.051,2.44616989504557e-06,"5","HUS1"
1.77793842726423e-10,0.237692883278845,0.231,0.07,2.50493745017258e-06,"5","CD79B"
1.78448379791803e-10,0.564344560340518,0.154,0.038,2.51415922288671e-06,"5","GSTM4"
1.79646879019372e-10,0.498941634912684,0.2,0.057,2.53104487850393e-06,"5","HAPLN3"
1.821078679526e-10,0.380630805823873,0.123,0.026,2.56571775158418e-06,"5","PIGB"
1.86618367290895e-10,-0.00431449821481425,0.423,0.16,2.62926617676142e-06,"5","BRD4"
1.87093153792303e-10,-0.00573040856781148,0.308,0.106,2.63595544377975e-06,"5","GIT2"
1.88159911683093e-10,0.24595340210112,0.2,0.057,2.65098499570309e-06,"5","VPS41"
1.90181156456097e-10,0.361121618665879,0.169,0.044,2.67946231330996e-06,"5","ARID3B"
1.92186867847081e-10,0.800067095619211,0.131,0.029,2.70772078109752e-06,"5","RNF121"
1.93245808903264e-10,0.345849154399267,0.2,0.057,2.72264020163809e-06,"5","PREP"
1.97592802156655e-10,-0.0216293786538486,0.392,0.146,2.78388498958511e-06,"5","TMEM134"
2.04478227521174e-10,0.770927865096601,0.108,0.021,2.88089374754582e-06,"5","NEMP2"
2.04624512595445e-10,1.953745038574,0.108,0.022,2.88295475795723e-06,"5","KCNQ5"
2.05029045355988e-10,0.171729948409662,0.385,0.146,2.88865422002052e-06,"5","CCAR1"
2.06541282460557e-10,-0.0835254366176845,0.415,0.155,2.90996012858679e-06,"5","PJA2"
2.07721253028238e-10,0.857652242705267,0.115,0.024,2.92658473391485e-06,"5","AAR2"
2.08303643383626e-10,0.185132699033608,0.2,0.057,2.9347900316319e-06,"5","UNC45A"
2.08810601200312e-10,0.35084889538863,0.208,0.061,2.94193256031119e-06,"5","MAP4K4"
2.1067820857077e-10,-0.113379167533317,0.285,0.094,2.96824528055359e-06,"5","U2AF2"
2.10952381184139e-10,0.0736967249362539,0.223,0.066,2.97210809850334e-06,"5","BAK1"
2.16233456951916e-10,-0.0186789196448414,0.262,0.084,3.04651317499555e-06,"5","SH3BP2"
2.17018265306234e-10,0.0424276039548372,0.2,0.057,3.05757033989953e-06,"5","OTUD4"
2.17344419751041e-10,-0.0412139637543767,0.523,0.209,3.06216552987242e-06,"5","TMX4"
2.17975031812484e-10,-0.0147899654906,0.485,0.193,3.07105022320609e-06,"5","SFT2D1"
2.22322877710857e-10,0.512576653186782,0.2,0.057,3.13230702406826e-06,"5","CCDC93"
2.22590479639502e-10,0.245974597619645,0.215,0.064,3.13607726764095e-06,"5","ATP1B1"
2.23806302128754e-10,0.100768999656121,0.192,0.053,3.15320699069202e-06,"5","METAP1"
2.24695579752728e-10,-0.232112054380505,0.4,0.149,3.16573602313619e-06,"5","ASAH1"
2.26002462011925e-10,0.132670640856758,0.238,0.074,3.18414868728601e-06,"5","SPTLC2"
2.26517942287212e-10,0.14154791804871,0.215,0.064,3.19141128888453e-06,"5","NF1"
2.26686308173664e-10,0.505509115318514,0.223,0.068,3.19378339585876e-06,"5","FAR1"
2.2673602366794e-10,-0.165531284265339,0.369,0.134,3.19448383745761e-06,"5","UBE3A"
2.28108601745004e-10,0.116811674120213,0.208,0.06,3.21382208998536e-06,"5","ZNF688"
2.29651639273775e-10,-0.0994620916844009,0.569,0.231,3.23556194572822e-06,"5","RSBN1L"
2.37741332447536e-10,0.248640202454613,0.338,0.123,3.34953763285334e-06,"5","ARID1A"
2.38423197519539e-10,-0.0496242482876887,0.285,0.095,3.35914442985279e-06,"5","ZDHHC24"
2.40647025546526e-10,-0.0760034562761351,0.338,0.12,3.39047594292501e-06,"5","ATP6V1D"
2.42882082382192e-10,0.566385098955927,0.154,0.038,3.4219656586827e-06,"5","SPNS3"
2.44562773443542e-10,0.101014058277749,0.569,0.236,3.44564491504606e-06,"5","LAT2"
2.47963589981107e-10,0.0360921738230409,0.492,0.196,3.49355901924381e-06,"5","HSD17B11"
2.48217551723465e-10,0.469290861710257,0.177,0.048,3.4971370862319e-06,"5","RPAP3"
2.49276201751302e-10,0.408853704654555,0.146,0.035,3.51205240647409e-06,"5","CENPB"
2.52901220760877e-10,0.517182574889564,0.954,0.636,3.5631252993e-06,"5","RAC2"
2.53159716181322e-10,0.27749436413937,0.162,0.041,3.56676724127865e-06,"5","EEFSEC"
2.53904881023205e-10,0.0183617866345509,0.346,0.125,3.57726586873593e-06,"5","DAP3"
2.54319598350591e-10,0.644866557662278,0.108,0.021,3.58310882116148e-06,"5","SLC8B1"
2.55193367739774e-10,0.0744156688645077,0.662,0.284,3.59541935808568e-06,"5","ATP6V0B"
2.5668423292044e-10,-0.185700063015276,0.185,0.05,3.61642415761608e-06,"5","GNAQ"
2.5918827780482e-10,0.319491969951501,0.131,0.029,3.65170364599211e-06,"5","ZDHHC13"
2.60090610402265e-10,-0.0380884673354088,0.285,0.095,3.6644166099575e-06,"5","TNPO1"
2.60263451660169e-10,0.533198419937043,0.169,0.045,3.66685177044012e-06,"5","RANBP9"
2.60346914923578e-10,-0.0166482957487131,0.192,0.054,3.66802768435829e-06,"5","FLAD1"
2.60811107867652e-10,0.0548803303249916,0.138,0.032,3.67456769874735e-06,"5","TACO1"
2.61490869879012e-10,0.45516471884904,0.138,0.032,3.68414486572539e-06,"5","POGK"
2.67404646197206e-10,-0.272177104344413,0.492,0.193,3.76746406027243e-06,"5","RASA2"
2.69128977481938e-10,0.128141637402395,0.2,0.057,3.79175816374302e-06,"5","ADAM28"
2.70616181459642e-10,0.120405671241885,0.385,0.145,3.8127113805849e-06,"5","NEDD9"
2.75245574490858e-10,0.154535623504726,0.177,0.047,3.8779348990017e-06,"5","YIPF2"
2.76094378218024e-10,0.400438928260471,0.931,0.51,3.88989369471374e-06,"5","HNRNPC"
2.76305110180276e-10,0.0368459519936148,0.269,0.089,3.8928626973299e-06,"5","KIDINS220"
2.77606178406418e-10,0.38915718952441,0.246,0.079,3.91119344756802e-06,"5","NUP98"
2.78021868709185e-10,0.108186110263153,0.262,0.085,3.91705010824371e-06,"5","PARP4"
2.78294880638224e-10,1.23249047710267,0.185,0.051,3.92089657331194e-06,"5","ABR"
2.79553246814348e-10,0.33789759575793,0.846,0.419,3.93862569436734e-06,"5","TMEM258"
2.89047211583947e-10,0.32843843607915,0.208,0.061,4.07238616400623e-06,"5","CUL2"
2.92729641264876e-10,0.256099843762453,0.177,0.047,4.12426791578084e-06,"5","TCEAL3"
2.93168727633249e-10,0.450611748762799,0.138,0.033,4.13045420362485e-06,"5","LRRC37B"
2.96001151889347e-10,0.219636498818395,0.731,0.333,4.170360228969e-06,"5","PPP1R18"
2.98057187036603e-10,0.202429202771758,0.2,0.058,4.19932770815869e-06,"5","SGF29"
2.98862534826927e-10,0.885375120270815,0.146,0.036,4.21067425317658e-06,"5","ZNF672"
2.99791698932588e-10,0.0136730091422687,0.246,0.078,4.22376524626123e-06,"5","ZNF33A"
3.00553249638582e-10,0.125643096084352,0.254,0.082,4.23449473415798e-06,"5","RAD9A"
3.01679562984273e-10,0.0130717993027806,0.354,0.129,4.25036336288543e-06,"5","NCBP2"
3.02291976998321e-10,0.254535414616979,0.185,0.051,4.25899166392935e-06,"5","SMARCAD1"
3.03336704041473e-10,-0.122038692237309,0.262,0.084,4.27371082324032e-06,"5","FBXO9"
3.07458732222238e-10,0.0663559837439958,0.154,0.038,4.33178607827912e-06,"5","SMIM8"
3.09271601675992e-10,-0.0622025762259405,0.492,0.196,4.35732759601305e-06,"5","LMO4"
3.11297121809296e-10,-0.0462063029941939,0.385,0.143,4.38586514917118e-06,"5","PRKCSH"
3.12484819450274e-10,-0.320782737524529,0.462,0.175,4.4025986212349e-06,"5","EMC7"
3.14977282065471e-10,0.235871873987889,0.185,0.051,4.43771492702041e-06,"5","ARFIP2"
3.18577961996236e-10,0.194012786658028,0.262,0.085,4.48844490656497e-06,"5","SND1"
3.2350280722054e-10,-1.58789515177611,0.246,0.509,4.55783105093019e-06,"5","CD99"
3.23590483205396e-10,0.143987203100912,0.285,0.096,4.55906631788083e-06,"5","TRADD"
3.2902357601128e-10,-0.148132455907831,0.262,0.085,4.63561316242293e-06,"5","LAMTOR3"
3.3819927855888e-10,0.112991336778944,0.415,0.162,4.76488963561606e-06,"5","TFDP2"
3.41215869489633e-10,-0.121748440071865,0.492,0.196,4.80739038523944e-06,"5","MORF4L2"
3.41610819408272e-10,-0.025275966135728,0.338,0.121,4.81295483464315e-06,"5","SP3"
3.41886188037682e-10,0.777288715139692,0.131,0.03,4.8168345032629e-06,"5","HEBP1"
3.46179863170826e-10,0.0829008513018779,0.231,0.071,4.87732809221377e-06,"5","LIMK1"
3.4810378806794e-10,0.116801736155682,0.246,0.078,4.90443427008921e-06,"5","ANKLE2"
3.48182686418312e-10,-0.0269380396229066,0.192,0.054,4.90554586894759e-06,"5","ANKHD1"
3.4903992216333e-10,0.537570376001864,0.169,0.045,4.91762346335916e-06,"5","MYO9A"
3.54818477333804e-10,0.117782842157045,0.785,0.347,4.99903752715597e-06,"5","PAIP2"
3.54877387538785e-10,-0.141004115743774,0.369,0.136,4.99986751303394e-06,"5","HEXA"
3.54950996895318e-10,-0.0689386190123653,0.292,0.099,5.00090459525814e-06,"5","UBA6"
3.61573015678886e-10,-1.06602603508754,0.862,0.768,5.09420221789982e-06,"5","S100A6"
3.62034852562359e-10,-0.117634303036852,0.3,0.103,5.10070903775107e-06,"5","SMAD2"
3.63180625039041e-10,0.217999749976803,0.269,0.09,5.11685182617505e-06,"5","E2F4"
3.6340031548944e-10,0.10557642184535,0.138,0.033,5.11994704493072e-06,"5","SH2B1"
3.66476895320463e-10,0.708232936554999,0.138,0.033,5.16329297817e-06,"5","MANBA"
3.67814659354566e-10,0.592180161695622,0.115,0.024,5.18214073564648e-06,"5","ELK1"
3.71303978100009e-10,0.0450106591177548,0.192,0.054,5.23130174745103e-06,"5","AGPS"
3.72231207823092e-10,0.207623613547828,0.415,0.164,5.24436548701954e-06,"5","XAF1"
3.76279419543367e-10,0.855178873963217,0.108,0.022,5.3014007419465e-06,"5","PRKAB1"
3.77529492961856e-10,-0.0162696775848472,0.308,0.107,5.31901302633959e-06,"5","ZFR"
3.92701313554208e-10,0.365273589586568,0.546,0.243,5.53276880666524e-06,"5","KRT86"
3.96276785083395e-10,0.213358007389931,0.208,0.061,5.58314362503996e-06,"5","CBL"
3.9646222853856e-10,0.169425396088064,0.208,0.061,5.58575633787977e-06,"5","THOC1"
3.96819706979825e-10,0.499149996724702,0.123,0.027,5.59079285163875e-06,"5","PCCB"
3.99819938341677e-10,0.581842680569227,0.408,0.157,5.63306311129588e-06,"5","CHST11"
4.01040928751049e-10,0.285464264691014,0.169,0.045,5.65026564517353e-06,"5","MKRN2"
4.04206352720816e-10,0.134929957899411,0.208,0.061,5.69486330348358e-06,"5","PIK3CG"
4.1666806513911e-10,-0.242289413260299,0.538,0.215,5.87043636974492e-06,"5","LAPTM4A"
4.21371961076762e-10,-0.181122334999362,0.415,0.158,5.9367095596105e-06,"5","SSR1"
4.22987905002339e-10,0.643103608498591,0.108,0.022,5.95947659357796e-06,"5","ASB2"
4.27764208822556e-10,0.0897208693705109,0.185,0.051,6.02676993810099e-06,"5","AGPAT5"
4.29641683891062e-10,-0.126232779986155,0.377,0.14,6.05322168434117e-06,"5","ZBTB8OS"
4.30069732425196e-10,-0.15087688044348,0.408,0.155,6.05925246013859e-06,"5","EMC3"
4.31516793872469e-10,0.011051632904542,0.3,0.104,6.07964010886922e-06,"5","ABHD3"
4.31558751784185e-10,0.404568263345524,0.108,0.022,6.08023125388738e-06,"5","MAK16"
4.32350892890426e-10,-0.0435473573489604,0.185,0.051,6.09139172993321e-06,"5","POLR2M"
4.40207083213032e-10,0.00745496618620933,0.692,0.293,6.20207759538841e-06,"5","POLR1D"
4.51547199101339e-10,0.0497449936194037,0.754,0.326,6.36184848813877e-06,"5","NCOR1"
4.53467075567814e-10,0.165469499945543,0.108,0.022,6.38889762767493e-06,"5","ATG4C"
4.58017316627254e-10,0.122303001521531,0.2,0.058,6.45300597396139e-06,"5","HDDC3"
4.59305568148063e-10,-0.104278156680831,0.692,0.29,6.47115614963807e-06,"5","POLR2K"
4.69382089367978e-10,0.215022811036803,0.162,0.042,6.61312425710545e-06,"5","LSR"
4.71913300028268e-10,-0.19429260955345,0.569,0.23,6.64878648409827e-06,"5","TRAM1"
4.72584777521522e-10,0.322593341152707,0.169,0.045,6.65824693050072e-06,"5","SAP30"
4.73081316680631e-10,0.197828056111057,0.331,0.119,6.66524267071341e-06,"5","DNM2"
4.7354539874766e-10,0.0365541960416,0.246,0.079,6.67178112295578e-06,"5","APOL3"
4.75077378200543e-10,0.132650000522093,0.538,0.225,6.69336518146745e-06,"5","NOP56"
4.7523408258158e-10,0.316761397136414,0.815,0.397,6.69557298949189e-06,"5","GTF3A"
4.76627210839031e-10,-0.104143440570319,0.254,0.082,6.71520077351111e-06,"5","CMTM7"
4.78692446729531e-10,-0.183418318675368,0.338,0.121,6.74429788197236e-06,"5","CIAO1"
4.79406360034481e-10,0.00959216305078336,0.2,0.058,6.7543562065258e-06,"5","PELO"
4.88002585831713e-10,0.139426727729192,0.162,0.042,6.87546843178301e-06,"5","SH2D3C"
4.98568711146568e-10,0.885351596070796,0.131,0.03,7.024334571344e-06,"5","DHDDS"
4.9863778604828e-10,0.252526692092004,0.208,0.062,7.02530776763422e-06,"5","PTOV1"
5.01600125138275e-10,0.051242135576167,0.215,0.065,7.06704416307315e-06,"5","SLC7A6OS"
5.08575220689917e-10,0.012389988006843,0.208,0.061,7.16531628430024e-06,"5","UVRAG"
5.16591243646464e-10,0.579088010629283,0.115,0.025,7.27825403173503e-06,"5","NINJ2"
5.18946095431074e-10,-0.0292617757364884,0.192,0.055,7.31143153852841e-06,"5","B4GALT5"
5.19011905864419e-10,0.543448542857994,0.1,0.019,7.31235874172379e-06,"5","WDPCP"
5.19507539535641e-10,0.304927600503499,0.885,0.434,7.31934172451764e-06,"5","PCBP2"
5.26982155628329e-10,0.311311538847855,0.162,0.042,7.42465159064752e-06,"5","METTL2B"
5.27479235613505e-10,-0.179928154588715,0.515,0.207,7.43165495055867e-06,"5","CIR1"
5.30814122977328e-10,-0.0193501092573702,0.254,0.082,7.47864017862758e-06,"5","FAM104A"
5.33444283502466e-10,0.0324255804245781,0.2,0.058,7.51569651026624e-06,"5","FUT8"
5.41754756317719e-10,0.332567697816031,0.808,0.4,7.63278276176034e-06,"5","GYPC"
5.42625542854931e-10,-0.00238129169689083,0.477,0.191,7.64505127328312e-06,"5","PITHD1"
5.46183849577133e-10,0.234412586933189,0.131,0.03,7.69518425669223e-06,"5","DNAJC30"
5.51070647834616e-10,0.0395187072790109,0.223,0.069,7.7640343573419e-06,"5","CREB3L2"
5.51958873129291e-10,0.179453985242386,0.177,0.049,7.77654856351858e-06,"5","GCNT1"
5.60016683083239e-10,0.21697121658268,0.177,0.049,7.89007504795975e-06,"5","AUH"
5.60533611918155e-10,0.364549766936693,0.162,0.042,7.89735805831488e-06,"5","SLC35B2"
5.73650860961474e-10,0.406209291645804,0.262,0.087,8.08216698008621e-06,"5","USP9X"
5.74108858096285e-10,0.328836375288144,0.2,0.059,8.08861970171856e-06,"5","ZFP91"
5.75482056568018e-10,-0.00492612189555253,0.315,0.111,8.10796669498681e-06,"5","MED6"
5.81397090086334e-10,0.679132397884822,0.123,0.028,8.19130360222636e-06,"5","ENTPD6"
5.88902824213173e-10,-0.195202990921072,0.377,0.14,8.29705189033939e-06,"5","PHF14"
5.89345884375113e-10,0.0707286439629646,0.246,0.079,8.30329416496097e-06,"5","SDAD1"
5.97897111979687e-10,0.0954775490897572,0.354,0.132,8.42377241068181e-06,"5","PDCD6IP"
6.09492892317892e-10,0.11401963315626,0.215,0.065,8.58714535986678e-06,"5","MGRN1"
6.11198942196372e-10,0.237068741962901,0.231,0.073,8.61118189660468e-06,"5","FLII"
6.19265470279857e-10,0.465922151387262,0.962,0.571,8.7248312107729e-06,"5","PSMA7"
6.22610729869864e-10,0.80642278829996,0.231,0.075,8.77196257313651e-06,"5","CCNY"
6.37496518404419e-10,0.641507068565623,0.146,0.036,8.98168844779986e-06,"5","NVL"
6.48643672095116e-10,0.115684487229756,0.208,0.062,9.1387406961481e-06,"5","TLK2"
6.51006502187015e-10,0.379083837767526,0.146,0.036,9.17203060931285e-06,"5","NIT1"
6.55813692776542e-10,0.386220154401333,0.146,0.036,9.23975911752871e-06,"5","SCAF1"
6.56971502183136e-10,0.0341652345718257,0.331,0.12,9.25607149425821e-06,"5","TMEM183A"
6.74805345369835e-10,0.0580492658602276,0.2,0.059,9.50733251091561e-06,"5","KRI1"
6.78728901560791e-10,0.00447548578658519,0.715,0.304,9.56261149408998e-06,"5","RAP1A"
6.79167815695975e-10,0.490145722305145,0.146,0.036,9.56879535534059e-06,"5","XPOT"
6.84219864725236e-10,-3.02629272809038,0.115,0.352,9.63997367411385e-06,"5","HLA-F"
6.9973016540479e-10,0.17071145327243,0.177,0.049,9.85849830038808e-06,"5","LYRM7"
7.00199113102682e-10,0.595854192181092,0.7,0.379,9.86510530450369e-06,"5","TNFRSF18"
7.00280752236087e-10,0.43536595949127,0.508,0.22,9.86625551825423e-06,"5","ARHGAP15"
7.0495906785858e-10,0.515317127302692,0.123,0.028,9.93216830705954e-06,"5","TCAIM"
7.059981581959e-10,0.817826852574515,0.1,0.02,9.94680805082204e-06,"5","CCDC61"
7.07481282855416e-10,0.22107652693404,0.362,0.137,9.96770379414996e-06,"5","TOPORS"
7.23921014085049e-10,0.352374247785108,0.277,0.095,1.01993231674443e-05,"5","FBXO6"
7.27807533943435e-10,0.134382942710763,0.415,0.165,1.02540803457291e-05,"5","SEC14L1"
7.28360640697188e-10,0.905717839911818,0.1,0.02,1.02618730667827e-05,"5","FLVCR1"
7.29835673938647e-10,0.00254050516432366,0.408,0.158,1.02826548101216e-05,"5","TRAPPC6A"
7.33303459302549e-10,0.120369429585933,0.285,0.098,1.03315124381136e-05,"5","ZNF106"
7.38220614334735e-10,0.451155075907929,0.908,0.493,1.04007902353621e-05,"5","SLC25A3"
7.54425967367155e-10,0.338643174252426,0.285,0.099,1.06291074542359e-05,"5","ATP11B"
7.56887062907682e-10,-0.342038760598152,0.385,0.143,1.06637818293063e-05,"5","DDRGK1"
7.71886911059105e-10,0.00672760627798685,0.169,0.046,1.08751146899117e-05,"5","MICU1"
7.73706717128351e-10,0.201805426310146,0.577,0.253,1.09007539376213e-05,"5","RHOF"
7.87974599717834e-10,0.925160434076172,0.115,0.025,1.11017741354246e-05,"5","ODF3B"
7.97833192005597e-10,0.347149261784319,0.169,0.046,1.12406718421669e-05,"5","PI4KA"
8.00524388328961e-10,0.556378643510202,0.277,0.097,1.12785881071667e-05,"5","PUM2"
8.21226443211645e-10,0.392644917799512,0.185,0.053,1.15702593584089e-05,"5","KIAA0586"
8.22902214750746e-10,-0.123930194456725,0.338,0.123,1.15938693036233e-05,"5","PIGT"
8.26433934048884e-10,0.473710320854614,0.154,0.04,1.16436276968147e-05,"5","CCDC92"
8.40220240021396e-10,-0.107381151979564,0.223,0.069,1.18378629616614e-05,"5","RPUSD3"
8.4979200308397e-10,0.0225967485409262,0.262,0.087,1.19727195314501e-05,"5","ARL16"
8.71711211665249e-10,-0.0564996187459017,0.269,0.091,1.22815392611517e-05,"5","KIAA1143"
8.71909303643304e-10,0.316916863852526,0.208,0.063,1.22843301790305e-05,"5","CDK10"
8.86152360825573e-10,0.358754863024325,0.162,0.043,1.24850006116715e-05,"5","NF2"
8.97733145653478e-10,0.930554906315181,0.1,0.02,1.26481622891118e-05,"5","NUP205"
9.21743050709854e-10,0.108257146818147,0.2,0.059,1.29864378414511e-05,"5","UBA5"
9.2974091166179e-10,0.0245318961953853,0.238,0.076,1.3099119704403e-05,"5","ATP2A2"
9.38645895480627e-10,-0.0694908674827888,0.408,0.158,1.32245820214265e-05,"5","PSENEN"
9.44977223812113e-10,-0.0134233452263954,0.354,0.132,1.33137841062889e-05,"5","GTF2H5"
9.58765105504839e-10,0.437693996261439,0.177,0.05,1.35080415714577e-05,"5","POU2F1"
9.59284469786203e-10,0.201993886203158,0.208,0.063,1.35153588948178e-05,"5","TMEM222"
9.65207925255939e-10,0.150664357631579,0.192,0.056,1.35988144589309e-05,"5","LRRC47"
9.65526566543317e-10,0.13372031583614,0.662,0.293,1.36033037960288e-05,"5","ROCK1"
9.87589978178897e-10,0.0841377994489009,0.362,0.137,1.39141552025625e-05,"5","SKAP2"
9.96081253562542e-10,0.0865387866907728,0.208,0.063,1.40337887814426e-05,"5","COIL"
9.98675067220941e-10,-0.0533990226605574,0.238,0.076,1.40703330220758e-05,"5","AZI2"
1.00886705117735e-09,0.355913105463489,0.115,0.025,1.42139278840377e-05,"5","TARBP2"
1.00945086102919e-09,0.177563867484405,0.246,0.081,1.42221531810403e-05,"5","SPG11"
1.01128336890041e-09,0.0290448161759508,0.485,0.197,1.42479713844379e-05,"5","PSTPIP1"
1.01323670957321e-09,0.432745734587368,0.115,0.025,1.42754920011769e-05,"5","LONP1"
1.01533473588063e-09,-0.124562934627578,0.485,0.196,1.43050510938221e-05,"5","SHISA5"
1.02637014882223e-09,0.0372120079708416,0.185,0.052,1.44605290267565e-05,"5","TTC32"
1.03314598803398e-09,0.0173023936675935,0.408,0.158,1.45559938254108e-05,"5","ZYX"
1.03367451281743e-09,0.140912254201579,0.177,0.049,1.45634402110848e-05,"5","PHF23"
1.03713780884956e-09,0.413444878107471,0.177,0.05,1.46122345888815e-05,"5","RALB"
1.03878897873648e-09,0.165804881723999,0.369,0.142,1.46354979214183e-05,"5","DOCK10"
1.05434044529694e-09,-0.112873882201815,0.362,0.135,1.48546025337886e-05,"5","NUDT4"
1.05677436878527e-09,0.0510621624943711,0.292,0.102,1.48888940818157e-05,"5","UNC50"
1.05685990941619e-09,0.365650888637355,0.185,0.053,1.48900992637647e-05,"5","FMNL3"
1.05771989610777e-09,-0.0101149273421835,0.331,0.12,1.49022156162624e-05,"5","HNRNPH2"
1.06847528202393e-09,0.0290266975893549,0.485,0.199,1.50537482484351e-05,"5","SMARCA5"
1.07345729012605e-09,0.155745086728067,0.7,0.316,1.51239397605859e-05,"5","UBXN4"
1.07994625030564e-09,0.0258515826929531,0.208,0.063,1.52153627205562e-05,"5","PITPNA"
1.08568442920472e-09,-0.181675293116362,0.292,0.101,1.52962079230653e-05,"5","SFSWAP"
1.09528505509745e-09,-0.0618192675955722,0.208,0.063,1.54314711412679e-05,"5","GNPTG"
1.0974274985901e-09,-0.0908967118124153,0.485,0.197,1.54616560276359e-05,"5","CAMLG"
1.10628155040258e-09,0.52095202094241,0.138,0.034,1.5586400763622e-05,"5","FAM114A2"
1.130089827905e-09,0.44589399310754,0.146,0.037,1.59218355853535e-05,"5","NUDT19"
1.14166973837258e-09,0.508913067081671,0.169,0.047,1.60849849439313e-05,"5","TMEM218"
1.14527739835838e-09,0.336603509191185,0.162,0.043,1.61358132654713e-05,"5","TRIOBP"
1.16175258037613e-09,0.299297259307647,0.162,0.043,1.63679321049193e-05,"5","PLAA"
1.16429119934414e-09,0.680485382479744,0.1,0.02,1.64036987075595e-05,"5","TMEM102"
1.18494618044646e-09,1.14043019096791,0.131,0.032,1.66947067363102e-05,"5","LMBR1"
1.19191638527602e-09,0.294513657004884,0.192,0.057,1.67929099521539e-05,"5","PRPF3"
1.1928803932115e-09,-0.0511053790284022,0.5,0.205,1.68064918599569e-05,"5","ARPP19"
1.20386422898894e-09,-0.182108962832923,0.369,0.138,1.69612431222252e-05,"5","TRAPPC3"
1.20429982896404e-09,0.4543834689334,0.131,0.031,1.69673802902744e-05,"5","RUSC1"
1.2067768706384e-09,0.148434841918939,0.162,0.043,1.70022793304244e-05,"5","SNRNP48"
1.22412150469367e-09,-0.108567766181526,0.285,0.098,1.72466478796291e-05,"5","NCBP3"
1.24436457057264e-09,0.0739340155417276,0.208,0.063,1.75318524347979e-05,"5","SLC39A1"
1.24541792158304e-09,-0.0163708852934688,0.254,0.084,1.75466930971835e-05,"5","S100PBP"
1.27139207377003e-09,-0.151238833728299,0.392,0.151,1.7912642927346e-05,"5","SMAP1"
1.27685598328645e-09,-0.0855811016692101,0.346,0.128,1.79896239485228e-05,"5","WBP2"
1.28268622808124e-09,0.325592496554347,0.108,0.023,1.80717662674366e-05,"5","ALAD"
1.2921879364399e-09,0.438498471668807,0.208,0.064,1.82056358365017e-05,"5","DLG1"
1.30216651146292e-09,-0.268680155465935,0.338,0.123,1.83462239800011e-05,"5","GIMAP2"
1.3026571541527e-09,-0.122381973988649,0.362,0.135,1.83531366448573e-05,"5","ARHGEF3"
1.30788929657781e-09,0.0275735133418517,0.3,0.107,1.84268522994847e-05,"5","SMU1"
1.32331874864255e-09,-0.376929354621322,0.446,0.175,1.86442378496248e-05,"5","ARL4A"
1.32559342388888e-09,0.359730963983474,0.254,0.085,1.86762857491704e-05,"5","AKT1"
1.34694399627658e-09,0.231440690164599,0.669,0.31,1.89770939635408e-05,"5","NDUFA3"
1.34838087521233e-09,-0.10061652873512,0.415,0.163,1.89973381508666e-05,"5","TNFSF14"
1.3635674156163e-09,-0.0965352049107,0.246,0.081,1.92113013186181e-05,"5","POGZ"
1.36414590508604e-09,0.681864258024647,0.131,0.031,1.92194516567573e-05,"5","TELO2"
1.36581289888895e-09,0.875921020426996,0.1,0.02,1.92429379324464e-05,"5","BYSL"
1.39932589832399e-09,0.322301629253022,0.277,0.097,1.97151025814867e-05,"5","IWS1"
1.44549274523038e-09,1.02914353832827,0.185,0.055,2.03655472875508e-05,"5","PLPP1"
1.45613546280344e-09,0.510144925707172,0.146,0.037,2.05154925354377e-05,"5","CRYZ"
1.46910147934821e-09,0.108522924078539,0.262,0.089,2.06981707425369e-05,"5","TOR1AIP2"
1.47918475905085e-09,0.228883300547919,0.162,0.044,2.08402340702675e-05,"5","MSRB1"
1.52368986864594e-09,-0.0844832546017068,0.508,0.208,2.14672665593526e-05,"5","ZRANB2"
1.52599702937311e-09,0.366131841436266,0.231,0.075,2.14997721468377e-05,"5","NOL11"
1.54339635304728e-09,-0.161115739105301,0.323,0.116,2.17449112180831e-05,"5","RAD23B"
1.54440139923064e-09,0.404974342558565,0.123,0.028,2.17590713137605e-05,"5","PITRM1"
1.55290362244663e-09,0.0424596299703827,0.338,0.126,2.18788591366506e-05,"5","PEX2"
1.5545501235805e-09,0.510953012404859,0.115,0.026,2.19020566911257e-05,"5","ATAD3B"
1.55471715803609e-09,0.938464398728644,0.223,0.073,2.19044100395704e-05,"5","MKLN1"
1.55925088932272e-09,0.349858701750949,0.146,0.037,2.19682857796679e-05,"5","CC2D1A"
1.55951749682352e-09,0.00261152782424934,0.192,0.056,2.19720420127466e-05,"5","MVB12A"
1.56435052073549e-09,-0.155153051821921,0.508,0.207,2.20401344866423e-05,"5","SRP19"
1.56712427378951e-09,-0.0789226149546314,0.608,0.259,2.20792138934205e-05,"5","ZC3H15"
1.58182514007803e-09,0.61894658612817,0.177,0.051,2.22863343985594e-05,"5","TXLNA"
1.58849891897648e-09,-0.171981207032424,0.485,0.194,2.23803612694596e-05,"5","MAPRE1"
1.6031213910935e-09,0.0220815477956142,0.531,0.223,2.25863772791163e-05,"5","CMPK1"
1.60760986643182e-09,-0.0524038880277333,0.362,0.137,2.26496154081579e-05,"5","ERGIC2"
1.61950365292965e-09,0.390602460240369,0.808,0.425,2.28171869661258e-05,"5","BST2"
1.62543577440354e-09,0.628410942670536,0.131,0.032,2.29007646255714e-05,"5","TCF20"
1.64169209991288e-09,0.205947543088314,0.123,0.028,2.31297999956726e-05,"5","CDC23"
1.64915921167946e-09,-0.023040541566349,0.185,0.053,2.3235004133352e-05,"5","CAAP1"
1.65373348830935e-09,-0.139183507370972,0.262,0.088,2.32994511167905e-05,"5","MED29"
1.65973308243245e-09,-0.0855195097749849,0.246,0.081,2.33839793983909e-05,"5","COMMD10"
1.65977362903359e-09,-0.125559611633883,0.192,0.056,2.33845506594542e-05,"5","PDRG1"
1.66947702917761e-09,0.227077844564724,0.185,0.053,2.35212618640833e-05,"5","NIPSNAP1"
1.67229169536939e-09,-0.325257748591054,0.3,0.105,2.35609176960593e-05,"5","SBNO1"
1.67852108474852e-09,-0.0561752842982757,0.238,0.077,2.36486835630219e-05,"5","KCTD5"
1.68530686007377e-09,0.0645600518705521,0.315,0.115,2.37442883515794e-05,"5","DNAJC21"
1.70080366122428e-09,0.884317087696336,0.1,0.02,2.39626227829889e-05,"5","PPP2R5D"
1.70408622382008e-09,0.194840843507181,0.323,0.12,2.40088708074011e-05,"5","CREBZF"
1.70904544015943e-09,0.0307855705125334,0.262,0.088,2.40787412064062e-05,"5","ARFRP1"
1.71997256910321e-09,0.103705765462222,0.185,0.053,2.42326935260951e-05,"5","USF3"
1.73723485996872e-09,-0.0547373233012945,0.423,0.167,2.44759019420993e-05,"5","PDLIM2"
1.73774949518418e-09,0.182546339504877,0.192,0.057,2.448315263765e-05,"5","WDR55"
1.74272698220478e-09,0.0834957004661538,0.215,0.067,2.45532804522831e-05,"5","RRP36"
1.7496009919e-09,0.244983277165804,0.831,0.399,2.46501283748792e-05,"5","SF3B5"
1.75511926306275e-09,-0.178014676034187,0.385,0.147,2.47278752972911e-05,"5","YIPF4"
1.75583108418827e-09,0.862693782122863,0.1,0.02,2.47379041451285e-05,"5","ATN1"
1.75753022675975e-09,0.0679019864909921,0.238,0.078,2.47618433648181e-05,"5","IKBKG"
1.76320759059569e-09,0.257731885876207,0.192,0.057,2.48418317439027e-05,"5","RMDN3"
1.77905118092985e-09,-0.209105295531275,0.292,0.102,2.50650520881207e-05,"5","PARL"
1.792983260456e-09,0.512022385373564,0.885,0.496,2.52613411565646e-05,"5","CALR"
1.79545186233703e-09,-0.174458809575903,0.323,0.117,2.52961212884665e-05,"5","APLP2"
1.81905219651047e-09,-0.142350520375956,0.431,0.17,2.5628626396636e-05,"5","RALBP1"
1.83712174259535e-09,-0.151165911834804,0.423,0.166,2.58832082314258e-05,"5","TMED4"
1.83715622438992e-09,-3.70710449260344,0.062,0.297,2.58836940454295e-05,"5","FGFBP2"
1.84467348302613e-09,0.283625308552224,0.177,0.05,2.59896047023552e-05,"5","ABI2"
1.85123040503889e-09,0.287173419014858,0.192,0.057,2.6081985176593e-05,"5","LETM1"
1.85425793129205e-09,0.223541190194086,0.146,0.038,2.61246399939737e-05,"5","ACSL4"
1.86772828672185e-09,0.131232457740468,0.154,0.041,2.63144238316241e-05,"5","COPS7A"
1.91294794107382e-09,-0.0538911366809189,0.162,0.044,2.69515235417891e-05,"5","RP9"
1.92060027942546e-09,0.313043470717432,0.123,0.028,2.70593373368254e-05,"5","PLAGL1"
1.9616127000965e-09,-0.311810726341656,0.431,0.168,2.76371613316595e-05,"5","SMARCA2"
1.96316372369002e-09,0.0863132199146186,0.254,0.086,2.76590137030686e-05,"5","MED21"
1.98919231631318e-09,0.142688970975626,0.254,0.086,2.80257305445364e-05,"5","HELB"
1.99559789993118e-09,0.122875812055984,0.754,0.344,2.81159788121304e-05,"5","PNN"
2.02173854098227e-09,-0.121101499148859,0.246,0.081,2.84842743038992e-05,"5","OXLD1"
2.02823069868981e-09,0.179816730570007,0.869,0.405,2.85757423138408e-05,"5","SPCS2"
2.03597377341074e-09,0.251389882677719,0.754,0.36,2.86848344935839e-05,"5","ARPC5L"
2.04552991512819e-09,1.33523416975246,0.215,0.07,2.8819470974241e-05,"5","SMYD3"
2.05673474305162e-09,0.0876092138868021,0.231,0.075,2.89773357948543e-05,"5","SNAPC2"
2.06912605731773e-09,0.606594642794162,0.162,0.044,2.91519170215495e-05,"5","TRAF3"
2.07379826372868e-09,0.597654149178589,0.231,0.076,2.92177437376734e-05,"5","TET2"
2.09284219353571e-09,-0.0391892152926694,0.623,0.268,2.94860536647246e-05,"5","TMCO1"
2.09909786933504e-09,0.341795500338438,0.138,0.035,2.95741898810614e-05,"5","PEA15"
2.10115808149253e-09,0.457909463324861,0.108,0.023,2.96032162101483e-05,"5","AKAP1"
2.10312607922719e-09,0.298283804088166,0.6,0.268,2.96309433302318e-05,"5","SMCHD1"
2.10777773616101e-09,0.497619374519345,0.154,0.041,2.96964805247725e-05,"5","ANKRD40"
2.11094109254862e-09,0.238078509438364,0.215,0.068,2.97410490529175e-05,"5","DDX60"
2.12221057631943e-09,0.0132048318908453,0.269,0.092,2.98998248097644e-05,"5","SLC25A38"
2.12448800823266e-09,0.457479225713092,0.162,0.044,2.99319115479899e-05,"5","EIF2D"
2.14630726772328e-09,-0.00678386424066529,0.438,0.177,3.02393230949533e-05,"5","C1D"
2.16416160010925e-09,0.0424296957308829,0.4,0.157,3.04908727839392e-05,"5","RNF114"
2.1655471590105e-09,0.346249610347737,0.154,0.041,3.0510393923299e-05,"5","AIFM1"
2.16786580881708e-09,-0.059791512588085,0.492,0.203,3.05430613804239e-05,"5","PPHLN1"
2.18343744891666e-09,0.130056164859492,0.162,0.044,3.07624502177869e-05,"5","SLFN11"
2.20069727817311e-09,0.248099592276079,0.169,0.047,3.10056239521809e-05,"5","DPH7"
2.21840001543324e-09,0.0411636631013106,0.162,0.044,3.1255037817439e-05,"5","P2RX4"
2.23336291751371e-09,0.0221542629400491,0.192,0.057,3.14658501448507e-05,"5","KDM2B"
2.24023549378168e-09,-0.108380296826882,0.5,0.205,3.156267787189e-05,"5","TMEM219"
2.2440816835104e-09,0.773054842802384,0.108,0.023,3.16168668389781e-05,"5","LMBRD2"
2.26584726663983e-09,-0.217363577689323,0.338,0.125,3.19235221396886e-05,"5","SNAP23"
2.30389747362032e-09,0.447544008048236,0.123,0.029,3.24596115058366e-05,"5","ABCF2"
2.31056866277081e-09,0.438961036434551,0.254,0.087,3.25536018897779e-05,"5","STAM"
2.36958789855317e-09,0.29524195196918,0.177,0.051,3.33851239027156e-05,"5","RHOT1"
2.39420752179229e-09,-0.0251244730602305,0.5,0.211,3.37319897745315e-05,"5","UPP1"
2.39898663974738e-09,0.0558190487668497,0.277,0.097,3.37993227674009e-05,"5","TBC1D1"
2.41627452084679e-09,0.0856565884418312,0.554,0.237,3.40428917242104e-05,"5","OPTN"
2.42996244576321e-09,0.220043956577486,0.162,0.044,3.42357408983579e-05,"5","EIF5A2"
2.44486774247286e-09,0.0476924191072315,0.277,0.097,3.44457416237001e-05,"5","DDX50"
2.47592822564898e-09,-0.0986548434211096,0.231,0.074,3.48833527711684e-05,"5","ANKRD36"
2.52418756567682e-09,0.515570876695934,0.138,0.035,3.55632786128207e-05,"5","INTS1"
2.55217493688162e-09,0.389811899537147,0.131,0.032,3.59575926857252e-05,"5","AGAP3"
2.58289437529804e-09,0.371054536702204,0.162,0.044,3.6390398853574e-05,"5","UBALD1"
2.60994212706877e-09,0.0992613569630549,0.215,0.068,3.6771474628272e-05,"5","RNF6"
2.62396466158573e-09,0.44773268750503,0.862,0.451,3.69690381170814e-05,"5","MIF"
2.67022855824163e-09,0.165304668169579,0.269,0.094,3.76208501570664e-05,"5","FAM200B"
2.6954572546952e-09,0.336344983570003,0.238,0.08,3.79762972614007e-05,"5","KCMF1"
2.70828166639039e-09,-0.131704122607414,0.246,0.082,3.81569803977742e-05,"5","KRIT1"
2.74426107395421e-09,0.0802635027868719,0.738,0.332,3.86638942709408e-05,"5","SMDT1"
2.74644660517251e-09,0.18139302908785,0.723,0.335,3.86946862202755e-05,"5","SRSF9"
2.76385001092412e-09,0.267302981723983,0.169,0.048,3.89398828039099e-05,"5","MCM3AP"
2.76598869851152e-09,-0.179289413762315,0.485,0.197,3.89700147733287e-05,"5","TSC22D4"
2.81241969813417e-09,-1.05356649455038,0.908,0.812,3.96241811270123e-05,"5","ZFP36L2"
2.83631437684595e-09,0.407584343343093,0.177,0.051,3.99608332553825e-05,"5","PREB"
2.84876296692354e-09,1.06869263718331,0.138,0.035,4.01362214409857e-05,"5","SNTB1"
2.8493079339398e-09,-0.112344846548356,0.292,0.104,4.01438994812779e-05,"5","KRCC1"
2.85245128766532e-09,0.889693274512144,0.115,0.026,4.01881861919167e-05,"5","PAK1"
2.85447711224339e-09,0.138881613920274,0.254,0.086,4.02167280343972e-05,"5","TMEM106B"
2.86350161313656e-09,0.37544076560395,0.785,0.397,4.0343874227481e-05,"5","HSP90B1"
2.9024502250267e-09,-0.14351213978539,0.523,0.217,4.08926212204012e-05,"5","PNRC2"
2.91760392351528e-09,-0.0739182193924808,0.154,0.041,4.11061216784067e-05,"5","GMPPA"
2.93749006430836e-09,0.213178356185699,0.262,0.091,4.13862975160404e-05,"5","EIF3B"
2.95936239777392e-09,-0.332311120368452,0.438,0.173,4.16944568222367e-05,"5","DERL1"
2.96629886229183e-09,0.0283801531994095,0.677,0.297,4.17921846708295e-05,"5","KTN1"
2.98610631405456e-09,-0.169775892371971,0.262,0.089,4.20712518587146e-05,"5","GOLPH3"
3.01136518464946e-09,0.503534879968174,0.2,0.062,4.24271240865263e-05,"5","NUP160"
3.02358252799662e-09,0.00609394910854144,0.185,0.054,4.25992542369444e-05,"5","PIGBOS1"
3.08493392770903e-09,-0.046862451833822,0.331,0.123,4.34636341074926e-05,"5","ACIN1"
3.10467272344504e-09,0.00303891810558798,0.515,0.218,4.37417340006172e-05,"5","EIF3J"
3.14711797159933e-09,-0.252944075633271,0.4,0.156,4.4339745101863e-05,"5","RNF145"
3.18029679135184e-09,-0.137143040896472,0.177,0.051,4.4807201493356e-05,"5","SOCS2"
3.27098783787032e-09,-0.0418514436275672,0.185,0.054,4.60849476477549e-05,"5","OXSR1"
3.3013673600985e-09,-0.281837237737788,0.3,0.107,4.65129647364278e-05,"5","RRAGA"
3.32687921898276e-09,0.355914017706746,0.208,0.066,4.68724013162481e-05,"5","ZNF277"
3.35940738912323e-09,-0.253853354980703,0.569,0.238,4.73306907053571e-05,"5","CHURC1"
3.40502620089941e-09,0.486843847869398,0.115,0.026,4.79734141444719e-05,"5","THG1L"
3.41578561759742e-09,-0.165995731597576,0.346,0.13,4.81250035663301e-05,"5","TNIP1"
3.43860393096353e-09,0.0118592912706206,0.192,0.058,4.84464907833452e-05,"5","NRDE2"
3.47465775160296e-09,-0.161727858470413,0.385,0.149,4.89544530623341e-05,"5","CALCOCO2"
3.49849934049058e-09,1.05677964453165,0.108,0.024,4.92903572081718e-05,"5","TET3"
3.59647164366453e-09,-0.238674286127613,0.292,0.104,5.06706889875896e-05,"5","SCNM1"
3.60896296468141e-09,0.61545665680991,0.892,0.532,5.08466792093963e-05,"5","LY6E"
3.61303346077736e-09,0.317257503789456,0.192,0.058,5.09040284288922e-05,"5","UIMC1"
3.65407328484958e-09,0.245254992356673,0.285,0.103,5.14822385102458e-05,"5","MBD2"
3.65539789746577e-09,0.529767008859665,0.131,0.032,5.15009009773953e-05,"5","RFX7"
3.7231596809593e-09,0.569434638482274,0.131,0.032,5.24555967450355e-05,"5","ZNF107"
3.77664226970554e-09,0.0339681401855062,0.392,0.156,5.32091129378814e-05,"5","MAP4"
3.7859482439835e-09,0.423905958683451,0.146,0.038,5.33402248094836e-05,"5","B3GALT6"
3.85297417896082e-09,-0.266546686789225,0.185,0.054,5.42845532073789e-05,"5","VPS37A"
3.88178367985215e-09,-0.0791008258062083,0.646,0.283,5.4690450265437e-05,"5","SLTM"
3.88415453694097e-09,0.115277040476072,0.154,0.042,5.47238532709613e-05,"5","EYA3"
3.91007538630451e-09,0.776024961084125,0.123,0.029,5.50890521176442e-05,"5","ARL17A"
3.9952926019149e-09,0.149665543137271,0.492,0.209,5.6289677468379e-05,"5","RBMS1"
4.0120433980412e-09,0.0452823999501258,0.338,0.13,5.65256794350024e-05,"5","ADAM10"
4.05040587769945e-09,-0.100158262838649,0.446,0.181,5.70661684109076e-05,"5","TCIRG1"
4.08080948922498e-09,-0.0437278221354431,0.431,0.175,5.74945248936907e-05,"5","S1PR4"
4.13507966568668e-09,0.0524999622918276,0.215,0.069,5.82591374098596e-05,"5","GMPR2"
4.15969582490046e-09,0.114504856321803,0.577,0.259,5.86059544770226e-05,"5","SLFN5"
4.19349441096719e-09,-0.226401051812275,0.354,0.134,5.90821427561168e-05,"5","CNOT7"
4.21072563223827e-09,-0.186748651393727,0.231,0.075,5.9324913432605e-05,"5","CLPTM1"
4.24504016385135e-09,0.206385979464936,0.323,0.123,5.98083708685017e-05,"5","LPP"
4.300856910005e-09,0.498104646309986,0.162,0.045,6.05947730050604e-05,"5","TRAFD1"
4.38689271142466e-09,0.297071551774369,0.131,0.032,6.1806931411262e-05,"5","PEAK1"
4.40804616643165e-09,0.707073818339853,0.146,0.039,6.21049624388555e-05,"5","ARV1"
4.46431322600068e-09,0.192801802763773,0.169,0.048,6.28977090411235e-05,"5","GALNT6"
4.49821548324816e-09,0.215763991663264,0.108,0.024,6.33753579434833e-05,"5","PAWR"
4.50580273584145e-09,-0.0522568355260249,0.685,0.296,6.34822547452702e-05,"5","CSNK1A1"
4.5636455098246e-09,0.0434662567891886,0.177,0.052,6.42972015879188e-05,"5","MCFD2"
4.60739239142692e-09,-0.090788630241686,0.2,0.061,6.49135514028139e-05,"5","FRA10AC1"
4.63488502464535e-09,0.0578844593446126,0.208,0.065,6.53008951122283e-05,"5","AGK"
4.66060954728721e-09,0.00686197385555465,0.231,0.076,6.56633279117295e-05,"5","ISOC1"
4.6902150007635e-09,0.1968155644223,0.862,0.419,6.6080439145757e-05,"5","WDR83OS"
4.73109896869197e-09,0.245932205637927,0.769,0.37,6.66564533699012e-05,"5","OSTF1"
4.73395206588581e-09,-0.277365613188027,0.462,0.185,6.66966506562651e-05,"5","M6PR"
4.76309511206292e-09,-0.234611754710318,0.292,0.105,6.71072470338545e-05,"5","RHOT2"
4.7810450146888e-09,-0.1336591956598,0.231,0.076,6.73601432119505e-05,"5","MAPK14"
4.79095262264811e-09,-0.287869884077959,0.331,0.123,6.74997315004892e-05,"5","GOPC"
4.80939832808314e-09,0.0915236817616707,0.215,0.069,6.77596130443634e-05,"5","CHFR"
4.82771524608048e-09,-0.0857541485599653,0.6,0.258,6.80176801020279e-05,"5","RSL1D1"
4.85195421173107e-09,0.468318205171858,0.138,0.036,6.83591828890791e-05,"5","SLC4A2"
4.89203291198369e-09,0.425430323355392,0.138,0.036,6.89238516969383e-05,"5","GLE1"
4.94402136826215e-09,-0.0326861463251187,0.3,0.109,6.96563170574454e-05,"5","EFCAB14"
4.9461487190973e-09,0.607396463204684,0.115,0.027,6.96862893033619e-05,"5","TXNL4B"
4.953052257673e-09,0.25353675887502,0.923,0.474,6.97835532583549e-05,"5","NDUFB2"
4.99087193792982e-09,-0.00881244938060677,0.638,0.282,7.03163947334933e-05,"5","TBCB"
5.04472165422539e-09,-0.0103777876579199,0.238,0.08,7.10750833863815e-05,"5","MAD1L1"
5.06369019381052e-09,0.41804982427945,0.123,0.03,7.13423311405964e-05,"5","TSTD2"
5.07558590723231e-09,-0.255667667525633,0.208,0.065,7.1509929846996e-05,"5","NOTCH1"
5.09291046409873e-09,0.540250732213103,0.115,0.027,7.1754015528687e-05,"5","ADCK2"
5.10731699346024e-09,0.393283107009328,0.131,0.033,7.19569891208613e-05,"5","INTS3"
5.11171425279216e-09,0.090836196243975,0.162,0.045,7.20189421075887e-05,"5","DCAF10"
5.13490269708332e-09,-0.261985764059407,0.423,0.169,7.23456440992068e-05,"5","EMC4"
5.1613931273755e-09,0.274373715879724,0.169,0.048,7.27188677715935e-05,"5","OSBP"
5.16506060582981e-09,0.17954186918376,0.115,0.027,7.27705388755362e-05,"5","METTL6"
5.18517592192181e-09,0.437050487710266,0.138,0.036,7.30539435639564e-05,"5","ZNF84"
5.22176189779389e-09,0.427480781562469,0.138,0.036,7.35694033780181e-05,"5","BNIP1"
5.36324057157312e-09,0.136317241425496,0.269,0.096,7.55626964128937e-05,"5","SMNDC1"
5.36679041624856e-09,0.165514465038001,0.215,0.07,7.5612710174526e-05,"5","PTAR1"
5.40005473875299e-09,0.490889584580792,0.1,0.021,7.60813712142909e-05,"5","MSRB2"
5.43130346337961e-09,-2.67935711253647,0.246,0.429,7.65216344955553e-05,"5","KLRF1"
5.45753075671596e-09,-0.24764149721558,0.315,0.116,7.68911508313711e-05,"5","SPOP"
5.55199491751722e-09,-0.240757400627025,0.369,0.143,7.82220563929001e-05,"5","DPM3"
5.6634660801625e-09,0.612272119839703,0.108,0.024,7.97925736034095e-05,"5","TANC2"
5.67726448459937e-09,0.188170704497726,0.392,0.16,7.99869793235205e-05,"5","AGTRAP"
5.70377629532995e-09,0.251695895786525,0.215,0.07,8.03605042249037e-05,"5","ZNF330"
5.75400039665687e-09,0.657669443806209,0.108,0.024,8.10681115884987e-05,"5","PCTP"
5.79147721452316e-09,0.124656902104171,0.162,0.045,8.15961224754167e-05,"5","RNF41"
5.85163229905485e-09,-0.16769191669745,0.315,0.117,8.24436474613838e-05,"5","ERLEC1"
5.86986817415664e-09,-0.251297640219899,0.415,0.165,8.27005727056929e-05,"5","IRF2BP2"
5.89851611485008e-09,-0.0291716485304483,0.608,0.266,8.31041935421227e-05,"5","MOB1A"
5.90198797571515e-09,0.282411385459405,0.246,0.085,8.31531085898507e-05,"5","SS18"
5.93265870392778e-09,0.298363292914451,0.354,0.14,8.35852284796385e-05,"5","HERC1"
5.97606903634659e-09,-0.39322065057009,0.331,0.123,8.41968366530871e-05,"5","IP6K2"
5.99688570450646e-09,0.681407941653593,0.131,0.033,8.44901226907915e-05,"5","CUL4B"
6.02685947513675e-09,0.165714493473341,0.169,0.049,8.49124231452016e-05,"5","PARN"
6.05481783438873e-09,-0.12645872068765,0.408,0.163,8.53063284687028e-05,"5","RAB14"
6.07632537979637e-09,-0.0988747090437971,0.223,0.073,8.56093482759511e-05,"5","MALSU1"
6.12663726041222e-09,-0.089735887288051,0.269,0.095,8.63181923619478e-05,"5","TBC1D15"
6.35103007506963e-09,0.422943226734022,0.138,0.036,8.9479662727656e-05,"5","PRMT7"
6.36417184233453e-09,0.0372565757796995,0.262,0.092,8.96648170866512e-05,"5","GRSF1"
6.39128917265441e-09,0.05288643574922,0.154,0.042,9.00468731535279e-05,"5","ALKBH6"
6.48909147876295e-09,0.130847839810906,0.208,0.066,9.14248098442913e-05,"5","RAE1"
6.51169873253229e-09,0.148517530264151,0.2,0.063,9.17433234426475e-05,"5","SLC35A3"
6.54428288808067e-09,-0.162235176690229,0.231,0.076,9.22024016101686e-05,"5","PIGC"
6.65321064448833e-09,0.0453821178313504,0.346,0.135,9.3737084770196e-05,"5","BTF3L4"
6.67325058685398e-09,0.398953419364741,0.131,0.033,9.40194275181857e-05,"5","RSAD2"
6.72392518767133e-09,0.107532444084476,0.308,0.116,9.47333819691013e-05,"5","REXO2"
6.80449286273272e-09,0.10484852522688,0.108,0.024,9.58684999430413e-05,"5","SEC22A"
6.87156873463033e-09,0.323322183215595,0.238,0.081,9.68135319022067e-05,"5","STK25"
6.9723814524182e-09,0.706397188213842,0.185,0.057,9.82338822831201e-05,"5","FAM91A1"
7.0666494106783e-09,0.269288487023743,0.277,0.101,9.95620235470466e-05,"5","RNF138"
7.14776857083846e-09,0.393118438786309,0.977,0.801,0.000100704911394543,"5","ARPC2"
7.2275678137844e-09,0.263635691402222,0.169,0.049,0.000101829202928408,"5","CASP7"
7.29265629851515e-09,0.106319602473234,0.377,0.151,0.00010274623458978,"5","SETX"
7.29746894531865e-09,0.0666897491755638,0.215,0.07,0.000102814039970594,"5","TP53RK"
7.34942456626224e-09,-0.397042129802967,0.354,0.135,0.000103546042714069,"5","CCDC115"
7.39955770059471e-09,0.0873453663106624,0.262,0.093,0.000104252368443679,"5","TGS1"
7.40711145251247e-09,0.0610252361854947,0.385,0.156,0.000104358793254448,"5","FAM3C"
7.45407865309486e-09,0.0187526671407001,0.2,0.063,0.000105020514143454,"5","CLPX"
7.4863471836488e-09,0.39640533718635,0.138,0.036,0.000105475145470428,"5","RELT"
7.50727044816493e-09,-0.0564522143582353,0.508,0.216,0.000105769933344196,"5","YY1"
7.57647750134321e-09,0.399613104024275,0.977,0.766,0.000106744991516424,"5","ARHGDIB"
7.61180667018117e-09,0.314107885899691,0.154,0.042,0.000107242744176183,"5","ZNF626"
7.63421258414994e-09,-0.0913716615310545,0.215,0.07,0.000107558421098089,"5","CAMK2G"
7.64032002666028e-09,-0.0615458965264426,0.223,0.073,0.000107644468855617,"5","PHKB"
7.74482396869725e-09,0.23405040691811,0.185,0.056,0.000109116824894976,"5","IQCB1"
7.84643740890053e-09,0.0610965999274309,0.262,0.092,0.000110548456654,"5","ADA"
8.00203870037843e-09,0.302823900284295,0.254,0.09,0.000112740723249632,"5","AGO3"
8.04072438213212e-09,-0.00419728168472289,0.185,0.056,0.000113285765819859,"5","MKNK1"
8.08461305880279e-09,0.0857809214924217,0.885,0.535,0.000113904113385472,"5","XCL2"
8.18464293888795e-09,0.665224436755628,0.108,0.024,0.000115313434365992,"5","MMS19"
8.19374907102717e-09,0.505643304121892,0.162,0.046,0.000115441730661702,"5","CCNJL"
8.22105804138901e-09,0.0969677541920269,0.254,0.089,0.00011582648674513,"5","ZSWIM7"
8.22902244567979e-09,0.248101236840629,0.177,0.053,0.000115938697237183,"5","RRP8"
8.26198925073465e-09,-0.0491431714459864,0.331,0.126,0.000116403166553601,"5","TSNAX"
8.28958419537147e-09,0.112070923205192,0.277,0.1,0.000116791951728589,"5","PNP"
8.40971423900596e-09,0.193589902866258,0.169,0.049,0.000118484463913355,"5","RRAGC"
8.42311516889756e-09,0.0551895749709266,0.315,0.119,0.000118673269614598,"5","RABGGTB"
8.42748957661209e-09,0.483220085648732,0.162,0.046,0.000118734900644888,"5","AGL"
8.48183329009089e-09,0.383910630133731,0.154,0.043,0.00011950054922409,"5","KIAA0232"
8.51626728472076e-09,-0.00774381434572269,0.431,0.177,0.000119985689774431,"5","PLEKHA2"
8.57331452630984e-09,-0.293147743485158,0.346,0.132,0.000120789428361179,"5","CYTH4"
8.57932883916805e-09,-0.140112475091392,0.4,0.16,0.000120874164015039,"5","ITPA"
8.64083913395021e-09,-1.24233084218411,0.831,0.78,0.000121740782558224,"5","CXCR4"
8.6979558730539e-09,0.569797572055637,0.108,0.024,0.000122545500295456,"5","EDC3"
8.72755528518343e-09,-0.0514152330079813,0.315,0.119,0.000122962526412949,"5","IST1"
8.86966271380804e-09,0.658743618973987,0.154,0.043,0.000124964677974842,"5","CDK19"
8.90944423144147e-09,-0.228686513180279,0.146,0.039,0.000125525159776779,"5","BCO2"
9.11662113550567e-09,0.910234053746404,0.115,0.027,0.000128444075178139,"5","ASPH"
9.14681113547824e-09,0.613323291238432,0.238,0.083,0.000128869422087753,"5","MLLT3"
9.15461219616376e-09,0.0260410131057642,0.185,0.056,0.000128979331231751,"5","SDHAF1"
9.20157401820003e-09,0.408263402973804,0.2,0.064,0.00012964097634242,"5","SLC4A1AP"
9.24272504389872e-09,0.742702181800768,0.115,0.027,0.000130220753143489,"5","ALDH18A1"
9.24596556117502e-09,0.267192418727092,0.192,0.06,0.000130266408791395,"5","PRAF2"
9.26281942361831e-09,-0.114070758702931,0.192,0.059,0.000130503862859358,"5","AP5M1"
9.28738951317738e-09,-0.0463376979713331,0.269,0.096,0.000130850030851156,"5","ADIPOR1"
9.29168080533989e-09,-0.198066123172793,0.369,0.144,0.000130910490866434,"5","SHKBP1"
9.30608761045193e-09,0.32073672868258,0.162,0.046,0.000131113468343657,"5","YARS2"
9.35281776870572e-09,-0.0317904946801466,0.2,0.063,0.000131771849543295,"5","UTP6"
9.41625887659478e-09,0.0988682444093141,0.192,0.06,0.000132665671312344,"5","TAF1"
9.52515356251869e-09,-0.409020575952095,0.277,0.098,0.000134199888542326,"5","GOSR1"
9.5675829681767e-09,0.2896387552833,0.177,0.053,0.000134797676438641,"5","NELFB"
9.63666224315957e-09,0.776900872383055,0.108,0.024,0.000135770934343875,"5","GCFC2"
9.6483967485059e-09,0.424393738470934,0.1,0.022,0.0001359362617897,"5","SMG9"
9.74046934658166e-09,0.117653000768531,0.169,0.049,0.000137233472623989,"5","RIOK2"
9.74046947819446e-09,-0.114771351172849,0.169,0.049,0.000137233474478282,"5","FAF2"
9.7979542267801e-09,0.404245264061247,0.154,0.043,0.000138043377101105,"5","ZNF827"
9.91090803262984e-09,0.0111316139604969,0.546,0.235,0.000139634783271722,"5","STRAP"
9.93281490131627e-09,-0.106626370934909,0.354,0.138,0.000139943429144645,"5","TBL1XR1"
1.00277086637565e-08,0.0211973224902591,0.146,0.039,0.000141280387363665,"5","RAD17"
1.00326043795431e-08,0.227212227513055,0.615,0.288,0.000141349363103383,"5","MYH9"
1.0098418208087e-08,0.988275019766436,0.108,0.025,0.000142276614133738,"5","TMEM106A"
1.01035955309124e-08,0.115980740952923,0.731,0.337,0.000142349557435025,"5","ACTN4"
1.02766586381325e-08,-0.242666406297662,0.308,0.114,0.000144787843552649,"5","ZC3H18"
1.0366626756549e-08,0.571009973342786,0.123,0.03,0.000146055404373018,"5","NAP1L5"
1.04030663566093e-08,-0.279462459700778,0.238,0.08,0.000146568801898268,"5","CNOT8"
1.04173738897947e-08,0.455107288545794,0.108,0.024,0.000146770380733318,"5","MAP2K5"
1.04991882895959e-08,0.17907107645358,0.131,0.033,0.000147923063812117,"5","MRI1"
1.05682346142082e-08,-0.0476584405942732,0.3,0.112,0.000148895857479579,"5","STX16"
1.06197482780949e-08,0.232492161950645,0.831,0.417,0.000149621633490079,"5","PRDX5"
1.06280730875101e-08,-0.125771658971402,0.292,0.107,0.00014973892172993,"5","GALNT1"
1.06333041800948e-08,0.422052331880858,0.131,0.033,0.000149812622593355,"5","PDK2"
1.08018865848149e-08,0.00513183098823367,0.285,0.104,0.000152187780093457,"5","CTR9"
1.08059747616063e-08,-1.34834263356176,0.869,0.727,0.000152245378416272,"5","IER2"
1.08748379311141e-08,0.284891706831446,0.146,0.04,0.000153215591611467,"5","MED25"
1.10407516351812e-08,-0.154211930890728,0.431,0.176,0.000155553149788068,"5","TNFAIP8"
1.11373487247479e-08,0.2816323580482,0.208,0.067,0.000156914106182973,"5","VTI1A"
1.11398016427514e-08,0.420980891559036,0.969,0.794,0.000156948665344725,"5","HNRNPA1"
1.11409258980086e-08,0.264405581692816,0.146,0.04,0.000156964504977044,"5","GUCD1"
1.13530066815519e-08,0.285622046752168,0.154,0.043,0.000159952511136384,"5","LRRC40"
1.15581570387792e-08,-0.00116583267748438,0.438,0.181,0.00016284287451936,"5","THOC2"
1.15874615157211e-08,0.204766458107516,0.146,0.04,0.000163255745294995,"5","GCLC"
1.16545507687971e-08,0.0888685052762797,0.177,0.053,0.000164200965781583,"5","BTBD6"
1.1770521809336e-08,0.192845007308999,0.177,0.053,0.000165834881771735,"5","SDCCAG8"
1.19633975212768e-08,0.341342156057237,0.146,0.04,0.000168552307677268,"5","KLHL7"
1.19658735938998e-08,-0.00231626072971558,0.169,0.05,0.000168587193064455,"5","CALHM2"
1.20275548909377e-08,-0.0800978580184699,0.415,0.17,0.000169456220858421,"5","EIF2A"
1.2165867313187e-08,0.301900728301118,0.1,0.022,0.000171404904575492,"5","IPP"
1.25099600377308e-08,0.0130683519030546,0.254,0.089,0.000176252826971589,"5","TAOK1"
1.25760648702263e-08,-0.233540145616999,0.354,0.137,0.000177184177956619,"5","TINF2"
1.28617320327832e-08,-0.227523278256738,0.523,0.221,0.000181208942609882,"5","USP16"
1.2868634057205e-08,-0.0505313274560378,0.377,0.151,0.000181306185231961,"5","HIF1A"
1.29134572388572e-08,0.0469813355773177,0.215,0.071,0.000181937699038259,"5","CYSTM1"
1.29608445219421e-08,-0.0962029507144005,0.392,0.158,0.000182605338469642,"5","UPF2"
1.30091577897929e-08,0.33270125095376,0.154,0.043,0.000183286024100392,"5","DNAJA3"
1.31821700445566e-08,0.48881965421826,0.185,0.058,0.000185723593757759,"5","MAN2A1"
1.3228474490475e-08,-0.0594914050914447,0.269,0.097,0.000186375977096302,"5","B3GNT2"
1.33903132373971e-08,0.156513385461116,0.262,0.094,0.000188656123201687,"5","CCDC28A"
1.34832740545928e-08,-0.231909452873772,0.315,0.118,0.000189965848155158,"5","BEX4"
1.3502551010824e-08,0.0508940976421317,0.185,0.057,0.000190237441191499,"5","MIIP"
1.36091120733357e-08,0.31504386106717,0.246,0.088,0.000191738780001226,"5","MALT1"
1.36741053167791e-08,-1.29626410901099,0.677,0.711,0.000192654469808101,"5","DUSP2"
1.38243919203152e-08,-0.161888034110863,0.246,0.085,0.00019477185776532,"5","SNX20"
1.38289424759014e-08,0.0279227232137213,0.354,0.142,0.000194835970542975,"5","PTK2B"
1.38618739892354e-08,-0.0774165047261999,0.369,0.147,0.000195299942634337,"5","YAF2"
1.3910840150755e-08,0.156051833452306,0.131,0.034,0.000195989826883987,"5","FBXL6"
1.39537689447042e-08,0.113567056137148,0.192,0.061,0.000196594650661937,"5","NPAT"
1.41802276259768e-08,-0.0431389784245604,0.154,0.043,0.000199785227022387,"5","DAPK3"
1.41804193136554e-08,-0.116441829008109,0.3,0.111,0.000199787927710091,"5","ATG5"
1.42021195791114e-08,0.187628696362169,0.215,0.072,0.0002000936627501,"5","GBP3"
1.42918899394074e-08,-0.163753793096163,0.377,0.15,0.00020135843735631,"5","UBAC2"
1.43234806716185e-08,0.14541561798513,0.208,0.068,0.000201803519182433,"5","PTTG1IP"
1.43833860692998e-08,0.0378675143377163,0.138,0.037,0.000202647526330364,"5","PDHX"
1.44534143167786e-08,0.142906529186562,0.177,0.054,0.000203634154309093,"5","PGRMC1"
1.4725021753509e-08,-0.144657703033504,0.454,0.189,0.000207460831485188,"5","BDP1"
1.48090314539852e-08,0.140468912616488,0.685,0.317,0.000208644444155198,"5","KRT10"
1.48341689239242e-08,0.541397147945618,0.154,0.044,0.000208998605969168,"5","THUMPD2"
1.4889444310274e-08,-0.0283812906430809,0.177,0.054,0.00020977738088745,"5","SNAP47"
1.48964777734891e-08,-0.213273335261113,0.469,0.194,0.000209876475350688,"5","MAT2A"
1.50895151911632e-08,0.765165531423245,0.1,0.022,0.000212596179528298,"5","AP4E1"
1.52436548399002e-08,-0.0184628795420929,0.246,0.086,0.000214767853039355,"5","NSMCE4A"
1.52982875221133e-08,-0.200436703837205,0.246,0.085,0.000215537572899055,"5","ZFX"
1.53062543181627e-08,0.577631491553815,0.131,0.034,0.000215649817088595,"5","ZADH2"
1.53156624570275e-08,-0.963930462159589,0.7,0.744,0.000215782368357061,"5","GZMB"
1.5333232572411e-08,-0.0715122669234239,0.277,0.101,0.000216029913712698,"5","USP33"
1.5608251322161e-08,-0.292322075113633,0.131,0.034,0.000219904652877927,"5","AARSD1"
1.57848074676881e-08,0.0733322383157243,0.231,0.079,0.000222392152412257,"5","GCLM"
1.59280709525791e-08,-0.210945149185584,0.262,0.093,0.000224410591650886,"5","USO1"
1.59817991466513e-08,0.867249569365557,0.115,0.028,0.00022516756817717,"5","MYO7A"
1.59897101684998e-08,-0.100355523608723,0.262,0.093,0.000225279026563994,"5","LENG1"
1.60333052727826e-08,0.282434264174046,0.146,0.04,0.000225893237988234,"5","PAPSS1"
1.60628996684808e-08,-0.0867868175193406,0.438,0.182,0.000226310193429226,"5","NEMF"
1.61502506686178e-08,-0.316088883235066,0.308,0.115,0.000227540881670156,"5","LINC00996"
1.61533409262398e-08,0.16924981955093,0.2,0.064,0.000227584420309793,"5","CCDC137"
1.6181494830328e-08,0.0782334143200893,0.569,0.253,0.000227981080664491,"5","RAB7A"
1.62613986853262e-08,-0.22440428926223,0.2,0.064,0.000229106846077561,"5","GINM1"
1.62807916212056e-08,0.0965322525855687,0.146,0.04,0.000229380073151166,"5","ACAD8"
1.63965981069386e-08,0.0484185294962856,0.177,0.054,0.000231011670728658,"5","ECSIT"
1.67430366982488e-08,0.0210730223976798,0.431,0.18,0.000235892644041627,"5","WNK1"
1.68435831806585e-08,0.213802812022616,0.154,0.044,0.000237309243432298,"5","CYSLTR1"
1.69280427225185e-08,-0.214054550326449,0.2,0.064,0.000238499193917563,"5","SEC23B"
1.69501695704381e-08,-0.0311458144167041,0.223,0.075,0.000238810939077902,"5","EMC2"
1.71561899195694e-08,0.00943086480823252,0.323,0.125,0.000241713559776814,"5","PQBP1"
1.7160191197935e-08,0.0883634673696785,0.131,0.034,0.000241769933787706,"5","HACD2"
1.73193903575076e-08,0.0976015599947284,0.192,0.061,0.000244012890746924,"5","REV1"
1.73413903261908e-08,0.925567303059607,0.1,0.022,0.000244322848305703,"5","OGFOD2"
1.73875338336567e-08,0.273690961351247,0.123,0.031,0.000244972964182389,"5","RRP9"
1.76118652453873e-08,-0.408034469177224,0.177,0.053,0.000248133569442262,"5","OSM"
1.80663248148323e-08,0.144307080204084,0.623,0.29,0.000254536450316173,"5","NSA2"
1.80726277671511e-08,0.118856187248078,0.162,0.047,0.000254625252611392,"5","HPS4"
1.85457735263752e-08,-0.0830641801031868,0.231,0.079,0.000261291403213101,"5","GFER"
1.85977189237058e-08,-0.0566563961941391,0.138,0.037,0.000262023261916091,"5","TFCP2"
1.87995461194427e-08,0.201202589964853,0.169,0.051,0.000264866805276828,"5","ZC3H14"
1.88171293118946e-08,-0.0222513586201525,0.146,0.04,0.000265114534875282,"5","MAPK6"
1.88601194549975e-08,-0.303181321191638,0.315,0.12,0.00026572022300146,"5","OARD1"
1.89904555372987e-08,-0.027904944646381,0.362,0.144,0.000267556528065001,"5","UBE2K"
1.90321353484603e-08,-0.028472050070192,0.185,0.057,0.000268143754924456,"5","DESI1"
1.93563219003136e-08,-0.0576614084390841,0.685,0.308,0.000272711219253519,"5","ARHGAP9"
1.941593580859e-08,-0.00530813169641009,0.162,0.047,0.000273551119607225,"5","COPG1"
1.95721504348048e-08,-0.177036314211134,0.323,0.124,0.000275752027475965,"5","VTI1B"
1.96446785562538e-08,0.398916259754976,0.115,0.028,0.00027677387617906,"5","CHUK"
1.97538245749271e-08,1.14041255383028,0.115,0.028,0.000278311634436148,"5","ATG7"
1.97563046979742e-08,-0.0138275573328306,0.262,0.094,0.000278346576889759,"5","NAALADL1"
1.98781587595313e-08,-0.115057670310442,0.215,0.071,0.000280063378763037,"5","DHX38"
1.99397363410188e-08,-0.30454930122207,0.323,0.123,0.000280930945308613,"5","PUM1"
1.99529907395511e-08,0.3572870965176,0.131,0.034,0.000281117686529535,"5","PTRH2"
2.02076906772588e-08,0.179272822637479,0.154,0.044,0.0002847061539519,"5","ZNF567"
2.0279413766133e-08,-0.102811324153149,0.192,0.061,0.000285716660551048,"5","PMPCA"
2.03007738094573e-08,-0.243240542656372,0.277,0.101,0.000286017602201444,"5","COMMD5"
2.03516794668234e-08,-0.249681273872119,0.423,0.173,0.000286734812008075,"5","PPCS"
2.10357592956727e-08,0.235656977103151,0.192,0.062,0.000296372812716733,"5","LTV1"
2.11637473190785e-08,0.157847246441723,0.223,0.076,0.000298176035978497,"5","UBR1"
2.13354628197508e-08,-0.0879227506805447,0.185,0.057,0.000300595335667469,"5","SCYL1"
2.15768288544944e-08,0.77428268043493,0.115,0.028,0.000303995941730972,"5","MICAL3"
2.16072114460279e-08,-0.239650805880946,0.277,0.101,0.000304424002063087,"5","COX19"
2.1652209400088e-08,0.359600484502768,0.108,0.025,0.00030505797823784,"5","LRWD1"
2.18975288863083e-08,0.34648846057838,0.208,0.07,0.000308514284479198,"5","LRPPRC"
2.19591186599213e-08,0.109848466700516,0.238,0.083,0.000309382022799631,"5","CYTH2"
2.20005441652349e-08,0.188605503349613,0.131,0.034,0.000309965666743994,"5","NFE2L1"
2.21646634433623e-08,0.320939033482863,0.138,0.038,0.000312277943253531,"5","TRAK2"
2.22904986141576e-08,0.170022346688186,0.223,0.076,0.000314050834974866,"5","GORASP2"
2.2501958583058e-08,0.163482313209795,0.169,0.051,0.000317030094476704,"5","TCEA2"
2.26817312995413e-08,0.493632461233659,0.192,0.062,0.000319562912279237,"5","FAM98C"
2.27181849348956e-08,0.203882030653371,0.2,0.065,0.000320076507547745,"5","ATF7IP2"
2.27520935461877e-08,0.0452064304289513,0.477,0.208,0.000320554245972238,"5","SLA2"
2.27799215890993e-08,0.492069354790809,0.146,0.041,0.00032094631526882,"5","CCZ1B"
2.29516568191492e-08,0.0415746774639785,0.7,0.325,0.000323365892924992,"5","EIF3L"
2.31312523781137e-08,0.0567563698059259,0.192,0.061,0.000325896214755244,"5","PIGF"
2.31467133145589e-08,0.133708720371789,0.131,0.034,0.000326114043888821,"5","DBR1"
2.36946494349116e-08,-0.0598302558961468,0.277,0.103,0.000333833915888469,"5","NUMA1"
2.37275753193649e-08,-0.111204774070178,0.285,0.106,0.000334297808674532,"5","TXNDC15"
2.37306564975454e-08,-0.327683090559275,0.277,0.1,0.000334341219393917,"5","DRAM2"
2.37821052366184e-08,0.28779210184959,0.246,0.088,0.000335066080678716,"5","SKI"
2.38531421592834e-08,0.127216902342557,0.138,0.038,0.000336066919882144,"5","IFITM10"
2.39792749895648e-08,0.0150613963059247,0.577,0.26,0.000337844005327979,"5","GNPTAB"
2.40075766869595e-08,0.495540875755863,0.108,0.025,0.000338242747942573,"5","CPTP"
2.40204461017715e-08,0.409306958774219,0.1,0.022,0.000338424065127858,"5","DOT1L"
2.40568922757793e-08,0.584938642336447,0.231,0.082,0.000338937555273455,"5","NIN"
2.4210714886514e-08,0.40654238878311,0.138,0.038,0.000341104762036096,"5","FAM76A"
2.42456221905771e-08,-0.0174734162729264,0.646,0.297,0.000341596571043041,"5","SCAND1"
2.4339377744531e-08,0.630348697716295,0.115,0.028,0.000342917493042697,"5","ARL13B"
2.4368522167428e-08,0.187363452622028,0.177,0.055,0.000343328108816893,"5","EFTUD2"
2.44120541274543e-08,0.0108252148995076,0.146,0.041,0.000343941430601704,"5","CDADC1"
2.45433607988138e-08,0.0746095875431234,0.238,0.084,0.000345791410294487,"5","PRCC"
2.46550782932664e-08,0.109585713078555,0.369,0.151,0.000347365398073831,"5","GYG1"
2.4750043687184e-08,0.094635745009947,0.438,0.188,0.000348703365508735,"5","NIPBL"
2.47585782912258e-08,-0.0398549166193972,0.423,0.178,0.00034882360954508,"5","MTCH1"
2.48669474435303e-08,0.372095657038565,0.177,0.055,0.000350350422531898,"5","TMEM245"
2.49899642993175e-08,0.289793935925081,0.169,0.051,0.000352083607013085,"5","SLC39A6"
2.50761888561164e-08,0.268870883069459,0.123,0.031,0.000353298424793824,"5","ING5"
2.51709521628283e-08,0.0862615283636909,0.162,0.048,0.000354633545022087,"5","CNOT3"
2.55212049323498e-08,0.443470069143613,0.115,0.028,0.000359568256291876,"5","TTC33"
2.56517451675815e-08,-0.319470827810334,0.223,0.075,0.000361407437666056,"5","TMED1"
2.6421343788808e-08,0.264409539601977,0.162,0.048,0.000372250312640515,"5","LINC00426"
2.64403861548042e-08,0.194784229753639,0.138,0.038,0.000372518600535037,"5","BRF1"
2.65392088642169e-08,-0.159036154315391,0.292,0.11,0.000373910913687951,"5","SETD5"
2.66138848737866e-08,-0.0934603312908878,0.331,0.131,0.000374963023986779,"5","VOPP1"
2.68384772589329e-08,0.242831541499695,0.123,0.031,0.000378127306101106,"5","PLXNC1"
2.6840470120427e-08,0.22907717548055,0.154,0.044,0.000378155383526696,"5","TRNT1"
2.69255935769223e-08,0.177398436502175,0.2,0.066,0.000379354687905258,"5","IMPDH1"
2.69773458728036e-08,0.481468375922103,0.131,0.035,0.00038008382600193,"5","CCDC127"
2.70433140601324e-08,0.489803682014138,0.169,0.052,0.000381013251793206,"5","PI4KB"
2.73115371408566e-08,-0.0962273250805309,0.3,0.114,0.000384792246777528,"5","COPS2"
2.74008626768944e-08,0.0209948110121179,0.208,0.069,0.000386050754254766,"5","BCL2L1"
2.74432118399914e-08,-0.155026711124584,0.385,0.156,0.000386647411613639,"5","ST3GAL1"
2.77016856367882e-08,0.205000539191857,0.154,0.044,0.000390289048936709,"5","FARS2"
2.79569299408982e-08,-0.201871931954145,0.4,0.164,0.000393885185937314,"5","RNF126"
2.79838385265387e-08,-0.0554247112448017,0.338,0.134,0.000394264301000404,"5","SDHAF2"
2.8161616976736e-08,-0.11962264031412,0.138,0.038,0.000396769021585234,"5","WBP1L"
2.87759069571774e-08,0.232349170809119,0.292,0.113,0.000405423753119673,"5","FAM172A"
2.88429862725274e-08,-0.0462219032591176,0.169,0.051,0.000406368833593639,"5","CDKN2AIPNL"
2.88678525403135e-08,-0.0345069466159575,0.392,0.162,0.000406719174440477,"5","LPXN"
2.91025958767508e-08,0.00107430719966939,0.454,0.195,0.000410026473307543,"5","CCDC69"
2.91118191225189e-08,0.448819488423219,0.154,0.045,0.000410156419617169,"5","ZDHHC7"
2.91651312931356e-08,-0.334611653797289,0.323,0.124,0.000410907534788987,"5","FLI1"
2.92463452132411e-08,-0.143572852614604,0.285,0.106,0.000412051757709354,"5","PACS1"
2.94189186465066e-08,-0.0221369649448108,0.4,0.166,0.000414483144810632,"5","NAA50"
2.94671147768847e-08,-0.247429861534529,0.4,0.163,0.000415162180091528,"5","ATP6V0D1"
2.95002145943209e-08,0.481820343403711,0.169,0.052,0.000415628523419388,"5","EXOC2"
2.97416652868115e-08,0.022070336932093,0.246,0.088,0.000419030322225887,"5","SIKE1"
3.00773838693735e-08,-0.203314746219003,0.254,0.091,0.000423760261335603,"5","GALM"
3.01624637029603e-08,-0.0923163215642506,0.192,0.062,0.000424958951111007,"5","EIF2B5"
3.02366920235865e-08,0.16706126346338,0.846,0.42,0.00042600475392031,"5","JTB"
3.02476958966578e-08,-0.144432343777465,0.392,0.161,0.000426159787488012,"5","TMEM248"
3.03819980472829e-08,0.0355826902037694,0.246,0.088,0.000428051970488168,"5","BORCS5"
3.06659481180225e-08,0.615525003452968,0.131,0.035,0.000432052543034819,"5","ADNP2"
3.07869763059794e-08,-0.116031066572773,0.338,0.134,0.000433757709174944,"5","PPP2R5E"
3.11054121361715e-08,0.309794327150367,0.923,0.503,0.000438244151586521,"5","YWHAB"
3.12388124879027e-08,0.231552627393495,0.269,0.101,0.000440123629142062,"5","GOLIM4"
3.13372657052367e-08,0.16503401291462,0.6,0.281,0.000441510736521079,"5","TAP1"
3.16078680851172e-08,-0.35364430421679,0.231,0.08,0.000445323253451216,"5","U2AF1L4"
3.18384184945208e-08,0.525561737197298,0.108,0.026,0.000448571478169304,"5","CEP162"
3.22999482591985e-08,0.361892906300106,0.146,0.041,0.000455073971023848,"5","CCDC22"
3.24381486469752e-08,-0.360868092879988,0.323,0.125,0.000457021076287234,"5","CEP78"
3.27723574542938e-08,0.0121184282838025,0.162,0.048,0.000461729744173546,"5","AHCTF1"
3.29365668758028e-08,0.155572481751761,0.162,0.048,0.000464043290713186,"5","MTA1"
3.37453813593773e-08,-0.019246807337115,0.315,0.123,0.000475438677972266,"5","NMRK1"
3.3823026937307e-08,0.501061005307025,0.115,0.029,0.000476532626519718,"5","UBIAD1"
3.42253235234663e-08,0.268749108370282,0.108,0.026,0.000482200583122117,"5","TGFBRAP1"
3.55024970893482e-08,0.315158696103359,0.131,0.035,0.000500194681491826,"5","RNF170"
3.55594462231019e-08,-0.101241799912832,0.423,0.179,0.000500997037837283,"5","CEBPZ"
3.58844388892486e-08,-0.264432038652621,0.562,0.243,0.000505575859510623,"5","MED10"
3.59661375953459e-08,-0.403355126775101,0.146,0.041,0.000506726912580829,"5","IFIT2"
3.61967355973774e-08,0.308476574715651,0.131,0.035,0.00050997580783145,"5","CDR2"
3.65439657205862e-08,0.0571899920610308,0.177,0.055,0.000514867933037338,"5","PPP5C"
3.67388042760639e-08,0.039629037218103,0.385,0.16,0.000517613013445464,"5","PPP4R3A"
3.67585700516042e-08,-0.207579216335999,0.523,0.226,0.000517891493457052,"5","CSK"
3.67736340524979e-08,-0.00326821989518811,0.123,0.032,0.000518103730165642,"5","KIAA1328"
3.6779863643993e-08,0.602753349570816,0.1,0.023,0.000518191498880217,"5","GRAMD4"
3.70062080630629e-08,-0.0730269745608791,0.262,0.095,0.000521380465400493,"5","ACTR6"
3.7387234012234e-08,-0.15088905096722,0.246,0.088,0.000526748739998365,"5","LSM12"
3.73900184001752e-08,-0.102399769797735,0.192,0.062,0.000526787969240068,"5","HSCB"
3.74926033565139e-08,0.162817238600944,0.123,0.032,0.000528233288689924,"5","GSN"
3.80648638992986e-08,0.0494191142094065,0.177,0.055,0.000536295867477218,"5","SPTLC1"
3.82194117106127e-08,-0.0198377758053767,0.5,0.221,0.000538473291590823,"5","COPS6"
3.83537249770591e-08,0.17281442134987,0.246,0.089,0.000540365631201785,"5","NCALD"
3.84327656658304e-08,-0.0926388033499185,0.577,0.256,0.000541479235465884,"5","RAB2A"
3.85279546349531e-08,-0.0275022060973468,0.362,0.148,0.000542820352851854,"5","SREK1IP1"
3.86882842381881e-08,-0.169296500466646,0.592,0.262,0.000545079236631832,"5","STOM"
3.8900702009964e-08,0.199182358774677,0.154,0.045,0.000548071990618383,"5","TRAPPC12"
3.89150394005348e-08,-0.00864082059605364,0.231,0.081,0.000548273990114135,"5","AGPAT2"
3.90967261571972e-08,0.548187375909323,0.131,0.035,0.000550833774828751,"5","PEX1"
3.91134875981295e-08,-0.0152679787817431,0.308,0.119,0.000551069926770046,"5","CLINT1"
3.92170430930271e-08,0.040868163740865,0.546,0.25,0.000552528920137658,"5","RBPJ"
3.92723981382039e-08,-0.121709702114496,0.346,0.138,0.000553308817369155,"5","BRD7"
3.93135107882357e-08,-0.29923164870448,0.254,0.091,0.000553888053495453,"5","LMBRD1"
3.96618751635196e-08,-2.66318356556999,0.108,0.317,0.000558796159178828,"5","GPSM3"
3.97366570457928e-08,0.0196314802748538,0.392,0.164,0.000559849761118174,"5","SAMD9L"
3.98753257343145e-08,0.414721392193462,0.138,0.038,0.000561803464270756,"5","CLOCK"
4.00141862662402e-08,0.0364851553262933,0.185,0.059,0.000563759870305058,"5","FBXW11"
4.00219847084645e-08,0.342771295481074,0.146,0.042,0.000563869742557556,"5","SLC35F6"
4.00263960239018e-08,0.206780668892775,0.785,0.386,0.000563931893580752,"5","UBE2D2"
4.00566363281305e-08,-0.0926385361339068,0.192,0.062,0.00056435794922703,"5","AQR"
4.02574560202468e-08,-0.0623822910094789,0.185,0.059,0.000567187297869258,"5","GNB5"
4.02913467972175e-08,-0.390951813871373,0.331,0.128,0.000567664785025998,"5","OGFR"
4.05628157276449e-08,-0.197437044504617,0.638,0.28,0.000571489510786788,"5","TMED2"
4.10245726990169e-08,-0.0673617103913395,0.185,0.059,0.00057799520475645,"5","ARHGEF7"
4.11632611866188e-08,0.197011115940999,0.131,0.035,0.000579949186858272,"5","TCF3"
4.13368551049352e-08,-0.000458709164997018,0.123,0.032,0.000582394951573432,"5","SNUPN"
4.1704948505033e-08,0.124845858565736,0.162,0.048,0.00058758101948741,"5","SNX18"
4.18375358493799e-08,0.912066970256657,0.1,0.023,0.000589449042581913,"5","IMPACT"
4.19733764804419e-08,0.13126618337627,0.415,0.179,0.000591362901232945,"5","PHYKPL"
4.20083813456165e-08,0.526704275180804,0.138,0.039,0.000591856084778391,"5","CCL28"
4.21910906838937e-08,-0.153834857540658,0.708,0.319,0.000594430276645379,"5","EIF3D"
4.25737902885289e-08,-0.0450512959616474,0.285,0.108,0.000599822131375084,"5","UBN1"
4.35763424928679e-08,-0.155738001411273,0.192,0.062,0.000613947089382016,"5","TRIM69"
4.35887994608048e-08,-0.153100977360462,0.169,0.052,0.000614122595603279,"5","UNK"
4.369239212306e-08,0.174628378593658,0.831,0.418,0.000615582112621793,"5","HNRNPA0"
4.37632312130989e-08,0.0532644250151684,0.162,0.048,0.00061658016456135,"5","ATG13"
4.46343842736304e-08,0.252966468739069,0.185,0.059,0.000628853840031179,"5","NUP153"
4.49249956873462e-08,0.146940809564788,0.154,0.045,0.00063294826423902,"5","LSG1"
4.53396559654024e-08,0.239516320311923,0.154,0.045,0.000638790412896555,"5","HSPA13"
4.61488969802641e-08,-0.0290718575027598,0.231,0.081,0.000650191809554941,"5","GSK3B"
4.6499346390305e-08,0.383096194085736,0.108,0.026,0.000655129291293008,"5","CEP170"
4.65768615326095e-08,0.240598376603894,0.177,0.056,0.000656221402132935,"5","NRAS"
4.73086641784477e-08,0.0541164398330909,0.762,0.362,0.000666531769610149,"5","VPS28"
4.73990279962292e-08,-0.290321377989871,0.292,0.111,0.000667804905438873,"5","ATP6V1H"
4.80546831934902e-08,-0.103051175719707,0.169,0.052,0.000677042431513084,"5","TMEM216"
4.83418618611092e-08,-0.0709626760279686,0.438,0.188,0.000681088491761168,"5","DIAPH1"
4.84770925878401e-08,0.148649850088603,0.185,0.059,0.00068299375747008,"5","MAN1B1"
4.89649461613226e-08,-0.0549247282705967,0.254,0.093,0.000689867126466875,"5","KIN"
4.8975266307752e-08,0.154098665144606,0.108,0.026,0.000690012527009917,"5","ZNF362"
4.91721316634816e-08,0.490225490951128,0.108,0.026,0.000692786163006793,"5","VMAC"
4.92855079007046e-08,0.366076399420074,0.923,0.539,0.000694383520813027,"5","LCP1"
4.99103177816417e-08,0.15649980327751,0.662,0.323,0.000703186467225549,"5","TLN1"
5.03335749810368e-08,0.116789312944415,0.185,0.059,0.000709149737907828,"5","RPF2"
5.03867002566308e-08,0.119609197417123,0.677,0.315,0.000709898219915672,"5","ATP1B3"
5.03915552492296e-08,0.0739321499916623,0.208,0.07,0.000709966621906396,"5","NUMB"
5.06442161421924e-08,0.417177328656377,0.146,0.042,0.000713526361227348,"5","IDH1"
5.10396072855255e-08,-0.0115369468148769,0.223,0.077,0.000719097027045769,"5","ANKRD13A"
5.13844705411075e-08,0.163649558355201,0.354,0.147,0.000723955805453663,"5","DUSP10"
5.21962371322487e-08,0.104579162975052,0.738,0.351,0.000735392784956253,"5","ACTR2"
5.23194931689684e-08,0.0496962043237374,0.262,0.097,0.000737129339257595,"5","TBK1"
5.28944722275001e-08,-0.0826257221001836,0.154,0.045,0.000745230219213248,"5","XRRA1"
5.29430791535175e-08,-0.354652824317799,0.238,0.084,0.000745915042193907,"5","ING3"
5.37311552999266e-08,0.269032634512171,0.9,0.495,0.000757018247020665,"5","SOD1"
5.39623252978083e-08,0.137613658876088,0.208,0.071,0.000760275201120821,"5","ZBTB11"
5.39952655581979e-08,-0.176176354663543,0.431,0.183,0.000760739296449451,"5","EAPP"
5.48831054074681e-08,-0.16349497825203,0.169,0.052,0.000773248072085817,"5","SGSM3"
5.51708468734525e-08,-0.123656739328588,0.208,0.07,0.000777302061600073,"5","PAF1"
5.53534587656664e-08,0.112073067004656,0.223,0.078,0.000779874880549474,"5","NIP7"
5.53761223875454e-08,-0.297837379840006,0.238,0.085,0.000780194188318127,"5","WIPF2"
5.55234979910474e-08,-0.131624431275654,0.177,0.056,0.000782270563195867,"5","GIPC1"
5.64723882236763e-08,0.349842782164265,0.123,0.032,0.000795639477683375,"5","CYP2R1"
5.65006363938025e-08,-0.184958890927992,0.4,0.166,0.000796037466152283,"5","KRAS"
5.65091088509616e-08,-0.308160767452779,0.308,0.119,0.000796156834601198,"5","RSU1"
5.66564333363972e-08,0.0348098563852607,0.269,0.101,0.0007982324892765,"5","BECN1"
5.72868977799416e-08,0.220096764576261,0.208,0.071,0.000807115102821597,"5","SDR39U1"
5.77835326849964e-08,0.20043425448945,0.138,0.039,0.000814112191998914,"5","ABCD3"
5.81921225107837e-08,0.668066567965368,0.108,0.026,0.000819868814054432,"5","FAM210B"
5.96560569785252e-08,0.594798405657541,0.115,0.029,0.000840494186770442,"5","TRAPPC9"
6.07054951102968e-08,-0.0708363215906758,0.169,0.052,0.000855279720608972,"5","TDRD3"
6.07784220506327e-08,0.102711359664549,0.208,0.071,0.000856307188271365,"5","AKT2"
6.15420606568846e-08,0.271267819966996,0.131,0.036,0.000867066092594848,"5","STK32C"
6.18729208973078e-08,0.12712345996521,0.346,0.143,0.00087172758252217,"5","AHI1"
6.21539879982918e-08,0.0414620036324171,0.538,0.249,0.000875687536907934,"5","CLEC2D"
6.24357917282115e-08,0.313651120176631,0.162,0.049,0.000879657869658772,"5","CCNG2"
6.26515543962864e-08,-0.037144307102761,0.523,0.231,0.000882697749889279,"5","DNAJC1"
6.29624855183683e-08,-0.269880455034914,0.377,0.156,0.000887078458468291,"5","MGAT1"
6.300677426508e-08,-0.122846425188743,0.177,0.056,0.000887702442620712,"5","CEP63"
6.36367853367348e-08,-1.31305360507084,0.238,0.473,0.000896578668609257,"5","PSMB9"
6.36815219586132e-08,-0.0707400060542829,0.685,0.315,0.000897208962874902,"5","SERPINB1"
6.4082512373699e-08,0.455323146642003,0.1,0.023,0.000902858516833045,"5","ADAL"
6.48138294452668e-08,-0.0999879143530683,0.4,0.17,0.000913162043054363,"5","TOX4"
6.49544725087243e-08,-0.0336601836982435,0.677,0.311,0.000915143563175417,"5","EIF1AX"
6.51399976000018e-08,0.131849938698067,0.262,0.098,0.000917757426186426,"5","PIK3CD"
6.52254537019048e-08,0.168790206199459,0.162,0.049,0.000918961417206137,"5","AASDH"
6.54868477291531e-08,0.106130551978385,0.185,0.06,0.000922644197656038,"5","FAM76B"
6.55558014173491e-08,0.0719306721129931,0.192,0.064,0.000923615686169031,"5","CASP10"
6.60626513741655e-08,-0.316830089661462,0.385,0.158,0.000930756695210618,"5","OTUB1"
6.71977716149632e-08,0.314172563131012,0.277,0.108,0.000946749404283217,"5","BCL2L11"
6.75832454042415e-08,0.258311096540166,0.185,0.06,0.000952180344500359,"5","TIFA"
6.84700100680946e-08,-0.308866237784306,0.323,0.127,0.000964673971849384,"5","SURF1"
6.92987804514248e-08,-0.147566742495911,0.408,0.175,0.000976350517780124,"5","RANBP2"
6.96176189969885e-08,-0.0287167694916537,0.162,0.049,0.00098084263404857,"5","CBWD5"
6.98227919652197e-08,-0.0642766887644211,0.154,0.046,0.00098373331599798,"5","STAMBPL1"
7.00250551711629e-08,0.158781692181984,0.192,0.064,0.000986583002306514,"5","KPNA1"
7.00297763535049e-08,-0.198194510060936,0.315,0.124,0.00098664951904453,"5","STARD7"
7.01087212167574e-08,0.430190590701012,0.115,0.029,0.000987761773222895,"5","TANGO2"
7.08148050650932e-08,0.293148107471348,0.1,0.023,0.000997709788562098,"5","TMEM260"
7.10249710082516e-08,-0.0105707120290721,0.4,0.17,0.00100067081653526,"5","ZNF292"
7.1171554167447e-08,-0.0751645584820897,0.346,0.141,0.00100273602666516,"5","ZNF638"
7.16400328161479e-08,-0.0610697728972058,0.685,0.311,0.00100933642234671,"5","ANXA11"
7.19887212914139e-08,-0.0831093475261857,0.292,0.113,0.00101424909427473,"5","BFAR"
7.21753502279983e-08,0.587180808643241,0.123,0.033,0.00101687850936227,"5","TBXAS1"
7.22373184671641e-08,-0.183887121586951,0.292,0.112,0.00101775157988387,"5","SYNGR2"
7.23640188228211e-08,-0.0186356123747026,0.231,0.082,0.00101953666119473,"5","ZKSCAN1"
7.3639740734709e-08,0.289318885531121,0.115,0.029,0.00103751030721131,"5","CEP83"
7.37693276273646e-08,0.100597075026663,0.238,0.086,0.00103933605694194,"5","TRPC4AP"
7.42776448148537e-08,0.145655583645365,0.185,0.06,0.00104649773779647,"5","OPA1"
7.44327249490192e-08,0.292435834990854,0.115,0.029,0.00104868266180673,"5","NAT10"
7.44799788391247e-08,0.26883747084445,0.146,0.042,0.00104934842186443,"5","HDAC8"
7.51701877840683e-08,0.562388781930845,0.1,0.024,0.00105907277568974,"5","HAUS7"
7.64672427326651e-08,-0.107309054732522,0.354,0.146,0.00107734698286052,"5","SLC5A3"
7.69516730651601e-08,0.0802889251239471,0.192,0.064,0.00108417212181504,"5","SCRN2"
7.72599541159442e-08,-0.120717888309474,0.192,0.064,0.00108851549353954,"5","CRCP"
7.74431715800806e-08,-0.0678993194915132,0.146,0.042,0.00109109684439176,"5","NFIC"
7.77381703233785e-08,0.60107755470336,0.108,0.027,0.00109525308168608,"5","SGTB"
7.78567695218102e-08,0.0772083197198412,0.154,0.046,0.00109692402579278,"5","GOLGA8A"
7.89506473820169e-08,-0.118783881981432,0.262,0.097,0.00111233567096524,"5","TIA1"
7.96625082711347e-08,0.0921691621014764,0.392,0.168,0.00112236507903202,"5","NFKB1"
7.96700862091848e-08,-0.19189612520949,0.8,0.447,0.0011224718446012,"5","MT2A"
8.04928926692881e-08,0.386194633210367,0.846,0.448,0.0011340643648176,"5","ACTR3"
8.11956195553352e-08,-0.124929729530614,0.277,0.106,0.00114396508391512,"5","ZNF721"
8.12281835177482e-08,-0.159874639443801,0.269,0.101,0.00114442387758155,"5","RAF1"
8.22269387195263e-08,-0.236411178500892,0.408,0.172,0.00115849533961941,"5","MDM4"
8.27136341839927e-08,-0.114932863620905,0.331,0.134,0.00116535239201827,"5","CAND1"
8.33662600080249e-08,-0.450184626125112,0.277,0.104,0.00117454723725306,"5","CREB1"
8.34281417411077e-08,0.018766960406319,0.192,0.064,0.00117541908899047,"5","ATG4D"
8.35401972180242e-08,0.338726641429011,0.108,0.027,0.00117699783860474,"5","EGR3"
8.50899990258319e-08,0.0972467350221805,0.331,0.136,0.00119883299627495,"5","CCDC91"
8.54764683479102e-08,0.218455424893835,0.3,0.12,0.00120427796255371,"5","JARID2"
8.59485506474968e-08,-0.226842212731122,0.146,0.042,0.00121092913007258,"5","DDX59"
8.61570764723322e-08,0.0707680762285614,0.185,0.06,0.00121386705041869,"5","UTP23"
8.64625729023518e-08,-0.033553681352664,0.577,0.265,0.00121817118962123,"5","MRFAP1"
8.72589688462969e-08,0.521128933945118,0.123,0.033,0.00122939161207548,"5","SUGP1"
8.79913044139958e-08,-0.155939167390227,0.2,0.067,0.00123970948788879,"5","ANAPC13"
8.83424714380584e-08,0.616600331092858,0.131,0.036,0.0012446570800908,"5","CAPRIN2"
8.8862537939265e-08,0.139885753192549,0.138,0.039,0.0012519842970263,"5","TYSND1"
8.89523965736645e-08,0.513221136083122,0.162,0.05,0.00125325031532636,"5","KIAA0040"
8.95534999965968e-08,0.0293390294318807,0.177,0.057,0.00126171926145205,"5","NUDCD3"
9.07068924891364e-08,-0.203808028026331,0.131,0.036,0.00127796940827944,"5","RABL2B"
9.17372596951877e-08,-0.234033630588092,0.2,0.067,0.0012924862518455,"5","CCDC97"
9.24060704703883e-08,0.145608219035268,0.677,0.327,0.0013019091268573,"5","PTP4A2"
9.26775160829778e-08,0.00452826364442194,0.177,0.057,0.00130573352409307,"5","TIMM22"
9.28170155284444e-08,0.105030221345231,0.846,0.411,0.00130769893178025,"5","CUTA"
9.29861580903307e-08,-0.00553522339921808,0.2,0.068,0.00131008198133467,"5","DLGAP4"
9.32623973741058e-08,-0.0324127571996938,0.254,0.095,0.00131397391660378,"5","PKN2"
9.45386467942373e-08,0.369555095602894,0.108,0.027,0.00133195499468401,"5","STAG3"
9.56267597362845e-08,0.705173916088192,0.131,0.037,0.00134728541792451,"5","FCHSD2"
9.65531070687671e-08,-0.0808627347313179,0.392,0.167,0.00136033672549186,"5","TERF1"
9.70918415591786e-08,-0.174759162777538,0.331,0.133,0.00136792695572727,"5","SNRK"
9.73261409548972e-08,0.225149097116788,0.154,0.047,0.00137122799991355,"5","KLHL18"
9.741347493544e-08,-0.211603581228022,0.392,0.165,0.00137245844836541,"5","VPS4B"
9.80318630330429e-08,-0.110317394667682,0.377,0.158,0.00138117091827254,"5","DNAJA2"
9.80599273615098e-08,0.421135766385303,0.131,0.036,0.00138156631659631,"5","ARNT"
9.83209583814941e-08,-0.292813863625222,0.177,0.057,0.00138524398263687,"5","TBC1D10A"
9.92068926095614e-08,-0.269412571789635,0.8,0.415,0.00139772590997611,"5","XCL1"
9.96902534374874e-08,-0.401651602253893,0.377,0.154,0.00140453598068076,"5","PDCL3"
9.98255632137843e-08,0.579783782571023,0.1,0.024,0.00140644236011901,"5","FCGRT"
9.99806602543375e-08,-0.0245871858326477,0.262,0.099,0.00140862752232336,"5","NGDN"
1.00071207717367e-07,-0.231845742550263,0.146,0.043,0.00140990324552999,"5","IDNK"
1.00529260487056e-07,0.150778395394714,0.338,0.142,0.00141635675100214,"5","TRAF5"
1.00634091963647e-07,0.158386624054413,0.277,0.107,0.00141783372167582,"5","RNF216"
1.01253195265002e-07,-0.0204492524395581,0.169,0.053,0.00142655626808861,"5","BDH2"
1.02735309194537e-07,0.227592205163608,0.177,0.057,0.00144743777124183,"5","SLC35A4"
1.03139238368454e-07,0.0288180879874713,0.108,0.027,0.00145312872937315,"5","CARF"
1.03546405824266e-07,-0.470491655984474,0.408,0.169,0.00145886531165809,"5","FNIP1"
1.03903870094069e-07,0.0949133423102497,0.823,0.403,0.00146390162575534,"5","DAD1"
1.06327241213673e-07,0.118853739051362,0.4,0.173,0.00149804450145944,"5","PPP3CA"
1.07186531198229e-07,0.0551782011209188,0.131,0.036,0.00151015103805185,"5","GTPBP3"
1.09671163895999e-07,0.353058639540764,0.115,0.03,0.00154515702813072,"5","TRIM5"
1.10181747799067e-07,-0.0912637852086711,0.623,0.283,0.00155235064474105,"5","CCDC12"
1.11267555997912e-07,0.553033344762333,0.115,0.03,0.00156764859645458,"5","NRF1"
1.11635758489064e-07,0.791783230307707,0.108,0.027,0.00157283620135243,"5","EMC1"
1.11687956196563e-07,0.0763326589735542,0.708,0.344,0.00157357161485338,"5","UFC1"
1.1188693184407e-07,0.200225341770469,0.123,0.033,0.0015763749827511,"5","PPP2CB"
1.12751792367939e-07,-0.19993254888228,0.208,0.071,0.0015885600026719,"5","ING4"
1.12993796857099e-07,0.197326771901879,0.1,0.024,0.00159196960391966,"5","GNB1L"
1.13017207686445e-07,0.0109721940102812,0.692,0.327,0.00159229943909432,"5","VAPA"
1.1392174996201e-07,-0.0619564156311164,0.585,0.267,0.00160504353521476,"5","TOMM20"
1.14262353712995e-07,0.0491881723731202,0.108,0.027,0.00160984230146239,"5","STX2"
1.15742408879364e-07,0.30184530722068,0.108,0.027,0.00163069479870136,"5","SAP30L"
1.16074224696174e-07,0.219091072231591,0.231,0.085,0.00163536975174439,"5","ORAI2"
1.16477088728504e-07,0.103538580100054,0.215,0.077,0.00164104570309589,"5","FAM120AOS"
1.17359709954004e-07,-0.149465419345496,0.431,0.187,0.00165348095354196,"5","IGBP1"
1.17431578491272e-07,-0.125118635308039,0.485,0.216,0.00165449350936353,"5","NCR3"
1.18537537651902e-07,0.530522798726129,0.2,0.07,0.00167007536797765,"5","MAML2"
1.18770929269153e-07,-0.0726215689851621,0.662,0.308,0.00167336362247309,"5","COX7A2L"
1.2001964018621e-07,0.478222743595361,0.108,0.027,0.00169095671058351,"5","PPME1"
1.20182898502573e-07,0.247862167817678,0.162,0.05,0.00169325685700275,"5","CRIM1"
1.20936168556098e-07,-0.072025894510604,0.223,0.08,0.00170386967878687,"5","CTSZ"
1.21032866268474e-07,1.15126525218727,0.223,0.082,0.00170523205285652,"5","PLCL2"
1.21070890268277e-07,0.17716475529545,0.177,0.057,0.00170576777298975,"5","ZMPSTE24"
1.2115517948903e-07,-0.285919264818895,0.323,0.13,0.00170695532382095,"5","NECAP2"
1.21469697597905e-07,-0.150140330653332,0.208,0.072,0.00171138656945689,"5","PGRMC2"
1.21688496301244e-07,0.275235431727886,0.131,0.037,0.00171446922438822,"5","LPCAT4"
1.22352012659174e-07,0.231304343034732,0.115,0.03,0.0017238175063551,"5","SETDB1"
1.2282182718061e-07,-1.42079965910515,0.692,0.627,0.00173043672314761,"5","PNRC1"
1.233675269189e-07,-0.256089874214581,0.177,0.057,0.00173812508676038,"5","CBLL1"
1.23583120713101e-07,-0.504620047525748,0.262,0.097,0.00174116258772687,"5","TUSC2"
1.24217263091363e-07,-0.237801537812093,0.231,0.083,0.00175009701969421,"5","MT1F"
1.24497831825697e-07,0.527911434389948,0.115,0.03,0.00175404995259225,"5","ERC1"
1.25663092975508e-07,-0.327317209289578,0.369,0.152,0.00177046731693194,"5","CTDSP1"
1.26287266775012e-07,0.725181010274099,0.1,0.024,0.00177926130159315,"5","TAB1"
1.26770902407143e-07,-0.0805164668598477,0.215,0.076,0.00178607524401423,"5","CDK9"
1.26891134266596e-07,0.306320826924488,0.1,0.024,0.00178776919068207,"5","COG7"
1.2708539600294e-07,-0.265253294983918,0.292,0.114,0.00179050614428543,"5","NMT1"
1.27255329474312e-07,0.425270618698537,0.108,0.027,0.00179290033696358,"5","ACER3"
1.28317013981551e-07,-0.0124398349091455,0.169,0.054,0.00180785840998608,"5","RANBP3"
1.28674502948016e-07,0.131939267891538,0.185,0.061,0.0018128950720346,"5","ELMO1"
1.30390428085193e-07,0.143643373578116,0.792,0.401,0.00183707074129228,"5","UXT"
1.33280755931692e-07,0.680468445927473,0.154,0.048,0.00187779257032161,"5","SPIDR"
1.3595151847806e-07,-0.379319431576473,0.423,0.179,0.00191542094383739,"5","SDF2"
1.37282907892461e-07,0.579094475005516,0.154,0.047,0.00193417888929688,"5","CAPN7"
1.37470285131626e-07,-0.0423301429676164,0.2,0.069,0.00193681884721947,"5","WDR48"
1.37546909881017e-07,0.353601107164172,0.131,0.037,0.00193789841331364,"5","KIAA1671"
1.41263686496431e-07,0.466910668480831,0.138,0.04,0.00199026407904821,"5","MAP2K4"
1.41634396910641e-07,0.331160035203574,0.115,0.03,0.00199548701807402,"5","COG6"
1.41849403084757e-07,-0.156695928316429,0.192,0.065,0.00199851624006114,"5","TRIB2"
1.41953537522961e-07,-0.145238526479721,0.223,0.08,0.00199998339016099,"5","EPS8L2"
1.42087814354339e-07,0.260497214540107,0.885,0.478,0.00200187521643829,"5","NEDD8"
1.4256654365186e-07,0.960221307456414,0.115,0.031,0.00200862003351105,"5","ASNS"
1.42843607610166e-07,-0.139570606546335,0.362,0.151,0.00201252358761963,"5","ARID4A"
1.43124755501641e-07,0.363533694263293,0.969,0.647,0.00201648468026262,"5","SUB1"
1.44014947633629e-07,0.4697633730442,0.1,0.024,0.0020290265972102,"5","LIG3"
1.44956745374875e-07,0.16116391594022,0.185,0.061,0.00204229558558661,"5","STAT5A"
1.45116939518982e-07,-0.133167951498829,0.269,0.104,0.00204455256088294,"5","TSR3"
1.45677623380156e-07,-0.0380786776873583,0.346,0.144,0.00205245203580301,"5","ETNK1"
1.46109298262251e-07,-0.330824917290104,0.285,0.11,0.00205853390321686,"5","SMARCC2"
1.48991455442665e-07,0.145707468225216,0.169,0.054,0.0020991406157317,"5","DYM"
1.5197107273529e-07,0.206517206916331,0.123,0.033,0.00214112044376751,"5","PMM2"
1.54436702000586e-07,0.0344843207376284,0.108,0.027,0.00217585869448626,"5","LIMD1"
1.54806957867226e-07,0.626879903117794,0.238,0.09,0.00218107522939134,"5","ZDHHC20"
1.55875555382538e-07,0.51618407836224,0.108,0.027,0.00219613069978457,"5","SEH1L"
1.56187419829553e-07,-0.216654940150961,0.438,0.189,0.00220052455797858,"5","MIER1"
1.57764462768428e-07,0.174728641292682,0.146,0.044,0.00222274351594438,"5","SLC12A6"
1.57967693449291e-07,0.654054990306642,0.131,0.037,0.00222560683300706,"5","ABCC1"
1.58020095758182e-07,0.0535351208748727,0.154,0.047,0.00222634512913702,"5","TYK2"
1.58305040595993e-07,-0.207803832009901,0.669,0.302,0.00223035971695694,"5","ST13"
1.58824657062536e-07,0.100694850512768,0.754,0.368,0.00223768059335406,"5","CSTB"
1.5965156881901e-07,-0.0461758676766697,0.162,0.051,0.00224933095309104,"5","RFK"
1.60333868257617e-07,-0.081614592121219,0.192,0.065,0.00225894386988157,"5","KAT7"
1.60408339303506e-07,0.0923413782829989,0.331,0.139,0.00225999309244709,"5","KAT6B"
1.60457347506996e-07,0.00472966285928411,0.5,0.227,0.00226068356902607,"5","ZFAND6"
1.6126979456555e-07,0.232219370780356,0.185,0.062,0.00227213013563404,"5","ZNF146"
1.62365621699681e-07,0.43189223806437,0.123,0.034,0.00228756924412681,"5","PDPR"
1.62457837955246e-07,-0.16257376020307,0.185,0.061,0.00228886847895146,"5","ARL8A"
1.6348385699816e-07,-0.0612279731945515,0.631,0.297,0.00230332406124707,"5","FIS1"
1.64498309368291e-07,-0.158335421647828,0.585,0.265,0.00231761668068985,"5","ZAP70"
1.65047201939061e-07,0.311766845666446,0.154,0.048,0.00232535002811942,"5","RNF20"
1.65179644444135e-07,-0.0976513610868153,0.238,0.088,0.00232721601057342,"5","ARCN1"
1.65196328312198e-07,-0.125835687819417,0.277,0.107,0.00232745106959055,"5","SLC4A7"
1.65412336141033e-07,0.0150360524302033,0.469,0.216,0.00233049440389101,"5","KIR2DL4"
1.65441164463723e-07,-0.0096179969140493,0.262,0.1,0.0023309005661294,"5","MAN1A2"
1.66187207610316e-07,-0.077595948283655,0.177,0.058,0.00234141156802174,"5","SPPL3"
1.69405198024547e-07,0.497980089498283,0.146,0.044,0.00238674983496784,"5","TRIM25"
1.69956071120302e-07,-0.00804772602960568,0.277,0.109,0.00239451108601394,"5","FRYL"
1.70637798210267e-07,0.0591294476677111,0.146,0.044,0.00240411593898445,"5","RABGAP1"
1.71815561808043e-07,0.261894272940726,0.108,0.027,0.00242070945031352,"5","SLC36A4"
1.71839641964531e-07,-0.120596728364359,0.208,0.073,0.00242104871563827,"5","PRKRA"
1.7363717412918e-07,-0.181822763387068,0.246,0.092,0.00244637414630601,"5","FBXO11"
1.74331813390845e-07,-0.173305783371214,0.562,0.255,0.00245616091886362,"5","EVI2B"
1.75368267985569e-07,-0.0981401195248064,0.131,0.037,0.00247076352764869,"5","SP2"
1.7581384308189e-07,-0.118147135083282,0.277,0.108,0.00247704123518075,"5","PPP6C"
1.77177030503737e-07,0.223982523668378,0.131,0.037,0.00249624718276715,"5","MRRF"
1.77179292476332e-07,0.199065382560466,0.138,0.041,0.00249627905169905,"5","ANKRD54"
1.78123267512875e-07,-0.10955778181208,0.246,0.092,0.00250957871598889,"5","ESCO1"
1.80765368706048e-07,-0.060317935063815,0.5,0.226,0.00254680327969952,"5","ANKRD44"
1.8105575280273e-07,-0.338599504308975,0.238,0.087,0.00255089450123766,"5","TMEM205"
1.81397651616719e-07,-0.00992438146486574,0.177,0.058,0.00255571151362796,"5","DCTN1"
1.82958815907455e-07,0.955921449680367,0.2,0.07,0.00257770675732013,"5","PHACTR2"
1.8353359992496e-07,-0.685959035498385,0.969,0.844,0.00258580488934276,"5","PFDN5"
1.86562386584534e-07,0.132953587791055,0.162,0.051,0.0026284774645895,"5","ROCK2"
1.88191460319879e-07,-0.263012504935394,0.2,0.069,0.00265142948444678,"5","MED8"
1.8991300562541e-07,-0.225294989942408,0.392,0.167,0.0026756843362564,"5","PABPN1"
1.90163726409883e-07,0.594236897973883,0.162,0.052,0.00267921674138884,"5","BCL2L13"
1.90315880418069e-07,-0.260358064761557,0.3,0.119,0.00268136043921017,"5","SCFD1"
1.93112755666123e-07,0.486880961458138,0.269,0.108,0.00272076561458,"5","ATP8B4"
1.93135523531821e-07,-0.286714888415358,0.331,0.135,0.00272108639103983,"5","PPP1R11"
1.95232244649648e-07,0.337016364565836,0.154,0.048,0.00275062709486889,"5","BOP1"
1.95708875653051e-07,0.308637809999199,0.1,0.024,0.00275734234907583,"5","STRADB"
1.95807306153514e-07,0.510011465333423,0.138,0.041,0.00275872913639686,"5","LRCH1"
1.96726164773857e-07,-0.353628037643126,0.377,0.157,0.00277167493549887,"5","EMD"
1.97520435169529e-07,-0.146608669580612,0.269,0.104,0.0027828654111035,"5","HSF1"
1.98189723181501e-07,-0.331018408242103,0.177,0.058,0.00279229500990416,"5","ATP6V1B2"
1.99665125054045e-07,0.200919321973084,0.685,0.348,0.00281308194688644,"5","GSTK1"
2.00013961661382e-07,0.147185441933379,0.354,0.154,0.00281799670584721,"5","CENPC"
2.01436558605733e-07,0.0869551834220121,0.192,0.066,0.00283803967419617,"5","CALU"
2.0209160003319e-07,-0.088101285918337,0.162,0.051,0.00284726855286761,"5","UBE3C"
2.02201740774865e-07,0.218248597453022,0.2,0.07,0.00284882032577708,"5","CPNE7"
2.03676604980889e-07,0.0556204754752951,0.154,0.047,0.00286959968757575,"5","FRMD8"
2.07750146458879e-07,-0.0159908723645473,0.238,0.089,0.00292699181345915,"5","ATG4B"
2.08191330749055e-07,-0.01465135675091,0.238,0.09,0.00293320765892344,"5","TCTN3"
2.12967992365121e-07,0.719646386866398,0.138,0.041,0.00300050604443219,"5","LRRC28"
2.14574875900207e-07,0.718759881711272,0.1,0.025,0.00302314542655802,"5","ZNF592"
2.2057479005864e-07,0.46116817313805,0.108,0.028,0.00310767821713618,"5","D2HGDH"
2.20787494619916e-07,0.0244875130763902,0.838,0.413,0.0031106750117,"5","SEC61G"
2.21118684184274e-07,0.391769187329491,0.1,0.025,0.00311534114147223,"5","PDE6B"
2.22240453195103e-07,0.645321259974215,0.108,0.028,0.00313114574506581,"5","CHPF"
2.23844480970853e-07,-0.137177463211428,0.177,0.058,0.00315374489239835,"5","RAB28"
2.25011737309402e-07,0.522976740550891,0.108,0.028,0.00317019036695216,"5","MTPAP"
2.25539339728315e-07,0.0578623710814878,0.246,0.093,0.00317762375743223,"5","PPP6R3"
2.25798980272992e-07,-0.233924526003485,0.477,0.212,0.00318128183306619,"5","DENND2D"
2.27335244755785e-07,-0.231141704403305,0.608,0.275,0.00320292626336425,"5","RNF7"
2.28682338622198e-07,0.371495228615635,0.115,0.031,0.00322190546884815,"5","APBA3"
2.30294184447288e-07,0.0400549052474781,0.154,0.048,0.00324461476467784,"5","DIMT1"
2.34798849487759e-07,-0.0858744682472177,0.385,0.167,0.00330808099043304,"5","FGR"
2.37590571651501e-07,-0.271789046441084,0.385,0.162,0.00334741356399799,"5","CGGBP1"
2.38603485637534e-07,0.371194261465478,0.169,0.056,0.00336168450914722,"5","VPS13B"
2.39799835798563e-07,0.143345533079149,0.223,0.082,0.00337853988656596,"5","UBE2E1"
2.42806428448601e-07,0.587538620821092,0.1,0.025,0.00342089977041234,"5","DPH2"
2.42830555749204e-07,-0.0388341462217023,0.162,0.051,0.00342123969995054,"5","PIGK"
2.44172429250822e-07,-0.159404608915031,0.254,0.097,0.00344014535571483,"5","UBE2D1"
2.4429520995501e-07,-0.0965233799466825,0.2,0.07,0.00344187521305614,"5","PAXBP1"
2.45693405431516e-07,-0.0725858333192055,0.254,0.098,0.00346157438912463,"5","GPR183"
2.48065722805709e-07,-1.7837671701028,0.585,0.575,0.00349499796860963,"5","LITAF"
2.48393407852861e-07,0.104084754685633,0.231,0.086,0.00349961472323895,"5","STAU2"
2.5305130987249e-07,0.0944421996798364,0.162,0.052,0.00356523990479351,"5","UNC93B1"
2.53690938429698e-07,-0.39508501836844,0.346,0.142,0.00357425163153601,"5","PPP4R2"
2.54142879421838e-07,0.0317961866551554,0.208,0.074,0.00358061902817427,"5","BAG5"
2.54573553578608e-07,0.168479431648824,0.138,0.041,0.00358668679636901,"5","DUSP28"
2.55290424724046e-07,0.305357707610436,0.115,0.031,0.00359678679393708,"5","TTC31"
2.57288438955779e-07,0.49446042191579,0.108,0.028,0.00362493681644797,"5","POLR3H"
2.57449934815684e-07,0.77461012796763,0.146,0.045,0.00362721213161818,"5","UBR3"
2.60984307900529e-07,0.190832542427932,0.108,0.028,0.00367700791401056,"5","WDR7"
2.62805278913636e-07,0.34127911809222,0.185,0.063,0.00370266357461422,"5","HDAC7"
2.63702087814699e-07,0.000391944318211435,0.177,0.059,0.0037152987152213,"5","SQLE"
2.63827026292759e-07,0.334854725497166,0.131,0.038,0.00371705897343869,"5","ATXN1L"
2.65830049286701e-07,-0.350604421557228,0.462,0.199,0.00374527956440033,"5","TMEM165"
2.65916536316546e-07,-0.198196437002085,0.231,0.085,0.00374649808016381,"5","CSNK1G3"
2.66049890690535e-07,-0.0435791410401107,0.246,0.094,0.00374837690993895,"5","FBXL5"
2.66192523937741e-07,0.0675479989531498,0.115,0.031,0.00375038646975883,"5","HIF1AN"
2.67066068146404e-07,-0.234177514063992,0.308,0.123,0.00376269383411468,"5","PCGF5"
2.67736088873083e-07,-0.170542391178433,0.308,0.125,0.00377213375613287,"5","SLC1A5"
2.69740582507276e-07,0.185000851448442,0.1,0.025,0.00380037506694501,"5","GBA"
2.70017658061899e-07,0.450500623452302,0.108,0.028,0.00380427878443409,"5","TUBGCP6"
2.70884711464086e-07,-0.285750863590651,0.354,0.147,0.0038164946998175,"5","PPP2R2A"
2.70996711334885e-07,0.317420169015571,0.1,0.025,0.00381807266599719,"5","LSM14B"
2.75485870324106e-07,0.032344769690544,0.238,0.09,0.00388132042699632,"5","AP3D1"
2.81842168807244e-07,-0.109750097702596,0.254,0.097,0.00397087431632526,"5","XIAP"
2.82534470057993e-07,-0.415065179861307,0.377,0.159,0.00398062814864707,"5","IRF2"
2.83010583611546e-07,-0.295625915356505,0.546,0.244,0.00398733611250307,"5","TAOK3"
2.83077392736779e-07,0.0381540648893239,0.138,0.041,0.00398827738626848,"5","KDSR"
2.84127498316059e-07,0.0313779693696536,0.777,0.382,0.00400307232377496,"5","NDUFA13"
2.855334987433e-07,-0.149471475405283,0.477,0.213,0.00402288146379436,"5","SDF4"
2.85791225294445e-07,-0.0158619983441874,0.169,0.056,0.00402651257317344,"5","LINC01588"
2.86184327703507e-07,0.628619261938176,0.162,0.053,0.00403205099301471,"5","CAMK4"
2.87351788064739e-07,0.242671026328756,0.108,0.028,0.00404849934204411,"5","DNAL4"
2.89592283030065e-07,-0.10706495390387,0.438,0.194,0.00408006567561058,"5","PREX1"
2.93300800397439e-07,0.390735413125679,0.131,0.038,0.00413231497679952,"5","RNF135"
2.95121265435383e-07,-0.0871121602445244,0.392,0.171,0.00415796350871911,"5","TSPAN14"
2.95384069938705e-07,0.157425995389975,0.185,0.063,0.00416166616136641,"5","CEP290"
2.95749849882666e-07,-0.0335798672869572,0.185,0.063,0.00416681963499688,"5","TMEM203"
2.96810842653932e-07,0.255732019962674,0.123,0.035,0.00418176796215125,"5","RAD51D"
2.98666169288605e-07,0.223757616335553,0.146,0.045,0.00420790765910716,"5","HIVEP2"
3.00959080846732e-07,-0.151510865105739,0.246,0.093,0.0042402124900496,"5","CHD3"
3.03154360073693e-07,0.383534202858222,0.169,0.056,0.00427114177907826,"5","ATP6V0A2"
3.03837225567991e-07,-0.145752240183556,0.692,0.322,0.00428076267102742,"5","CASP4"
3.07617874502331e-07,0.469761167437836,0.131,0.038,0.00433402823386335,"5","BOD1"
3.08567553026193e-07,0.295077794665801,0.131,0.038,0.00434740825458604,"5","ORC2"
3.09631806597433e-07,0.0245230172169031,0.162,0.052,0.00436240252315123,"5","ASTE1"
3.13682021666965e-07,0.0343339023170406,0.2,0.071,0.00441946600326587,"5","TMEM41B"
3.15815760943841e-07,-0.228190112329665,0.238,0.09,0.00444952825593777,"5","CDKN2AIP"
3.16991254549182e-07,-0.307076411234316,0.308,0.125,0.00446608978534343,"5","CHMP4B"
3.17494441920146e-07,-0.261420233282547,0.177,0.059,0.00447317919221293,"5","EXOC5"
3.21470479524228e-07,-0.207793956408022,0.246,0.093,0.00452919758601685,"5","XPC"
3.25396607650874e-07,0.069603898461791,0.177,0.06,0.00458451280519316,"5","PCYT1A"
3.32581126167974e-07,0.530396257907055,0.108,0.028,0.00468573548658059,"5","MIEF1"
3.37077740142466e-07,-0.0973355537525473,0.277,0.111,0.00474908828086721,"5","FAM118A"
3.37135913089975e-07,0.204450843610992,0.131,0.038,0.00474990787952466,"5","OGFOD1"
3.4134846348759e-07,-0.0052237703234479,0.223,0.083,0.00480925850207665,"5","GPN1"
3.48453942694082e-07,0.108994334548798,0.185,0.063,0.00490936759861693,"5","VEZT"
3.49753283563205e-07,0.0631930737475785,0.192,0.067,0.00492767401212199,"5","RRP15"
3.56404998472485e-07,-0.0217858216164055,0.185,0.063,0.00502139002347884,"5","RAD50"
3.59107372597825e-07,0.262435366571856,0.1,0.025,0.00505946377253076,"5","ZNF134"
3.59742204644888e-07,-0.204204967933995,0.469,0.211,0.00506840792124183,"5","FERMT3"
3.63382520204983e-07,-0.315154138915104,0.262,0.101,0.00511969632716801,"5","MED15"
3.65124508146929e-07,0.336857636743824,0.115,0.032,0.00514423919528208,"5","BICD2"
3.65780700168261e-07,0.272074870868859,0.146,0.045,0.00515348428467063,"5","ELAC2"
3.6761314882384e-07,0.0366853506769011,0.369,0.161,0.00517930165377908,"5","RBM6"
3.67658925014419e-07,-0.0119657537651978,0.185,0.064,0.00517994659452815,"5","MX2"
3.71560323134178e-07,0.0634130138546265,0.331,0.141,0.00523491339263743,"5","TOP2B"
3.72193372585451e-07,-0.0525003402370536,0.185,0.063,0.00524383242635642,"5","SEC22C"
3.73949253237483e-07,0.263152802073093,0.115,0.032,0.0052685710288629,"5","ACTR8"
3.76379630190191e-07,0.1214858138796,0.192,0.067,0.0053028126097496,"5","STK39"
3.76944428257276e-07,-0.182371621586312,0.162,0.052,0.00531077004971676,"5","SYMPK"
3.80241819079799e-07,0.107118368363681,0.154,0.049,0.00535722698901529,"5","GTF2A1"
3.81302637232112e-07,-0.0999748615202463,0.192,0.067,0.00537217285596323,"5","KBTBD2"
3.81648390688135e-07,-0.21551594798939,0.3,0.122,0.00537704417640513,"5","TIMP1"
3.822531913501e-07,0.663065723508216,0.115,0.032,0.00538556521293156,"5","AVEN"
3.83237063845439e-07,-0.27811643641604,0.269,0.105,0.00539942699251839,"5","WDR45B"
3.84820241568093e-07,-0.309064304090507,0.231,0.086,0.00542173238345287,"5","HOXB2"
3.85002628872523e-07,0.360961341909972,0.185,0.064,0.00542430203818497,"5","RC3H2"
3.8716457336251e-07,0.219299382789857,0.215,0.08,0.00545476167410441,"5","MDM2"
3.89474270913435e-07,0.195684359772835,0.908,0.487,0.00548730300289939,"5","VAMP8"
3.89670361952489e-07,-0.271919950095385,0.262,0.101,0.00549006572954862,"5","CD244"
3.91556922705617e-07,-0.352794428074924,0.285,0.113,0.00551664548399944,"5","ST8SIA4"
3.93285825081949e-07,0.36485120780536,0.1,0.025,0.00554100398957958,"5","ZNF568"
3.94860936140507e-07,-0.249941544601701,0.577,0.262,0.00556319572928361,"5","DPP7"
4.00105652026694e-07,-0.0768871049930238,0.108,0.028,0.00563708853140408,"5","UBXN11"
4.00286119942331e-07,-0.101682201606045,0.723,0.341,0.0056396311438675,"5","CHMP4A"
4.00926922729226e-07,-0.270717434002292,0.308,0.126,0.00564865941433206,"5","TM2D1"
4.03198008418414e-07,0.0144541187569499,0.346,0.149,0.00568065674060703,"5","SP140"
4.0775392735298e-07,0.218668280032187,0.108,0.028,0.00574484508247613,"5","ST6GALNAC4"
4.07901055581091e-07,-0.22808049614077,0.562,0.257,0.00574691797208199,"5","TMED10"
4.08051547929595e-07,0.425609127942634,0.169,0.057,0.00574903825878007,"5","CSNK2A2"
4.08115393459186e-07,-0.0707377377887881,0.231,0.086,0.00574993777844647,"5","ZMYND8"
4.08316117832811e-07,-0.0483646083010906,0.223,0.083,0.00575276578414647,"5","TBC1D2B"
4.0841505445682e-07,-0.218446009979973,0.754,0.893,0.00575415970224214,"5","GNLY"
4.09636318572244e-07,-2.89747429508112,0.169,0.344,0.00577136609236435,"5","KLF2"
4.09741546272025e-07,0.0482456946768863,0.146,0.045,0.00577284864542656,"5","CCR1"
4.12016515896272e-07,0.240845586206001,0.9,0.544,0.00580490069246258,"5","CLEC2B"
4.12807267192702e-07,0.359887946358476,0.115,0.032,0.00581604158747798,"5","SMG5"
4.13127072272871e-07,0.274658574652945,0.131,0.038,0.00582054732125248,"5","UMAD1"
4.1427381316112e-07,-0.0616363444217871,0.185,0.064,0.00583670375362702,"5","ARAF"
4.16619293008635e-07,-0.219006127882188,0.177,0.06,0.00586974921919866,"5","ANKRD39"
4.19794356285967e-07,-0.231380258674485,0.369,0.158,0.00591448268571299,"5","MAX"
4.20110727014386e-07,-0.0791388455514238,0.331,0.14,0.00591894003290568,"5","DERL2"
4.31058056844383e-07,0.273405257119207,0.877,0.499,0.00607317696288051,"5","PPIB"
4.31594581326908e-07,-0.0103381624877157,0.185,0.064,0.0060807360563148,"5","SLC39A7"
4.31929086302552e-07,0.265315343535485,0.954,0.588,0.00608544889691665,"5","SRSF3"
4.36595786093695e-07,-0.141529966093661,0.315,0.13,0.00615119803027407,"5","CASP3"
4.42555039257271e-07,-0.250345402547343,0.231,0.086,0.00623515794809569,"5","TMEM30A"
4.4520674748878e-07,-0.140624733641476,0.285,0.114,0.00627251786536942,"5","STX4"
4.46705612547642e-07,-0.314234308123997,0.154,0.049,0.00629363537518373,"5","MGST2"
4.46945547887099e-07,0.422708520760172,0.146,0.046,0.00629701582418134,"5","SPAG1"
4.48867900719727e-07,0.130339155418548,0.215,0.079,0.00632409985324023,"5","XPO6"
4.54651067651882e-07,0.149121726205007,0.162,0.053,0.00640557889214737,"5","HIVEP3"
4.57325026458798e-07,-0.00529372870775013,0.138,0.042,0.006443252297778,"5","USPL1"
4.65438053749833e-07,0.137727365763845,0.338,0.147,0.00655755673928139,"5","HNRNPL"
4.67001967482028e-07,0.222641524026929,0.131,0.039,0.00657959071985429,"5","ANKFY1"
4.73291560422837e-07,-0.317278384495435,0.431,0.19,0.00666820479479735,"5","WDR33"
4.73455052834859e-07,0.219439278758592,0.138,0.042,0.00667050823939032,"5","PAK1IP1"
4.86316300575944e-07,0.0217276069026481,0.262,0.104,0.00685171035881448,"5","CAB39"
4.88332096752831e-07,-0.256391898342182,0.246,0.094,0.00688011091115063,"5","CUL5"
4.893598409211e-07,-0.400831486701733,0.392,0.167,0.00689459079873738,"5","MLLT6"
4.91158632610989e-07,0.0204372225544023,0.131,0.038,0.00691993397485622,"5","PSMD5"
4.92456349521675e-07,0.282171962125978,0.162,0.053,0.00693821750841088,"5","FRMD4B"
4.93077831369374e-07,-0.160949875030853,0.215,0.079,0.00694697356616311,"5","LAIR1"
5.01847681984266e-07,-0.293119558671566,0.323,0.135,0.00707053199147632,"5","GRK6"
5.06145575565303e-07,0.322876220481267,0.1,0.026,0.00713108501413955,"5","PCGF6"
5.08066278177409e-07,-0.10653473077077,0.315,0.132,0.00715814579324151,"5","B3GAT3"
5.08884536118766e-07,-0.239063940416889,0.377,0.163,0.0071696742293773,"5","RAB1A"
5.11252498392041e-07,-0.0464138363664022,0.131,0.039,0.00720303644984547,"5","NKIRAS2"
5.11456372511999e-07,-0.00777047221781801,0.562,0.266,0.00720590883232155,"5","BPTF"
5.16390626234604e-07,-0.41353327705795,0.454,0.205,0.00727542753301933,"5","NBEAL1"
5.18669564664013e-07,0.0776768246529629,0.162,0.053,0.00730753549655128,"5","CCDC117"
5.20974157804398e-07,0.346839644939215,0.154,0.05,0.00734000490930616,"5","NOA1"
5.22118305940712e-07,-0.16613358763814,0.208,0.075,0.00735612481239869,"5","GSE1"
5.23120765160901e-07,1.28948149828805,0.2,0.075,0.00737024846035194,"5","SIPA1L1"
5.3159219231227e-07,-0.138288738534048,0.208,0.075,0.00748960239748758,"5","THAP11"
5.35924891470582e-07,-0.230742583461139,0.377,0.163,0.00755064579592903,"5","TEX264"
5.37969217981894e-07,-0.0952827589960588,0.162,0.053,0.00757944831214691,"5","SART3"
5.42808974346601e-07,-0.111419241447256,0.146,0.046,0.00764763563956927,"5","ARHGEF12"
5.50699932917496e-07,0.0751368024081775,0.131,0.039,0.0077588113548746,"5","PES1"
5.50932596098796e-07,0.0534439766273223,0.138,0.042,0.00776208934643593,"5","ABCB7"
5.5124090490826e-07,0.0145236795311827,0.215,0.08,0.00776643310925248,"5","GATAD2B"
5.51833571399915e-07,-0.3461361828762,0.631,0.292,0.00777478318745341,"5","EIF4A3"
5.5759767717649e-07,-0.031134939945465,0.223,0.084,0.00785599367373957,"5","WDR43"
5.64544965364848e-07,0.179254616011459,0.146,0.046,0.00795387401702535,"5","MAP3K4"
5.6494116933719e-07,0.185605830794863,0.115,0.032,0.00795945613479166,"5","DTNB"
5.65086850183214e-07,-0.0884035509247104,0.277,0.112,0.0079615086322313,"5","USP11"
5.73057444971233e-07,0.715864781937348,0.1,0.026,0.00807380634219971,"5","NCBP1"
5.79051312641613e-07,0.305472270413918,0.1,0.026,0.00815825394380768,"5","PARP16"
5.80287529185884e-07,0.273320095602616,0.354,0.16,0.00817567099869993,"5","IRF7"
5.81745119619989e-07,0.464328256725187,0.185,0.066,0.00819620699032602,"5","USP25"
5.83268580358083e-07,-0.343122817290481,0.223,0.083,0.00821767102866503,"5","CORO7"
5.8336078696982e-07,0.142366377993324,0.2,0.073,0.0082189701276178,"5","MAPKAP1"
5.83886117218827e-07,-0.0849007418812213,0.323,0.137,0.00822637150549605,"5","SSH2"
5.84886079506094e-07,0.297736363267241,0.154,0.05,0.00824045997416136,"5","QDPR"
5.85855725510687e-07,-0.0592509209333894,0.162,0.053,0.00825412131672007,"5","SMPD1"
5.89568308517151e-07,-0.358097178090266,0.169,0.056,0.00830642789869815,"5","SLC25A46"
5.90535938565143e-07,0.157970995703246,0.108,0.029,0.0083200608384443,"5","MUTYH"
5.96108488222754e-07,0.281130835087456,0.131,0.039,0.00839857249057038,"5","TMEM161A"
5.99915719234414e-07,-0.181048898388098,0.377,0.162,0.00845221256829365,"5","USP34"
6.00505976237038e-07,0.353485248185756,0.154,0.05,0.00846052869920363,"5","TCEAL4"
6.04278917176343e-07,0.108488303078672,0.469,0.222,0.0085136856640975,"5","EML4"
6.06213305993344e-07,0.0792441480568982,0.131,0.039,0.00854093926814023,"5","GNPDA2"
6.09080119353753e-07,-0.0923396462520713,0.2,0.072,0.00858132980157503,"5","MAPKAPK5-AS1"
6.09130898815729e-07,0.709389639907285,0.115,0.033,0.0085820452334148,"5","MUL1"
6.10676789948461e-07,0.700202068722839,0.131,0.039,0.00860382529358387,"5","TMEM251"
6.15904003741695e-07,-0.234388333403003,0.269,0.107,0.00867747150871674,"5","DCAF13"
6.19597515042857e-07,0.20069996338143,0.208,0.077,0.00872950938943881,"5","ATP2A3"
6.20019293425895e-07,0.0795851496997797,0.177,0.061,0.00873545182507743,"5","ICE2"
6.23953680986598e-07,0.0305229113307373,0.131,0.039,0.00879088341142019,"5","CREBL2"
6.24388617470646e-07,-0.0120660116544518,0.169,0.057,0.00879701123154393,"5","XAB2"
6.29227062640144e-07,-0.285226660327672,0.254,0.099,0.00886518008553698,"5","TAF3"
6.30065488054356e-07,0.20701286076413,0.838,0.437,0.00887699266119782,"5","CAP1"
6.31393666381751e-07,0.116423987199702,0.8,0.411,0.00889570536565249,"5","SRRM1"
6.32353309124865e-07,0.263598820226238,0.108,0.029,0.00890922577226022,"5","UTP4"
6.33391514452321e-07,-1.3201359589835,0.785,0.676,0.00892385304711875,"5","PRF1"
6.3539975680397e-07,-0.316482697721864,0.3,0.123,0.00895214717361113,"5","JPX"
6.44272240966905e-07,0.146248132909593,0.123,0.036,0.00907715160298272,"5","ZNF669"
6.46374079668583e-07,-0.264583565213417,0.262,0.104,0.00910676440845067,"5","RAB4A"
6.4866371919166e-07,-0.18820262051323,0.538,0.25,0.0091390231396913,"5","STUB1"
6.4878743460451e-07,0.437068492504072,0.115,0.032,0.00914076616614293,"5","RRS1"
6.54473316075984e-07,0.0792833668604482,0.162,0.054,0.00922087455019454,"5","UBA7"
6.58707226200672e-07,-0.453918703269155,0.185,0.064,0.00928052610994127,"5","PCIF1"
6.641525778451e-07,0.15322808938412,0.138,0.043,0.00935724566925961,"5","SETDB2"
6.66530783337419e-07,-0.282433971914511,0.154,0.049,0.0093907522064409,"5","TBC1D23"
6.7058635004752e-07,0.00381724325812183,0.154,0.05,0.00944789108581951,"5","CLASRP"
6.70784513317967e-07,-0.333198517613422,0.4,0.175,0.00945068300813683,"5","TACC1"
6.72951982572501e-07,0.486468748700643,0.115,0.033,0.00948122048246396,"5","CCAR2"
6.75338328491388e-07,0.0354950931285759,0.2,0.072,0.00951484171011516,"5","DDX3Y"
6.78073265584806e-07,-0.143183686643818,0.262,0.104,0.00955337423882433,"5","RBM7"
6.81010892000099e-07,0.17382315638186,0.115,0.032,0.0095947624573894,"5","DIS3L"
6.87553559218434e-07,0.25976716558761,0.1,0.026,0.00968694209582852,"5","FTO"
6.88369390798585e-07,-0.233536737174887,0.562,0.259,0.00969843634696126,"5","FGFR1OP2"
6.96698990331073e-07,-0.18549421180813,0.377,0.164,0.00981579207477448,"5","PPM1B"
7.1251781521245e-07,-0.35772810938936,0.238,0.091,0.0100386634985282,"5","PEX16"
7.19093772230882e-07,-0.0413317642592697,0.192,0.069,0.0101313121569609,"5","PPIL2"
7.21500333061127e-07,-0.259494577192285,0.308,0.128,0.0101652181924982,"5","ZFAND2B"
7.29699498799188e-07,-0.0651985340281367,0.392,0.175,0.0102807362385818,"5","GPR171"
7.31576101835335e-07,-0.204174385317736,0.369,0.161,0.010307175698758,"5","NUFIP2"
7.37807454273832e-07,-0.140202710600701,0.146,0.046,0.010394969223264,"5","NEDD1"
7.51078557897219e-07,-0.254483831245784,0.292,0.12,0.0105819458022139,"5","NRBF2"
7.55608766189486e-07,-0.255667522921304,0.262,0.104,0.0106457719068437,"5","CDK11B"
7.58523207967627e-07,0.346846967019529,0.1,0.026,0.0106868334770559,"5","MPND"
7.60823284165337e-07,0.360953766933586,0.131,0.04,0.0107192392506054,"5","RREB1"
7.64697984486228e-07,0.473532543841446,0.162,0.054,0.0107738299034265,"5","AFF1"
7.7863477182738e-07,0.117053456608675,0.123,0.036,0.010970185300276,"5","MFN1"
7.82977828342304e-07,0.0917468223143723,0.138,0.043,0.0110313746235147,"5","GALK2"
7.83827949146213e-07,-0.156601266120647,0.192,0.069,0.011043351975521,"5","DPP9"
7.85742382002397e-07,-0.253830885920831,0.231,0.088,0.0110703244200318,"5","ASXL1"
7.90524951823788e-07,0.1766741830225,0.162,0.054,0.0111377060462453,"5","NEK1"
7.91438626121625e-07,-0.0875084192497555,0.146,0.046,0.0111505788034276,"5","ZNF581"
7.93946203879417e-07,-0.431102402799536,0.5,0.228,0.0111859080664571,"5","HAVCR2"
7.95569870001216e-07,0.358565282268194,0.1,0.026,0.0112087838984471,"5","ATP13A2"
8.15729273122319e-07,-0.129742990312569,0.215,0.081,0.0114928097290204,"5","SLAIN2"
8.25030380600166e-07,-0.0871441152387464,0.123,0.036,0.0116238530322757,"5","VPS13D"
8.27681529312977e-07,-0.294677088393059,0.192,0.068,0.0116612050664905,"5","ZNFX1"
8.28242192450773e-07,-0.275323257052874,0.362,0.156,0.0116691042494389,"5","RNF187"
8.29806469417068e-07,-0.149452863729675,0.154,0.05,0.0116911433476171,"5","PREPL"
8.30062734159469e-07,0.244608691514068,0.138,0.043,0.0116947538615728,"5","LCORL"
8.37785201904419e-07,-0.332353866891892,0.162,0.054,0.0118035557096314,"5","ZC3H6"
8.38214996882432e-07,0.163731216233438,0.115,0.033,0.0118096110910766,"5","TASP1"
8.39271005425982e-07,-0.171042503294803,0.4,0.179,0.0118244891954467,"5","ITSN2"
8.40670836947485e-07,0.174702437958393,0.131,0.04,0.0118442114217531,"5","WWP2"
8.40917763560258e-07,0.0835059748607039,0.131,0.039,0.0118476903708005,"5","POLR1C"
8.48299491833128e-07,-0.310253223283324,0.3,0.123,0.0119516915404369,"5","FGD3"
8.63772269698647e-07,-0.227528982644416,0.562,0.264,0.0121696875077842,"5","SLC9A3R1"
8.66176399224628e-07,-0.0653298741509138,0.146,0.047,0.0122035592886758,"5","SERGEF"
8.66476926981446e-07,0.140290472949249,0.154,0.051,0.0122077934242416,"5","AKTIP"
8.74656696476556e-07,0.135902091007801,0.123,0.036,0.0123230381966582,"5","HELQ"
8.78057749655393e-07,-1.35035961426699,0.777,0.682,0.0123709556348948,"5","TXNIP"
8.80937769353703e-07,-0.260819485361729,0.115,0.033,0.0124115322324243,"5","ARMC7"
8.85808241103441e-07,-0.285321046699334,0.269,0.108,0.0124801523089064,"5","NSRP1"
8.86174371729456e-07,0.0668634500080478,0.123,0.036,0.0124853107232963,"5","SLC25A28"
8.87288311981583e-07,0.230929823763306,0.123,0.036,0.0125010050275085,"5","NXPE3"
8.96337486011819e-07,-0.0897267481984472,0.131,0.039,0.0126284988404205,"5","ZBTB2"
9.05373787189919e-07,-0.248558436752206,0.2,0.072,0.0127558112877188,"5","UBR4"
9.06394379438361e-07,-0.255494188529517,0.585,0.274,0.0127701904119071,"5","RTN4"
9.07745809581859e-07,0.0513012259057462,0.554,0.276,0.0127892307111988,"5","MACF1"
9.20300398245818e-07,-0.1575048375531,0.138,0.043,0.0129661123108853,"5","NELFA"
9.28054012696116e-07,-0.223784209021254,0.362,0.158,0.0130753529848756,"5","CHCHD7"
9.29128547719105e-07,-0.0971832490388794,0.246,0.097,0.0130904921088145,"5","HOOK3"
9.29429548417072e-07,0.0888903289946013,0.169,0.058,0.0130947329076481,"5","WDFY1"
9.3758403860646e-07,0.0863343348507315,0.123,0.036,0.0132096215199264,"5","PTBP2"
9.40070810002033e-07,-0.068733194387373,0.146,0.047,0.0132446576421186,"5","RNF40"
9.56095673506997e-07,0.0521497001432523,0.115,0.033,0.0134704319440401,"5","DHRS7B"
9.57872000384489e-07,-0.439426955723037,0.469,0.209,0.0134954586134171,"5","GOLGA4"
9.65543447246521e-07,0.0529755236886174,0.123,0.036,0.0136035416282562,"5","EIF2B3"
9.76225037315137e-07,0.377735899134422,0.1,0.026,0.013754034550733,"5","FAHD1"
9.82191543212538e-07,0.0628254732836773,0.123,0.036,0.0138380966523214,"5","MED24"
9.86904372073391e-07,-0.190045838556691,0.169,0.058,0.013904495698142,"5","IFT27"
9.87854118077723e-07,0.266530457665858,0.123,0.036,0.013917876669597,"5","GTF3C2"
9.96327623203896e-07,0.0696683037204691,0.169,0.058,0.0140372598833197,"5","EDEM2"
9.98985846066369e-07,-0.446589952804443,0.315,0.132,0.0140747115852291,"5","GON4L"
1.01132612836193e-06,-2.0745304254857,0.138,0.321,0.0142485738224912,"5","TAPBP"
1.01615379438743e-06,0.273827047318318,0.654,0.326,0.0143165908091245,"5","SKAP1"
1.01684466576674e-06,-0.221964717324222,0.162,0.054,0.0143263244959876,"5","HIP1R"
1.02053260648485e-06,0.213925331333149,0.208,0.078,0.0143782838927651,"5","EIF4G3"
1.02824645906216e-06,0.401712196734532,0.108,0.03,0.0144869643617268,"5","ZNF598"
1.03133038105848e-06,0.0874769522605494,0.146,0.047,0.0145304137387329,"5","MAML1"
1.03162891855516e-06,0.268867895004291,0.115,0.033,0.0145346198335237,"5","TMEM69"
1.03392559441152e-06,0.139165615932846,0.162,0.054,0.0145669776996639,"5","RPP38"
1.03619688111076e-06,0.109415285134115,0.123,0.036,0.0145989778579696,"5","PDSS2"
1.03999530676218e-06,-0.0296457458690674,0.277,0.114,0.0146524938769723,"5","RAB5A"
1.04311008568146e-06,-0.0384374532481653,0.269,0.11,0.0146963779971661,"5","MAPKAPK2"
1.04994147300683e-06,-0.292628324708592,0.185,0.065,0.0147926254131933,"5","MLLT10"
1.05040534117507e-06,0.229601759667645,0.1,0.026,0.0147991608518156,"5","KLHL12"
1.05081996115563e-06,-0.504460741817462,0.292,0.119,0.0148050024327217,"5","TSSC4"
1.07689980111462e-06,0.303516305000111,0.115,0.033,0.0151724412979039,"5","THAP4"
1.10170862357756e-06,-0.402067004252814,0.285,0.116,0.0155219727975842,"5","NGLY1"
1.11159402491616e-06,-0.212101874709172,0.138,0.043,0.0156612482170438,"5","TAX1BP3"
1.11666504985007e-06,0.209750348338264,0.115,0.033,0.0157326938873377,"5","CANT1"
1.11971891619733e-06,-0.445720350617842,0.238,0.093,0.0157757198103041,"5","SLC25A26"
1.14147777301227e-06,-0.310329982812037,0.331,0.142,0.0160822803439699,"5","RASGEF1B"
1.14543638608161e-06,0.0816034435152884,0.123,0.037,0.0161380532435038,"5","BLOC1S5"
1.14837528180926e-06,-0.211775769058345,0.292,0.121,0.0161794593454107,"5","ATG101"
1.14964648790988e-06,0.181558620010581,0.1,0.027,0.0161973693681623,"5","FAHD2B"
1.15789619889002e-06,-0.070345361075842,0.192,0.07,0.0163135995461615,"5","PTS"
1.15868314646726e-06,0.00553761235756522,0.146,0.047,0.0163246868505773,"5","SCAMP1"
1.16431785354856e-06,-0.0830622564378987,0.154,0.051,0.0164040742386456,"5","WDR83"
1.17018686034586e-06,-0.136653718213714,0.177,0.062,0.0164867626754128,"5","NAPG"
1.17408597872388e-06,0.0475093108054307,0.154,0.051,0.0165416973542407,"5","GOSR2"
1.17414071649523e-06,-0.204473596761675,0.346,0.15,0.0165424685547012,"5","SNHG15"
1.1805910693922e-06,-0.357905906028666,0.423,0.188,0.0166333475766668,"5","SP110"
1.18091065545256e-06,0.178465429723208,0.154,0.051,0.016637850224671,"5","CEP95"
1.18273578731749e-06,-0.334325632209062,0.477,0.219,0.0166635645075161,"5","DGKZ"
1.1828063893077e-06,0.16620393628537,0.877,0.466,0.0166645592189561,"5","PDIA3"
1.18559124752881e-06,-0.259223852017049,0.408,0.183,0.0167037950864333,"5","HMOX2"
1.1934148934818e-06,-0.0481323267101208,0.192,0.07,0.0168140224342651,"5","REXO4"
1.19945350350327e-06,0.249220847917254,0.154,0.051,0.0168991004108575,"5","GIT1"
1.2130257154809e-06,0.174700282119638,0.123,0.037,0.0170903193054105,"5","FBXO42"
1.21606570943817e-06,-0.252570985943502,0.562,0.263,0.0171331497802744,"5","SSU72"
1.23089780789052e-06,-0.169969025070064,0.385,0.172,0.0173421192153696,"5","FXR1"
1.23310598004979e-06,0.0191679025730442,0.769,0.392,0.0173732301529215,"5","SRSF11"
1.23918320822486e-06,-0.131764207860086,0.177,0.062,0.01745885222068,"5","FBXL3"
1.24789432534613e-06,0.025432384247879,0.246,0.098,0.0175815831498017,"5","ERAP2"
1.24926480418506e-06,-0.285688474385459,0.192,0.07,0.0176008918261633,"5","SLMAP"
1.25563875917868e-06,0.0242526966636496,0.185,0.066,0.0176906944780685,"5","BACH1"
1.25888520285023e-06,0.311865781927196,0.115,0.033,0.0177364336229569,"5","ERCC6L2"
1.26461438887324e-06,-0.448893585524918,0.238,0.093,0.017817152124835,"5","CRLF3"
1.26765661959236e-06,-0.462115594047076,0.308,0.128,0.0178600141134367,"5","RAB21"
1.26985091475847e-06,-0.0281989277173662,0.231,0.09,0.017890929538032,"5","ELP2"
1.27543165289206e-06,-0.196339166850235,0.146,0.047,0.0179695565575963,"5","MED14"
1.289460989714e-06,-0.147780678623909,0.138,0.043,0.0181672158840805,"5","BLZF1"
1.30598064152982e-06,0.119952370917124,0.1,0.027,0.0183999612585137,"5","CDK8"
1.32104866334332e-06,0.529436520934787,0.138,0.044,0.018612254617844,"5","TBL1X"
1.33708593348459e-06,-0.113446277291076,0.262,0.107,0.0188382037168644,"5","AZIN1"
1.3393504090929e-06,0.23330953110791,0.131,0.041,0.0188701079137099,"5","DHX40"
1.35563774697758e-06,-0.013529952861643,0.1,0.027,0.0190995802171671,"5","SPATA20"
1.36067688998954e-06,-0.20112422800102,0.362,0.159,0.0191705767030626,"5","NRBP1"
1.36132748764903e-06,0.0260906752298851,0.169,0.059,0.0191797429734872,"5","EBAG9"
1.37567145957832e-06,0.276323837121963,0.969,0.565,0.019381835193999,"5","HNRNPK"
1.37915418359586e-06,-0.224432288990625,0.285,0.118,0.0194309032926821,"5","GPR108"
1.3834468488821e-06,0.040134469250908,0.162,0.055,0.0194913826538999,"5","WIPF3"
1.40083644649592e-06,-0.0818979044527326,0.138,0.044,0.0197363846946811,"5","PRR14L"
1.41254789784738e-06,-0.350204414974402,0.4,0.178,0.0199013873327717,"5","ASH1L"
1.42356173784721e-06,-0.159588025990338,0.254,0.102,0.0200565613245293,"5","DCP1A"
1.43333218055739e-06,0.124613792637304,0.877,0.458,0.020194217091873,"5","MORF4L1"
1.44035607063901e-06,0.187214834582992,0.108,0.03,0.020293176679233,"5","ANKRD9"
1.45662387886063e-06,0.0568289185850643,0.646,0.323,0.0205223738292674,"5","ANXA6"
1.46347150067162e-06,0.0363248489248108,0.215,0.082,0.0206188499729624,"5","DIDO1"
1.46823428885219e-06,1.17311670990257,0.138,0.045,0.0206859528956385,"5","PACSIN2"
1.47178065890196e-06,0.333407250187993,0.977,0.702,0.0207359177032697,"5","ARPC3"
1.47885425124234e-06,0.367544812898611,0.1,0.027,0.0208355775457533,"5","ZNF354A"
1.4922338886581e-06,-0.137927591365022,0.238,0.095,0.0210240832573039,"5","CREBBP"
1.49609100924037e-06,-0.103363832975293,0.362,0.162,0.0210784262291876,"5","SPTAN1"
1.51642617556476e-06,0.174952902702977,0.138,0.044,0.0213649283875319,"5","SNIP1"
1.52350035562598e-06,-0.0875964019576618,0.254,0.102,0.0214645965104144,"5","SNX14"
1.52404322849175e-06,-0.334550452295173,0.146,0.047,0.0214722450462202,"5","DHX16"
1.53191683553359e-06,-0.215736915973932,0.554,0.258,0.0215831762958328,"5","PRKAR1A"
1.53308195805096e-06,0.105894928417148,0.8,0.418,0.02159959170698,"5","PCBP1"
1.53572652878202e-06,-0.194286903918969,0.2,0.074,0.0216368510640098,"5","NUDT3"
1.54764108127568e-06,-0.0797368290600136,0.108,0.03,0.0218047151940931,"5","ATXN7L3"
1.55791620717625e-06,0.642838299455241,0.685,0.418,0.0219494814429062,"5","TUBB4B"
1.56047659272486e-06,-0.105903338853526,0.223,0.087,0.0219855547149006,"5","ME2"
1.61021903166513e-06,-0.154194687066573,0.362,0.161,0.02268637593713,"5","ATF7IP"
1.61422839498677e-06,-0.060888145215257,0.154,0.052,0.0227428638569686,"5","TM2D2"
1.61461990515633e-06,-0.309308263687535,0.262,0.106,0.0227483798437476,"5","SPG7"
1.61821381830994e-06,-0.327881453160585,0.169,0.059,0.0227990144861687,"5","PHF12"
1.63147546090132e-06,-0.77639901443645,0.9,0.805,0.0229858577686388,"5","S100A4"
1.6351080669216e-06,0.0737350165089925,0.131,0.041,0.0230370375548584,"5","STRIP1"
1.64262787650366e-06,-0.0860431587796373,0.2,0.074,0.02314298415206,"5","MYSM1"
1.64476070804149e-06,0.102521376605904,0.154,0.052,0.0231730336155966,"5","DDX10"
1.65179849890763e-06,-0.101860500467596,0.423,0.196,0.0232721890511096,"5","KDM5A"
1.65892462087768e-06,-0.310388775933284,0.208,0.078,0.0233725889835456,"5","B4GALT3"
1.66323024223605e-06,-0.200197497378438,0.531,0.25,0.0234332508828637,"5","HNRNPUL1"
1.68011597808731e-06,0.1296816237971,0.108,0.03,0.0236711540152721,"5","TFB2M"
1.68058603035405e-06,0.165265992556373,0.285,0.121,0.0236777765816582,"5","FBXO34"
1.69132017803895e-06,-0.262335696617567,0.215,0.082,0.0238290099883907,"5","DPP8"
1.69167240389526e-06,-0.0279073018382112,0.792,0.4,0.0238339724984803,"5","LRRFIP1"
1.70647279007975e-06,0.0802853350976518,0.131,0.041,0.0240424951394337,"5","ARHGAP27"
1.72288514880376e-06,-0.1275929270389,0.254,0.103,0.0242737288614961,"5","BLOC1S6"
1.7247898510962e-06,0.132049554076986,0.131,0.041,0.0243005642120944,"5","ORAI3"
1.7287944165412e-06,-0.367918517705052,0.408,0.182,0.024356984534649,"5","SRSF6"
1.75693753547709e-06,0.0419244455198411,0.723,0.364,0.0247534929373368,"5","SP100"
1.75725933042032e-06,0.322612926884212,0.123,0.037,0.0247580267062919,"5","CDK16"
1.76580116816339e-06,-0.287684794113377,0.238,0.094,0.0248783726582541,"5","VPS4A"
1.7799389606859e-06,-0.320850702795623,0.262,0.106,0.0250775600171036,"5","TRMT10C"
1.79369540669611e-06,-0.0259438653406772,0.115,0.034,0.0252713745849415,"5","HERC3"
1.81117712996883e-06,0.0879653732594314,0.215,0.084,0.0255176745841308,"5","STARD3"
1.82080345282329e-06,-0.0181138906776241,0.1,0.027,0.0256532998468273,"5","LINC00847"
1.82677440685636e-06,0.227055272804054,0.108,0.03,0.0257374246181993,"5","CWF19L1"
1.8395183403104e-06,0.107513706571409,0.169,0.06,0.0259169738966333,"5","RNF38"
1.84264513898431e-06,-0.443283822707283,0.185,0.066,0.0259610273631499,"5","GDE1"
1.85083404500322e-06,0.125424359127573,0.454,0.214,0.0260764008600504,"5","INPP5D"
1.85912220528939e-06,-0.129432178398597,0.1,0.027,0.0261931727503222,"5","ZNF140"
1.86001177873052e-06,-0.0560270438239416,0.123,0.037,0.0262057059505343,"5","SLC35B3"
1.88689122163802e-06,-0.14076499389847,0.169,0.059,0.026584410421658,"5","VAMP3"
1.88875003869037e-06,-0.165625381315975,0.185,0.067,0.0266105992951086,"5","PLPP5"
1.89070611798365e-06,-0.134803437858061,0.192,0.071,0.0266381584962716,"5","SLC50A1"
1.89836541354218e-06,0.0244516739267405,0.223,0.087,0.0267460703113958,"5","NPEPPS"
1.90525669765598e-06,-0.233864284828755,0.308,0.132,0.026843161613275,"5","RAB6A"
1.92645796470624e-06,0.009137568543099,0.662,0.331,0.0271418662647463,"5","FNBP1"
1.93622525036093e-06,-0.420032109343496,0.154,0.052,0.0272794775523351,"5","OSBPL2"
1.95022537874605e-06,-0.193967436750418,0.231,0.09,0.0274767253611532,"5","MED19"
1.96164352181248e-06,-0.218922322945573,0.3,0.129,0.027637595578816,"5","SLC39A10"
1.96602184145163e-06,0.258430259563014,0.108,0.031,0.0276992817242121,"5","EXT2"
1.99784309522071e-06,0.202256784397163,0.192,0.072,0.0281476113685646,"5","PWWP2A"
2.0002755346594e-06,-0.365576894514146,0.269,0.11,0.0281818820078162,"5","IFT20"
2.00735815180511e-06,-0.0743227424759065,0.708,0.371,0.0282816690007822,"5","HSPD1"
2.01132894081545e-06,0.391014069744486,0.108,0.031,0.0283376134471489,"5","ATL2"
2.04134495561173e-06,0.262849185448069,0.908,0.575,0.0287605090796137,"5","COX7A2"
2.0580736408477e-06,-0.0394262789790298,0.208,0.08,0.0289961995259032,"5","SLC35E1"
2.06553914356344e-06,0.0543857945457797,0.169,0.06,0.0291013809936653,"5","EHBP1L1"
2.08703273880153e-06,-0.26913285030623,0.246,0.099,0.0294042042569747,"5","LONP2"
2.11862425352436e-06,-0.191110881350372,0.138,0.045,0.0298492971079047,"5","TRAPPC8"
2.14083611043213e-06,-0.375959837619345,0.485,0.223,0.0301622399598783,"5","SUPT4H1"
2.17484820254349e-06,-0.10462570781033,0.108,0.031,0.0306414363256352,"5","TSC1"
2.1790706352781e-06,-0.18600339949233,0.131,0.041,0.0307009261804332,"5","FEM1B"
2.18406019334928e-06,0.286262676752377,0.146,0.049,0.030771224064098,"5","GBF1"
2.19169223683503e-06,-0.360029015888836,0.208,0.079,0.0308787519247687,"5","KLC1"
2.20092129402858e-06,-0.24262053499042,0.238,0.096,0.0310087801115687,"5","SYS1"
2.21510461280911e-06,-0.00833063147336333,0.138,0.045,0.0312086088898675,"5","ZNF426"
2.22514988210044e-06,-0.273688536328345,0.192,0.071,0.0313501366889132,"5","GTPBP8"
2.25675992923379e-06,0.000151273114591177,0.215,0.083,0.0317954906429749,"5","SUSD6"
2.26201857164464e-06,-0.636403767199677,0.315,0.133,0.0318695796559014,"5","NPC2"
2.26368206916582e-06,0.301764370721156,0.115,0.034,0.0318930166724773,"5","LINC01184"
2.27251919994858e-06,-0.206733151851278,0.192,0.071,0.0320175230080755,"5","ARHGEF2"
2.27346741662251e-06,-0.377301170191078,0.246,0.099,0.0320308824327945,"5","NOC2L"
2.2758342097604e-06,-0.0570821851509498,0.708,0.347,0.0320642281813143,"5","HCLS1"
2.27888959170786e-06,0.044477168296384,0.162,0.056,0.0321072754575721,"5","POC1B"
2.28216253713488e-06,-0.459736934417224,0.185,0.067,0.0321533879856933,"5","MAP3K11"
2.30396909138002e-06,-0.31079448065527,0.277,0.115,0.0324606205284531,"5","STX5"
2.31351450259925e-06,-0.135969824160702,0.2,0.075,0.0325951058271209,"5","DDX42"
2.31658042676784e-06,0.21892841263968,0.138,0.045,0.032638301632732,"5","NR2C2"
2.31988413886851e-06,-0.00168816084536805,0.192,0.072,0.0326848476325184,"5","ARID2"
2.32656439405012e-06,0.236631853249512,0.177,0.065,0.0327789657477721,"5","DPYD"
2.3269624777423e-06,-0.222042979124929,0.477,0.225,0.0327845743489113,"5","GLRX"
2.33400472480518e-06,-0.0153444234518578,0.723,0.358,0.0328837925677802,"5","GNAI2"
2.3428417853835e-06,-0.105551061670502,0.231,0.092,0.0330082979142681,"5","VPS13A"
2.34793847751183e-06,0.710305258281819,0.1,0.028,0.0330801052096642,"5","DIP2B"
2.35490034645238e-06,-0.291015950496518,0.531,0.249,0.0331781909811676,"5","WASF2"
2.35690899547032e-06,-0.134319171306662,0.285,0.121,0.0332064908371814,"5","OTULIN"
2.36737347437877e-06,-0.183514140646982,0.392,0.18,0.0333539248805224,"5","CDC26"
2.37361612947246e-06,0.390935223494427,0.123,0.038,0.0334418776481376,"5","KCTD10"
2.39357353806482e-06,0.0744279533301924,0.138,0.045,0.0337230575777952,"5","RBM48"
2.3963681720148e-06,-0.0842355191667918,0.1,0.027,0.0337624311755165,"5","DDX20"
2.41776926130955e-06,-0.124313353438707,0.646,0.317,0.0340639511225903,"5","UCP2"
2.42792095148901e-06,-0.0469591081237851,0.208,0.08,0.0342069782855287,"5","ZNF83"
2.43013812606669e-06,-0.0186088381438272,0.631,0.309,0.0342382160581535,"5","AP2M1"
2.43108997550163e-06,0.320211522858588,0.892,0.556,0.0342516266648424,"5","NCL"
2.50052087060153e-06,0.966791075849947,0.108,0.031,0.0352298385459049,"5","SCAI"
2.51661175703053e-06,-0.113341522075613,0.169,0.06,0.0354565430448032,"5","SERTAD2"
2.53306192917478e-06,0.0470854977713377,0.162,0.056,0.0356883095201435,"5","TTC9C"
2.53790061692875e-06,-0.302360273663089,0.185,0.067,0.0357564817919092,"5","NMD3"
2.54187243248754e-06,0.790132446126331,0.115,0.035,0.035812440701317,"5","GBA2"
2.54910439092969e-06,-0.332509942116667,0.346,0.153,0.0359143317638084,"5","OS9"
2.55338786336777e-06,-0.00980687595593599,0.169,0.06,0.0359746816069885,"5","ERAP1"
2.55850473249724e-06,-0.0510351594739537,0.315,0.138,0.0360467731761536,"5","KMT2C"
2.55891500047173e-06,-0.036679157748118,0.1,0.028,0.0360525534416462,"5","LST1"
2.5593819638508e-06,-0.0169113556203979,0.169,0.06,0.0360591324886939,"5","TMED7"
2.56147114514395e-06,-0.167840956153786,0.308,0.133,0.0360885669639331,"5","URI1"
2.56264277599939e-06,-0.204892924685418,0.154,0.052,0.0361050740710554,"5","TSC2"
2.56375627296879e-06,-0.19109826027327,0.246,0.1,0.0361207621298573,"5","PTEN"
2.57628114355869e-06,0.0683227261404196,0.115,0.034,0.0362972250315984,"5","POMGNT1"
2.58093789038469e-06,0.0422124296117077,0.123,0.038,0.0363628339376299,"5","IPO8"
2.59705341107753e-06,0.024151358589396,0.146,0.049,0.0365898855086714,"5","POLR3D"
2.6098111274536e-06,-0.163215931118322,0.385,0.175,0.0367696289746938,"5","SMG1"
2.61125333228735e-06,0.199125699056779,0.923,0.539,0.0367899481985965,"5","UQCRH"
2.61885587298761e-06,-0.278875696017905,0.131,0.041,0.0368970603945225,"5","ERCC3"
2.62627534315864e-06,0.644729076100525,0.108,0.031,0.037001593309762,"5","MINK1"
2.63781370073405e-06,-0.120342622671928,0.292,0.125,0.037164157229642,"5","ITK"
2.64155906605748e-06,-0.24337572073243,0.346,0.154,0.0372169256816838,"5","EMC10"
2.66212482263457e-06,-0.221210277986406,0.292,0.125,0.0375066766260985,"5","TMEM87A"
2.68118334520379e-06,-0.269249243328531,0.238,0.096,0.0377751921505761,"5","DTNBP1"
2.68157033066499e-06,0.201958565968622,0.131,0.042,0.0377806443887391,"5","IFIH1"
2.68869990304906e-06,0.432850717252897,0.131,0.042,0.0378810929340582,"5","DDX19A"
2.6975727662833e-06,-0.102086088417622,0.346,0.153,0.0380061027041654,"5","USF2"
2.73754591809753e-06,-0.355661920663777,0.415,0.189,0.0385692844400761,"5","ADD3"
2.76832573718071e-06,-0.274064214351451,0.423,0.195,0.039002941311139,"5","JMJD1C"
2.76850479910725e-06,0.0562177806558264,0.1,0.028,0.0390054641146221,"5","MPI"
2.78199456762554e-06,-0.435562140815916,0.192,0.071,0.0391955214632762,"5","IKBKB"
2.79815311762038e-06,0.0881494571290153,0.185,0.069,0.0394231792741536,"5","CERS5"
2.81479733006302e-06,-0.450261750418743,0.338,0.148,0.0396576795832579,"5","FAM204A"
2.83280391078354e-06,-0.082915717711998,0.269,0.113,0.0399113742990292,"5","TRIP12"
2.86603140309315e-06,-0.183069558036004,0.177,0.064,0.0403795164381794,"5","SLC25A33"
2.87119441993784e-06,0.0641145815510913,0.754,0.392,0.0404522581825042,"5","SFPQ"
2.91185410294172e-06,-0.0313196300422205,0.246,0.102,0.0410251124563459,"5","CCNK"
2.94566109759991e-06,-0.0409071732378761,0.177,0.065,0.0415014192040851,"5","ADAP1"
2.97065767681304e-06,-0.0268977547679912,0.169,0.061,0.0418535960086189,"5","PRPSAP2"
2.99665539215627e-06,0.141144796395118,0.115,0.035,0.0422198778200897,"5","QRSL1"
2.99843013072525e-06,-0.0478731955795961,0.123,0.038,0.042244882111788,"5","TM6SF1"
3.00247997076273e-06,-0.503896943854294,0.523,0.24,0.0423019403080762,"5","MYCBP2"
3.00258225710099e-06,-0.115714646757013,0.2,0.076,0.0423033814202959,"5","CYB5R4"
3.01122685994314e-06,0.071337855753715,0.138,0.046,0.0424251752297389,"5","ATR"
3.02073195343021e-06,0.628501856268007,0.185,0.07,0.0425590924918782,"5","CAMK2D"
3.05977500232436e-06,-0.0120692620044193,0.238,0.097,0.043109170007748,"5","ALDH9A1"
3.06024992130842e-06,0.00310819350583458,0.192,0.073,0.0431158611413144,"5","AP1G1"
3.06085797291738e-06,-0.33108282558589,0.262,0.108,0.043124427980433,"5","ATXN7L3B"
3.06596205633522e-06,-0.196281420890905,0.123,0.038,0.0431963394117069,"5","BRWD3"
3.07078365635675e-06,-0.498184015712116,0.392,0.176,0.0432642709344103,"5","LPIN1"
3.09739629859821e-06,0.0296432889620937,0.754,0.387,0.0436392164509502,"5","MTDH"
3.13248542852801e-06,0.113612455036697,0.123,0.038,0.0441335872025311,"5","PEX26"
3.14883570376132e-06,-0.424140863826172,0.3,0.128,0.0443639462302932,"5","TMED5"
3.14971109835772e-06,-0.0581117860731235,0.731,0.363,0.0443762796647619,"5","TMEM50A"
3.14980402753684e-06,0.0503130908869418,0.792,0.409,0.0443775889439665,"5","SPCS1"
3.15017903376481e-06,-0.268081879582918,0.138,0.045,0.0443828724067124,"5","TAF1B"
3.15427457726694e-06,0.0428303025475687,0.338,0.157,0.0444405745191139,"5","XIST"
3.16491435647048e-06,-0.135478707979986,0.177,0.065,0.0445904783683126,"5","SCAF4"
3.20105870366808e-06,0.00626228980237586,0.177,0.065,0.0450997160759796,"5","DENND4C"
3.20728178692116e-06,-0.234171403921181,0.292,0.125,0.0451873930959323,"5","LYSMD2"
3.2110081513907e-06,-0.307837769706394,0.2,0.076,0.0452398938449435,"5","MSL3"
3.21510560950371e-06,-0.41975136742762,0.515,0.24,0.0452976229322978,"5","LAMP1"
3.26114841227767e-06,0.569161540375115,0.1,0.028,0.0459463199805801,"5","MAP1S"
3.27641877332135e-06,0.446797734551187,0.108,0.031,0.0461614640973245,"5","CDK7"
3.28576581890354e-06,-0.0157947238600769,0.154,0.053,0.046293154622532,"5","SOCS4"
3.3028407141662e-06,-0.147279451366946,0.246,0.101,0.0465337228218875,"5","TPP1"
3.31699227099779e-06,0.260287269354262,0.162,0.057,0.0467331041060879,"5","CPT1A"
3.31751163264566e-06,-0.343993937707335,0.254,0.105,0.0467404213923446,"5","ATP6AP1"
3.31888111301629e-06,0.182401065299873,0.123,0.038,0.0467597160012865,"5","NADK"
3.37544416753591e-06,0.208751900701728,0.131,0.042,0.0475566328764134,"5","MRGBP"
3.38276849057459e-06,-0.111319367987741,0.223,0.089,0.0476598252637053,"5","STK26"
3.4119855976995e-06,-0.366738790781982,0.246,0.1,0.0480714650859882,"5","TFG"
3.52538957801497e-06,0.141418217211142,0.285,0.124,0.0496692137646528,"5","ATXN1"
3.54387411641953e-06,0.262018182596649,0.123,0.039,0.0499296424262347,"5","B4GALT7"
3.57629204298915e-06,0.0256716824578098,0.246,0.101,0.0503863785936741,"5","CCS"
3.61857343587406e-06,-0.308714356656488,0.154,0.053,0.0509820811380296,"5","SMAD5"
3.63842300319581e-06,-0.278186751284142,0.131,0.042,0.0512617416920257,"5","TRMT10B"
3.6727759768909e-06,0.531352836424791,0.131,0.042,0.0517457407384159,"5","TSPAN17"
3.70043113163149e-06,0.0391308287563934,0.169,0.061,0.052135374213556,"5","ZNHIT6"
3.7063886452014e-06,-0.0866215098801131,0.654,0.334,0.0522193096222425,"5","GIMAP7"
3.72528257777072e-06,-0.273520704341874,0.254,0.105,0.0524855062382116,"5","SPEN"
3.72786980817054e-06,-0.132788296101827,0.2,0.077,0.0525219577273148,"5","PTGES2"
3.73226991228451e-06,-0.288115044548978,0.192,0.072,0.0525839507941765,"5","YIPF6"
3.75548645057164e-06,0.200812318211219,0.108,0.032,0.0529110486021038,"5","ITPR3"
3.76620553523387e-06,-0.17948469020155,0.154,0.053,0.05306206978591,"5","POR"
3.78451864548296e-06,-0.118739048097471,0.138,0.046,0.0533200831962095,"5","EXOC3"
3.80141516132071e-06,-0.29773751115905,0.277,0.117,0.0535581382078474,"5","GLTP"
3.81316767581172e-06,-0.332005171733221,0.392,0.179,0.0537237193845114,"5","BIRC2"
3.85563182565766e-06,-0.297898368805525,0.215,0.085,0.0543219967916908,"5","GRIPAP1"
3.88669573285189e-06,-0.188796761352357,0.662,0.319,0.0547596561801503,"5","PAPOLA"
3.89529091161899e-06,1.06439090318997,0.169,0.063,0.0548807536537999,"5","CDC14A"
3.90240456804372e-06,-0.10136407790362,0.192,0.073,0.054980977959168,"5","CMTR2"
3.9079035274408e-06,-0.0923224863640271,0.692,0.338,0.0550584527981134,"5","SCAF11"
3.91613106255939e-06,-0.178426187152062,0.254,0.106,0.0551743705403993,"5","N4BP1"
4.00030005511099e-06,0.830860621457583,0.123,0.039,0.0563602274764588,"5","GRK5"
4.01695571019512e-06,-0.370593658387526,0.208,0.08,0.056594889000939,"5","TTC37"
4.06689526931944e-06,0.091841700737826,0.1,0.028,0.0572984874494416,"5","SLC26A2"
4.07104858479508e-06,-0.217931910293507,0.592,0.288,0.0573570035111779,"5","CARD16"
4.09257095552435e-06,-0.208668993329838,0.2,0.077,0.0576602321923826,"5","GOLGA2"
4.09457596036068e-06,-0.141493954102805,0.169,0.061,0.0576884807055216,"5","DNAJB12"
4.1666285466478e-06,-0.453801666908687,0.169,0.061,0.0587036295937209,"5","SLC2A1"
4.18168562359198e-06,-0.185979870620971,0.208,0.081,0.0589157687507874,"5","AP2A1"
4.21787436951343e-06,-0.122038896819896,0.246,0.102,0.0594256319920746,"5","HIPK2"
4.2361198628948e-06,-0.391394596015877,0.385,0.176,0.0596826927483249,"5","UBE2F"
4.25279933218363e-06,-0.00753896390356257,0.685,0.358,0.0599176897911351,"5","CD3E"
4.32453086794109e-06,0.0746290305887258,0.169,0.061,0.0609283153984221,"5","NMUR1"
4.36294629423105e-06,0.0204265158353302,0.192,0.074,0.0614695503394212,"5","ITPR1"
4.46958573311557e-06,-0.215550075546173,0.208,0.081,0.0629719933938653,"5","SUPT3H"
4.47486598621387e-06,-0.126189435581519,0.123,0.039,0.0630463868797672,"5","IKBKE"
4.47609243690039e-06,-0.149689540266883,0.131,0.042,0.0630636663434897,"5","INTS4"
4.4766891318089e-06,-0.48014082289724,0.223,0.088,0.0630720731780556,"5","ARFGEF1"
4.50155025985756e-06,-1.57951550159374,0.177,0.354,0.0634223416111331,"5","HLA-DPA1"
4.52213381775189e-06,-0.251152921808288,0.169,0.061,0.0637123433583064,"5","AGFG1"
4.55597301894649e-06,-0.206164926956674,0.138,0.046,0.064189103863937,"5","PIAS2"
4.60200698469689e-06,0.00269650600319271,0.162,0.058,0.0648376764073944,"5","ZDHHC21"
4.72093457261424e-06,-0.356857356023161,0.215,0.086,0.0665132471935621,"5","ECHDC2"
4.79924445639757e-06,-0.235269539013919,0.238,0.097,0.0676165551461854,"5","PAN3"
4.80058115819348e-06,-0.221806188256466,0.138,0.046,0.0676353879377879,"5","ARRB1"
4.80711512837799e-06,0.0465249229008817,0.108,0.032,0.0677274450437175,"5","INTS8"
4.88815953197443e-06,-0.179547354556705,0.192,0.074,0.0688692796459877,"5","CCDC130"
4.96350604457741e-06,-0.224398739420705,0.269,0.115,0.0699308366620511,"5","NLRC5"
4.97346129190346e-06,-0.12085350732394,0.146,0.05,0.0700710961416279,"5","SMAD4"
5.00422117635801e-06,-2.15648265879882,0.138,0.32,0.070504472153708,"5","CCL3"
5.03028328672191e-06,-0.29113898134618,0.131,0.042,0.070871661226625,"5","VPS33A"
5.10062411959695e-06,0.199674203667302,0.9,0.517,0.0718626932210014,"5","TMBIM6"
5.12525371415223e-06,0.000180288227816128,0.131,0.043,0.0722096995786907,"5","DCAF12"
5.18871232865094e-06,-0.178108563600711,0.338,0.153,0.073103767998363,"5","DNAJC3"
5.23568385489047e-06,0.56995620323201,0.115,0.036,0.0737655498315518,"5","HSPBAP1"
5.27851952981714e-06,0.41426077298134,0.192,0.075,0.0743690616555936,"5","SUCO"
5.29488975121069e-06,0.0808205520954663,0.138,0.047,0.0745997017048075,"5","ZSCAN18"
5.33946424289989e-06,-0.386139072535313,0.223,0.089,0.0752277117182165,"5","ICE1"
5.36763326755999e-06,-0.395962626406741,0.262,0.109,0.0756245851066527,"5","CHMP2B"
5.36947463982735e-06,0.0279976957202965,0.115,0.036,0.0756505282005275,"5","GLMP"
5.38151305367965e-06,0.164199545876914,0.169,0.062,0.0758201374132926,"5","MR1"
5.38205609739393e-06,0.213048353682068,0.146,0.051,0.0758277883561831,"5","TTN"
5.40091628551359e-06,-0.246163780237214,0.231,0.094,0.0760935095466009,"5","GTPBP1"
5.42186979360049e-06,-0.342606640214019,0.492,0.233,0.0763887235220374,"5","CNOT2"
5.50659299040352e-06,-0.627743174854747,0.3,0.129,0.0775823886417952,"5","CWF19L2"
5.50959555421498e-06,0.0368232139432332,0.123,0.039,0.0776246917633349,"5","CS"
5.57729978510053e-06,-0.287229698177795,0.238,0.098,0.0785785766722813,"5","SPRY2"
5.58903374304539e-06,0.230053894944941,0.954,0.564,0.0787438964057665,"5","TPM3"
5.64373697175191e-06,-0.260129572664604,0.315,0.14,0.0795146101950126,"5","PDCD7"
5.65325146841709e-06,-0.525780510329656,0.4,0.182,0.0796486599385284,"5","TMEM9B"
5.6783819913173e-06,0.544969924385162,0.708,0.419,0.0800027238756694,"5","ISG15"
5.71787323338096e-06,-0.351791593313394,0.223,0.089,0.0805591159851043,"5","R3HDM4"
5.81578504467862e-06,-0.344606166058164,0.192,0.074,0.0819385954944771,"5","YTHDC2"
5.91251937376467e-06,0.12875432606088,0.123,0.039,0.0833014854569704,"5","YKT6"
5.92380749603383e-06,-0.103725535060582,0.154,0.054,0.0834605238116206,"5","GALC"
5.96307870137784e-06,-0.378975487389044,0.223,0.09,0.0840138158237125,"5","TNFRSF1A"
5.97125278824017e-06,-0.0737395063271093,0.777,0.405,0.0841289805335158,"5","HNRNPH1"
6.02208207362752e-06,-0.481732616144867,0.292,0.127,0.0848451143353382,"5","YPEL1"
6.03204189810999e-06,0.0387049778214639,0.108,0.032,0.0849854383024716,"5","KIAA0930"
6.05424985919371e-06,0.0176538783704787,0.185,0.071,0.0852983262661802,"5","INO80D"
6.1110032930916e-06,-0.317474544098576,0.246,0.103,0.0860979253963675,"5","UBE2Q2"
6.1270431493475e-06,-0.431702328195159,0.246,0.102,0.086323910931157,"5","PPIL4"
6.1584067918359e-06,-0.272437705968454,0.146,0.05,0.086765793290176,"5","TRIP4"
6.19640230858248e-06,0.222394934002568,0.162,0.059,0.0873011121256185,"5","INSIG2"
6.21269974131837e-06,0.324619861414329,0.115,0.036,0.0875307266554345,"5","XPO4"
6.29574775543671e-06,-0.4430726588566,0.431,0.2,0.0887007901263478,"5","RNASET2"
6.32866762775044e-06,0.1302324999446,0.846,0.45,0.089164598207376,"5","ARF1"
6.34188257216542e-06,-0.182066069601502,0.331,0.15,0.0893507835592386,"5","UPF3A"
6.3458974072194e-06,-0.205629987929148,0.185,0.07,0.0894073485703142,"5","LGALS8"
6.36354983998051e-06,-0.411648303526519,0.169,0.062,0.0896560536954855,"5","EPN1"
6.36413090219967e-06,0.415018559366177,0.108,0.033,0.0896642402810912,"5","HEMK1"
6.36917422100233e-06,-0.405583554911286,0.308,0.135,0.0897352955997018,"5","RNF10"
6.36971727030316e-06,0.189679516640199,0.123,0.04,0.0897429466213013,"5","RNF111"
6.41312243294438e-06,-0.309379681346875,0.169,0.062,0.0903544819577533,"5","PYROXD1"
6.45018913141462e-06,-0.243681129080193,0.238,0.099,0.0908767146725006,"5","MORC3"
6.48731928160694e-06,-0.226200794060926,0.131,0.043,0.0913998413585601,"5","ELP3"
6.51340524831608e-06,0.195020038917074,0.131,0.043,0.0917673665435253,"5","ZNF639"
6.55760320129578e-06,-0.324722082452585,0.208,0.082,0.0923900715030563,"5","ZNF90"
6.58172164350916e-06,-0.395726332849401,0.269,0.115,0.0927298762354005,"5","GIMAP6"
6.62222126736927e-06,-0.0745745313828424,0.192,0.075,0.0933004754359657,"5","CWC22"
6.64033269854385e-06,0.378024070582421,0.115,0.036,0.0935556473897843,"5","EIF2AK4"
6.64508171944295e-06,-0.35407127897899,0.292,0.127,0.0936225563452317,"5","RIOK3"
6.67169110329108e-06,0.012191158150249,0.877,0.461,0.0939974559542681,"5","TRMT112"
6.70703598549933e-06,-0.55962421587437,0.369,0.168,0.0944954299997001,"5","PTGER2"
6.7261162267131e-06,-0.354334963071952,0.2,0.078,0.0947642515181608,"5","AKAP7"
6.7691254780728e-06,-0.125942196057978,0.192,0.075,0.0953702088605676,"5","FAM214A"
6.78649578313133e-06,0.0554076986530793,0.223,0.092,0.0956149390885374,"5","QKI"
6.79235832363827e-06,0.0030289136330901,0.115,0.036,0.0956975364217395,"5","RBM12B"
6.8304007947379e-06,-0.168295705603032,0.123,0.039,0.0962335167970623,"5","ZHX1"
6.86066555239824e-06,0.261406737736404,0.985,0.879,0.0966599169677388,"5","MYL6"
6.86434886309682e-06,-0.418417258507822,0.308,0.135,0.0967118111321711,"5","SLC25A36"
6.88468564789182e-06,-0.0710206684840701,0.208,0.083,0.0969983360931479,"5","DIS3"
6.90099741651203e-06,-0.435268061836262,0.208,0.082,0.097228152601238,"5","SLC25A45"
7.07192977590201e-06,-0.309113754530224,0.315,0.141,0.0996364186126835,"5","ARIH2"
7.09258461844987e-06,0.0749084947357286,0.123,0.04,0.0999274246893402,"5","ZSWIM8"
7.15820479931764e-06,-0.219403442727693,0.385,0.179,0.100851947417586,"5","RABGAP1L"
7.17780770948908e-06,-0.100081698067222,0.108,0.033,0.101128132818992,"5","ZNF780A"
7.18297337182432e-06,-0.650178509134558,0.177,0.066,0.101200911835633,"5","BLCAP"
7.22445255907045e-06,-0.240056419752095,0.131,0.043,0.101785312104744,"5","FKBP15"
7.22839386809244e-06,-0.403681732671995,0.385,0.177,0.101840841207554,"5","NXT1"
7.251670720214e-06,-0.434742046432066,0.208,0.082,0.102168788777095,"5","KPNA6"
7.26591334881031e-06,-0.346756684056105,0.223,0.09,0.102369453171388,"5","TMEM156"
7.28955548166275e-06,-0.0599616397477667,0.546,0.277,0.102702547181146,"5","SYNE2"
7.3960929511164e-06,-0.459833392346207,0.169,0.062,0.104203553588279,"5","NPRL3"
7.41066052788565e-06,-0.331702694489067,0.192,0.074,0.104408796177381,"5","DLST"
7.56306853027921e-06,-0.432530562464537,0.408,0.188,0.106556072523104,"5","DNAJB14"
7.58269653267008e-06,-0.174628468718222,0.108,0.033,0.106832611448789,"5","TBC1D14"
7.61654412408671e-06,-0.176182773351582,0.269,0.116,0.107309490164258,"5","CSNK1G2"
7.62438037984505e-06,-0.391038672441254,0.177,0.066,0.107419895171637,"5","KIFAP3"
7.6550415510998e-06,-0.276718375542687,0.177,0.066,0.107851880413445,"5","ACSL3"
7.73787980705286e-06,-0.141983601591798,0.131,0.043,0.109018988601568,"5","VAPB"
7.74352991477022e-06,-0.39694381481724,0.177,0.066,0.109098592969198,"5","DNAJC10"
7.79090851921766e-06,-0.351277834259025,0.246,0.103,0.109766110127258,"5","DUSP11"
7.82639212067939e-06,-0.0837151924839143,0.162,0.059,0.110266038588252,"5","VPS16"
7.84002646405829e-06,-0.136063931714888,0.738,0.369,0.110458132852117,"5","HIGD2A"
7.84131121339823e-06,0.0400001929388942,0.115,0.036,0.110476233685568,"5","HINT3"
7.90908206659147e-06,0.136322515483802,0.123,0.04,0.111431057236207,"5","JMJD8"
7.92290113837648e-06,-0.430978120318123,0.431,0.202,0.111625754138586,"5","SELPLG"
7.95751956385741e-06,-0.0241289220430509,0.115,0.036,0.112113493135187,"5","TRRAP"
8.0159351913637e-06,-0.0104207711861022,0.523,0.266,0.112936510911123,"5","MAPK1"
8.02532578660977e-06,-0.212301473217797,0.277,0.122,0.113068815007545,"5","ATP8A1"
8.08288083579654e-06,-0.0538227698497543,0.285,0.128,0.113879708095537,"5","ZMYM2"
8.08806591921452e-06,0.0101785782090942,0.1,0.029,0.113952760735813,"5","LRRC75A"
8.10450816283368e-06,0.0197879364670794,0.146,0.051,0.114184415506164,"5","MADD"
8.11761790954003e-06,0.300350446825544,0.154,0.056,0.114369118727509,"5","GFPT1"
8.12707754066136e-06,0.129854257135016,0.131,0.044,0.114502395470378,"5","MYO5A"
8.21069535651533e-06,0.597107442793325,0.108,0.033,0.115680486877944,"5","ZNF407"
8.21679742932231e-06,-0.208753042531227,0.262,0.113,0.115766458981722,"5","MSI2"
8.21765445222629e-06,-0.120362592373632,0.169,0.063,0.115778533577416,"5","POM121"
8.22294088661013e-06,-0.123763967256039,0.138,0.047,0.11585301415145,"5","KAT8"
8.22471781471296e-06,-0.476206353090326,0.338,0.153,0.115878049291491,"5","UHMK1"
8.25658088277436e-06,-0.208115176856749,0.462,0.224,0.116326968057408,"5","PAK2"
8.3607999351293e-06,0.0290185356679774,0.231,0.097,0.117795310286037,"5","GCH1"
8.3617020664501e-06,-0.116428965121719,0.169,0.063,0.117808020414215,"5","IBTK"
8.42264156077593e-06,-0.313800060965053,0.515,0.249,0.118666596949772,"5","TRA2A"
8.5494851794755e-06,0.0660043317051886,0.108,0.033,0.12045369669363,"5","PLA2G12A"
8.60695739377818e-06,-0.442126195019554,0.323,0.144,0.121263422720941,"5","SRPRA"
8.65792325771849e-06,0.638063227779611,0.262,0.116,0.121981480777996,"5","ESYT2"
8.68205569857639e-06,-0.280940742926871,0.208,0.083,0.122321482737243,"5","NPRL2"
8.73855766178644e-06,-0.588021485547176,0.315,0.142,0.123117538896909,"5","B3GNT7"
8.74306548283665e-06,-0.263315026521725,0.215,0.087,0.123181049587686,"5","TRPV2"
8.76196437780156e-06,-0.524123620586631,0.169,0.063,0.123447316118846,"5","INPP5K"
8.81834007961288e-06,-0.253359811906611,0.308,0.138,0.124241593381666,"5","AGO2"
8.83601487975535e-06,-0.152751200575086,0.269,0.117,0.124490613640873,"5","INPP4A"
8.86579298064755e-06,-0.585782902228712,0.262,0.111,0.124910157304343,"5","PSMD9"
8.97563570972516e-06,-0.0350596782853931,0.154,0.055,0.126457731514318,"5","TBRG4"
8.99622708009274e-06,-0.0121013943434425,0.138,0.048,0.126747843331427,"5","LARP4"
9.01121755436178e-06,-0.152223511603895,0.215,0.088,0.126959044123403,"5","MAGT1"
9.01986063296203e-06,0.149066885472628,0.1,0.029,0.127080816457802,"5","ZNF680"
9.03307564550524e-06,-0.340304381749287,0.1,0.029,0.127267002769523,"5","ERCC4"
9.03408097341366e-06,-0.422025583730935,0.169,0.063,0.127281166834425,"5","HGS"
9.07735509350668e-06,-0.0485405893026631,0.108,0.033,0.127890855912416,"5","DTX3"
9.12071813232855e-06,-0.125678199847169,0.685,0.347,0.128501797766377,"5","RHOC"
9.1435693077755e-06,-0.234796807672752,0.508,0.247,0.128823747977249,"5","CCDC107"
9.20465828053939e-06,-0.307273772779652,0.331,0.151,0.12968443051452,"5","SYNGR1"
9.31908087840554e-06,0.185250722109037,0.869,0.495,0.131296530495856,"5","POLR2L"
9.3339953734846e-06,-0.383519815355024,0.146,0.051,0.131506660817024,"5","KDM4B"
9.36384667347352e-06,-0.215263457840407,0.138,0.048,0.131927235782568,"5","CRKL"
9.37466683874168e-06,-0.301422125243909,0.177,0.067,0.132079681091031,"5","UBE2Q1"
9.48262637532396e-06,-0.368000099538042,0.208,0.083,0.133600723001939,"5","ZMYM5"
9.65506730464488e-06,-0.129114441805099,0.123,0.04,0.136030243255142,"5","CSAD"
9.79860059204244e-06,0.0237394974925866,0.154,0.056,0.138052483741286,"5","CHM"
9.84968060030189e-06,0.286262230461142,0.115,0.037,0.138772149977653,"5","PBX2"
9.88758240905895e-06,-0.0113166373485034,0.254,0.11,0.139306148561232,"5","ABLIM1"
9.98988139150054e-06,0.00312716590170425,0.177,0.068,0.140747438924851,"5","PPP2R2D"
1.00029100785084e-05,-0.00870868680578085,0.2,0.08,0.140931000096104,"5","PLRG1"
1.00134937129366e-05,0.106093458456897,0.115,0.037,0.141080112921564,"5","PEX3"
1.00846211273067e-05,-0.0468085272430476,0.154,0.056,0.142082227062625,"5","CFAP36"
1.02018546289432e-05,-0.128899016614686,0.131,0.044,0.143733929867181,"5","PHRF1"
1.02150956529474e-05,-0.289774933287126,0.162,0.06,0.143920482654375,"5","NADSYN1"
1.02727507281966e-05,0.0798209718440042,0.123,0.041,0.144732785009561,"5","LYPLAL1"
1.03484334668318e-05,0.0693394828575504,0.154,0.056,0.145799079114193,"5","MSMO1"
1.03629004684529e-05,-0.207158013404436,0.115,0.037,0.146002904700033,"5","BTD"
1.04114218630725e-05,0.0698978226024476,0.1,0.03,0.146686522628829,"5","CES2"
1.04939580538403e-05,-0.4444759878308,0.162,0.059,0.147849375020555,"5","UBXN6"
1.05760873899464e-05,-0.058344036957388,0.162,0.06,0.149006495236955,"5","STX7"
1.0745551786401e-05,-0.101236483929342,0.292,0.132,0.151394079118604,"5","ZNF131"
1.07486264327303e-05,0.0849673179426689,0.808,0.437,0.151437397810737,"5","NDUFA1"
1.08367335038784e-05,-0.170120970542849,0.131,0.044,0.152678738336143,"5","NPTN"
1.08689455972612e-05,-0.138410361754639,0.215,0.089,0.153132574519813,"5","SUGP2"
1.08815908568729e-05,-0.351149632997369,0.292,0.129,0.153310733582482,"5","MARK3"
1.10084783199681e-05,0.13962204239975,0.631,0.345,0.15509845105003,"5","UBE2S"
1.10212308583542e-05,-0.238264961216988,0.162,0.06,0.155278121563352,"5","ZNF302"
1.10376399509258e-05,-0.433167791599423,0.238,0.1,0.155509309268594,"5","ZBTB44"
1.10501224681176e-05,-0.101914296656705,0.185,0.072,0.155685175453309,"5","RBM18"
1.10780177737795e-05,0.189853742261239,0.908,0.571,0.156078192414779,"5","SNRPD2"
1.11639229999581e-05,-0.219783141485119,0.123,0.04,0.157288511146409,"5","BTN2A2"
1.11917524557883e-05,0.256923921697513,0.138,0.048,0.157680600349602,"5","PPFIA1"
1.12819180782672e-05,-0.185047376262395,0.169,0.064,0.158950943804707,"5","HSD17B7"
1.1380076542756e-05,-0.311231755265562,0.185,0.072,0.160333898410889,"5","RB1"
1.14455546843798e-05,-0.259927160981675,0.238,0.101,0.161256419948227,"5","UBQLN1"
1.14860418370263e-05,-0.117206506250107,0.223,0.093,0.161826843441863,"5","UBLCP1"
1.1511161494767e-05,0.00456475837065362,0.1,0.03,0.162180754299773,"5","GLYCTK"
1.16192652049269e-05,-0.607210370616131,0.969,0.864,0.163703827472215,"5","CYBA"
1.16826495508145e-05,0.0331829992860193,0.131,0.045,0.164596849521425,"5","FAS"
1.17958746109468e-05,-0.376291916487151,0.231,0.097,0.166192077393629,"5","TMEM120B"
1.18504402048986e-05,-0.400366541157964,0.5,0.241,0.166960852046817,"5","CCNDBP1"
1.18540513751835e-05,0.231098835147537,0.131,0.045,0.16701172982496,"5","RPRD1B"
1.20181156329549e-05,-0.498502948955001,0.223,0.092,0.169323231152702,"5","LEPROT"
1.20408869003938e-05,-0.400598283553717,0.208,0.084,0.169644055539648,"5","ZCCHC7"
1.21342842387456e-05,-0.303639043952787,0.277,0.122,0.170959930639686,"5","SETD2"
1.21420579391469e-05,-0.272728280357067,0.246,0.106,0.17106945430464,"5","BROX"
1.23235785703868e-05,0.314058649360098,0.146,0.053,0.17362689847818,"5","DIS3L2"
1.24937531910052e-05,0.0173481211240591,0.769,0.401,0.176024488708073,"5","RBM25"
1.25021381669836e-05,-0.538878048316644,0.338,0.153,0.176142624634632,"5","ZNF800"
1.27422289025193e-05,-0.365145829055868,0.123,0.041,0.179525263007595,"5","GPATCH11"
1.27836159189486e-05,-0.328232230046859,0.177,0.068,0.180108364682067,"5","LIX1L"
1.28042691589543e-05,-0.0972206316238178,0.108,0.033,0.180399348180507,"5","TMEM38B"
1.29209680540181e-05,0.0882704110347046,0.123,0.041,0.182043518913062,"5","TRPS1"
1.2984446581525e-05,-0.214307479050817,0.154,0.056,0.182937867887106,"5","GMFB"
1.30237580010034e-05,-0.215305327984298,0.177,0.068,0.183491726476137,"5","ZNF493"
1.30243221830173e-05,-0.199115220522187,0.154,0.056,0.183499675236531,"5","SUPT7L"
1.30338946595278e-05,-0.474890396302243,0.269,0.117,0.183634541858087,"5","SEC31A"
1.31006906090817e-05,0.655442346403106,0.1,0.03,0.184575629991352,"5","SRGAP2"
1.31697705983696e-05,-0.232013429467294,0.162,0.06,0.185548897960429,"5","LTBP3"
1.3182701034919e-05,-0.421732589237571,0.223,0.092,0.185731074880974,"5","CYP20A1"
1.31947552952332e-05,-0.398633473186655,0.646,0.317,0.18590090735454,"5","TXK"
1.32166134855109e-05,-0.108273316679508,0.1,0.03,0.186208867397364,"5","IFIT5"
1.32458262445306e-05,-0.368478566363698,0.215,0.088,0.186620445959192,"5","SUPT20H"
1.33333413230058e-05,0.177152687509044,0.123,0.041,0.187853445899828,"5","NSMAF"
1.3435282937589e-05,0.0141950017718973,0.138,0.048,0.189289701307691,"5","MID1IP1"
1.34994586923829e-05,-0.223621369237563,0.208,0.085,0.190193873516983,"5","SNHG25"
1.36013578114314e-05,-0.29052681149007,0.285,0.127,0.191629530205258,"5","MFNG"
1.38292650973523e-05,-0.245929724521177,0.538,0.265,0.194840515956596,"5","SIGIRR"
1.42151681510604e-05,-0.135574994784052,0.162,0.06,0.200277504080289,"5","LRRC41"
1.43657061469476e-05,-0.321731397692247,0.177,0.068,0.202398433904345,"5","TMEM263"
1.44031551961892e-05,0.236003541233997,0.908,0.564,0.20292605355911,"5","UBL5"
1.44267368880926e-05,-0.274492379552988,0.531,0.262,0.203258296016337,"5","SPN"
1.45283913218894e-05,-0.261880099118734,0.208,0.085,0.2046905053341,"5","TLE3"
1.46673621011801e-05,-0.227483619145266,0.169,0.065,0.206648464643526,"5","ZNF75A"
1.48487221500594e-05,-0.148232193042962,0.108,0.034,0.209203646372187,"5","TRMT11"
1.48657269745907e-05,0.0680337854660045,0.108,0.034,0.209443227345008,"5","MAGED1"
1.498196661701e-05,-0.228519559702648,0.277,0.123,0.211080927667054,"5","BAZ2B"
1.5036259229984e-05,-0.215005091201996,0.269,0.118,0.211845856291244,"5","RFTN1"
1.50438415130385e-05,0.130324561126959,0.115,0.038,0.2119526830772,"5","AVL9"
1.50441507130689e-05,0.509154927662672,0.115,0.038,0.211957039396427,"5","TRAPPC13"
1.50635371292439e-05,0.068461463517056,0.115,0.038,0.212230174613918,"5","FCF1"
1.50710982149907e-05,0.376679990764682,0.108,0.034,0.212336702751004,"5","PTER"
1.5085439613297e-05,-0.291799948910631,0.292,0.131,0.212538758711741,"5","GBP4"
1.53754482703536e-05,-0.531084384437388,0.369,0.171,0.216624690681012,"5","TAF10"
1.54219353837692e-05,-0.17374805434253,0.162,0.061,0.217279647621925,"5","GPR18"
1.55236076341708e-05,-0.352762131258385,0.508,0.247,0.218712107957832,"5","IVNS1ABP"
1.55269515635441e-05,0.789848808226488,0.1,0.031,0.218759220578773,"5","ZNF808"
1.55411920305255e-05,-0.151108358481971,0.7,0.352,0.218959854518074,"5","RSRC2"
1.58007663761207e-05,-0.113354972148036,0.592,0.303,0.222616997473164,"5","ATRX"
1.58143828020774e-05,-0.301348307852075,0.346,0.161,0.222808839298469,"5","USP8"
1.58381394691411e-05,0.132724036404258,0.108,0.034,0.223143546980729,"5","TEFM"
1.58706675323802e-05,-0.00953682759478802,0.108,0.034,0.223601834863705,"5","CTNNA1"
1.60003029217183e-05,-0.340189289397688,0.4,0.191,0.22542826786409,"5","SEC11C"
1.60218581183218e-05,-0.415274871057051,0.138,0.049,0.225731959029036,"5","RARS2"
1.61854141916462e-05,-0.266791208882654,0.277,0.123,0.228036300546103,"5","KAT6A"
1.61972607702932e-05,-0.717784837718647,0.438,0.204,0.228203206992661,"5","ATP1A1"
1.64242997654894e-05,-0.54994675675771,0.377,0.176,0.23140195939598,"5","SRPK2"
1.64379393963943e-05,-0.215073918345512,0.192,0.077,0.231594128155799,"5","DALRD3"
1.64928519866811e-05,-0.0487563525283035,0.869,0.458,0.23236779164035,"5","ANAPC16"
1.65149515500059e-05,-0.312897632148868,0.185,0.073,0.232679152388033,"5","SLC35C2"
1.65547520359407e-05,-0.244667439875102,0.162,0.061,0.233239901434369,"5","FMR1"
1.65611783386862e-05,-0.515205498769994,0.146,0.052,0.233330441613749,"5","COQ10A"
1.68117118120411e-05,-0.156679744017463,0.638,0.329,0.236860207719847,"5","PRDX1"
1.68554830174868e-05,-0.371221106148377,0.223,0.093,0.237476900233372,"5","UNC13D"
1.6948692795783e-05,-0.149751036873598,0.162,0.061,0.238790132799786,"5","TRMT13"
1.71076621117249e-05,-0.195064822943586,0.138,0.049,0.241029851492092,"5","COG5"
1.71618016247396e-05,0.00148731736552676,0.131,0.045,0.241792623090957,"5","UBP1"
1.73092961100428e-05,-0.479240496975406,0.154,0.057,0.243870672894394,"5","PRCP"
1.7371367795216e-05,-0.154000883264901,0.177,0.069,0.244745200866798,"5","PIGP"
1.7372169784124e-05,-0.473047956220925,0.331,0.151,0.244756500088523,"5","RAB18"
1.76725345498236e-05,-0.277184603717973,0.185,0.073,0.248988339272464,"5","FNDC3A"
1.79794078610917e-05,-0.707690910841671,0.292,0.129,0.253311877354922,"5","MAP7D1"
1.80077362950025e-05,-0.327718574965186,0.115,0.038,0.25371099666029,"5","NEK9"
1.80252331223805e-05,-0.177221443658595,0.115,0.038,0.253957509461219,"5","SPHK2"
1.80638722283214e-05,-0.308756740267573,0.262,0.115,0.254501895824821,"5","ELF2"
1.80660275585852e-05,-0.427194877760686,0.454,0.218,0.254532262272907,"5","YTHDC1"
1.82141121427573e-05,-0.049847519897134,0.162,0.061,0.256618625979308,"5","CDK5RAP1"
1.83283945630406e-05,0.183854375971213,0.108,0.034,0.258228750998678,"5","PDP1"
1.84872636789422e-05,-0.747446319573007,0.254,0.109,0.260467057972617,"5","RNF13"
1.88105762733536e-05,-0.217023270020676,0.162,0.061,0.265022209115279,"5","RNF146"
1.91263975249143e-05,0.204201121093563,0.908,0.562,0.269471814728518,"5","COX6B1"
1.9143479142068e-05,-0.199043214815024,0.723,0.36,0.269712477632596,"5","LUC7L3"
1.94416202158394e-05,-0.0891425236668169,0.277,0.126,0.273912987220961,"5","ABCB1"
1.95095247506421e-05,-0.409620038974822,0.223,0.094,0.274869694211796,"5","BRD9"
1.97254002479857e-05,-0.358057567937793,0.308,0.141,0.27791116409387,"5","GGA1"
1.97281193012508e-05,-0.210061760054625,0.108,0.034,0.277949472835322,"5","DNASE1"
1.9805828304093e-05,-0.320519461359943,0.169,0.065,0.279044314976366,"5","BANP"
1.99181539802909e-05,-0.00177850403218982,0.115,0.038,0.280626871428319,"5","DRAXIN"
2.02597230262488e-05,-0.172212274701353,0.115,0.038,0.28543923771682,"5","WDR36"
2.03066693145823e-05,-0.544571796704921,0.177,0.069,0.286100663973151,"5","EXOC1"
2.03173397415483e-05,-0.196139621594973,0.262,0.116,0.286250999618674,"5","CHD6"
2.05935470000314e-05,-0.362105395032794,0.223,0.094,0.290142483683442,"5","FBXW2"
2.06399049861521e-05,-0.169841525281925,0.115,0.038,0.290795621349897,"5","PER2"
2.06460228951212e-05,-0.0295281797513764,0.123,0.042,0.290881816569363,"5","FBXL12"
2.06675131056725e-05,-0.106452241939311,0.162,0.062,0.29118459214582,"5","ADIPOR2"
2.07527496690487e-05,-0.628089916266664,0.1,0.031,0.292385490087228,"5","ENDOD1"
2.07821537189786e-05,-0.427344530372934,0.377,0.179,0.29279976374669,"5","GATA3"
2.08082482203748e-05,-0.285506006511785,0.185,0.074,0.29316740917686,"5","ZNF480"
2.09342939013273e-05,-0.305395500942328,0.562,0.279,0.2949432667758,"5","NKTR"
2.11316503324004e-05,-0.0179236064406849,0.869,0.466,0.297723821533189,"5","SEC61B"
2.12935961941085e-05,0.0687207960749048,0.3,0.14,0.300005476778794,"5","CDK12"
2.13855513684352e-05,-0.287571207250768,0.292,0.134,0.301301033229884,"5","PLEKHF1"
2.14229593862161e-05,0.24434230172184,0.115,0.038,0.301828074792398,"5","CRYL1"
2.15360651897672e-05,-0.0637335032651474,0.123,0.042,0.303421622458631,"5","MFSD6"
2.15376817314942e-05,-0.25882816816774,0.446,0.219,0.303444397915022,"5","RASSF1"
2.15898431602659e-05,-0.31921299621408,0.162,0.061,0.304179300284987,"5","CXCR6"
2.1716393794929e-05,-0.00464965587012456,0.208,0.087,0.305962272176755,"5","IREB2"
2.17558972756471e-05,-0.0890293916377518,0.162,0.062,0.306518836716592,"5","RMND5A"
2.18259098264405e-05,-0.231793746518017,0.231,0.099,0.307505243544721,"5","CCZ1"
2.18934642076473e-05,-0.033935513962742,0.138,0.05,0.308457017221542,"5","LARP4B"
2.20596108366614e-05,-0.103460291585914,0.8,0.413,0.310797857077723,"5","LAMTOR4"
2.21070653122825e-05,-0.518866434279698,0.238,0.103,0.311466443184748,"5","CHMP3"
2.2416548452817e-05,-0.471175598061159,0.338,0.157,0.315826751151739,"5","USP47"
2.24674203358955e-05,-0.283679115152431,0.7,0.347,0.316543485112432,"5","SF1"
2.31134128523913e-05,0.0500667795634668,0.815,0.439,0.325644873677341,"5","CAPZB"
2.31650010775751e-05,0.12933106215398,0.1,0.031,0.326371700181956,"5","PPP1R3E"
2.3195634976506e-05,0.0409837840083447,0.185,0.075,0.326803301183993,"5","SEL1L3"
2.32247391282826e-05,-0.101041656154906,0.169,0.066,0.327213349578374,"5","NDUFAF2"
2.32625934104375e-05,-0.405198755547969,0.531,0.26,0.327746678559654,"5","PTPN4"
2.32879129489762e-05,-0.193133201540085,0.185,0.074,0.328103405538126,"5","SOAT1"
2.33163335875204e-05,-0.415909786665157,0.146,0.053,0.328503823914575,"5","NISCH"
2.33198540183358e-05,-0.0389950042763982,0.669,0.348,0.328553423264333,"5","IQGAP1"
2.34878168710702e-05,-0.202670246130173,0.208,0.086,0.330919851896508,"5","CARD11"
2.37042004106061e-05,-0.190890958324301,0.138,0.05,0.33396847958503,"5","FAM3A"
2.39354412088891e-05,-0.265971740487625,0.154,0.057,0.337226431192038,"5","TCTA"
2.39642139528991e-05,0.214033014897935,0.162,0.062,0.337631810382396,"5","RNGTT"
2.41664276371287e-05,-0.514430264088131,0.238,0.102,0.340480798979506,"5","DHX29"
2.41746216783803e-05,-0.248969695869222,0.515,0.257,0.340596244826699,"5","RHOH"
2.45419003095171e-05,0.0165841014586336,0.469,0.238,0.345770833460787,"5","CCNH"
2.49081574805073e-05,-0.00447266604487551,0.108,0.035,0.350931030742868,"5","BMI1"
2.49243632039618e-05,-0.459738138479138,0.115,0.038,0.351159353180618,"5","YTHDF1"
2.49691679295053e-05,0.245107303611674,0.1,0.031,0.3517906069588,"5","TRAPPC11"
2.51407517665325e-05,-0.303964380207793,0.208,0.087,0.354208051638676,"5","ST3GAL5"
2.53561889179185e-05,-0.26762260381101,0.138,0.05,0.357243345664554,"5","CNOT11"
2.54094784528683e-05,-0.314294427288395,1,0.982,0.357994141922461,"5","HLA-C"
2.5521972972416e-05,0.372628077681409,0.223,0.098,0.359579077208369,"5","PPP1R16B"
2.57258462573402e-05,-0.28466316744875,0.185,0.074,0.362451447919665,"5","GOLGA8B"
2.576601040608e-05,0.0720162715816204,0.162,0.063,0.363017320611262,"5","IKZF2"
2.61461138433712e-05,-0.561139501147555,0.154,0.058,0.368372597939257,"5","SNAPC1"
2.61563103946817e-05,-0.35759264486093,0.154,0.058,0.36851625715067,"5","DAAM1"
2.62424913247926e-05,-0.0872564221187138,0.123,0.042,0.369730460275003,"5","ZNF880"
2.64282620717917e-05,-0.340754610919603,0.2,0.083,0.372347784329474,"5","PRKAG2"
2.65397322999145e-05,-0.254524913672259,0.2,0.083,0.373918288373496,"5","COQ4"
2.66378735632333e-05,-0.0245569705558943,0.1,0.031,0.375301000632394,"5","KRBOX4"
2.67484773902159e-05,-0.276910935714447,0.254,0.113,0.376859297950752,"5","EXOC7"
2.67572195222561e-05,0.201284903466293,0.892,0.541,0.376982465849066,"5","CCNI"
2.68387394123255e-05,-0.225341792440743,0.2,0.083,0.378130999580255,"5","CHP1"
2.6884825831075e-05,-1.19362221799214,0.754,0.7,0.378780311134016,"5","DUSP1"
2.70229832074128e-05,-0.478671173713953,0.377,0.179,0.380726810409239,"5","RGS19"
2.7313606108483e-05,-0.485136421461911,0.362,0.17,0.384821396462417,"5","RBM23"
2.73434434166955e-05,-0.0390982060101472,0.115,0.039,0.385241774297823,"5","TSR1"
2.74928233967137e-05,-0.00130145102701729,0.162,0.063,0.3873463888363,"5","ANKRA2"
2.76493898263387e-05,-0.298393593208786,0.592,0.294,0.389552253263286,"5","BCLAF1"
2.77396059844011e-05,-0.250815135673365,0.131,0.046,0.390823308714227,"5","RAB11FIP4"
2.77727843266229e-05,0.109414866733961,0.838,0.492,0.39129075837779,"5","TAGLN2"
2.78121549739561e-05,-0.0304832325243796,0.123,0.042,0.391845451428068,"5","PEX13"
2.78134303234173e-05,-0.624553919147849,0.562,0.282,0.391863419826627,"5","HSPB1"
2.78225162197862e-05,0.444620535376924,0.108,0.035,0.391991431020568,"5","SREBF2"
2.78392708525379e-05,-0.692667042162863,0.208,0.086,0.392227487041406,"5","ZNF431"
2.80921509849387e-05,0.0796664891300707,0.1,0.031,0.395790315226802,"5","KLHL42"
2.84183549181136e-05,-0.430177372683145,0.362,0.17,0.400386202441302,"5","DDX27"
2.84404884148779e-05,-0.206859929444608,0.554,0.277,0.400698041277215,"5","BCAP31"
2.84860376210301e-05,0.00780223643513045,0.138,0.051,0.401339784042692,"5","NOP14"
2.85359168000734e-05,-0.229410081260156,0.162,0.062,0.402042531796234,"5","NIPAL3"
2.85931540088943e-05,-0.550742889928379,0.992,0.882,0.402848946831311,"5","UBC"
2.86164209052516e-05,-0.292472431435629,0.154,0.058,0.40317675413409,"5","INO80"
2.8623349605027e-05,-0.159007936901011,0.123,0.042,0.403274372585225,"5","PISD"
2.89735937369054e-05,-0.261093655730888,0.215,0.091,0.408208962159261,"5","RC3H1"
2.91396271671708e-05,0.0287411879314643,0.369,0.186,0.410548207158269,"5","PDE7A"
2.93352636169829e-05,-0.046631723479607,0.154,0.059,0.413304529099672,"5","MOGS"
2.94318079594125e-05,-0.213545608106675,0.531,0.27,0.414664742340163,"5","APBB1IP"
2.98699422122989e-05,0.117890856146467,0.115,0.039,0.42083761582908,"5","ZNF254"
2.99305651615162e-05,0.21399509158022,0.869,0.542,0.421691732560602,"5","S100A11"
2.99950301478664e-05,-0.570908039249095,0.308,0.14,0.42259997975329,"5","TM2D3"
3.06123495804868e-05,-0.253422486956869,0.469,0.234,0.431297393239478,"5","ARHGAP30"
3.06840062251915e-05,0.318065892006419,0.954,0.676,0.432306963706723,"5","CALM2"
3.07630692943656e-05,-0.610307520540301,0.177,0.07,0.433420883288317,"5","MGAT2"
3.07646550100616e-05,-0.132398077745493,0.108,0.035,0.433443224436758,"5","THAP3"
3.07802095655617e-05,-0.212561881269453,0.231,0.1,0.433662372569199,"5","MRFAP1L1"
3.11356177987494e-05,-0.256541644352968,0.192,0.079,0.438669719166581,"5","TIMM10B"
3.11906858736651e-05,-0.243991392258344,0.323,0.152,0.439445573274067,"5","SCML4"
3.13282189967469e-05,0.222176110361361,0.123,0.043,0.441383277445168,"5","FAM199X"
3.14312808806785e-05,-0.219794334302831,0.162,0.062,0.442835316327879,"5","FOXN2"
3.24301621837124e-05,0.13960855955639,0.108,0.035,0.456908555006324,"5","UBE3B"
3.24668919391868e-05,0.241033956984971,0.108,0.035,0.457426040531204,"5","HEATR1"
3.26028731752102e-05,-0.323190952264519,0.169,0.067,0.459341880165536,"5","RAB4B"
3.27552600092425e-05,-0.267892082424511,0.238,0.105,0.461488858270217,"5","GLCCI1"
3.28699814892978e-05,-0.449576753016037,0.192,0.079,0.463105169202716,"5","GDI1"
3.30077979994654e-05,-0.11572919309763,0.131,0.047,0.465046866014468,"5","ARAP1"
3.33685175548161e-05,0.0653283104279387,0.154,0.059,0.470129043829804,"5","ACSL5"
3.40058566479417e-05,-0.293273512610566,1,0.994,0.47910851431285,"5","EEF1A1"
3.4127181658242e-05,-0.828365887833537,0.2,0.082,0.480817862382972,"5","RAB22A"
3.41504087337134e-05,-0.269008155213201,0.2,0.084,0.481145108649288,"5","MPPE1"
3.43592824421732e-05,-2.90349904202881,0.108,0.259,0.484087930327779,"5","CCL4L2"
3.45735712248776e-05,-0.219161917047386,0.138,0.051,0.4871070449873,"5","CHMP7"
3.47032918453155e-05,0.144999812262937,0.177,0.072,0.48893467880865,"5","SENP5"
3.47579971755434e-05,-0.118368122607002,0.146,0.055,0.489705422206231,"5","APC"
3.47605489239111e-05,-0.362160108996629,0.285,0.131,0.489741373788984,"5","WDR82"
3.49556752530562e-05,-0.49897535563124,0.469,0.226,0.492490508640308,"5","PPP2CA"
3.5129982502914e-05,0.0365776177368116,0.177,0.072,0.494946323483555,"5","MED13L"
3.5224788309598e-05,-0.422211040516232,0.338,0.16,0.496282042493926,"5","PHF3"
3.54605355574846e-05,-0.0282683336136849,0.115,0.039,0.4996034854694,"5","ZNF263"
3.55187724453361e-05,-0.444079969945232,0.346,0.163,0.500423984982341,"5","CD46"
3.56809568343627e-05,-0.364422346506803,0.177,0.071,0.502709000839336,"5","HELZ2"
3.58523982203469e-05,-0.371339734249866,0.385,0.185,0.505124438526467,"5","TSEN54"
3.62731882816711e-05,-0.224537578164082,0.146,0.055,0.511052949700465,"5","CTSB"
3.63207349157158e-05,-0.626859533818141,0.169,0.067,0.51172283422752,"5","ERV3-1"
3.65901220135215e-05,-0.168808885972304,0.169,0.067,0.515518229048505,"5","UBAP1"
3.73692665346222e-05,-0.0797880371084152,0.1,0.032,0.526495596206293,"5","CRADD"
3.73807164024587e-05,-0.153281657417258,0.362,0.177,0.526656913394241,"5","OGT"
3.79547100243305e-05,-0.0999559053855306,0.115,0.039,0.534743909532792,"5","MFSD8"
3.81983561201708e-05,-0.134625527888529,0.262,0.12,0.538176639377087,"5","PDE4A"
3.84449460378118e-05,-0.36695330169315,0.4,0.197,0.54165084472673,"5","GOLGB1"
3.90039619630286e-05,0.167557499089698,0.238,0.109,0.54952682009711,"5","NUDT14"
3.97977302007856e-05,-0.13999052386375,0.138,0.051,0.560710220798869,"5","ZNF770"
4.05810273085258e-05,-0.352560523509533,0.546,0.275,0.57174609374982,"5","ISCU"
4.10149548507119e-05,-0.191918826003117,0.146,0.055,0.57785969889168,"5","SBF1"
4.11080102200148e-05,-0.158668865440187,0.754,0.383,0.579170755989788,"5","RAC1"
4.17092206207063e-05,0.0437027831870309,0.1,0.032,0.58764120932513,"5","FANCF"
4.19776774359881e-05,0.271329492390088,0.131,0.047,0.591423497395636,"5","WDTC1"
4.22714944152066e-05,-0.106654782646015,0.185,0.077,0.595563084815846,"5","GLMN"
4.23052216695229e-05,0.00993767824270297,0.146,0.055,0.596038268101909,"5","MTR"
4.25138965028521e-05,-0.441517443457802,0.123,0.043,0.598978287828683,"5","RABGGTA"
4.26209164983758e-05,0.108341038829615,0.123,0.044,0.600486092545616,"5","UBE4B"
4.31774795285909e-05,0.234636538216397,0.108,0.036,0.608327509078317,"5","BRAP"
4.35442205521983e-05,-0.374295830912791,0.131,0.047,0.613494523359921,"5","KMT5C"
4.37952314388466e-05,-0.125799207752689,0.192,0.081,0.61703101574191,"5","COQ7"
4.38455485487893e-05,0.330651488814882,0.1,0.032,0.617739933503893,"5","DBN1"
4.38982605475663e-05,-0.380718327917369,0.3,0.14,0.618482592854662,"5","TM9SF3"
4.40343108488225e-05,-0.287398728373994,0.392,0.193,0.62039940554906,"5","SH2D1B"
4.40976243694845e-05,0.359940927895932,0.115,0.04,0.621291429741667,"5","RBM15"
4.42532427567122e-05,-0.475293372824336,0.308,0.143,0.623483937199318,"5","SERINC3"
4.42928457448136e-05,-0.501450021431788,0.177,0.071,0.624041903698678,"5","CTBS"
4.54137645747642e-05,-0.180363711610951,0.138,0.052,0.639834529093853,"5","MTRF1L"
4.62468179623924e-05,-0.152044411272872,0.115,0.04,0.651571418272146,"5","RUBCN"
4.63603878847239e-05,0.425352272451462,0.108,0.036,0.653171504907875,"5","SMAD3"
4.63641178803882e-05,-0.526062412100309,0.208,0.088,0.65322405681679,"5","PHC3"
4.65513926948895e-05,-0.0998504256791475,0.108,0.036,0.655862571678299,"5","ALKBH2"
4.67392645137602e-05,-0.0197209143524955,0.1,0.032,0.658509497734368,"5","HCFC2"
4.69182062499494e-05,-0.231266714295203,0.254,0.116,0.661030607855537,"5","BRWD1"
4.73687243165546e-05,0.0899859921325901,0.154,0.06,0.667377956895937,"5","MBNL2"
4.77210049002909e-05,-0.422816541560141,0.169,0.068,0.672341238040199,"5","YY1AP1"
4.7780631893605e-05,0.295876225190183,0.1,0.033,0.673181322749001,"5","ZNF641"
4.78513978705683e-05,-0.163813817959868,0.169,0.068,0.674178344598437,"5","PRR14"
4.80865994827774e-05,0.248640457749937,0.985,0.908,0.677492100112851,"5","SERF2"
4.81268377426881e-05,-0.12377821650204,0.154,0.06,0.678059016956732,"5","ATG16L2"
4.82125549919463e-05,-0.184951989386246,0.292,0.137,0.679266687281532,"5","UBE2M"
4.83119154248216e-05,-0.270061774755203,0.208,0.089,0.680666576420312,"5","MEX3C"
4.90829689331493e-05,0.0833995955117499,0.4,0.205,0.691529949299141,"5","PITPNC1"
4.99369836063105e-05,-0.132621510446469,0.185,0.077,0.703562162029308,"5","NCOA2"
5.00639800372422e-05,-0.0487156800465751,0.754,0.399,0.705351414744705,"5","SRRM2"
5.04111197399496e-05,-0.0583227229950327,0.146,0.056,0.71024226601615,"5","PIGH"
5.06494540412134e-05,-0.211339835189927,0.123,0.044,0.713600157986656,"5","ZC3H4"
5.06859406944643e-05,-0.388036882532702,0.1,0.032,0.714114218444308,"5","NAGPA"
5.0815504091756e-05,-0.0771340956804665,0.192,0.081,0.71593963714875,"5","CDYL"
5.10930411817362e-05,-0.170235318087762,0.6,0.311,0.719849857209482,"5","CSDE1"
5.12292810345926e-05,-0.0329005769971868,0.146,0.056,0.721769340496375,"5","ZDHHC2"
5.18641142962122e-05,-0.420151400749414,0.2,0.085,0.730713506319333,"5","HTATIP2"
5.22398644731673e-05,-0.312048622613102,0.1,0.032,0.736007450562454,"5","NDUFAF5"
5.22792776931138e-05,-0.429967964447088,0.277,0.128,0.736562743418281,"5","TRIM56"
5.28046941045877e-05,-0.111960337961182,0.138,0.052,0.743965335239536,"5","DMXL1"
5.3156900047858e-05,-0.0109231693327543,0.131,0.048,0.748927564774271,"5","ANAPC4"
5.34131057183815e-05,-0.0864239516829379,0.254,0.118,0.752537246466276,"5","SPAG9"
5.34629992551055e-05,-0.512196244934445,0.169,0.068,0.753240196505181,"5","BCL10"
5.3846538733727e-05,-0.131635954431291,0.123,0.044,0.758643884219479,"5","PRRC1"
5.38548755555479e-05,-0.280855116186862,0.454,0.231,0.758761341702114,"5","BAZ1A"
5.3857109384059e-05,-0.279903557630163,0.154,0.06,0.758792814112007,"5","NAAA"
5.40348500614227e-05,-1.79863531373284,0.7,0.6,0.761297002515385,"5","DNAJA1"
5.43113895712028e-05,0.167891170144414,0.1,0.033,0.765193167668677,"5","VPS11"
5.43783473607388e-05,-0.396118519594546,0.223,0.097,0.76613653596545,"5","MED13"
5.50523636421848e-05,-0.575313019945811,0.1,0.032,0.775632751354741,"5","SCAP"
5.5444220167648e-05,0.341279297378295,0.185,0.079,0.781153617941993,"5","ITPR2"
5.55465332272911e-05,-0.057104208409162,0.115,0.04,0.782595106639304,"5","ELMOD2"
5.57343929680213e-05,-0.364990192180464,0.115,0.04,0.785241862526453,"5","SPRYD3"
5.58703014225354e-05,-0.0482436681184026,0.4,0.204,0.787156676742101,"5","CTNNB1"
5.62400427559653e-05,0.0974706785202423,0.2,0.087,0.792365962388795,"5","DOCK11"
5.64150040441129e-05,0.0405444744859546,0.192,0.082,0.794830991977506,"5","JAZF1"
5.64765171101042e-05,-0.297196489079462,0.254,0.116,0.795697649564258,"5","SHOC2"
5.65626179153366e-05,-0.514399975017901,0.154,0.06,0.796910723809177,"5","KHSRP"
5.68980921990191e-05,-0.684588522359416,0.262,0.118,0.80163722099198,"5","LRIF1"
5.69240863256048e-05,0.0961828140948875,0.115,0.04,0.802003452241446,"5","EDEM3"
5.76812244528514e-05,-1.15089689620899,0.831,0.741,0.812670771316223,"5","CD69"
5.80313256846724e-05,-0.458471086192398,0.477,0.235,0.817603347571349,"5","NR3C1"
5.93761706130865e-05,0.180599177460251,0.1,0.033,0.836550867767776,"5","SWSAP1"
5.9467129862574e-05,-0.312747724056448,0.177,0.072,0.837832392633805,"5","LINC00667"
5.97673448800425e-05,-0.3813451816088,0.269,0.124,0.842062122014919,"5","HECTD1"
5.98417744581151e-05,-0.481511056601457,0.185,0.077,0.843110760340384,"5","DUSP6"
6.05683413990592e-05,-0.0625829232344748,0.131,0.048,0.853347361971345,"5","AGA"
6.05857323573425e-05,-0.0521154171436464,0.146,0.057,0.853592383182599,"5","USP38"
6.06086314245293e-05,0.0455494866055624,0.108,0.037,0.853915008140193,"5","TPRA1"
6.08266370098966e-05,-0.353683236287709,0.292,0.138,0.856986488832433,"5","TDG"
6.10108079729539e-05,0.0621261318657517,0.215,0.098,0.859581273530948,"5","IFI44L"
6.1397970248157e-05,-0.268332332300933,0.1,0.033,0.865036002826284,"5","ATP11C"
6.15962525657995e-05,0.0599195841873614,0.215,0.096,0.867829602399549,"5","GRAMD1A"
6.16732599848533e-05,-0.583103570196649,0.346,0.165,0.868914559926598,"5","FBXW5"
6.28080649092561e-05,-0.462717499115507,0.177,0.072,0.88490282650651,"5","RBM12"
6.29044350550402e-05,-0.314076477274696,0.146,0.056,0.886260585490461,"5","AEBP2"
6.51800225845255e-05,-0.644378207108843,0.269,0.123,0.91832133819338,"5","CCPG1"
6.5769891914812e-05,-0.245710269441027,0.146,0.057,0.926632007187786,"5","TRIM14"
6.62622169833098e-05,-0.215385558497238,0.4,0.199,0.933568375077852,"5","GSPT1"
6.73232927607269e-05,-0.221004918259117,0.162,0.065,0.948517871705881,"5","ANKIB1"
6.75795121771552e-05,-0.435472579400288,0.377,0.184,0.95212774706394,"5","PTP4A1"
6.8632835273788e-05,-0.421881481959017,0.146,0.056,0.966968016172399,"5","OGDH"
6.93368911075544e-05,-0.262423244436885,0.131,0.048,0.976887458814334,"5","EZH1"
6.93689117313566e-05,-0.224125265753007,0.169,0.069,0.977338597383083,"5","CASK"
6.93769942664774e-05,-0.21500974381294,0.154,0.061,0.9774524722204,"5","VAMP4"
7.0230834875921e-05,-0.556156982877662,0.446,0.222,0.989482232566851,"5","VMP1"
7.025508315007e-05,-0.207674578087714,0.115,0.041,0.989823866501336,"5","NCLN"
7.04028913022166e-05,-0.488036022744798,0.323,0.153,0.99190633555693,"5","SLU7"
7.05097439684453e-05,-0.686559466116428,0.292,0.136,0.993411782771425,"5","CCDC186"
0.00109370005804695,0.958721550887852,0.185,0.093,1,"5","SIK3"
0.0018997068212205,0.915370666447335,0.1,0.042,1,"5","CAMK1D"
0.00111488768325813,0.632971169362477,0.808,0.571,1,"5","LGALS1"
0.00276136619094855,0.515746615451264,0.277,0.156,1,"5","CMIP"
0.00995285972818427,0.490301593958575,0.831,0.767,1,"5","GZMA"
0.00225445369295685,0.402234983536279,0.131,0.061,1,"5","KIF13B"
0.000566983103418817,0.387153009469917,0.108,0.042,1,"5","CBX7"
0.000314773520812657,0.366908178630496,0.123,0.049,1,"5","GTDC1"
0.0010595878600725,0.35867026649496,0.131,0.058,1,"5","ZFYVE16"
0.000708585134031201,0.353372235050326,0.115,0.047,1,"5","STYX"
0.000536581728998434,0.31620467030931,0.123,0.051,1,"5","TNKS"
0.000393957483758606,0.303290451527217,0.115,0.046,1,"5","CAPN15"
8.62442646254277e-05,0.291482491750933,0.108,0.038,1,"5","SH3GL1"
0.000278957408542334,0.278168789052622,0.1,0.036,1,"5","THADA"
0.000239105038314595,0.270438101501391,0.123,0.048,1,"5","MDN1"
7.89177760974628e-05,0.255710034356043,0.162,0.067,1,"5","CD27"
0.00122510013135084,0.251577864597749,0.108,0.045,1,"5","USP20"
0.000479937990753856,0.250042423717967,0.123,0.051,1,"5","KAT2B"
0.00253801360829287,0.250012834872835,0.962,0.795,1,"5","EEF1B2"
0.000105415700739199,0.249871807619476,0.138,0.055,1,"5","MCPH1"
0.000148819295644259,0.242611201501906,0.931,0.669,1,"5","PSME1"
0.000519109904159364,0.242572732609147,0.146,0.064,1,"5","VCPIP1"
0.00020432512846584,0.214572943059094,0.123,0.048,1,"5","MGAT4B"
0.000124448497977562,0.213340810518683,0.1,0.034,1,"5","KLHL9"
0.000759057729677372,0.20385314845139,0.177,0.085,1,"5","FAM13B"
0.000214154022245903,0.198489249881396,0.1,0.036,1,"5","PHC2"
0.00125509776292516,0.189342996469258,0.977,0.738,1,"5","TMA7"
0.000190478016510284,0.188938028815737,0.1,0.035,1,"5","GNPDA1"
0.000492828207512201,0.187951126319132,0.146,0.063,1,"5","RASSF3"
0.000662633572376583,0.185938944374391,0.108,0.043,1,"5","TP53BP1"
7.57990961034776e-05,0.183645559391701,0.1,0.033,1,"5","HIBADH"
0.00017530298807247,0.182499312303967,0.108,0.039,1,"5","CSPP1"
0.000108653259307651,0.18219739923559,0.169,0.071,1,"5","ABHD17B"
7.20858496932079e-05,0.181248174721163,0.915,0.567,1,"5","GMFG"
9.28601236410997e-05,0.168180207522497,0.1,0.034,1,"5","MDC1"
0.000183139366791173,0.16067081242736,0.108,0.039,1,"5","CHKA"
0.00132161660371989,0.159911119999191,0.954,0.734,1,"5","CD63"
0.000133933021367618,0.155207601019622,0.1,0.034,1,"5","ZNF595"
0.000733414902433968,0.153165676044776,0.108,0.043,1,"5","LEF1"
0.000104475350933592,0.14637595831756,0.831,0.505,1,"5","APOBEC3G"
0.000281841344998015,0.14171634326548,0.123,0.049,1,"5","WWP1"
0.000221071420679747,0.137241400762349,0.138,0.057,1,"5","KDM6A"
0.00245187102013897,0.133415176271708,0.938,0.696,1,"5","MYL12B"
0.000167296296630638,0.127917727213931,0.131,0.051,1,"5","CCDC6"
0.000248541308807952,0.127756692217472,0.115,0.044,1,"5","ZNF7"
8.91448507118972e-05,0.125878374239716,0.108,0.037,1,"5","MTHFD2L"
0.00103387912958793,0.123455324560033,0.208,0.105,1,"5","LRBA"
0.000249844898795499,0.120342779726835,0.115,0.044,1,"5","CBFA2T2"
0.00021815140480131,0.120233276146908,0.115,0.044,1,"5","FOXK1"
0.000456524430901005,0.116147163108011,0.115,0.046,1,"5","ZNF675"
0.000611709336720151,0.11523916240162,0.1,0.038,1,"5","ALDOC"
0.000208038670873574,0.114996611276612,0.108,0.039,1,"5","ZBED4"
0.000605655198311493,0.104358862970156,0.177,0.084,1,"5","NFIL3"
0.000425680370948284,0.0964127737729317,0.146,0.063,1,"5","ACSS1"
0.000135211882439008,0.083743347008699,0.562,0.315,1,"5","CD81"
0.00596783019088593,0.0792260049188422,0.123,0.06,1,"5","SLC6A6"
0.000136729456844709,0.0779365571864132,0.823,0.477,1,"5","MSN"
0.00120291699875093,0.0740830396801866,0.2,0.1,1,"5","DENND4A"
0.000134691680880708,0.0627900898127326,0.392,0.207,1,"5","CDV3"
0.00209605731719888,0.0625969914187561,0.146,0.069,1,"5","SUPV3L1"
0.000251470100605946,0.0614874322971954,0.915,0.569,1,"5","HNRNPDL"
0.000102700985389473,0.061125279510911,0.115,0.042,1,"5","KIF21B"
0.000195969169917314,0.0609646119967484,0.123,0.047,1,"5","LRRC57"
0.00101274048902112,0.0568387236146484,0.123,0.053,1,"5","DHX8"
0.00028784927732333,0.0500410439473309,0.1,0.036,1,"5","SLC25A12"
0.000121255273686693,0.0494359406595621,0.108,0.038,1,"5","SKIV2L"
0.000593695716882334,0.0379662390942876,0.1,0.038,1,"5","ARHGAP5"
0.000648775215757486,0.0374229244986131,0.931,0.573,1,"5","SRSF2"
0.00138985746576528,0.0362595643803973,0.1,0.04,1,"5","DGKA"
0.00683967722666978,0.0337984551675288,0.115,0.056,1,"5","TNFRSF9"
0.000979431370171011,0.0288035511419951,0.108,0.044,1,"5","STK40"
0.000100224639422416,0.0266759835993411,0.9,0.495,1,"5","CTSD"
0.000528048482229994,0.0237335247222912,0.115,0.046,1,"5","FBXW4"
0.00419870007932146,0.0199699661785404,0.938,0.612,1,"5","EDF1"
0.000289573706934173,0.019473791248219,0.1,0.036,1,"5","GATC"
0.000364786471967209,0.0193817633480409,0.1,0.037,1,"5","TRIM24"
0.00126900301744608,0.0160563079372633,0.115,0.049,1,"5","TRMO"
0.0011395669090081,0.0114660109229903,0.285,0.159,1,"5","CD160"
0.000111872365298203,0.01096561271326,0.208,0.094,1,"5","IL4R"
0.00167313695856277,0.00627545814361508,0.8,0.483,1,"5","APRT"
0.000120850325489724,-0.00361690021382288,0.131,0.05,1,"5","TRMT6"
0.000162507396809789,-0.00455458502825157,0.115,0.043,1,"5","RFX5"
0.000224023007480348,-0.0118717845273815,0.1,0.035,1,"5","TBC1D25"
0.000104870119221974,-0.0145351006991117,0.154,0.063,1,"5","GEM"
0.000164632386241183,-0.0224060463792921,0.738,0.41,1,"5","CTSC"
0.000300729295953178,-0.0232988721426537,0.131,0.053,1,"5","FBXO44"
0.000161713469113013,-0.0244550800732668,0.115,0.043,1,"5","R3HCC1L"
0.00322236287134995,-0.0273975930479202,0.131,0.062,1,"5","TAB2"
0.000663576542049566,-0.0302641744329006,0.131,0.056,1,"5","ECD"
0.000212662248954873,-0.0337725081043581,0.1,0.035,1,"5","ZNF445"
0.000796130072782949,-0.0363846315188832,0.115,0.047,1,"5","P4HA1"
9.42129594520807e-05,-0.0369873929919997,0.1,0.034,1,"5","CDK5"
0.00054690374006835,-0.0376892888901297,0.115,0.046,1,"5","ABCA5"
0.00129995775662396,-0.039536871637007,0.115,0.049,1,"5","CHTF8"
0.000177625395384898,-0.0428106583457666,0.9,0.502,1,"5","RBM8A"
0.000120404885278859,-0.0429097827812306,0.746,0.395,1,"5","CD164"
0.000115322095770525,-0.0464725697602713,0.138,0.054,1,"5","THAP5"
0.00781014406561282,-0.0466947130612241,0.115,0.056,1,"5","CLASP2"
0.0007521383832433,-0.0497388525437905,0.138,0.061,1,"5","PURB"
0.000220347175276768,-0.0518036116232841,0.115,0.043,1,"5","AP5Z1"
0.000239902681088185,-0.0585178837759599,0.169,0.074,1,"5","MAP4K5"
0.000248201664412543,-0.0599757173593316,0.154,0.065,1,"5","BTBD7"
0.000229852065048233,-0.0635935219310303,0.423,0.228,1,"5","RAB8B"
0.000149087221416181,-0.065151988402633,0.108,0.038,1,"5","GLI4"
0.0053161788356907,-0.0655979834553209,0.108,0.05,1,"5","VCPKMT"
0.000161542441207598,-0.0724316343713863,0.277,0.135,1,"5","ZBTB16"
8.61818099942334e-05,-0.0761376080643532,0.192,0.084,1,"5","KLF12"
0.00253808625718484,-0.080662245138849,0.1,0.042,1,"5","PIKFYVE"
0.000219372143157002,-0.0816278124344207,0.154,0.065,1,"5","NBL1"
0.00027224655210996,-0.0818595471579329,0.115,0.044,1,"5","SNX13"
0.000131514562791105,-0.0826908820276036,0.146,0.059,1,"5","KLHL36"
0.000575283067795058,-0.0838696688875153,0.7,0.39,1,"5","MBNL1"
0.000115224073618572,-0.0843888867734748,0.731,0.397,1,"5","PRR13"
0.00119722046376143,-0.0847775862605875,0.1,0.04,1,"5","WDR59"
7.53676631578323e-05,-0.086814179257209,0.1,0.033,1,"5","UPRT"
0.000492004056333101,-0.0869226259291194,0.131,0.054,1,"5","ZFYVE27"
0.00800605944836013,-0.0877497972518806,0.785,0.506,1,"5","ALOX5AP"
9.54849454841358e-05,-0.0911542937789658,0.815,0.434,1,"5","EIF3H"
0.000534331261302676,-0.0926417833803157,0.146,0.063,1,"5","RASA1"
0.000487715085875036,-0.0934497294967442,0.592,0.323,1,"5","PRKCH"
0.000125457780479229,-0.0937915287312219,0.138,0.054,1,"5","IRAK1"
0.000977922452874389,-0.0983614522416829,0.754,0.434,1,"5","ARGLU1"
8.41736603768933e-05,-0.0986776476609332,0.123,0.045,1,"5","ARSG"
0.000993865127753584,-0.0991157995224656,0.1,0.039,1,"5","FBXL17"
0.0012205734285722,-0.102133500721638,0.854,0.489,1,"5","EIF3F"
0.000233168551873087,-0.105797674113246,0.131,0.052,1,"5","MED23"
0.00697568034547836,-0.106505037701319,0.777,0.453,1,"5","TMEM59"
0.000831784862743826,-0.10663628565591,0.223,0.113,1,"5","NFAT5"
0.000129410477887732,-0.107970942423108,0.138,0.054,1,"5","GOLGA3"
0.000255262337522368,-0.110392608409204,0.162,0.07,1,"5","MED17"
0.000293320442856017,-0.111134546763286,0.131,0.053,1,"5","RRN3"
0.000773836687122697,-0.112521134267431,0.1,0.039,1,"5","SBNO2"
0.000173147759891573,-0.116322097506314,0.1,0.035,1,"5","ZNF559"
0.000111925809873139,-0.117835986431278,0.154,0.063,1,"5","RERE"
0.000122162133919701,-0.118344862194547,0.131,0.05,1,"5","CHERP"
0.00128349967573758,-0.119967505976944,0.108,0.044,1,"5","DCTN4"
0.000118839766263346,-0.120877223547461,0.131,0.05,1,"5","GRINA"
7.40116090375874e-05,-0.122082312163552,0.123,0.045,1,"5","SCAF8"
0.000168934000788673,-0.126316885635632,0.115,0.043,1,"5","ZNF787"
0.000197905975609175,-0.127818780145903,0.131,0.052,1,"5","POGLUT1"
0.0043646220739609,-0.129847083222064,0.115,0.054,1,"5","GPALPP1"
0.000281735165254564,-0.13001593853305,0.108,0.04,1,"5","GTF2H2"
9.13085687546259e-05,-0.131458339359012,0.792,0.41,1,"5","EIF4G2"
0.000632935189456211,-0.132871627897329,0.192,0.091,1,"5","RAPGEF1"
0.000582833815367107,-0.134496606353645,0.146,0.064,1,"5","RIPK2"
0.00287860206895373,-0.135371221021288,0.1,0.043,1,"5","ANKH"
0.000104685000857479,-0.13828819545523,0.123,0.046,1,"5","SEC16A"
7.97794555869377e-05,-0.142570532505278,0.208,0.091,1,"5","WHAMM"
0.00654706557541864,-0.144816135717367,0.785,0.466,1,"5","PNISR"
0.000128450765828198,-0.147298560713454,0.108,0.038,1,"5","INPPL1"
0.000233711599011039,-0.147649651481744,0.108,0.039,1,"5","ZNF121"
0.000252411096331513,-0.148149036638831,0.162,0.069,1,"5","RHOQ"
0.00699702489910343,-0.150316632176698,0.146,0.075,1,"5","METTL15"
0.00596763623304654,-0.151978550043425,0.146,0.074,1,"5","KANSL2"
0.00507154040301663,-0.152020308129411,0.8,0.471,1,"5","IL2RB"
0.00904096669764163,-0.155976184040665,0.815,0.472,1,"5","TSPO"
0.000223445155508519,-0.156294228410559,0.277,0.138,1,"5","HIPK1"
0.00169689709597101,-0.158679937694202,0.108,0.045,1,"5","NFKBIL1"
0.00239328889959529,-0.159489588977622,0.123,0.056,1,"5","KDM3A"
0.00018145123965424,-0.159490952137153,0.754,0.4,1,"5","TRA2B"
0.000387645311011785,-0.161092475458287,0.346,0.184,1,"5","RAB11FIP1"
0.00117711075268741,-0.161103743519285,0.531,0.297,1,"5","TNRC6B"
0.00159451915321107,-0.161404895207967,0.108,0.045,1,"5","NSUN2"
8.32461283587172e-05,-0.161689474806225,0.392,0.202,1,"5","PRMT9"
7.90169499421159e-05,-0.163605668467523,0.108,0.037,1,"5","ZNF76"
0.000186297664542886,-0.166523976263157,0.154,0.064,1,"5","EHD4"
0.000797021085204263,-0.166634080158156,0.177,0.084,1,"5","NCOA3"
0.00799976489506775,-0.167553683511077,0.115,0.056,1,"5","TXNDC11"
0.000849643797405091,-0.16826225439029,0.123,0.052,1,"5","ENTPD4"
0.00387993747756418,-0.168885575193117,0.115,0.053,1,"5","PNPT1"
0.000169242733634709,-0.169710277391678,0.215,0.099,1,"5","FKBP4"
0.000260916282157259,-0.16999332061394,0.1,0.036,1,"5","ABCB8"
0.00674668956332557,-0.170192548463462,0.1,0.046,1,"5","ZNF195"
0.000673243133465113,-0.171996516338267,0.815,0.441,1,"5","CNBP"
0.00743803779765126,-0.172171562144697,0.1,0.046,1,"5","MAU2"
0.00180002924338902,-0.172762555072413,0.115,0.05,1,"5","BOLA2B"
0.000132114530704375,-0.175330109007171,0.131,0.05,1,"5","SLC30A5"
0.00169656719995394,-0.175676859734616,0.123,0.054,1,"5","SH3YL1"
0.0010334615963821,-0.175861729145741,0.146,0.066,1,"5","UBE2W"
0.00570770834622919,-0.177160151391679,0.338,0.202,1,"5","SH2D1A"
0.00151904065471522,-0.177460590299776,0.7,0.381,1,"5","TERF2IP"
0.000105070835647832,-0.17822117631197,0.446,0.233,1,"5","DDX21"
0.000182493078409253,-0.180791152112053,0.108,0.039,1,"5","TP53BP2"
0.000837409465137119,-0.181421169154324,0.115,0.047,1,"5","RCOR1"
0.000396882910846379,-0.18147581487667,0.108,0.041,1,"5","POU2F2"
0.00228072290699598,-0.182035698195825,0.7,0.399,1,"5","CELF2"
0.000138367265801697,-0.185270201804616,0.108,0.038,1,"5","ARHGAP35"
0.00013662872394664,-0.185361530733704,0.169,0.072,1,"5","SARNP"
0.000122861698704049,-0.186099698557777,0.1,0.034,1,"5","SIAH1"
7.60060845618221e-05,-0.187100324386963,0.169,0.07,1,"5","ARPC1A"
9.13095499617826e-05,-0.187584557374281,0.238,0.109,1,"5","EHMT1"
0.00135466863321842,-0.187678954521285,0.823,0.465,1,"5","LIMD2"
0.000483078999288543,-0.188566619236822,0.769,0.413,1,"5","ICAM3"
0.000445674799348814,-0.192224531681267,0.162,0.071,1,"5","HEG1"
0.002173033305083,-0.192742351528985,0.115,0.051,1,"5","CCDC159"
0.000146825153947888,-0.192865266214868,0.162,0.067,1,"5","CLSTN1"
0.000692980706566192,-0.19439610492692,0.862,0.473,1,"5","ARF6"
0.00124412202566272,-0.199848676502189,0.123,0.053,1,"5","FES"
0.00010697273709954,-0.203919998725495,0.108,0.038,1,"5","APAF1"
0.002123221292294,-0.203997386617538,0.115,0.051,1,"5","TGIF2"
0.000604162062691127,-0.205667431769498,0.162,0.073,1,"5","MFSD14A"
7.33377054827614e-05,-0.208479370564456,0.115,0.041,1,"5","ZNF677"
0.000793576491968155,-0.209012237992437,0.131,0.056,1,"5","CEP164"
0.000410252046518723,-0.209516011737571,0.1,0.037,1,"5","POLRMT"
0.00818611930205988,-0.210611862898003,0.108,0.052,1,"5","SEC23IP"
0.000704155648318382,-0.21206687020329,0.138,0.06,1,"5","SAMD4B"
0.000128340535836672,-0.216721636386867,0.1,0.034,1,"5","PTPN9"
9.87616439708887e-05,-0.218636661009289,0.115,0.041,1,"5","EPS15L1"
0.000117778879643084,-0.219388014567712,0.162,0.067,1,"5","POM121C"
0.00146139153748652,-0.220132044982373,1,0.981,1,"5","HLA-A"
0.000386096450654677,-0.220423415128078,0.154,0.066,1,"5","TXLNG"
0.000750298267968096,-0.221536004285697,0.131,0.056,1,"5","ZNF335"
0.000605746095094344,-0.221932553555841,0.354,0.196,1,"5","DUSP4"
0.000287563132929781,-0.222326662032807,0.115,0.044,1,"5","CEP104"
0.00475199634966282,-0.223591168020604,0.108,0.049,1,"5","ZNF266"
0.000715616115257339,-0.223943658437428,0.177,0.082,1,"5","MBTPS1"
0.00013662857870987,-0.22625372985143,0.123,0.046,1,"5","SIL1"
0.000890512105251314,-0.229490271043678,0.108,0.043,1,"5","NOTCH2"
0.000632816898898583,-0.230966068432507,0.277,0.143,1,"5","KDM2A"
0.000389098883915715,-0.23104963989276,0.115,0.045,1,"5","LPCAT3"
0.00111477616785577,-0.231216499868696,0.1,0.04,1,"5","TYW1"
0.00058729954052945,-0.231335458680608,0.185,0.086,1,"5","MOAP1"
7.17988545172327e-05,-0.231835762074291,0.123,0.045,1,"5","GEMIN7"
0.00150520322378567,-0.231863455340302,0.777,0.423,1,"5","UBXN1"
0.000243527146906512,-0.231996731551396,0.123,0.048,1,"5","ZDHHC5"
0.000281176885745234,-0.233073527744793,0.115,0.044,1,"5","CHKB"
7.38069995393201e-05,-0.233739828515295,0.1,0.033,1,"5","VPS39"
8.54827855804067e-05,-0.234142832246104,0.115,0.041,1,"5","USP42"
9.99011213417249e-05,-0.23504602297318,0.192,0.083,1,"5","USP7"
0.00152608954651838,-0.235196870342639,0.1,0.041,1,"5","SLC16A1"
0.00203976971614264,-0.236792585576771,0.108,0.046,1,"5","ATP9B"
0.000700182001477212,-0.24067302271023,0.338,0.182,1,"5","MCTP2"
0.00219970870050815,-0.241860266095993,0.185,0.093,1,"5","FBXW7"
0.000230961359350892,-0.243549484105111,0.738,0.395,1,"5","EZR"
0.000774303830024215,-0.244621335474594,0.192,0.093,1,"5","TNFRSF4"
0.00131011438834198,-0.244730486028098,0.577,0.321,1,"5","SAMD3"
0.00359347219715546,-0.245151558420192,0.992,0.978,1,"5","TPT1"
0.00339313508152245,-0.247048223374169,0.731,0.47,1,"5","RGS1"
0.000607645542989617,-0.248988699818303,0.131,0.055,1,"5","COG2"
7.39857272186715e-05,-0.249043002749192,0.177,0.074,1,"5","DPH3"
0.00022476506917859,-0.249364655290923,0.154,0.065,1,"5","WDFY2"
0.000100986157419965,-0.249692680401629,0.223,0.102,1,"5","ESF1"
0.000186567938511615,-0.251330680891074,0.123,0.047,1,"5","CEP250"
0.000229427023043614,-0.251993599782466,0.246,0.118,1,"5","MYO9B"
0.00021125317881861,-0.254597353207706,0.169,0.073,1,"5","ANXA4"
0.000348268616758555,-0.254827142113856,0.677,0.358,1,"5","ARID4B"
0.00445805005627234,-0.255571386949992,0.146,0.072,1,"5","DENND3"
0.000500540996607933,-0.256783514613911,0.346,0.184,1,"5","MAPRE2"
0.000130579792722278,-0.257052023059225,0.177,0.076,1,"5","PAIP1"
0.000407225268490355,-0.257074683182995,0.162,0.071,1,"5","GXYLT1"
0.00504585702620449,-0.257596279250768,0.1,0.045,1,"5","ATP2C1"
0.000114249028498899,-0.25768843600123,0.146,0.058,1,"5","ZNF226"
0.000101846184165889,-0.259683394522593,0.231,0.106,1,"5","TTC17"
0.000428381647768677,-0.260755926819566,0.1,0.037,1,"5","DGAT1"
0.00211788886643487,-0.261007516489039,0.308,0.169,1,"5","RIN3"
0.000103853838440337,-0.261228426810554,0.162,0.066,1,"5","GLA"
0.00119668740287251,-0.263195702218808,0.862,0.523,1,"5","HSPE1"
8.64080799378768e-05,-0.263605775360514,0.2,0.087,1,"5","NDUFV3"
0.00027303438552043,-0.263916188610587,0.254,0.125,1,"5","AUTS2"
0.000672996983685729,-0.264779360265955,0.123,0.051,1,"5","ELL"
0.00427904071308618,-0.266699448129535,0.162,0.082,1,"5","DMTF1"
0.000401144669692774,-0.267444218680178,0.262,0.131,1,"5","MIB2"
0.000675625511937409,-0.268948289893928,0.123,0.051,1,"5","PGGT1B"
0.000167984164523887,-0.269269072773668,0.169,0.072,1,"5","UBE4A"
0.00127867202154342,-0.271111460894696,0.177,0.086,1,"5","GATAD1"
8.24474345661108e-05,-0.273413957565726,0.162,0.065,1,"5","CLPTM1L"
0.00102535899483111,-0.273517788397409,0.138,0.061,1,"5","GTF2H1"
0.000532806556349335,-0.276455484548841,0.177,0.081,1,"5","SLAMF6"
0.000869922584176311,-0.277459921534788,0.108,0.043,1,"5","CASD1"
0.00564526252900035,-0.277701266451771,0.246,0.14,1,"5","EOMES"
0.000524405740514839,-0.279572684257911,0.4,0.216,1,"5","ITGB7"
0.0002894419456447,-0.279888989085813,0.138,0.057,1,"5","NUS1"
0.00868836355714912,-0.279901356122085,0.1,0.047,1,"5","RABEP2"
0.00204418352503089,-0.280244288605442,0.131,0.059,1,"5","UTP3"
0.00130335947560467,-0.280873146211005,0.415,0.23,1,"5","MAP2K2"
0.000462679504010372,-0.281549024632883,0.146,0.063,1,"5","SRFBP1"
0.00291860819965393,-0.282092610524031,0.1,0.043,1,"5","FUBP3"
0.00012385879048475,-0.283492349332185,0.438,0.226,1,"5","RSF1"
0.000132831242915972,-0.284428719405883,0.6,0.313,1,"5","WSB1"
0.000345259470468635,-0.285292316197281,0.162,0.07,1,"5","RPRD2"
0.000189060532763451,-0.28633244989987,0.192,0.086,1,"5","KIF21A"
0.00828206736075406,-0.288921312360037,0.108,0.051,1,"5","FBXO28"
0.00059706705642882,-0.292651443933526,0.131,0.055,1,"5","FBXL20"
0.00044498993411676,-0.293075210085127,0.131,0.054,1,"5","PPP3CB"
0.00462918605138195,-0.293466924596296,0.108,0.049,1,"5","APPBP2"
0.000844573986884163,-0.293722066530035,0.131,0.056,1,"5","MEPCE"
0.000169201181653798,-0.293882295801049,0.108,0.039,1,"5","ALG2"
0.000175843641782943,-0.294229198215776,0.108,0.039,1,"5","CD8B"
0.00037984092468414,-0.294836862788725,0.108,0.041,1,"5","RBM4B"
0.000348055055981431,-0.295225401247188,0.185,0.084,1,"5","CRTC3"
0.00192078413733854,-0.295593409027856,0.123,0.054,1,"5","HACL1"
0.00048059237279317,-0.29561319803729,0.454,0.245,1,"5","USP15"
0.0045898156008656,-0.295626752570897,0.1,0.044,1,"5","MZF1"
0.000209152826017837,-0.296034338707271,0.262,0.127,1,"5","DDX39B"
0.00252881705712036,-0.297603776042272,0.169,0.084,1,"5","GAK"
0.000267699810838144,-0.298027953035461,0.108,0.04,1,"5","MCCC2"
0.00114400583259758,-0.298490362467903,0.108,0.044,1,"5","METTL4"
0.00424638053432895,-0.299542206296434,0.108,0.048,1,"5","PLEKHF2"
0.00223933823412543,-0.29987254299796,0.108,0.046,1,"5","CATSPER1"
0.00103241666515466,-0.300720012036308,0.162,0.075,1,"5","FAM117A"
0.00228026308786371,-0.300726700028567,0.277,0.151,1,"5","PTMS"
0.00439456888235805,-0.303842343919844,0.346,0.201,1,"5","GLS"
0.00023694672341607,-0.30499381197214,0.177,0.078,1,"5","COX16"
0.00612988395505372,-0.305119265432581,0.1,0.045,1,"5","FBXO2"
0.000185941036722401,-0.306003334218856,0.131,0.051,1,"5","AP2A2"
0.000366222851309441,-0.307758962701483,0.508,0.271,1,"5","VASP"
0.000289347212681751,-0.311659384784136,0.277,0.137,1,"5","COPA"
0.00489724135831884,-0.311800073870034,0.138,0.068,1,"5","SSH1"
0.00631419986581542,-0.31263623726354,0.1,0.045,1,"5","TRAF4"
9.87156400931359e-05,-0.313562639846665,0.638,0.327,1,"5","SEC62"
0.0044016535912341,-0.313949195418208,0.338,0.196,1,"5","LGALS3"
0.00616936180427929,-0.3141985134429,0.108,0.05,1,"5","TRERF1"
0.00242227385512978,-0.314961918131272,0.146,0.069,1,"5","PPAN"
0.000777724912032549,-0.315578395605016,0.446,0.244,1,"5","IQGAP2"
0.000152133883204973,-0.316300911108974,0.123,0.046,1,"5","PANK3"
0.000121685217231655,-0.318053939595235,0.108,0.038,1,"5","HMG20A"
0.000841977034304425,-0.318793643086891,0.123,0.052,1,"5","SYNJ2BP"
0.00229993786185483,-0.319681137371079,0.108,0.046,1,"5","SLC35E3"
0.000373752822134087,-0.319694460813039,0.323,0.166,1,"5","BIRC6"
0.00218999542531544,-0.322187686922191,0.123,0.055,1,"5","ERCC5"
0.00105547407983002,-0.322617777188813,0.169,0.079,1,"5","ZC3H8"
0.000753724013008877,-0.322654009281904,0.123,0.051,1,"5","MFSD1"
0.000741368060040643,-0.326557535739781,0.131,0.056,1,"5","HMGN4"
0.00164692573741989,-0.327001529467785,0.177,0.086,1,"5","HMGCS1"
0.000104348703651934,-0.327623298865281,0.223,0.101,1,"5","PRKD2"
9.617713162739e-05,-0.328752789498045,0.538,0.277,1,"5","BIN1"
0.00060884014132504,-0.329185110887928,0.1,0.038,1,"5","ZNF250"
0.000136592739151177,-0.329369826157473,0.192,0.084,1,"5","IL12RB1"
0.000634548965831844,-0.330099119120306,0.138,0.059,1,"5","UCKL1"
0.00065875977925753,-0.330283121352038,0.138,0.059,1,"5","LACTB"
0.00309848320573629,-0.330679025376818,0.108,0.047,1,"5","DEXI"
0.000502557597638288,-0.331110547967518,0.169,0.076,1,"5","BRD1"
0.000349381079641252,-0.333882662452624,0.231,0.111,1,"5","PNPLA2"
0.000274513083633439,-0.335074595028663,0.108,0.04,1,"5","CNST"
0.000264188770304852,-0.337896341898871,0.215,0.101,1,"5","DGKD"
0.000270346982428681,-0.338562739480207,0.169,0.074,1,"5","PTPRJ"
0.00606747770533261,-0.338795984730678,0.115,0.055,1,"5","MYNN"
0.00070616338072502,-0.339273889254835,0.1,0.038,1,"5","AMFR"
7.26291668998867e-05,-0.341698774540242,0.7,0.353,1,"5","DAZAP2"
0.000127680609264246,-0.34290939733977,0.654,0.335,1,"5","ARHGEF1"
0.000467510134706897,-0.344738698826871,0.108,0.041,1,"5","PARP11"
0.00305304747475059,-0.345738197998192,0.131,0.061,1,"5","FOXJ3"
0.000143100439023745,-0.345775181340428,0.223,0.102,1,"5","DCAF5"
0.00193327332310921,-0.346167866963883,0.392,0.218,1,"5","CHD2"
0.000249333664226285,-0.346380415371053,0.531,0.278,1,"5","EIF1B"
0.00157992439542696,-0.34737096174664,0.608,0.331,1,"5","TAF7"
0.00095059269990808,-0.347394717867868,0.162,0.074,1,"5","SOS2"
0.00152968263961042,-0.34840168105573,0.108,0.045,1,"5","ZNF350"
0.000239656525750435,-0.348773517922768,0.131,0.052,1,"5","PCED1B"
0.000112839482721277,-0.349205060971224,0.408,0.205,1,"5","RASAL3"
7.24506964807664e-05,-0.349493443933059,0.354,0.174,1,"5","KMT2A"
0.000576148067505348,-0.34993050933807,0.162,0.072,1,"5","HIPK3"
0.000956430890756534,-0.350182520824496,0.215,0.107,1,"5","GNA13"
0.000383473644153747,-0.351092173574657,0.115,0.045,1,"5","ZNF101"
0.000545384648576436,-0.351260548446757,0.138,0.059,1,"5","NBEAL2"
0.00451033040101928,-0.351607503650283,0.1,0.044,1,"5","ZNF322"
0.00123608133144159,-0.351781867536273,0.108,0.044,1,"5","SURF6"
0.00953098312128057,-0.351960294336395,0.131,0.066,1,"5","FBRS"
0.000416764819731809,-0.354283742145874,0.108,0.041,1,"5","HPS5"
0.00018180047942539,-0.354964671122232,0.154,0.064,1,"5","MON2"
0.00473351139353901,-0.355390661699666,0.1,0.044,1,"5","KPNA5"
0.000229394887321375,-0.356511645461296,0.323,0.164,1,"5","OASL"
0.00989370913750225,-0.357301410714101,0.638,0.37,1,"5","CDC42SE2"
0.000599770590664085,-0.357355808723115,0.338,0.178,1,"5","PRKX"
0.00124949091686307,-0.358125486752531,0.108,0.044,1,"5","APOL1"
0.00687052461455962,-0.359656471823442,0.115,0.055,1,"5","USP24"
0.000677432293312437,-0.361092678153097,0.123,0.051,1,"5","RCE1"
0.00046439149526161,-0.362592739034419,0.131,0.054,1,"5","CD84"
0.000654300047579263,-0.362753417790412,0.277,0.142,1,"5","CELF1"
0.000596150140216839,-0.36424778674214,0.131,0.055,1,"5","CRLS1"
0.00962279986989412,-0.3645741479997,0.131,0.067,1,"5","PRKCA"
0.00376093353223686,-0.365153885863188,0.523,0.301,1,"5","TAF1D"
0.00296438582883377,-0.365677588113347,0.1,0.043,1,"5","HECTD4"
0.00150044779165092,-0.367203682877429,0.308,0.166,1,"5","APOL6"
0.000302996123123203,-0.367303917095719,0.115,0.044,1,"5","FASTKD2"
0.00428922052320974,-0.367545250357834,0.177,0.091,1,"5","ANKRD17"
8.57057287548531e-05,-0.367711369310271,0.162,0.065,1,"5","GLYR1"
0.000898931314152013,-0.368841552016443,0.162,0.074,1,"5","YTHDF3"
0.000509569612267325,-0.37085435081969,0.146,0.063,1,"5","TRAPPC6B"
0.00137564304150486,-0.371331984350579,0.177,0.085,1,"5","GTF2E2"
0.000324508973348549,-0.371729351742479,0.1,0.036,1,"5","TARBP1"
0.000951239567845413,-0.373364174391025,0.1,0.039,1,"5","STX6"
0.00231970609101704,-0.373603532424262,0.338,0.188,1,"5","POLR2A"
0.00297472451169449,-0.375808451458863,0.7,0.39,1,"5","ETS1"
0.00232419955919375,-0.376033348876392,0.131,0.06,1,"5","GIGYF1"
0.00122481647809082,-0.376382309699093,0.1,0.04,1,"5","GPR89A"
0.000458688778065031,-0.376494281911396,0.162,0.071,1,"5","NSUN6"
0.00010341057241933,-0.377288735689766,0.708,0.358,1,"5","TBC1D10C"
0.000490602898435349,-0.37736893854534,0.208,0.099,1,"5","PAFAH1B2"
0.000406165529811596,-0.379470039487462,0.131,0.053,1,"5","IGSF8"
0.00649409788073352,-0.381227278406175,0.131,0.065,1,"5","CEBPG"
0.000148489991112528,-0.381718628097789,0.192,0.084,1,"5","ELK4"
0.000877292743311843,-0.381759650467152,0.2,0.097,1,"5","LCOR"
0.00489641358300586,-0.381904941387227,0.462,0.263,1,"5","BHLHE40"
0.000271352497082996,-0.382422978544128,0.154,0.065,1,"5","THEM4"
0.000107195500649952,-0.382751324290664,0.2,0.087,1,"5","PLD3"
0.000136749117646336,-0.383364454391808,0.362,0.182,1,"5","GBP5"
0.00121802962627647,-0.384089933898063,0.162,0.075,1,"5","CUL4A"
0.000655078629642861,-0.384304140202868,0.123,0.051,1,"5","CBWD1"
0.000191345255372994,-0.385261653290226,0.331,0.165,1,"5","RBM5"
0.00117151826457898,-0.387890346204386,0.115,0.048,1,"5","SLC25A20"
0.000180937132300689,-0.388003127929624,0.223,0.103,1,"5","ADPGK"
0.00215188958056786,-0.388430960678388,0.162,0.078,1,"5","VAV1"
7.8826123572778e-05,-0.389576265530395,0.177,0.073,1,"5","EXOC4"
0.000556222262020216,-0.39006081867792,0.392,0.213,1,"5","MTRNR2L12"
0.00094477087012175,-0.391434669520074,0.169,0.079,1,"5","TMEM71"
0.000370071116601565,-0.392503500479009,0.1,0.037,1,"5","BAG4"
0.00171901009987147,-0.395500908075902,0.108,0.045,1,"5","ZBED5"
0.00351839078572342,-0.395708201733975,0.123,0.057,1,"5","SGMS1"
0.000506009698432071,-0.396752656288985,0.138,0.058,1,"5","ANGEL2"
0.00877512732351435,-0.397353065637408,0.262,0.152,1,"5","ZBTB20"
0.000554103962339079,-0.397594937459167,0.115,0.046,1,"5","IFT43"
0.00894272199376412,-0.397726935453738,0.531,0.315,1,"5","TAX1BP1"
0.000102905530215506,-0.398355289691277,0.146,0.057,1,"5","PAG1"
0.000603926039591911,-0.398631270649097,0.177,0.081,1,"5","ZFAND3"
0.00914146692934414,-0.399751602824006,0.715,0.402,1,"5","BZW1"
0.000448133362468884,-0.400585033825388,0.308,0.156,1,"5","TMC8"
0.00176760080577466,-0.403930005399901,0.408,0.226,1,"5","UTRN"
0.000219189684767171,-0.404617984335044,0.254,0.122,1,"5","MOB3A"
0.00291619194815038,-0.404801590993103,0.308,0.17,1,"5","CYFIP2"
0.00604755848207602,-0.407985314195388,0.1,0.045,1,"5","REXO1"
0.000299712418118823,-0.408481454282151,0.246,0.118,1,"5","PRKAR2A"
0.00202012989924357,-0.409632569824487,0.131,0.059,1,"5","FAM217B"
0.000163460427175082,-0.413405048140655,0.308,0.149,1,"5","THUMPD1"
0.0011214053552334,-0.413877002971526,0.185,0.089,1,"5","ZFYVE28"
0.000859611234371943,-0.415696184521686,0.408,0.218,1,"5","CCSER2"
0.000273614277445893,-0.416999448261197,0.315,0.159,1,"5","PRNP"
7.96342912880944e-05,-0.41762291133662,0.308,0.147,1,"5","ETF1"
0.000377602228188426,-0.419955324949141,0.115,0.045,1,"5","PIP5K1A"
7.12376088494933e-05,-0.420635310830152,0.223,0.099,1,"5","CDC73"
0.00162899899810471,-0.420702324461192,0.115,0.049,1,"5","PGPEP1"
0.000299630906527722,-0.420934611193857,0.162,0.07,1,"5","CRYZL1"
0.00243630773463652,-0.421090516986453,0.138,0.065,1,"5","LY9"
0.00170685215409432,-0.421282072277494,0.885,0.817,1,"5","IFITM2"
0.00339045285752284,-0.421689590477117,0.115,0.052,1,"5","ENDOV"
0.00292104540128836,-0.421727562820298,0.377,0.211,1,"5","SH3KBP1"
0.00154656433977452,-0.422135362939572,0.131,0.058,1,"5","SMIM14"
0.00139843885497661,-0.422165317777311,0.631,0.347,1,"5","SNHG8"
0.00175966043971413,-0.422919051493855,0.554,0.308,1,"5","G3BP2"
0.00480132989378751,-0.423463251660039,0.1,0.044,1,"5","ZNF701"
0.000318112936723198,-0.424960114990866,0.354,0.182,1,"5","FNBP4"
0.000107306099555155,-0.424996119477113,0.638,0.321,1,"5","GABARAPL2"
0.000464609755583806,-0.425412214459455,0.546,0.291,1,"5","EIF4B"
0.000709767085151239,-0.426775327322092,0.215,0.105,1,"5","IRAK4"
0.000168628243132938,-0.427211456600957,0.415,0.211,1,"5","PRKACB"
9.63180023729163e-05,-0.427511823084261,0.223,0.1,1,"5","LENG8"
0.00251071240111992,-0.427821171722285,0.162,0.079,1,"5","ATF2"
0.00334773834835097,-0.428137573010505,0.192,0.1,1,"5","PICALM"
0.000412678466246291,-0.430813055550265,0.146,0.062,1,"5","ORC4"
0.00482043349130536,-0.430943486446548,0.469,0.271,1,"5","DDX6"
0.000513935391312846,-0.431343210638558,0.269,0.135,1,"5","SPTY2D1"
0.00182316701263803,-0.432139796827351,0.338,0.184,1,"5","HERPUD2"
0.000118560016906486,-0.433441592488448,0.154,0.062,1,"5","MGA"
0.00523841805493236,-0.435289040022047,0.177,0.092,1,"5","ICAM1"
0.000183476904944105,-0.435536834052092,0.108,0.039,1,"5","ZNF136"
0.000273782839966904,-0.436320663600396,0.208,0.096,1,"5","HERC4"
0.002979612674544,-0.43686477753724,0.108,0.047,1,"5","TTC13"
0.00735209471424566,-0.43689971889165,0.231,0.129,1,"5","TRAPPC10"
9.07649184806352e-05,-0.436940427280566,0.246,0.113,1,"5","RNF113A"
0.000123125563942983,-0.437167328620155,0.369,0.185,1,"5","VPS13C"
0.000368693100604958,-0.437181747091026,0.192,0.088,1,"5","DNAJB2"
0.000120723835060744,-0.437691917348882,0.169,0.071,1,"5","LIPA"
0.00996221945503417,-0.439284044495843,0.669,0.38,1,"5","PTPN7"
0.000271483546544628,-0.439924256753734,0.208,0.095,1,"5","EXOSC6"
0.00579112202880815,-0.440445847927198,0.254,0.141,1,"5","SLC7A5"
0.00147957887334322,-0.44115461535825,0.131,0.058,1,"5","NUP214"
0.0024663892757782,-0.442347899230479,0.169,0.084,1,"5","CPD"
0.000195247697645243,-0.442425897021713,0.346,0.173,1,"5","JOSD1"
0.00172516789988414,-0.443936521859107,0.123,0.054,1,"5","MED16"
0.000952763296803147,-0.444390318678071,0.285,0.149,1,"5","XRN1"
0.000271445857824999,-0.444752277388498,0.392,0.202,1,"5","WAC"
0.000471354697276158,-0.446338723842443,0.2,0.094,1,"5","CLIP1"
0.000370111789644425,-0.446873386037372,0.115,0.045,1,"5","MAP3K1"
0.000377547381311247,-0.447693204794832,0.223,0.106,1,"5","UBR2"
0.000164757602129506,-0.447714945124389,0.169,0.072,1,"5","BTN2A1"
0.000169830145505478,-0.448741534099729,0.338,0.169,1,"5","PTPRA"
0.000720808313353766,-0.449474062454853,0.192,0.091,1,"5","TAPBPL"
0.0066778334432158,-0.449717100697071,0.338,0.195,1,"5","FOXN3"
0.00073556090411709,-0.450572618874089,0.169,0.078,1,"5","KLF9"
0.000327344988851933,-0.451435298958337,0.215,0.101,1,"5","DYNLT3"
0.000170000593262658,-0.451459261585043,0.154,0.063,1,"5","CDC34"
0.000300108529767601,-0.453360307701358,0.431,0.224,1,"5","RBBP6"
0.00222572837382536,-0.454140460825514,0.185,0.092,1,"5","ZNF91"
8.3279225023566e-05,-0.454283363594358,0.254,0.117,1,"5","SECISBP2"
0.000395248130378511,-0.454383543332315,0.285,0.143,1,"5","RBM33"
0.00173032036818433,-0.45626595837034,0.615,0.339,1,"5","ATF4"
0.000596481767596612,-0.456679854616419,0.146,0.063,1,"5","UGCG"
7.17223004253811e-05,-0.457131074261395,0.338,0.163,1,"5","CDC42EP3"
7.48768216304725e-05,-0.457389175183647,0.292,0.138,1,"5","NR1H2"
0.000310119005088312,-0.457932804823904,0.231,0.109,1,"5","TMEM170A"
0.000926917529578341,-0.458547800369649,0.492,0.269,1,"5","DYNLT1"
0.00133192115423764,-0.458650023658727,0.108,0.044,1,"5","TAF2"
0.000264041545966125,-0.459028389204995,0.138,0.056,1,"5","ALAS1"
0.000137927425594724,-0.462424774440988,0.477,0.241,1,"5","PHF20"
0.000688246223335488,-0.462972287478134,0.177,0.082,1,"5","KLRC4"
0.000219052977134481,-0.463281314308846,0.438,0.226,1,"5","SNRPN"
0.00228690713553968,-0.463925619235483,0.1,0.042,1,"5","TESK1"
0.000612761746964376,-0.464868834248025,0.285,0.145,1,"5","EPS15"
0.00696136311960696,-0.466381221657227,0.131,0.065,1,"5","MSL1"
0.00102489009335403,-0.466630382056957,0.162,0.074,1,"5","STIM1"
0.000496172781866519,-0.46730964145435,0.169,0.075,1,"5","SDE2"
0.0009678666564053,-0.468875865837433,0.2,0.097,1,"5","PSME4"
8.08313006256988e-05,-0.469587899852085,0.169,0.069,1,"5","TRIM4"
0.00520555902707191,-0.469807200183269,0.285,0.16,1,"5","PCMTD1"
0.000542559236495133,-0.4702135874758,0.123,0.05,1,"5","STRN3"
0.000169540945915296,-0.473407508157726,0.354,0.176,1,"5","CRBN"
0.000253566836945059,-0.473821446351729,0.446,0.231,1,"5","EVI2A"
0.00148648682111403,-0.473911639441047,0.608,0.33,1,"5","PRMT2"
0.00098694706320719,-0.474494991663787,0.162,0.074,1,"5","SMARCD1"
0.00182557988527039,-0.475187729588142,0.1,0.041,1,"5","LINC00324"
0.000132387761601628,-0.475469571884077,0.354,0.178,1,"5","ANKRD28"
0.000219363780634005,-0.475693940294759,0.1,0.035,1,"5","PRPF39"
0.00312168056531136,-0.475951701262061,0.215,0.113,1,"5","TMEM50B"
0.00473271714259722,-0.477818383007243,0.1,0.044,1,"5","ETS2"
0.00120149249090213,-0.478935102403516,0.115,0.048,1,"5","LATS1"
0.000299305465557724,-0.479681171138757,0.138,0.057,1,"5","WDR20"
0.00174339299958578,-0.48022981477077,0.131,0.058,1,"5","SLCO3A1"
0.00115197045903787,-0.483250990783109,0.631,0.333,1,"5","SH3BGRL"
0.000143682010400357,-0.483592056501471,0.285,0.137,1,"5","PHF11"
0.00640280884932059,-0.48418908899913,0.108,0.05,1,"5","PLEKHO2"
8.55541038212606e-05,-0.484654458778641,0.415,0.206,1,"5","CASP8"
0.00558566266205965,-0.484685277967425,0.131,0.063,1,"5","U2AF1"
0.00151651202796181,-0.485304388392659,0.377,0.205,1,"5","PTPN2"
0.00872860790182356,-0.489855375795119,0.108,0.051,1,"5","DPH5"
0.00202664354636404,-0.490432147273154,0.154,0.073,1,"5","TRAF1"
0.00734650588695407,-0.49070881587213,0.1,0.046,1,"5","PLEKHM1"
0.000760360515543194,-0.491205242233749,0.2,0.096,1,"5","ABHD14A"
0.000171781927937521,-0.492044303348254,0.315,0.156,1,"5","ODC1"
0.000168776546404847,-0.492649798982703,0.977,0.881,1,"5","EEF1D"
0.000253513433044881,-0.492891657083576,0.123,0.048,1,"5","KBTBD3"
0.000285587704896255,-0.494795062475359,0.3,0.148,1,"5","ERGIC1"
0.00481879682578385,-0.49507654272012,0.662,0.365,1,"5","SYF2"
0.000245855417351918,-0.495526553757075,0.131,0.052,1,"5","TBC1D9B"
0.000178987078829779,-0.49595233564654,0.969,0.858,1,"5","HCST"
0.00181904252830805,-0.496148381688978,0.162,0.077,1,"5","CTDP1"
0.00135668349623965,-0.496729809442753,0.331,0.177,1,"5","TTC19"
0.00565678092780749,-0.499193270742772,0.154,0.078,1,"5","MARK2"
0.00300630397417792,-0.501504982913683,0.192,0.098,1,"5","ATXN7"
0.00197187986249522,-0.501531227430027,0.231,0.12,1,"5","CCDC66"
0.000470565420182194,-0.502079920141341,0.185,0.084,1,"5","ATF1"
0.000194030460662801,-0.503239793932167,0.108,0.039,1,"5","ZCCHC3"
0.00138376761587695,-0.503837891563555,0.454,0.25,1,"5","AOAH"
0.000723732144785143,-0.504494620301475,0.1,0.038,1,"5","NDUFAF1"
0.000334035511343365,-0.505004946317407,0.431,0.223,1,"5","ADAR"
0.000186611620663528,-0.506080014553326,0.231,0.107,1,"5","GPBP1L1"
0.000906158524612909,-0.506732193117959,0.423,0.226,1,"5","NDFIP1"
0.00205456117524415,-0.507094530648721,0.238,0.124,1,"5","MVP"
7.3442849535533e-05,-0.507779307164149,0.238,0.107,1,"5","TRIM44"
0.00186989107010401,-0.508370356919732,0.1,0.041,1,"5","YIPF1"
0.00652463733489862,-0.50848583189676,0.323,0.186,1,"5","MAP2K3"
0.00112577232752389,-0.509083313176078,0.192,0.093,1,"5","ADCY7"
7.0996912794663e-05,-0.510555005463148,0.354,0.171,1,"5","TMF1"
7.20107210095844e-05,-0.510891524651699,0.123,0.044,1,"5","STK11"
0.000279980585047368,-0.511339166693789,0.285,0.14,1,"5","EPB41"
0.0020541248229747,-0.51156160322852,0.169,0.082,1,"5","UBR5"
0.000283771321070468,-0.512186111784174,0.362,0.185,1,"5","TANK"
0.00175041059673149,-0.512196170250797,0.108,0.045,1,"5","ANAPC1"
7.23134539701486e-05,-0.512910382857196,0.508,0.252,1,"5","BCAS2"
0.00056332396302016,-0.513066050054919,0.162,0.072,1,"5","TTC39B"
0.000382587709560458,-0.51325606396394,0.177,0.079,1,"5","RDH11"
9.17354162101938e-05,-0.514400493561203,0.169,0.07,1,"5","EML2"
8.52250692082477e-05,-0.514687565727377,0.238,0.108,1,"5","MIA3"
0.000456251296852538,-0.516859998627529,0.115,0.045,1,"5","RPGR"
0.000249982538094005,-0.518284545751422,0.131,0.052,1,"5","FAM219B"
0.000175419531904564,-0.518705468072923,0.269,0.129,1,"5","MTIF3"
0.00213491022334891,-0.519257292916492,0.2,0.101,1,"5","SNTB2"
0.000594313559937108,-0.51961524314144,0.254,0.126,1,"5","GRPEL1"
0.00185787222046544,-0.521553629842596,0.131,0.059,1,"5","SPNS1"
0.000571886946173786,-0.522438992079741,0.154,0.067,1,"5","ABCD4"
0.000794342443641178,-0.522581866857023,0.154,0.069,1,"5","PPM1M"
0.00990911041903725,-0.522623976088134,0.246,0.141,1,"5","AFF4"
0.000131673050980331,-0.522706528218999,0.423,0.211,1,"5","RNF115"
0.000345492964216463,-0.523977879939509,0.192,0.087,1,"5","EFR3A"
0.00842892636496325,-0.526372902800252,0.138,0.071,1,"5","FAM102A"
0.000238340178014126,-0.528106183722278,0.323,0.161,1,"5","SLC20A1"
0.001686073360454,-0.528215072381071,0.338,0.183,1,"5","CAPN2"
0.002876547627295,-0.528509471491899,0.138,0.065,1,"5","ZNF506"
0.000385840004570359,-0.529145617801098,0.138,0.057,1,"5","GFI1"
0.000835251517349464,-0.530299039784832,0.146,0.064,1,"5","MLXIP"
0.00102298333969478,-0.530463128873713,0.123,0.052,1,"5","SLC10A3"
0.00513372385606651,-0.532713065084385,0.269,0.15,1,"5","NAMPT"
0.000535612268689209,-0.533806518769655,0.831,0.8,1,"5","TYROBP"
0.000199590702957946,-0.534635907340091,0.108,0.039,1,"5","FAM228B"
0.000148909024939027,-0.534963363207831,0.285,0.138,1,"5","CWC25"
0.000339287296947062,-0.535292968673472,0.123,0.048,1,"5","RALGAPB"
0.00387230414251072,-0.53543152200955,0.338,0.19,1,"5","PDE4B"
0.00048856024554314,-0.535758466761169,0.108,0.041,1,"5","NME6"
0.00871916418715506,-0.536711162639007,0.369,0.217,1,"5","CCDC59"
0.00774436138043097,-0.537725738584054,0.292,0.169,1,"5","PPM1K"
0.000642666905352998,-0.538946841064685,0.246,0.123,1,"5","KCNAB2"
0.00750019689126611,-0.539077247311095,0.123,0.06,1,"5","EML3"
0.000574883779751333,-0.539369556554841,0.208,0.099,1,"5","NCOA1"
8.31333062716428e-05,-0.539574210999565,0.246,0.112,1,"5","TPGS1"
0.000536002603571342,-0.541590076076562,0.192,0.089,1,"5","DPF2"
0.000508420067055055,-0.543097671778263,0.2,0.093,1,"5","ABCE1"
0.00103314682335511,-0.543311024004899,0.108,0.043,1,"5","PLCB2"
0.000348600189738119,-0.544170309427504,0.269,0.132,1,"5","ARL2BP"
0.000136147352950146,-0.545533246204521,0.185,0.079,1,"5","CACUL1"
0.000150856136804636,-0.546383200686056,0.331,0.161,1,"5","PHF20L1"
0.00421455582009694,-0.546760356226079,0.315,0.177,1,"5","HELZ"
0.00117071806152263,-0.54701671202284,0.3,0.156,1,"5","RNPEPL1"
0.000154712265299943,-0.547636759181308,0.115,0.042,1,"5","SHC1"
0.000154656612293231,-0.548510897493006,0.169,0.071,1,"5","CASC3"
0.000672080134449108,-0.548833275498784,0.185,0.086,1,"5","SUPT6H"
0.000337708085905876,-0.549234135649152,0.331,0.167,1,"5","PRDM2"
0.00339657904165517,-0.549697147733499,0.115,0.052,1,"5","EGLN1"
0.000204667292637665,-0.549865331639413,0.369,0.185,1,"5","TMEM243"
0.000181192679296756,-0.550242809371409,0.446,0.226,1,"5","GTF2B"
0.000885329084601428,-0.552594569811049,0.154,0.069,1,"5","YBEY"
0.00439203737856041,-0.553047695668442,0.162,0.081,1,"5","TMEM43"
0.000400904158474286,-0.553856781801046,0.992,0.953,1,"5","FTH1"
0.00625063681088363,-0.554107306995465,0.108,0.05,1,"5","UGGT1"
0.00011501007731694,-0.554955129429872,0.315,0.151,1,"5","OSER1"
0.00489996583443076,-0.555042159978019,0.315,0.179,1,"5","FKBP11"
0.00124183870412777,-0.555067291833566,0.1,0.04,1,"5","CCDC71L"
0.00567971001887009,-0.557324112450674,0.292,0.164,1,"5","EPB41L4A-AS1"
0.00395639538528854,-0.55765859313069,0.477,0.267,1,"5","ANKRD11"
0.00739149636567812,-0.558124179553408,0.115,0.055,1,"5","STARD4"
0.000245962264608284,-0.558217322220881,0.577,0.296,1,"5","DDX18"
0.00379900013367096,-0.558652465195235,0.577,0.318,1,"5","MPHOSPH8"
0.000430644801564833,-0.55893234599603,0.108,0.041,1,"5","MAP9"
0.000228385637713614,-0.558935170172136,0.346,0.173,1,"5","AKIRIN2"
0.00686500760873571,-0.559488014704549,0.554,0.316,1,"5","FLNA"
0.00347300625042376,-0.559744983087391,0.354,0.197,1,"5","CDKN1B"
0.000471395766231804,-0.559940662279934,0.492,0.256,1,"5","RASSF5"
0.00270427018128338,-0.560295099835596,0.5,0.278,1,"5","SH2D2A"
0.0015291589493268,-0.560619954063504,0.138,0.062,1,"5","STAT5B"
0.00103917450084331,-0.560622558105525,0.177,0.083,1,"5","BTN3A3"
0.00389499691170592,-0.561732094624086,0.138,0.066,1,"5","TMEM138"
7.68033010279058e-05,-0.563532741891893,0.285,0.132,1,"5","KPNA4"
0.00176295334916693,-0.563549766394325,0.115,0.049,1,"5","CARS2"
0.00532071094665559,-0.565653927333978,0.338,0.193,1,"5","RNMT"
0.00721811009680351,-0.566085143814537,0.108,0.05,1,"5","POLG2"
0.00137754372909009,-0.567337161047281,0.308,0.162,1,"5","NFATC3"
0.000810064295028121,-0.567570104896308,0.192,0.091,1,"5","ATAD1"
0.000272339125491624,-0.568132590691007,0.269,0.131,1,"5","RNF168"
0.000123489284358685,-0.568260735622927,0.162,0.066,1,"5","IMPA1"
0.000682548485175909,-0.568640853553311,0.254,0.127,1,"5","ARMCX3"
0.000204610548497539,-0.568656763243321,0.192,0.085,1,"5","DUS1L"
0.00185205228318577,-0.570414576892652,0.185,0.091,1,"5","DENND1C"
0.0012904639778909,-0.57209252578771,0.169,0.08,1,"5","CHST2"
0.00201561335490088,-0.5738811875274,0.231,0.12,1,"5","TSPYL1"
0.00322770482835316,-0.574505378565067,0.115,0.052,1,"5","FUT11"
0.000739293876624441,-0.575194193133262,0.208,0.1,1,"5","GATAD2A"
0.000206743154811512,-0.575896114105271,0.262,0.125,1,"5","KIAA2026"
7.14242673948143e-05,-0.576742552447677,0.492,0.241,1,"5","ATP6AP2"
0.000926249799024879,-0.576754260552232,0.338,0.179,1,"5","HSH2D"
0.0055610901923637,-0.57693843476622,0.508,0.285,1,"5","EPC1"
0.00141842582444484,-0.577773030870902,0.915,0.739,1,"5","PTPRC"
0.00013108353268904,-0.578242372166404,0.277,0.13,1,"5","PLEKHB2"
0.000276094426213943,-0.57968321719208,0.177,0.077,1,"5","JKAMP"
0.00112786965259467,-0.581360972863556,0.408,0.219,1,"5","ARID5A"
0.00790699026802692,-0.581678738465537,0.138,0.07,1,"5","NCK2"
0.000809141859867674,-0.582992456636079,0.392,0.208,1,"5","NARF"
0.00442904648178798,-0.583542309718339,0.485,0.28,1,"5","CEBPB"
0.000301153830389475,-0.584464412167279,0.338,0.17,1,"5","CCDC88C"
0.00226733477078039,-0.585427032462404,0.262,0.139,1,"5","ATP2B1"
0.00400679016639329,-0.588857926298687,0.131,0.062,1,"5","CYHR1"
0.000247283083610335,-0.589333193647525,0.185,0.082,1,"5","TP53TG1"
0.00617850325729399,-0.589424252907896,0.108,0.05,1,"5","SCO1"
0.00149152447631177,-0.589602331246417,0.208,0.104,1,"5","ARRDC1"
0.000836218957560134,-0.589804824403722,0.131,0.056,1,"5","UFSP2"
0.000154220097207852,-0.590031267128155,0.369,0.183,1,"5","BOD1L1"
0.000331909750597107,-0.590582208771708,0.515,0.264,1,"5","GCC2"
0.00069755447528241,-0.591091304459246,0.377,0.198,1,"5","DYNC1H1"
9.72863336164672e-05,-0.591304648533211,0.231,0.104,1,"5","LUC7L"
0.00309731622565337,-0.591366567792518,0.231,0.122,1,"5","TGFBR2"
0.00322065053573155,-0.591756396961997,0.138,0.066,1,"5","ZNF720"
0.00891668509177303,-0.592248658847678,0.131,0.066,1,"5","USP4"
0.0005651526063439,-0.592422252304126,0.123,0.05,1,"5","PIBF1"
0.000181689612262034,-0.593512213951503,0.2,0.089,1,"5","PPP1R15B"
0.000194689684190631,-0.59357849554245,0.277,0.133,1,"5","RB1CC1"
0.000125524486088237,-0.595764494944237,0.162,0.066,1,"5","ACYP2"
8.44058061444574e-05,-0.596772772628718,0.208,0.09,1,"5","JAK3"
0.00079388750286277,-0.597225489148793,0.423,0.225,1,"5","GLUL"
0.00028430827629111,-0.598450387786023,0.2,0.091,1,"5","GPATCH2L"
0.00078256933235433,-0.599237544784716,0.323,0.167,1,"5","PKN1"
0.000157924225137437,-0.599542540349698,0.231,0.106,1,"5","EP300"
0.00625354775209558,-0.600930447780144,0.223,0.121,1,"5","MVD"
0.0025354509929431,-0.602008173510064,0.123,0.055,1,"5","EDRF1"
0.00333825014973801,-0.602591800601148,0.3,0.166,1,"5","PIM3"
8.33827020710244e-05,-0.603834791101731,0.185,0.077,1,"5","MED31"
0.00943365234347386,-0.606469724383507,0.146,0.076,1,"5","RUNX1"
0.000348954759894641,-0.607183236624589,0.138,0.057,1,"5","MYD88"
0.00175114084787702,-0.609043665243082,0.208,0.104,1,"5","UBE2H"
0.000131439665474908,-0.609379083657455,0.246,0.113,1,"5","NFKBIB"
7.71195861262825e-05,-0.609950373256949,0.215,0.094,1,"5","RHBDD2"
0.00373137726127105,-0.611632355542524,0.208,0.109,1,"5","CDK11A"
0.00048809624200924,-0.611884845752396,0.308,0.155,1,"5","GLG1"
0.000905217392614316,-0.61264232961032,0.115,0.047,1,"5","TMEM42"
0.00176862453215747,-0.612860181079341,0.185,0.09,1,"5","STXBP3"
0.000429387732054364,-0.614414473142394,0.123,0.049,1,"5","WIPI1"
0.00462209042753926,-0.615297157515766,0.108,0.048,1,"5","AKAP10"
0.00235303782235477,-0.616368092948528,0.138,0.064,1,"5","P4HTM"
0.00568292251887968,-0.616892176357179,0.154,0.078,1,"5","ZMYND11"
0.000682168012773975,-0.617162321294191,0.1,0.038,1,"5","DEF8"
0.000298806736225386,-0.617409032824434,0.246,0.117,1,"5","ZNF24"
0.00226978279766565,-0.617556829613694,0.123,0.055,1,"5","ULK3"
0.00615668863853345,-0.617659224752867,0.185,0.097,1,"5","TNFSF12"
8.20405662989936e-05,-0.618583548335739,0.223,0.098,1,"5","ZNF451"
0.000116539800746973,-0.618796428749061,0.169,0.07,1,"5","BORCS6"
0.00211001704419727,-0.620373137159667,0.138,0.064,1,"5","GAS7"
0.00943407349718786,-0.620542127808526,0.1,0.047,1,"5","RAB2B"
0.0021585438130016,-0.622500637681018,0.177,0.087,1,"5","USP28"
0.00423767144321827,-0.622805046771921,0.192,0.1,1,"5","DDHD1"
0.0010346686257032,-0.622861019311666,0.138,0.061,1,"5","STX17"
0.00759964591120058,-0.623494170774319,0.108,0.051,1,"5","EPC2"
0.000594037584602974,-0.623729448647129,0.192,0.09,1,"5","KIAA1109"
0.0069108166291984,-0.624868515947526,0.1,0.046,1,"5","POLM"
0.0034565813413705,-0.626579593216698,0.208,0.108,1,"5","BLOC1S4"
8.15671032509532e-05,-0.626725918621307,0.346,0.166,1,"5","UFM1"
0.00616090399193225,-0.62706927790247,0.108,0.05,1,"5","RCBTB2"
0.00543368439728241,-0.628078152852316,0.192,0.101,1,"5","CLK3"
0.000726515776720532,-0.62987336470659,0.146,0.064,1,"5","ZNF281"
0.00737759916976625,-0.630482203207944,0.369,0.212,1,"5","TGOLN2"
0.000876819313069435,-0.63075928153506,0.154,0.069,1,"5","TBC1D22A"
0.000624350559053555,-0.631574018631364,0.408,0.214,1,"5","SAMD9"
0.00379501189256716,-0.631842805251596,0.1,0.043,1,"5","POLB"
0.00120734551394986,-0.632403460997649,0.108,0.044,1,"5","LRRC8C"
0.000378231666722823,-0.634147355445282,0.315,0.158,1,"5","ZNF655"
0.00246347404254898,-0.634803007904961,0.215,0.111,1,"5","BRI3"
0.00152018607219742,-0.636131239394636,0.308,0.163,1,"5","ZBTB7A"
0.000726887000103461,-0.637255150546999,0.308,0.158,1,"5","RBL2"
0.000164311668231972,-0.638971534479263,0.269,0.127,1,"5","TBRG1"
0.000906097019815623,-0.640249548165049,0.162,0.074,1,"5","SHPRH"
0.00183728235588731,-0.640684281591551,0.246,0.128,1,"5","NFKBID"
0.00276894413182063,-0.643124437165757,0.431,0.237,1,"5","CYLD"
0.00358087442862262,-0.643697899329041,0.2,0.104,1,"5","CBX6"
0.0022741749032388,-0.643759558107701,0.2,0.101,1,"5","SF3A1"
0.000337467089272934,-0.646896101124939,0.169,0.074,1,"5","AFTPH"
0.0014843859862477,-0.648916029801881,0.277,0.144,1,"5","PPP3CC"
0.00073645744928981,-0.651255494343621,0.177,0.081,1,"5","NBR1"
0.00314214020106198,-0.651397921645477,0.246,0.132,1,"5","ZNF791"
0.000284398923262063,-0.651848410320883,0.323,0.16,1,"5","ALKBH7"
0.000533256242390987,-0.653671171139786,0.1,0.037,1,"5","RAP2A"
0.00227375200791062,-0.654558685350333,0.208,0.105,1,"5","WDR26"
0.00930765273317875,-0.654902766469468,0.231,0.13,1,"5","IRF9"
0.000416778185707571,-0.656668038130145,0.208,0.097,1,"5","ZRSR2"
0.00163095053281944,-0.657963292560091,0.1,0.04,1,"5","CRTC2"
0.00525772401730645,-0.660190098087501,0.115,0.054,1,"5","EIF2B4"
0.0023334825229048,-0.660490456438833,0.477,0.259,1,"5","ORMDL1"
0.000739533653573932,-0.660497031823705,0.131,0.055,1,"5","PLEC"
0.00204519831491244,-0.662455270379103,0.338,0.183,1,"5","KANSL1"
0.00230658784021277,-0.663518347542546,0.323,0.174,1,"5","RNF139"
0.00269873881461529,-0.664242035052195,0.177,0.088,1,"5","RIT1"
0.000137995977809852,-0.664387076155105,0.492,0.246,1,"5","PSAP"
0.000107919998793685,-0.665346572602272,0.269,0.126,1,"5","PSMA6"
0.00290413800287398,-0.666502611886599,0.162,0.079,1,"5","ATXN2"
0.00580112347549869,-0.667224552773452,0.131,0.063,1,"5","KMT2B"
0.00269239227204296,-0.670953476552259,0.115,0.051,1,"5","PTRH1"
0.000816219665020296,-0.671258209391669,0.415,0.219,1,"5","ODF2L"
0.00845071605486914,-0.671828950814703,0.185,0.1,1,"5","ZFC3H1"
0.00173990052186479,-0.672188245692731,0.146,0.067,1,"5","PHYH"
0.00325396699091153,-0.673262372104256,0.515,0.284,1,"5","SYAP1"
0.000819248710440155,-0.673751846944993,0.146,0.064,1,"5","ADAM17"
0.00185030181683126,-0.675770857332084,0.223,0.114,1,"5","BNIP3L"
0.00176548085612781,-0.676585013015789,0.585,0.312,1,"5","TRAF3IP3"
0.00646472119304249,-0.676913108610564,0.154,0.078,1,"5","KLHL28"
0.000593310152839967,-0.677728766668404,0.431,0.223,1,"5","DNTTIP2"
0.00015631914877942,-0.677966568735038,0.392,0.195,1,"5","GPATCH8"
0.00120186684081754,-0.678589335815728,0.215,0.106,1,"5","ABHD2"
0.00883255803321359,-0.680460169076496,0.269,0.153,1,"5","ZBTB38"
0.00395137091412153,-0.684431772383895,0.1,0.043,1,"5","SLC25A44"
0.00429524549818536,-0.686476093177806,0.123,0.057,1,"5","WDR13"
0.000136451941694936,-0.687107111389983,0.169,0.071,1,"5","ATXN3"
0.000577220750205858,-0.688403726385048,0.162,0.071,1,"5","SCAMP3"
0.000302853718877326,-0.690598135974956,0.154,0.065,1,"5","AKAP8"
0.000179494134386295,-0.690855390983478,0.238,0.11,1,"5","MOB2"
0.00684145708235837,-0.693222609187768,0.131,0.064,1,"5","GSK3A"
0.00262454403681849,-0.693642037082266,0.315,0.171,1,"5","PTGDR"
0.00745389748778849,-0.693730159258195,0.608,0.338,1,"5","PPP1R2"
0.00491586403146059,-0.694087445863619,0.231,0.124,1,"5","GPRIN3"
0.000277445061424207,-0.694092327577163,0.231,0.108,1,"5","RGS14"
0.00141825822132452,-0.698395729400663,0.131,0.057,1,"5","GRAP2"
0.00411489028078238,-0.699462800473572,0.138,0.066,1,"5","TSPAN31"
0.00224276538018345,-0.701395651908478,0.177,0.087,1,"5","ARL5B"
0.00458115939740938,-0.704063404552395,0.231,0.124,1,"5","MAP3K2"
0.00968772254397779,-0.705245764026726,0.346,0.199,1,"5","NME3"
0.0012572155795781,-0.706089091532818,0.108,0.044,1,"5","RFFL"
0.00249233809684426,-0.707533775138919,0.2,0.101,1,"5","ASXL2"
0.000140717298705162,-0.707909642121733,0.162,0.066,1,"5","STX12"
0.00558810239612534,-0.709111903711604,0.231,0.126,1,"5","BAZ2A"
0.0012727897486786,-0.709588569614099,0.208,0.102,1,"5","IPCEF1"
0.000307250580559693,-0.712929097748237,0.115,0.044,1,"5","ATF7"
0.00469465626083524,-0.714766684610138,0.277,0.153,1,"5","SNHG9"
0.000113458902794535,-0.722065718467698,0.162,0.066,1,"5","SPRTN"
0.000730974738582109,-0.722682836053632,0.131,0.055,1,"5","NCSTN"
0.00162168783797237,-0.723466726609038,0.146,0.067,1,"5","DDX60L"
0.00843197488932815,-0.726212272886821,0.154,0.08,1,"5","ZBTB43"
0.00260922419185331,-0.728910443347135,0.162,0.078,1,"5","ARL8B"
0.0074752707843773,-0.733030691601126,0.1,0.046,1,"5","NFKBIE"
0.00297149156146563,-0.734050874126991,0.146,0.07,1,"5","NAA16"
0.0013385331960367,-0.734759924699747,0.192,0.093,1,"5","SLC52A2"
0.00416460006480176,-0.737879556131701,0.454,0.253,1,"5","MAP3K8"
0.00263583699792911,-0.739400920176406,0.208,0.106,1,"5","UBL3"
0.00196635077078354,-0.740255995566309,0.123,0.054,1,"5","METRN"
0.001142025183134,-0.740291185563884,0.115,0.048,1,"5","PPTC7"
0.00586874497491784,-0.740298143339038,0.215,0.115,1,"5","STIM2"
0.00594064733772941,-0.74240426953414,0.254,0.139,1,"5","TRIM38"
0.00096468663319543,-0.74376601765135,0.208,0.1,1,"5","ZPR1"
9.51338293163799e-05,-0.745287182259502,0.115,0.041,1,"5","TMEM185A"
0.000938006128434822,-0.745709889099419,0.108,0.043,1,"5","RPRD1A"
0.000827386065474854,-0.746808382177952,0.238,0.118,1,"5","BORCS7"
0.00667881639383838,-0.74834573152933,0.938,0.797,1,"5","ID2"
0.00652196576380764,-0.750335860688103,0.123,0.059,1,"5","RNF220"
0.00655816223589179,-0.752543764303945,0.1,0.045,1,"5","CLIP4"
0.00185021552552587,-0.752975134828013,0.131,0.058,1,"5","LDLRAP1"
0.00962475644476652,-0.753354636463216,0.192,0.105,1,"5","NFKB2"
0.000651931788989574,-0.754599015445099,0.308,0.156,1,"5","RICTOR"
0.00120861245344368,-0.755267480019185,0.215,0.106,1,"5","CCDC174"
0.00506876792886719,-0.755700313614418,0.223,0.119,1,"5","RAP2B"
0.000120160529048528,-0.758145668149124,0.362,0.175,1,"5","IRF3"
0.00309657172339317,-0.765776836088317,0.223,0.116,1,"5","CCNT1"
0.000187821569285401,-0.769491202967248,0.146,0.059,1,"5","POLDIP3"
0.00099384767436132,-0.770735472607078,0.338,0.175,1,"5","SIPA1"
0.00262201795029426,-0.77529650110498,0.215,0.111,1,"5","ATP2B4"
0.00181521249189582,-0.77551207391728,0.162,0.077,1,"5","PPWD1"
0.00148284764251831,-0.777423481633401,0.185,0.089,1,"5","TRAPPC2"
0.000824964750092669,-0.779469643187938,0.162,0.073,1,"5","TRIM13"
0.00409172033127221,-0.785297169791348,0.208,0.108,1,"5","CCDC88B"
0.000518528148419141,-0.78614124219365,0.177,0.08,1,"5","DYNC1LI2"
0.00110121367952181,-0.786718002784385,0.192,0.093,1,"5","BCL2A1"
0.00241092876919475,-0.787033903934221,0.192,0.096,1,"5","MLX"
0.00815418571169303,-0.792187935142245,0.169,0.089,1,"5","BSDC1"
0.00751357150003332,-0.793618581830831,0.192,0.103,1,"5","PLEKHA3"
0.00344332501739128,-0.797761104017232,0.238,0.126,1,"5","SUPT5H"
0.0058657144011987,-0.798018426110484,0.346,0.193,1,"5","CD300A"
0.00922500765496213,-0.799482393399263,0.123,0.061,1,"5","GMIP"
0.00601651516430133,-0.799582861528745,0.238,0.131,1,"5","MYBL1"
0.00767064259616208,-0.800616699717052,0.192,0.103,1,"5","ABTB1"
0.00494537035836575,-0.801410889094021,0.169,0.086,1,"5","B4GALT4"
0.00280682147442328,-0.801963373927627,0.131,0.06,1,"5","SLC25A32"
0.00333667186484795,-0.807306089273177,0.108,0.047,1,"5","ELMOD3"
0.00156577157481072,-0.809748183443561,0.123,0.054,1,"5","SOX4"
0.0053543508033061,-0.810021384575625,0.169,0.087,1,"5","CSGALNACT2"
0.00362812594051543,-0.810991807228211,0.177,0.089,1,"5","ACBD3"
0.00985730864585889,-0.811206618217792,0.454,0.257,1,"5","CTSS"
0.00125905406895378,-0.819909961034879,0.223,0.111,1,"5","FBXL15"
0.00774477732980811,-0.827247375033717,0.115,0.055,1,"5","SCYL2"
0.00723070459288281,-0.829637338284564,0.215,0.117,1,"5","SOD2"
0.00927140235380887,-0.83189704177959,0.1,0.047,1,"5","WDSUB1"
0.00827931570297011,-0.831962867738145,0.238,0.132,1,"5","OAT"
0.0019465802422746,-0.839992279120741,0.238,0.122,1,"5","NCR1"
0.000938238955110607,-0.852436845490431,0.215,0.104,1,"5","PRKAA1"
0.00313044718261684,-0.854993367873634,0.185,0.093,1,"5","MTERF4"
0.00300891798102054,-0.864637603744329,0.254,0.134,1,"5","PIM2"
0.00740417136593377,-0.86508348000156,0.3,0.167,1,"5","LRP10"
0.00104617796410004,-0.865302009184481,0.115,0.047,1,"5","TMEM41A"
0.00049864235361625,-0.874984651600854,0.162,0.071,1,"5","MEI1"
0.00730214113543233,-0.890777616886048,0.192,0.103,1,"5","DYNLL2"
0.00761878001286214,-0.891135735377416,0.254,0.141,1,"5","N4BP2L1"
0.00686191491962383,-0.910743199102399,0.1,0.045,1,"5","EIF1AD"
0.00528148057307229,-0.911311555638005,0.1,0.044,1,"5","ETFDH"
0.00622703169221226,-0.919435446455196,0.162,0.082,1,"5","VGLL4"
0.00673037450939034,-0.922999677322248,0.269,0.149,1,"5","ANKRD13D"
0.000626427138846274,-0.925964804496812,0.3,0.15,1,"5","RRBP1"
7.2545600111377e-05,-0.950169984289809,0.692,0.665,1,"5","NFKBIA"
0.00492040208284507,-0.952352300527239,0.123,0.058,1,"5","ING1"
0.00124123391793075,-0.955009984912611,0.738,0.666,1,"5","ZFP36"
0.00764331987546332,-0.960039158469289,0.208,0.111,1,"5","KLHDC4"
0.00316164689292073,-0.96500041716792,0.285,0.151,1,"5","SAT2"
0.00224651698863036,-0.967485417011259,0.338,0.18,1,"5","PCF11"
0.00987446658172178,-0.991492167751822,0.115,0.056,1,"5","CSNK1E"
0.00460442879813834,-0.994414275126327,0.723,0.572,1,"5","CD37"
0.0062722998405996,-1.002381570789,0.8,0.597,1,"5","EIF4A2"
0.00393128781746683,-1.02119791060898,0.138,0.066,1,"5","SEC23A"
0.000282679733226874,-1.05224181965945,0.762,0.61,1,"5","SARAF"
0.000100539600997895,-1.1539625728185,0.815,0.766,1,"5","CCL4"
0.00688506785804871,-1.16899388770545,0.2,0.288,1,"5","PSMB3"
0.000603497454777825,-1.18743366559629,0.785,0.698,1,"5","FOS"
0.00596050133821793,-1.23858933313614,0.215,0.114,1,"5","GPS2"
0.00540098447398803,-1.27435049990732,0.546,0.497,1,"5","REL"
0.00425746221336671,-1.30436357852376,0.638,0.549,1,"5","NR4A2"
0.00199350212662859,-1.31120980404528,0.731,0.58,1,"5","SAT1"
0.00387386521767606,-1.40313617793996,0.569,0.522,1,"5","FOSB"
0.000109399627313336,-1.43540072126396,0.646,0.589,1,"5","ANXA1"
0.00581847607844776,-1.48903176370015,0.469,0.465,1,"5","CREM"
0.000706545688579746,-1.6547296132188,0.569,0.526,1,"5","CMC1"
0.00184382531085001,-1.70378026176288,0.569,0.51,1,"5","GADD45B"
0.000195654694006897,-1.72577489767951,0.454,0.485,1,"5","GZMH"
0.000195024233875081,-1.85859019511612,0.354,0.417,1,"5","ARL4C"
0.0096477918622205,-1.86445620891161,0.285,0.325,1,"5","SERTAD1"
0.000345020337137474,-1.94681011091333,0.462,0.457,1,"5","BTG2"
0.00144658213706038,-2.21933498076584,0.154,0.257,1,"5","LMNA"
0.00214820870253354,-2.35672754378139,0.069,0.162,1,"5","SYNRG"
0.000172268038018257,-2.39964622693571,0.223,0.327,1,"5","FCGR3A"
0.000284708492760081,-2.6105039888166,0.131,0.247,1,"5","SPON2"
0.00210612988502766,-2.71399163589003,0.069,0.162,1,"5","LTB"
0.000162494523994649,-3.36825855447315,0.046,0.164,1,"5","NEU1"
0.00013853471303134,-3.60776933049002,0.023,0.137,1,"5","S1PR5"
