NK_cluster,regulon,mean_in,mean_out,log2FC,avg_log2FC,statistic,pval,padj
1,AKNA(+),0.06109851680262142,0.04113036936187156,0.5709333191649912,0.5709333191649912,39.12961584853354,0.0,0.0
1,ASCL2(+),0.16528104875380903,0.06578611181894892,1.329066348217901,1.329066348217901,58.661577845408864,0.0,0.0
1,KLF13(+),0.08930958600646423,0.06294823199148222,0.5046491699907021,0.5046491699907021,48.08747320153181,0.0,0.0
1,KLF2(+),0.11958773779784883,0.07260912715328775,0.7198466440841216,0.7198466440841216,54.45699069236082,0.0,0.0
1,KLF3(+),0.0846999725024875,0.039325801368810094,1.10688531681334,1.10688531681334,55.70778710814664,0.0,0.0
1,MYBL1(+),0.05779633199024041,0.032538066359842195,0.8288493979754257,0.8288493979754257,53.41717198526176,0.0,0.0
1,PRDM1(+),0.11642422215416731,0.06799245399346836,0.7759446887887352,0.7759446887887352,57.6952576383285,0.0,0.0
1,TBX21(+),0.07671430095793175,0.03968157505879489,0.9510262392059176,0.9510262392059176,55.758387094670304,0.0,0.0
1,ZNF276(+),0.03372088604145681,0.02217042894424882,0.6050057392382872,0.6050057392382872,45.64038735108913,0.0,0.0
1,ZNF90(+),0.10115329224193564,0.07471619188108736,0.43705044002982996,0.43705044002982996,43.87903780567702,0.0,0.0
1,ZNF267(+),0.022931393549320372,0.038302264127451455,-0.7401056194665312,-0.7401056194665312,-37.47403422850805,2.4396446918913445e-307,9.443457994862746e-305
1,ZEB2(+),0.07501677884227127,0.05239002346202768,0.5179211998103654,0.5179211998103654,37.46072694613056,4.018047506085597e-307,1.4356792819821229e-304
1,RBPJ(+),0.042545875832999534,0.05123943722166708,-0.2682353328171406,-0.2682353328171406,-37.07052687588742,8.387911953067058e-301,2.5974567347997653e-298
1,ZBTB7A(+),0.032242182539123546,0.026715270984039443,0.27128474579814243,0.27128474579814243,33.09131162217728,3.9629814420596056e-240,8.367294908348577e-238
1,NR4A1(+),0.08568566477249416,0.12904168157420143,-0.590711371697058,-0.590711371697058,-32.98805533617979,1.2050257968949521e-238,2.332227011073772e-236
1,ZBTB44(+),0.02396694948615016,0.0178315162856639,0.4266168873538035,0.4266168873538035,32.36512470382707,8.500267714317898e-230,1.5186055205002552e-227
1,ATF3(+),0.07677949675296784,0.11618414046203931,-0.5976201336724399,-0.5976201336724399,-31.395308764731436,2.3448280094807824e-216,4.033972631125273e-214
1,MEF2C(+),0.03620110552190703,0.02541745936932273,0.5102139072470314,0.5102139072470314,30.487417221335004,3.8262153945578116e-204,5.733151776684205e-202
1,FOS(+),0.08276098837018792,0.1188011507510603,-0.5215260256376679,-0.5215260256376679,-30.36414125997271,1.6347929503032454e-202,2.3730041419245545e-200
1,RORA(+),0.035834455002335834,0.029333243679653617,0.288810790550798,0.288810790550798,30.307298894850334,9.186545465276222e-202,1.2930758692790318e-199
1,MAFF(+),0.028276775390668484,0.03687362241317144,-0.3829715314774912,-0.3829715314774912,-29.594639578122273,1.7514935067695072e-192,2.259913149706767e-190
1,MAF(+),0.021745556860410985,0.01584816331446652,0.45640497682327086,0.45640497682327086,29.180468774060074,3.431754073603281e-187,4.308242614023579e-185
1,ATF4(+),0.0708767880082777,0.08365275525784154,-0.2390998303880211,-0.2390998303880211,-29.02424774164623,3.253258746031805e-185,3.976680756662562e-183
1,ATF6B(+),0.05698718043136082,0.04066911405744294,0.4867038404724095,0.4867038404724095,28.616054933089153,4.2420219118820675e-180,5.052356866844155e-178
1,KLF9(+),0.020385712455536477,0.014478795326587473,0.49361677781347285,0.49361677781347285,28.125433351129807,4.787841949433616e-174,5.559881463779787e-172
1,KLF6(+),0.07357877887563101,0.08975573098000009,-0.28671432232413396,-0.28671432232413396,-27.53085046159006,7.503978666565581e-167,8.299043072904077e-165
1,JUN(+),0.09267750478404106,0.12731796173470625,-0.45814485433445346,-0.45814485433445346,-27.304935108115323,3.706244143519057e-164,3.912614556055914e-162
1,ETS1(+),0.07871551440791544,0.06852124414213631,0.20009666181294375,0.20009666181294375,27.271564086524098,9.224614640497609e-164,9.521852223358086e-162
1,ZNF182(+),0.053099878875483605,0.03745492425701538,0.5035531542874854,0.5035531542874854,27.18901780952468,8.758921282145826e-163,8.844606381645079e-161
1,ZBTB48(+),0.011800201183286051,0.021475985577775837,-0.8639128295777139,-0.8639128295777139,-27.172134011408875,1.386827161749198e-162,1.3705983332606437e-160
1,FOSB(+),0.09883276107112106,0.13450291222921174,-0.44457615561282965,-0.44457615561282965,-26.992713362532296,1.799666610309325e-160,1.7060104907932272e-158
1,IRF3(+),0.028788167726987165,0.02393442305303259,0.2663889289762762,0.2663889289762762,26.823287863388476,1.7291187745006384e-158,1.606351341511093e-156
1,TFEB(+),0.019985244172225556,0.013051996112097718,0.614664698031709,0.614664698031709,25.987191017852037,6.912006239308166e-149,5.535563617514902e-147
1,POU5F2(+),0.06963724557000259,0.04612641655159016,0.5942659119215141,0.5942659119215141,25.953643740865083,1.6540049244831435e-148,1.3021784532583392e-146
1,GLMP(+),0.043609608137795755,0.03297328661806037,0.40334832114929337,0.40334832114929337,25.90015022826155,6.633798164062989e-148,5.051474175749604e-146
1,GPBP1(+),0.06171300593363255,0.07786812618495485,-0.3354583374154531,-0.3354583374154531,-25.84759674443523,2.589279710090619e-147,1.939871653769504e-145
1,HOXB4(+),0.021165931311109824,0.01361561615114218,0.6364816610017494,0.6364816610017494,25.83854896745451,3.2724899782697626e-147,2.4128120554068328e-145
1,JUNB(+),0.10729687313512046,0.14165370846744382,-0.4007603350067934,-0.4007603350067934,-25.7810603325478,1.446225788162717e-146,1.049643560314972e-144
1,ELK1(+),0.02094661630586355,0.012582701735574346,0.7352754371209129,0.7352754371209129,25.478620761427695,3.4022763764076285e-143,2.3944808740020354e-141
1,REL(+),0.07939468511294699,0.10088475774118548,-0.3455938782905873,-0.3455938782905873,-25.47663788822575,3.57884895777646e-143,2.4811572252047246e-141
1,KLF5(+),0.04887735351069258,0.07650383005508006,-0.6463657936125545,-0.6463657936125545,-25.412995002418192,1.811818847763781e-142,1.2376321393915827e-140
1,ZNF331(+),0.06848564495362683,0.08979365649886621,-0.39081190263043647,-0.39081190263043647,-25.34214033333542,1.097076278581147e-141,7.385390310158591e-140
1,RUNX3(+),0.07926741349785374,0.06681445411842424,0.24656766064661337,0.24656766064661337,25.29538858961849,3.590121009802243e-141,2.382301727218774e-139
1,EGR1(+),0.07190727045553337,0.0996738086607697,-0.47107680393957063,-0.47107680393957063,-25.185948676820864,5.710232539313425e-140,3.735778893677586e-138
1,ZNF775(+),0.014824693967531659,0.008075355496463283,0.8764045643702969,0.8764045643702969,25.049549032451633,1.7657136004597764e-138,1.12352598275831e-136
1,ZNF655(+),0.03263342545591484,0.026435144623014165,0.3038932018809531,0.3038932018809531,24.96742136201707,1.381447729572273e-137,8.671384734950281e-136
1,ZNF765(+),0.03160889210813374,0.020595112810158217,0.6180284166301925,0.6180284166301925,24.714509557096616,7.468422837588023e-135,4.564582115867943e-133
1,PBX2(+),0.022982689368566938,0.017075188957388493,0.42864606244154824,0.42864606244154824,24.60437931066572,1.1339598913606287e-133,6.840576227753404e-132
1,IKZF1(+),0.05193419008014543,0.04361462818356912,0.25187253158387185,0.25187253158387185,24.400172746764852,1.7029770825246223e-131,1.0141446856829321e-129
1,TERF1(+),0.03268131552614981,0.028157194174959124,0.21496247199728574,0.21496247199728574,23.937531708877373,1.2461178287453618e-126,7.32685736015469e-125
1,CSRNP1(+),0.05718671922240343,0.07403258638193902,-0.3724802842014668,-0.3724802842014668,-23.72367516206038,2.054712866651702e-124,1.1782890451354515e-122
1,NR4A2(+),0.0821669500546594,0.10182690964512404,-0.3094887456270275,-0.3094887456270275,-23.660002900353536,9.312216288502286e-124,5.275029836596722e-122
1,XBP1(+),0.07405978775802634,0.06469820992644452,0.19496461598747,0.19496461598747,23.64199547408996,1.4267431531120148e-123,7.984604754464227e-122
1,GATA3(+),0.03549434160423877,0.040460928593913495,-0.18894037263076624,-0.18894037263076624,-23.477035111637925,7.001835299318098e-122,3.871848210158638e-120
1,ZBTB38(+),0.02427620941345215,0.020492198952524156,0.24446835624526944,0.24446835624526944,23.16375583368053,1.0565549096689564e-118,5.641031672887705e-117
1,ZNF672(+),0.06480776294750645,0.05304119823157239,0.2890532634862404,0.2890532634862404,23.07539312862208,8.180305468427335e-118,4.31789987509602e-116
1,TOPORS(+),0.029174656185219614,0.037500622729101554,-0.36219888768800046,-0.36219888768800046,-22.65117576700337,1.358377479655885e-113,6.933696036265479e-112
1,FOXD2(+),0.013768464946686437,0.006762261453774247,1.0257899107640815,1.0257899107640815,21.900430596848352,2.5733739382922755e-106,1.2326985155466437e-104
1,ZNF91(+),0.0245868892943083,0.020295489705611805,0.27673005497060627,0.27673005497060627,21.900415908898708,2.5742035739079536e-106,1.2326985155466437e-104
1,ZNF175(+),0.03966671049879741,0.02852798333151913,0.4755509825623334,0.4755509825623334,21.84676817282391,8.343237809758983e-106,3.954524451666375e-104
1,EGR3(+),0.052031590051867395,0.07069440062928241,-0.4422081473373487,-0.4422081473373487,-21.78990377577707,2.8925782305876667e-105,1.357174331422193e-103
1,ZNF300(+),0.03969410498315736,0.02785228801946425,0.5111289040876811,0.5111289040876811,21.76500770113045,4.9801490612212e-105,2.313279238937247e-103
1,ETS2(+),0.014114513226673654,0.01898403987969659,-0.42760763529567014,-0.42760763529567014,-21.635504049119085,8.323475455467542e-104,3.82797460303433e-102
1,ELF1(+),0.046756943221181874,0.054653169306963706,-0.22512453953281913,-0.22512453953281913,-21.581467082378722,2.6822123164770327e-103,1.2214584519642959e-101
1,ZNF683(+),0.08469793082900218,0.09885143227433463,-0.2229351421692516,-0.2229351421692516,-21.21655966142258,6.716214692897354e-100,2.971125452238877e-98
1,NFIL3(+),0.02889656273364011,0.024574378299838995,0.23374296586709437,0.23374296586709437,21.140887344856566,3.3472528472851593e-99,1.4667914599659965e-97
1,ARID5B(+),0.033447591718555394,0.027862295382583255,0.2635882130099077,0.2635882130099077,20.96870051117967,1.2667691346504833e-97,5.499198720048126e-96
1,SP2(+),0.020428732471294668,0.01473256253795944,0.47159127528239575,0.47159127528239575,20.930401682482877,2.8310080447969174e-97,1.2175955896371927e-95
1,NFKB1(+),0.03262550182499967,0.04082080771043035,-0.32330462751402905,-0.32330462751402905,-20.695930598340496,3.7688220634760566e-95,1.591470771349662e-93
1,MYC(+),0.045036795999650166,0.0621959126605993,-0.46571556970227407,-0.46571556970227407,-20.58707820352863,3.583369689240947e-94,1.486138589868232e-92
1,GTF2B(+),0.03668278125910761,0.04272316614827857,-0.2199155342794286,-0.2199155342794286,-20.272080435462886,2.2686075122918172e-91,9.24358060929429e-90
1,ZXDA(+),0.04387959427412136,0.06696285672156865,-0.6098108789464892,-0.6098108789464892,-20.109631712399974,6.077337024630753e-90,2.433554351673263e-88
1,ZNF665(+),0.02840315809685851,0.021133715989508087,0.4265048699455396,0.4265048699455396,20.081548352680603,1.0700697714018047e-89,4.2482684514199855e-88
1,ZNF510(+),0.026112454095417723,0.019573132266525215,0.4158633853214513,0.4158633853214513,19.994720538359953,6.122087212211626e-89,2.4099233136205936e-87
1,TBX19(+),0.013503372910119047,0.007807639232292799,0.7903614378158819,0.7903614378158819,19.932605199315372,2.1222220609893832e-88,8.283799557391331e-87
1,ZNF165(+),0.027732114690593397,0.03720795257030401,-0.4240533605487513,-0.4240533605487513,-19.457780507198176,2.5039619405103436e-84,9.304722570936437e-83
1,ZNF620(+),0.02336112823477442,0.014441872108085745,0.6938521415527154,0.6938521415527154,19.16923573644132,6.688416222530936e-82,2.4271635432543905e-80
1,YY1(+),0.04301715897772049,0.03961855459735909,0.11873599639462151,0.11873599639462151,19.039188630293125,8.076915026622523e-81,2.885943869127817e-79
1,VDR(+),0.027290981058703798,0.03419546413959598,-0.32538070303662897,-0.32538070303662897,-19.03313719503979,9.065919418111507e-81,3.214595091383813e-79
1,ZSCAN32(+),0.029681784623120124,0.024522108207758898,0.2754948113306533,0.2754948113306533,19.028407675254414,9.922211646183251e-81,3.4915661436758486e-79
1,MXD4(+),0.05533642126972917,0.04884381045709228,0.18005358735162627,0.18005358735162627,18.949694953112086,4.441504461703044e-80,1.5455013210999984e-78
1,ZNF181(+),0.025803684611180086,0.018008132165157682,0.5189285141809828,0.5189285141809828,18.777449367636613,1.1549656169670208e-78,3.9447171255969205e-77
1,HES1(+),0.04481130272412341,0.056401420100592466,-0.3318688131348365,-0.3318688131348365,-18.6532333774971,1.188663917470176e-77,4.0009738381514254e-76
1,TCF7(+),0.0161518305663725,0.02071564158318776,-0.3590228010652988,-0.3590228010652988,-18.50691202314333,1.816181945107454e-76,5.899416178338549e-75
1,NR1D2(+),0.020317031393599343,0.016300834387100754,0.31774378856025143,0.31774378856025143,18.479930259647258,2.9956827342775264e-76,9.66315715327716e-75
1,BCL11B(+),0.02484964604816449,0.020961958807070066,0.24545175482595602,0.24545175482595602,18.364262656200566,2.538743091331871e-75,8.022082761385402e-74
1,E2F2(+),0.04168637594048657,0.036347863543653935,0.197705382094649,0.197705382094649,18.324002986226294,5.324824118921793e-75,1.648920535492782e-73
1,ZNF582(+),0.034501146867893344,0.027387389529931406,0.33313254913379386,0.33313254913379386,18.256232786568766,1.845966513514907e-74,5.678486394223007e-73
1,TSC22D1(+),0.017032580050105887,0.022052642683480953,-0.3726545453584609,-0.3726545453584609,-18.15506218942073,1.1709533037077207e-73,3.4865885228989504e-72
1,AHR(+),0.0367694687210813,0.0439578626756526,-0.25761290337476,-0.25761290337476,-18.133162456501488,1.744327658249694e-73,5.160765587624094e-72
1,ZKSCAN1(+),0.03031461498031958,0.02590442265502332,0.22681506120851835,0.22681506120851835,18.112085248762313,2.5587005938280207e-73,7.522255859703263e-72
1,CEBPG(+),0.022209434733909676,0.01793784812797175,0.3081658278592066,0.3081658278592066,17.999134915999765,1.978857251528332e-72,5.7810012159428314e-71
1,ERF(+),0.02334714990694663,0.0315392479738396,-0.4339018003481658,-0.4339018003481658,-17.97882148164208,2.854965623761756e-72,8.28832207648335e-71
1,SLC2A4RG(+),0.024299650345163657,0.021535398391275787,0.1742255342209695,0.1742255342209695,17.967291441171522,3.5146061725311294e-72,1.0139966255532357e-70
1,ZFPM1(+),0.030112409148827384,0.025012930101473665,0.26768405626990993,0.26768405626990993,17.93167316328476,6.674066586866577e-72,1.913644400987361e-70
1,RFX1(+),0.026243732926857645,0.03220793786889584,-0.2954433396469867,-0.2954433396469867,-17.80919035120324,5.997104052567541e-71,1.708990694734738e-69
1,SMAD5(+),0.024852068047792036,0.021413414302211206,0.21485105304387772,0.21485105304387772,17.752480177627664,1.649076432258859e-70,4.670707334050244e-69
1,ZNF487(+),0.025421548755801097,0.01977221588993236,0.362577345794141,0.362577345794141,17.431856924848258,4.72852548515243e-68,1.2769767952635487e-66
1,ZFAT(+),0.017463546183307543,0.011375978517298147,0.6183558554568767,0.6183558554568767,17.4172571029021,6.1033713822997384e-68,1.6293195442978326e-66
1,ZNF296(+),0.03569136071990952,0.04636921425380312,-0.3775923658763741,-0.3775923658763741,-17.41437826477187,6.418233036849411e-68,1.7035824260666007e-66
1,ARNTL(+),0.022113846504681196,0.017432643916284334,0.34315858135442584,0.34315858135442584,17.276796240456292,7.034866771619058e-67,1.8255282767693027e-65
1,ZNF619(+),0.020265790284745653,0.013076373465600961,0.6320839100177259,0.6320839100177259,17.263760685147222,8.817657464576782e-67,2.275445495719953e-65
1,NFKB2(+),0.027528250786823017,0.035587854330354475,-0.3704719999257729,-0.3704719999257729,-17.224492451773923,1.7394686020168316e-66,4.439467943059441e-65
1,ZNF667(+),0.014859509092743445,0.018215157472697637,-0.29375299459422544,-0.29375299459422544,-17.14812980157464,6.490798596492069e-66,1.6475278404757194e-64
1,DLX2(+),0.030848911698103235,0.03767177993468409,-0.2882645973640684,-0.2882645973640684,-17.142519004810623,7.1485501790769e-66,1.8046204120550108e-64
1,ZNF831(+),0.020286170331029366,0.014941763782244865,0.4411460507871145,0.4411460507871145,17.11936345219682,1.0643278824268548e-65,2.6579586096090003e-64
1,ZNF292(+),0.029181248008997174,0.02498334477556991,0.22407493852824995,0.22407493852824995,17.075879777275684,2.244172988812463e-65,5.574429696809567e-64
1,ZNF169(+),0.020441438845360628,0.014024219717853531,0.5435762127848036,0.5435762127848036,17.059708344717613,2.960294749832423e-65,7.226143061116184e-64
1,ZNF430(+),0.01301726671067368,0.010203722952792371,0.3513308879647946,0.3513308879647946,16.962033479584854,1.5682199353591874e-64,3.774290984323018e-63
1,CASZ1(+),0.0324755427637257,0.026972956163645548,0.26783998282789484,0.26783998282789484,16.747471911184945,5.908431340015801e-63,1.3931301306788527e-61
1,SKI(+),0.023409422667143426,0.028621492411075877,-0.2900095347333918,-0.2900095347333918,-16.680142350016737,1.827828453829792e-62,4.2880117010299916e-61
1,HMGA1(+),0.05125563774306364,0.05699713618518779,-0.1531787310236329,-0.1531787310236329,-16.647006335619817,3.1812287555992724e-62,7.425531442089759e-61
1,ZBTB49(+),0.0212568293142166,0.014486657946498855,0.5532015822685117,0.5532015822685117,16.63189977941094,4.094046270828135e-62,9.508422463998343e-61
1,SETBP1(+),0.016438251211531744,0.013247970843500522,0.31128540165727286,0.31128540165727286,16.590325537943528,8.18753745403356e-62,1.892095098208253e-60
1,HEY1(+),0.02956836405594523,0.04648467946944581,-0.6527008650240449,-0.6527008650240449,-16.524611651236164,2.440063588768683e-61,5.583298211739178e-60
1,ZNF273(+),0.027204689075517804,0.02161254028169429,0.33198667331671045,0.33198667331671045,16.491299381443515,4.237379245155604e-61,9.601281265242819e-60
1,SNAI1(+),0.07105346688630446,0.0981445940914936,-0.46600375501301206,-0.46600375501301206,-16.476714247447,5.393771344396328e-61,1.2162168880932497e-59
1,DDIT3(+),0.028932415505792303,0.03457178139929598,-0.25690816009265904,-0.25690816009265904,-16.43378137063752,1.0960589931055683e-60,2.424378106178745e-59
1,EPAS1(+),0.027144033727773704,0.03229188728798354,-0.25053662496582035,-0.25053662496582035,-16.410882857142482,1.598638301132566e-60,3.5192772079434925e-59
1,NFATC3(+),0.021072826456976217,0.019068920176610927,0.14416067590868145,0.14416067590868145,16.408400593652644,1.665350188960623e-60,3.648845107416082e-59
1,ZNF506(+),0.0249380524395112,0.021767471788551863,0.19617493896818014,0.19617493896818014,16.293158940745627,1.1037765902381938e-59,2.3846708193750744e-58
1,ZFHX2(+),0.029554620350686442,0.04101493066627564,-0.47276548771565907,-0.47276548771565907,-16.216693474898836,3.843361083021429e-59,8.265005662330806e-58
1,ZBTB43(+),0.026380596500671812,0.03025885544390878,-0.19788022469957692,-0.19788022469957692,-16.17699194701104,7.328856625093292e-59,1.5687806001639787e-57
1,MZF1(+),0.03251191247273904,0.0274812127020606,0.24252274574875335,0.24252274574875335,16.102083403826516,2.4665737057108573e-58,5.255612322489418e-57
1,ZNF623(+),0.01320781798685173,0.018546750649603875,-0.48977427637174514,-0.48977427637174514,-16.097471387638294,2.657449301781665e-58,5.636462103550609e-57
1,MAFK(+),0.021402776481638484,0.017370109625308983,0.30119108803009775,0.30119108803009775,16.088144539614337,3.089586002885097e-58,6.523239537909671e-57
1,KMT2B(+),0.025638173190191807,0.020866903241813523,0.29707694281632824,0.29707694281632824,16.02840864841209,8.092876306809365e-58,1.7009687984221492e-56
1,IRF4(+),0.02391566640625991,0.027514455315733412,-0.20223376869020937,-0.20223376869020937,-15.707682579985175,1.339880046983936e-55,2.637179160271348e-54
1,SKIL(+),0.022834088520227225,0.027629417200530977,-0.2750159180200078,-0.2750159180200078,-15.68788322386503,1.8305881988949936e-55,3.587798389817403e-54
1,SON(+),0.07729055022622709,0.0735797409437149,0.07098343883814787,0.07098343883814787,15.627794821871326,4.7081675247619276e-55,9.188839559881997e-54
1,EBF4(+),0.013649346833916737,0.007618461191736517,0.8412603006763967,0.8412603006763967,15.60014475666645,7.262925224412492e-55,1.4056786528081675e-53
1,ZNF646(+),0.016611341062184183,0.012665742665734586,0.3912368491195187,0.3912368491195187,15.50371836725343,3.273842093711182e-54,6.2838828616894375e-53
1,ZBTB16(+),0.02944537331866541,0.03362524898094446,-0.19150397954356863,-0.19150397954356863,-15.41268979933459,1.3449512330396994e-53,2.5395522266135788e-52
1,ZNF92(+),0.026968500772198197,0.0219597483816988,0.2964137857629618,0.2964137857629618,15.407593080808114,1.455321614603146e-53,2.7368295141018676e-52
1,MXD1(+),0.03168185920552538,0.039195805841349754,-0.30704227742648343,-0.30704227742648343,-15.217398820867643,2.7109738044008286e-52,4.93822483193798e-51
1,BATF(+),0.04518435993259128,0.03955934973312487,0.19180476991876597,0.19180476991876597,15.196497868524196,3.730381126603951e-52,6.742264721040994e-51
1,RXRA(+),0.03023518095237576,0.03281795476858913,-0.11825711512106675,-0.11825711512106675,-15.155474425168437,6.971021828528274e-52,1.2358929921188485e-50
1,REST(+),0.050941262129122054,0.04747029653185933,0.10180964058168357,0.10180964058168357,15.124850050160646,1.1105331113408172e-51,1.961378822120949e-50
1,ZNF382(+),0.018144778399091524,0.013360656737253779,0.44156348432032166,0.44156348432032166,15.079633197181517,2.2049048893482017e-51,3.8215608996352225e-50
1,ZNF565(+),0.019202274146100002,0.015278205793883755,0.32980203221945564,0.32980203221945564,15.074852269572387,2.370455060069784e-51,4.0932207264030285e-50
1,CREBZF(+),0.03713188363715654,0.03436397412728883,0.11176160835750373,0.11176160835750373,15.01949338736406,5.472435898160477e-51,9.379876290389452e-50
1,HBP1(+),0.02641882855091123,0.030613557027523348,-0.2126041788476786,-0.2126041788476786,-15.01285443412496,6.048763047701303e-51,1.0329597189916379e-49
1,TFAP2E(+),0.01938523663833285,0.014002785871532485,0.46924443608758193,0.46924443608758193,14.992173801026174,8.260472413122498e-51,1.4054906358591209e-49
1,MTERF2(+),0.018242596791918992,0.0149697945487209,0.2852566697446112,0.2852566697446112,14.794165551875082,1.5975324242938006e-49,2.612865531987572e-48
1,ZBED5(+),0.01869804603380249,0.01576034819791762,0.24658809137906199,0.24658809137906199,14.746033140891615,3.2628800595114704e-49,5.2993279288219515e-48
1,PATZ1(+),0.01631011644681952,0.011997485895243003,0.4430349335165915,0.4430349335165915,14.649033921442477,1.3664476656072134e-48,2.1588943560358863e-47
1,ZNF528(+),0.023240423116605853,0.019621995978417205,0.2441645212384586,0.2441645212384586,14.622228413342134,2.026570117434181e-48,3.1909892188073797e-47
1,CEBPA(+),0.034453086532997314,0.029868024439879487,0.20603141169951866,0.20603141169951866,14.612424206954747,2.340397155544129e-48,3.6603181102701953e-47
1,ZFP37(+),0.015060658372302778,0.011574656784223218,0.37981539471129555,0.37981539471129555,14.606835442115196,2.5404709101129398e-48,3.94665129681425e-47
1,NAIF1(+),0.019492373132668345,0.025910940990399773,-0.41065164683996824,-0.41065164683996824,-14.602186706052862,2.7197973394736504e-48,4.2111528806183687e-47
1,ZNF467(+),0.01848829518863722,0.013596131867649755,0.4434159118172765,0.4434159118172765,14.554039607119751,5.505367649483781e-48,8.357004160736002e-47
1,ZNF202(+),0.02120579185214166,0.013343659532835917,0.6683039323822687,0.6683039323822687,14.51972855675131,9.086935871563839e-48,1.3659811366800657e-46
1,BACH2(+),0.030059597246313064,0.03623342701720187,-0.26949557711381333,-0.26949557711381333,-14.48815680899148,1.4395406093096094e-47,2.1500534180846094e-46
1,NFATC2(+),0.014697651251858743,0.012322228557867231,0.25432240493422886,0.25432240493422886,14.433723267610725,3.174700293209677e-47,4.696332121642978e-46
1,SRCAP(+),0.030471622533745163,0.025489461861442762,0.2575653973127578,0.2575653973127578,14.37811469025845,7.100247777936976e-47,1.0338762046557133e-45
1,THAP2(+),0.019085844907967657,0.02458940195413983,-0.36553357586019125,-0.36553357586019125,-14.378246881805246,7.086700799703987e-47,1.0338762046557133e-45
1,PRR12(+),0.021927573496453762,0.01904710220530967,0.20317463720429102,0.20317463720429102,14.372136694753332,7.740575544825702e-47,1.123592918928606e-45
1,ZNF384(+),0.03501237415790177,0.03956758076748389,-0.1764539613644655,-0.1764539613644655,-14.346344655178425,1.123023092686012e-46,1.6200131259399148e-45
1,ZNF696(+),0.0398173182995176,0.047044040693135135,-0.24061591680447333,-0.24061591680447333,-14.277575674945103,3.019231544083923e-46,4.301941877996878e-45
1,FOSL2(+),0.06757572999783193,0.07567313467917466,-0.1632760143998496,-0.1632760143998496,-14.271715183037138,3.284010555370826e-46,4.664901843944186e-45
1,MTERF4(+),0.015867815097728954,0.018525862189449686,-0.22343718229312695,-0.22343718229312695,-14.261624561631692,3.795155828194601e-46,5.358206328864414e-45
1,NFYA(+),0.021507554330291237,0.026159165502807235,-0.2824730244090439,-0.2824730244090439,-14.241590198317244,5.056323306024713e-46,7.117158108025694e-45
1,ZNF816(+),0.029499987800226425,0.021236040453070443,0.47419954401106024,0.47419954401106024,14.189212969886652,1.068511749311745e-45,1.4904615842501667e-44
1,ZNF790(+),0.014371574830978914,0.011684451544784005,0.29862812007019973,0.29862812007019973,14.187332912332218,1.0975416163244715e-45,1.5218151665155732e-44
1,CARF(+),0.020075392867717298,0.01615672656961483,0.31329327282280656,0.31329327282280656,14.179269227977649,1.2312198972268512e-45,1.7020882210174772e-44
1,ELF2(+),0.023282499438428944,0.020357790535194653,0.193664942997529,0.193664942997529,14.151068364661121,1.839413823702925e-45,2.490984609650171e-44
1,ATMIN(+),0.017329289998360378,0.01374080902490566,0.3347455760558092,0.3347455760558092,14.133295945591852,2.3679679128829878e-45,3.169801428052299e-44
1,ZNF786(+),0.014584891676975478,0.011096805856994438,0.394330174188293,0.394330174188293,14.113790348464589,3.1232929153962276e-45,4.1450558834329937e-44
1,MYB(+),0.013823648715238938,0.02277477474252844,-0.7202982823775481,-0.7202982823775481,-14.06747924323698,6.017639638147015e-45,7.851667449211485e-44
1,ZNF675(+),0.01683447758437368,0.013915746069691103,0.2747006750276862,0.2747006750276862,14.047386128123954,7.993014354409155e-45,1.0399874419112192e-43
1,BCL11A(+),0.02154367811760447,0.028275844002881953,-0.3923054918556334,-0.3923054918556334,-14.023863376769048,1.1138235175891347e-44,1.4451704578775224e-43
1,KMT2A(+),0.03026590380133397,0.02754792414375126,0.13574981926340488,0.13574981926340488,13.889799116393217,7.303987907879314e-44,9.120167696800916e-43
1,SP140L(+),0.025500844024573803,0.02179999975101859,0.22621686993200543,0.22621686993200543,13.868736596603686,9.79875202068242e-44,1.2137387502951957e-42
1,ZNF563(+),0.016760354524211922,0.013115883343541218,0.35373766696481246,0.35373766696481246,13.789641987770615,2.9421639916567828e-43,3.5589457659494155e-42
1,SP100(+),0.0594789514815062,0.06281409613383206,-0.0787091346574636,-0.0787091346574636,-13.742273350168636,5.666805924811137e-43,6.819252207447598e-42
1,ARID2(+),0.02021794705193361,0.02403525112771346,-0.24951535378526793,-0.24951535378526793,-13.70768322875696,9.13276461340761e-43,1.090531918490446e-41
1,ZNF10(+),0.04057025676139659,0.03536572985359355,0.1980703929231675,0.1980703929231675,13.65144306956999,1.9791997961359786e-42,2.333345952551173e-41
1,REPIN1(+),0.034786320188107754,0.03178536844622426,0.13015725825936386,0.13015725825936386,13.643687832157946,2.2014033342990318e-42,2.5887388576756967e-41
1,ZNF419(+),0.01685725381152834,0.012256562736805325,0.45981505363732555,0.45981505363732555,13.589856496712596,4.599813898824163e-42,5.368375768853828e-41
1,MAFG(+),0.030012843052132993,0.03724282659531868,-0.31138257422506205,-0.31138257422506205,-13.587080474229875,4.777607400118795e-42,5.561901346754837e-41
1,ZNF446(+),0.020182336738283898,0.01592743806563454,0.34157897471663384,0.34157897471663384,13.580933567303852,5.195990330961368e-42,6.018796779879191e-41
1,CSRNP2(+),0.022842168667428105,0.027131858496342174,-0.24828823502919475,-0.24828823502919475,-13.561626257496782,6.762007126132667e-42,7.774634430912435e-41
1,NKRF(+),0.01820079669779616,0.021951539122181573,-0.2703204812238072,-0.2703204812238072,-13.503623544352529,1.488701390977081e-41,1.694857343404054e-40
1,KLF4(+),0.019236776935562774,0.024287725193114944,-0.33636025666928626,-0.33636025666928626,-13.502889146870329,1.5036188265202033e-41,1.707655122050451e-40
1,KLF10(+),0.026443593613093775,0.029992723862120926,-0.1816942950214885,-0.1816942950214885,-13.467270868983569,2.4370861144341275e-41,2.7476371362976995e-40
1,ZNF248(+),0.028193457220300765,0.022726830402344893,0.31096389409945163,0.31096389409945163,13.426908383361791,4.20607679393739e-41,4.685186260872704e-40
1,ZFX(+),0.03014092872993553,0.026391273208977127,0.19166291137441466,0.19166291137441466,13.383358612667259,7.565015341001628e-41,8.366546728322038e-40
1,ZNF746(+),0.023453208819234832,0.018546423544164824,0.33864429931107437,0.33864429931107437,13.356619200340312,1.0837563534877626e-40,1.1900823314304154e-39
1,ZNF829(+),0.015414105030488214,0.011847967269395323,0.3796115381165915,0.3796115381165915,13.316844232704295,1.8475324157985125e-40,2.005090670884133e-39
1,DR1(+),0.03601436715411952,0.03362572169583508,0.09900731856622816,0.09900731856622816,13.27139237253086,3.392186282320675e-40,3.655848093127502e-39
1,ZNF74(+),0.016667515380039848,0.01303415627245744,0.3547418369408296,0.3547418369408296,13.253876992580361,4.284829537689447e-40,4.596543464796185e-39
1,EGR4(+),0.015120428067160827,0.019863844928941887,-0.393645897618984,-0.393645897618984,-13.176390714233312,1.1999565877205109e-39,1.2638998525990414e-38
1,ZNF837(+),0.021462245254765217,0.017031151955708368,0.33362497328213586,0.33362497328213586,13.16529396827725,1.389955801778923e-39,1.4574141533325278e-38
1,ZNF564(+),0.020360120769869233,0.014767043548195902,0.4633650735136962,0.4633650735136962,13.160667264139384,1.47775008009128e-39,1.5459795319873862e-38
1,ZNF836(+),0.010912480332546912,0.008566790693283163,0.3491522718838609,0.3491522718838609,13.144282856311474,1.8353734125766354e-39,1.9072280763799712e-38
1,ZBTB1(+),0.043020358982528845,0.048333761989228265,-0.16801172220291147,-0.16801172220291147,-13.123705038860196,2.4086489426592104e-39,2.4807481903884775e-38
1,ZNF526(+),0.02120239178110167,0.017522532593683297,0.2750156981428589,0.2750156981428589,13.106461385978111,3.023810715218148e-39,3.0734356175466737e-38
1,ZNF717(+),0.02486474597480079,0.021009980647498382,0.2430268484636479,0.2430268484636479,13.067156432730703,5.0726511378027664e-39,5.11116367355615e-38
1,ZNF14(+),0.015445954652622872,0.012633051619174097,0.29002584386416613,0.29002584386416613,13.048899311323181,6.44721208775934e-39,6.468099383939985e-38
1,ATF7(+),0.02416160305539843,0.019746063668663463,0.2911510792141233,0.2911510792141233,12.974519534325841,1.7066314683115173e-38,1.6830792293645432e-37
1,ZNF16(+),0.014716749028343306,0.010414456831348791,0.49887137344795374,0.49887137344795374,12.907447012276405,4.0862543771584887e-38,3.946081409958665e-37
1,E2F4(+),0.03087143447035501,0.033698499651733584,-0.12641183553676572,-0.12641183553676572,-12.898024692579762,4.617826729086789e-38,4.4317779249190356e-37
1,ZNF773(+),0.01606468917016693,0.012424673502012162,0.3706850997226301,0.3706850997226301,12.7875713112567,1.9239276839789705e-37,1.7873288184164636e-36
1,ZNF830(+),0.03192741481950966,0.028671579621648544,0.15517434660065282,0.15517434660065282,12.767654451539403,2.4853136905046147e-37,2.2996577873294693e-36
1,RARA(+),0.024181687547187414,0.027300155518926995,-0.17499423460419636,-0.17499423460419636,-12.723473099010178,4.379524361233191e-37,4.020334122120193e-36
1,ZNF707(+),0.012852253635289211,0.009855856798583975,0.3829681236693835,0.3829681236693835,12.718750923199623,4.652376704547475e-37,4.2539940536659494e-36
1,ZNF410(+),0.01801407270832033,0.014157337420966408,0.34757440534605655,0.34757440534605655,12.53281616865592,4.9377644915364e-36,4.295115367637936e-35
1,MXD3(+),0.058119850346889,0.06340550341974391,-0.12557707743824012,-0.12557707743824012,-12.51063002071862,6.530420908558738e-36,5.669870115935578e-35
1,STAT6(+),0.01852341899747239,0.016168921110930046,0.19612698357842667,0.19612698357842667,12.480137837257626,9.582062994332357e-36,8.211934060640922e-35
1,ZNF599(+),0.020739510351669595,0.016796692347231763,0.30420465566150057,0.30420465566150057,12.432717791831895,1.7362914896980742e-35,1.474419372878895e-34
1,ZBTB37(+),0.01563858683162192,0.013229926426063894,0.24130509519803817,0.24130509519803817,12.422854833645932,1.964248854965787e-35,1.661919113172328e-34
1,CREB3L2(+),0.016041531384120667,0.014246678547195328,0.17118625169652824,0.17118625169652824,12.407094663677894,2.3917504621607547e-35,2.016276024816099e-34
1,ZNF780A(+),0.019586652375168222,0.016159263507417466,0.27750938116823065,0.27750938116823065,12.395241488315166,2.77309075898062e-35,2.3335156839610474e-34
1,ZBTB4(+),0.023985737484812003,0.021261513008670588,0.17393252540382745,0.17393252540382745,12.350942632188788,4.8143992328307476e-35,4.036621739440221e-34
1,TIGD7(+),0.018768477442348396,0.015336958396401179,0.29129920378259094,0.29129920378259094,12.298447900161046,9.233127591487466e-35,7.631294957732968e-34
1,EGR2(+),0.02567039282735786,0.029856002271633608,-0.21791561992275357,-0.21791561992275357,-12.278780735587697,1.177595750297141e-34,9.664191272314876e-34
1,PKNOX1(+),0.019796286457564025,0.017608258677053262,0.1689775699469241,0.1689775699469241,12.221997122263899,2.3718533522549554e-34,1.9127185453514352e-33
1,ZNF398(+),0.017190119718250067,0.013939811204929192,0.3023685506652718,0.3023685506652718,12.183551414070665,3.803514720162856e-34,3.0356230026042037e-33
1,ZNF652(+),0.028698801781510894,0.026316492897011875,0.12502325972328088,0.12502325972328088,12.176684797612085,4.137609333103265e-34,3.296602976374729e-33
1,TFDP1(+),0.03199442113940877,0.034298036497119336,-0.10030561934709953,-0.10030561934709953,-12.1668144954513,4.669524918662739e-34,3.695049956931587e-33
1,MGA(+),0.017890264115675562,0.015922089379538804,0.1681450099577507,0.1681450099577507,12.141639349761443,6.354008920956189e-34,4.9687494003100164e-33
1,ZNF84(+),0.01573437492082348,0.012741889801810832,0.30434057885803695,0.30434057885803695,12.127186407311722,7.580956103982206e-34,5.898415595141934e-33
1,SP3(+),0.022576366888021976,0.02028856813652103,0.15414628059410024,0.15414628059410024,12.092625661799334,1.1553437078172446e-33,8.899786936668493e-33
1,TFE3(+),0.015206623031305957,0.018665150947283226,-0.2956473522286895,-0.2956473522286895,-11.987327750801322,4.1404783296269066e-33,3.112058550342553e-32
1,ZNF607(+),0.016444241636637734,0.01397267019137787,0.23497471347423088,0.23497471347423088,11.975114720672316,4.7977350988151924e-33,3.5944321829026724e-32
1,ZNF551(+),0.021978075479474096,0.019002525926253407,0.20987384855099603,0.20987384855099603,11.851317337097658,2.1183425967368918e-32,1.5446940913411089e-31
1,ZNF37A(+),0.023137891932172767,0.020770892008910632,0.15569424671592688,0.15569424671592688,11.802318337085193,3.797040913264363e-32,2.7387041990858644e-31
1,ZNF350(+),0.02380873783162101,0.01955550768742625,0.2839161372495588,0.2839161372495588,11.779933901827699,4.953189902059822e-32,3.5505504776339315e-31
1,ZNF785(+),0.028618591794643555,0.025169272020546207,0.18528918816355028,0.18528918816355028,11.774234977365818,5.29956991442893e-32,3.792989561251522e-31
1,E4F1(+),0.02623673579394963,0.02153525498870086,0.2848878223248547,0.2848878223248547,11.772501799307824,5.409605519321597e-32,3.8598490994237816e-31
1,CENPA(+),0.04044470527090319,0.04405681045601154,-0.12341420252306345,-0.12341420252306345,-11.732800271420025,8.654723476342295e-32,6.118902670869096e-31
1,ZNF513(+),0.016900495400619713,0.0128544282085826,0.3948000721155389,0.3948000721155389,11.723319199924807,9.680338520333781e-32,6.823243160387012e-31
1,ZNF250(+),0.020819477163680822,0.016890847687651825,0.3016920894423906,0.3016920894423906,11.634391008805062,2.7554973853693132e-31,1.9276032161205512e-30
1,ZNF589(+),0.025711149624966113,0.022326760840519405,0.20362014986583096,0.20362014986583096,11.520904565880508,1.0351849742233897e-30,6.968745225025573e-30
1,SNAPC4(+),0.02261492742390183,0.02653165357766303,-0.23043921844139342,-0.23043921844139342,-11.490081903552523,1.479715722928266e-30,9.903860998561665e-30
1,ZNF287(+),0.01096599329296903,0.016737636159720837,-0.6100592501083681,-0.6100592501083681,-11.479249540690056,1.6773001895867213e-30,1.1161976190014786e-29
1,MYSM1(+),0.015108129075899352,0.012660432705588724,0.2549982823738032,0.2549982823738032,11.439100030338114,2.6663699859461025e-30,1.7567785226552688e-29
1,ZNF507(+),0.03596478119039135,0.03244908342678239,0.1484070947271803,0.1484070947271803,11.403305497055628,4.0253922162371614e-30,2.6335136400593824e-29
1,THAP3(+),0.03231927697247311,0.03617923934802033,-0.16276714817084442,-0.16276714817084442,-11.38287455910079,5.089402916760328e-30,3.310963102010045e-29
1,ZNF260(+),0.021154448118963096,0.01658481448351165,0.35109815576958175,0.35109815576958175,11.356436249741545,6.88982486841374e-30,4.438729058776952e-29
1,CXXC5(+),0.04635442475082539,0.05021357898810789,-0.11537049726299405,-0.11537049726299405,-11.329968564483014,9.323819807139635e-30,5.957241128495682e-29
1,IRF7(+),0.06120133870703442,0.07020146438161058,-0.1979379114959107,-0.1979379114959107,-11.264827507811766,1.9573485556173506e-29,1.2336341982147345e-28
1,ZSCAN29(+),0.0292836116035049,0.024788391025206618,0.2404288545465847,0.2404288545465847,11.196220095024529,4.25503824423639e-29,2.6601147569956977e-28
1,ZNF131(+),0.012296192587008167,0.014447074817967127,-0.23256572781189275,-0.23256572781189275,-11.187921403475656,4.6725893390654814e-29,2.9094071688953303e-28
1,ZNF580(+),0.016542756451476442,0.014092166598800002,0.23130619400449343,0.23130619400449343,11.169267707427744,5.765422775232136e-29,3.5754858198869523e-28
1,ZNF649(+),0.02061370983583521,0.024366359885524578,-0.24128656162456882,-0.24128656162456882,-11.159955547353432,6.402357866314207e-29,3.9651936385372657e-28
1,NME2(+),0.045410769739973926,0.03736630515248625,0.2812965701934511,0.2812965701934511,11.144210065335038,7.641938514368514e-29,4.714051049036089e-28
1,ZNF281(+),0.017290503161558935,0.014716673610623319,0.23252822020656227,0.23252822020656227,11.135867309937233,8.392405665685271e-29,5.156445015490487e-28
1,JUND(+),0.07599117337629083,0.08113888395552282,-0.09456160304420198,-0.09456160304420198,-11.132841592310564,8.682279863036768e-29,5.320473610000764e-28
1,TSHZ1(+),0.015780697959120876,0.013815956853517242,0.19182551970145825,0.19182551970145825,11.125424177740332,9.435599135130214e-29,5.751753016099717e-28
1,ZNF561(+),0.023864798072179418,0.01975165304189798,0.27291071734719263,0.27291071734719263,11.053578072056586,2.1064825212776377e-28,1.2560476651263964e-27
1,CEBPZ(+),0.02749580518036358,0.030120641831101788,-0.13154097294856026,-0.13154097294856026,-11.033301357573011,2.639927146818674e-28,1.5620970187226422e-27
1,E2F8(+),0.03130485498132034,0.03507950156083629,-0.16424182594215775,-0.16424182594215775,-11.03249352034259,2.6637533725708595e-28,1.5741901292101325e-27
1,ZNF432(+),0.020296885948472756,0.015340607406983845,0.40390276873823056,0.40390276873823056,10.99993767995661,3.823960952553698e-28,2.242714472804536e-27
1,XPA(+),0.022956237502764258,0.021182046881495,0.1160441925031965,0.1160441925031965,10.94720059675974,6.853297722365989e-28,3.9692728080286805e-27
1,ZGPAT(+),0.04142944996627996,0.028142551943786474,0.5579034932924076,0.5579034932924076,10.93245389531714,8.063781908345494e-28,4.6471795241023344e-27
1,RBAK(+),0.012365783493322265,0.009853967771187364,0.32757696349531557,0.32757696349531557,10.915474625528647,9.722014937914302e-28,5.582046895749311e-27
1,HOXA7(+),0.0194396795512896,0.014288438145377945,0.4441561850992501,0.4441561850992501,10.912617819322886,1.0032499206087092e-27,5.7461108276540744e-27
1,NFXL1(+),0.024335025379197735,0.020880882750068705,0.22085156553608756,0.22085156553608756,10.896732801782873,1.1947044063803311e-27,6.817447134688744e-27
1,ZHX1(+),0.018196247554160893,0.015804914999695295,0.20326767897181358,0.20326767897181358,10.881163575160206,1.4174194900213822e-27,8.03896646049978e-27
1,ZNF684(+),0.02675343014912595,0.023301072118408588,0.19932753122758723,0.19932753122758723,10.733035603000221,7.121747900540745e-27,3.896409775973117e-26
1,CREBL2(+),0.0198702460290474,0.017030020308250543,0.2225295682969245,0.2225295682969245,10.716658539147135,8.501955935378233e-27,4.6243074145002216e-26
1,ZMAT1(+),0.013248359503294522,0.010468337974942057,0.33978128977773725,0.33978128977773725,10.679622874119728,1.2678566285503514e-26,6.816196805111553e-26
1,ZBTB10(+),0.02367426409029518,0.02663947892736023,-0.17024627603955564,-0.17024627603955564,-10.602856305305234,2.890158060953332e-26,1.5169247675851102e-25
1,TIGD6(+),0.016484025246477976,0.013761160923808831,0.2604663766960005,0.2604663766960005,10.54236398469632,5.509624453960076e-26,2.853088694386238e-25
1,ZNF791(+),0.01673714780923594,0.018575120026657652,-0.15031782649608671,-0.15031782649608671,-10.522410405104914,6.810851004319091e-26,3.5151558794513533e-25
1,ZNF69(+),0.01982635076256901,0.015748216499922453,0.3322306894425524,0.3322306894425524,10.522204773809896,6.825734787022972e-26,3.5189276454741072e-25
1,MLX(+),0.038971530490927456,0.036055114421086804,0.11221666678324246,0.11221666678324246,10.503830148805223,8.294480243271264e-26,4.261931496680865e-25
1,ZBTB20(+),0.03356958517427037,0.038284771616225226,-0.18961593630732987,-0.18961593630732987,-10.415614323243211,2.104345595021992e-25,1.060161094238303e-24
1,HMG20B(+),0.0209285795059739,0.022706472532266795,-0.11762919999865187,-0.11762919999865187,-10.388338800754259,2.8019053372272215e-25,1.397943103267502e-24
1,ZNF226(+),0.016977902923312596,0.014765453744645052,0.2014325669587978,0.2014325669587978,10.38089201028474,3.029313708925783e-25,1.5065484130578441e-24
1,ZNF317(+),0.02696800467700512,0.029744387715627218,-0.1413686932709804,-0.1413686932709804,-10.34647814426879,4.341639540946683e-25,2.1499910093493967e-24
1,ZNF12(+),0.023134748472918916,0.02694630621402098,-0.22002610017851246,-0.22002610017851246,-10.313914959907988,6.096603995365619e-25,2.99669053528818e-24
1,ZNF138(+),0.01607303388857624,0.013767682979984883,0.2233564748431108,0.2233564748431108,10.256044438310532,1.1116762129194122e-24,5.412721183449339e-24
1,ZNF174(+),0.01687018312810036,0.014401928046867653,0.22821365543370356,0.22821365543370356,10.253496079047293,1.1413888444791578e-24,5.545764835361599e-24
1,ZNF805(+),0.021474028554369678,0.018450717660964115,0.21891592436818424,0.21891592436818424,10.236458057460226,1.3612899320132848e-24,6.586658056460112e-24
1,ZNF721(+),0.018681581947440396,0.016767606446996073,0.15593985728666065,0.15593985728666065,10.232984357369414,1.4110276858347373e-24,6.813122246052344e-24
1,ZNF606(+),0.015075092514933084,0.01260494952028927,0.2581764965602907,0.2581764965602907,10.145524961214072,3.4690819282929086e-24,1.6459535808907622e-23
1,ZNF75A(+),0.025675570529051252,0.023413758660640025,0.13303977720488597,0.13303977720488597,10.137644876230052,3.7605646541592626e-24,1.7769911310854299e-23
1,ZNF383(+),0.014338995672326101,0.011914718068461047,0.26719914407094253,0.26719914407094253,10.122846766963697,4.3750205454173926e-24,2.063144206443024e-23
1,ZNF584(+),0.02650952112784069,0.023236476359349435,0.19011929046281506,0.19011929046281506,10.09687112801824,5.703286688740866e-24,2.673235789021324e-23
1,KDM2B(+),0.02409129410084101,0.02728851271905658,-0.17978186760877887,-0.17978186760877887,-10.078922453553243,6.847289371277966e-24,3.199764499958366e-23
1,ZNF319(+),0.010051844648602218,0.00778872824448369,0.36800055076252414,0.36800055076252414,10.056530674320928,8.597482452010817e-24,3.993530598959024e-23
1,DPF3(+),0.024278923753714498,0.027851545121217097,-0.19805288798842358,-0.19805288798842358,-10.04508141757341,9.656790126006644e-24,4.4632627000299366e-23
1,HES4(+),0.01783421750610017,0.020640165372319427,-0.21080660139035456,-0.21080660139035456,-9.903739278148965,4.009954433510486e-23,1.8101300625516239e-22
1,E2F5(+),0.016986990789558842,0.013329529611783637,0.34980441160170017,0.34980441160170017,9.857281293424915,6.375220817192644e-23,2.8556316968042266e-22
1,ZNF493(+),0.015449909645950916,0.0136695262499615,0.1766351450611417,0.1766351450611417,9.852595837488472,6.679610847346083e-23,2.9862167840156452e-22
1,E2F1(+),0.0556077840613994,0.059725033885317816,-0.10304891770372514,-0.10304891770372514,-9.832634913922243,8.145906866029243e-23,3.631260786248161e-22
1,RELB(+),0.04108457558926229,0.03795798873516997,0.1141933097841881,0.1141933097841881,9.825379066798096,8.75440506015896e-23,3.8987738738675334e-22
1,ZFP91(+),0.017119591850589557,0.015238129796077018,0.16796244728981707,0.16796244728981707,9.778289500239353,1.3954892109962106e-22,6.161642001024142e-22
1,STAT3(+),0.03178776348920465,0.03379757058808009,-0.08844802931607526,-0.08844802931607526,-9.736942921991425,2.097700592420275e-22,9.183618521953041e-22
1,BNC2(+),0.015310335671342445,0.012572747777993267,0.28420590734928686,0.28420590734928686,9.732382313626955,2.19393527677613e-22,9.59588452036264e-22
1,VEZF1(+),0.0177349307596722,0.01639073088920981,0.11371350309661166,0.11371350309661166,9.689324589245498,3.347349001126117e-22,1.454484201144136e-21
1,ZNF879(+),0.015563333362240403,0.010551224371787751,0.5607406264709822,0.5607406264709822,9.609010880591972,7.324923239828369e-22,3.1329897282691316e-21
1,NFIC(+),0.031425564278125546,0.029450015415584667,0.0936702576293679,0.0936702576293679,9.594484498394033,8.433762983117639e-22,3.594021014365269e-21
1,ZNF740(+),0.017080262646651006,0.014695549783356061,0.21695081257311288,0.21695081257311288,9.576036433641137,1.008407457563615e-21,4.2698747861285246e-21
1,ZFHX3(+),0.01681891968333473,0.019165874378946228,-0.1884547662203079,-0.1884547662203079,-9.494606440814668,2.210447667831886e-21,9.233389763560351e-21
1,MNT(+),0.025119412641335923,0.022509744107346227,0.1582530677115697,0.1582530677115697,9.464305200699044,2.9551912362308255e-21,1.2278053034250612e-20
1,SAFB2(+),0.023981219040932904,0.025695546008671025,-0.09961330715613728,-0.09961330715613728,-9.442728602671973,3.631958571014118e-21,1.502266034048137e-20
1,ATF5(+),0.01651750936473066,0.017995981679933083,-0.12367863351578959,-0.12367863351578959,-9.415717463276613,4.6986237455558274e-21,1.929717709823768e-20
1,PRDM10(+),0.013368666119458769,0.011744410865361538,0.1868811651446191,0.1868811651446191,9.407433459677383,5.083990715077004e-21,2.082463568918226e-20
1,ZBED1(+),0.019787409748898616,0.017115055020981273,0.20931682851903577,0.20931682851903577,9.399369775322814,5.489085883511296e-21,2.244436965573061e-20
1,ZNF664(+),0.020990153504574827,0.017865953007816147,0.23249983293628929,0.23249983293628929,9.388015990247983,6.1141050592070624e-21,2.4890462751986683e-20
1,HOXB2(+),0.020957770381635533,0.01898902348701828,0.1423195183864244,0.1423195183864244,9.367555676393858,7.42316578807985e-21,3.0087788032836737e-20
1,POU3F1(+),0.02851171576789728,0.025925427381938843,0.13718708269693033,0.13718708269693033,9.354872631876242,8.37005015797487e-21,3.380772433373328e-20
1,HOXB7(+),0.021805304458961332,0.01847124844212595,0.23939774334089764,0.23939774334089764,9.331158937175964,1.0471950958870648e-20,4.2114469440652956e-20
1,CREM(+),0.08754852946103643,0.09464139531186788,-0.1123883963232248,-0.1123883963232248,-9.329337631420106,1.0653458039171364e-20,4.2807363833867634e-20
1,PCGF6(+),0.029883500556746545,0.03229145530434415,-0.11180330239429605,-0.11180330239429605,-9.322008344547738,1.1415863027338385e-20,4.5791609466309845e-20
1,DACH1(+),0.01605884532147568,0.0188372301805644,-0.23021867140387006,-0.23021867140387006,-9.314120915588896,1.2296657279849449e-20,4.9239631952500597e-20
1,BACH1(+),0.018581067527325922,0.017225262866350018,0.10930738494995712,0.10930738494995712,9.298199178174775,1.4284444858176338e-20,5.700278897442361e-20
1,ZNF577(+),0.02451491351745637,0.027875336858291095,-0.18532956006731002,-0.18532956006731002,-9.285215030689457,1.6138098101444223e-20,6.423433220326342e-20
1,HSF2(+),0.023137025823717492,0.020650084988027555,0.16405569666812037,0.16405569666812037,9.262404644892287,1.998790867288577e-20,7.921828991941502e-20
1,NR1D1(+),0.015158021753329223,0.01872298155367927,-0.30472869581713224,-0.30472869581713224,-9.227043406124299,2.7820488830459976e-20,1.090516207742503e-19
1,ZNF224(+),0.024748242513822138,0.022967503682390023,0.10773201192816097,0.10773201192816097,9.113072260861491,8.008143789196254e-20,3.066597518616373e-19
1,AHDC1(+),0.012207998800240876,0.014837864667399317,-0.2814567406989391,-0.2814567406989391,-9.093948550424972,9.55060695937094e-20,3.648237609068916e-19
1,ZNF514(+),0.030163470593598786,0.03428831592982205,-0.1849146083968657,-0.1849146083968657,-9.045022990160726,1.4963367994837946e-19,5.6646164903033625e-19
1,THAP6(+),0.018674862827683665,0.01656284943551802,0.17314674397368207,0.17314674397368207,9.017497772527825,1.9243430626875342e-19,7.220172476723422e-19
1,ZNF76(+),0.014401867303491743,0.011946144400238412,0.26971079305104734,0.26971079305104734,9.009977542310084,2.060986922232991e-19,7.72039052723568e-19
1,ZNF428(+),0.040182506766210796,0.03855445577834333,0.0596699636591596,0.0596699636591596,8.968998162803256,2.9922355181616255e-19,1.1101384969537341e-18
1,ZNF701(+),0.021493931041344675,0.019091852293267896,0.17097227410391305,0.17097227410391305,8.954229429436191,3.4211671364625846e-19,1.2652325914704384e-18
1,ZNF691(+),0.029280972449106362,0.026659693857993987,0.13530324927375642,0.13530324927375642,8.946878110639357,3.656776896805145e-19,1.3512910648894113e-18
1,MYBL2(+),0.04589789241444868,0.050153352819060595,-0.12791823945810138,-0.12791823945810138,-8.941605136717152,3.835579484961338e-19,1.4151125264213991e-18
1,HOXA3(+),0.012366479336623739,0.010116824699066614,0.2896782541833458,0.2896782541833458,8.927541424932999,4.355810482442491e-19,1.5956419314625689e-18
1,PHF1(+),0.02677451649376695,0.02929240405324882,-0.12966607431350416,-0.12966607431350416,-8.923685838151442,4.5102199568428e-19,1.6509039952352094e-18
1,ZNF460(+),0.02468941112176305,0.02185646476434821,0.17583235185551482,0.17583235185551482,8.907279398399067,5.230013388258856e-19,1.9098594487784898e-18
1,PURA(+),0.016369154793508617,0.014922032848167028,0.1335357337100132,0.1335357337100132,8.896028428971745,5.788075984772412e-19,2.1086755254327726e-18
1,NR5A2(+),0.03171655844620721,0.024347972670998683,0.38143456778419,0.38143456778419,8.784774554393081,1.5667844871850269e-18,5.572522161542458e-18
1,ZNF445(+),0.017403035003564164,0.015814543322606987,0.13808702291908054,0.13808702291908054,8.768977664550933,1.8029579874258985e-18,6.3978150126763164e-18
1,ZNF420(+),0.016506072107635685,0.014753958527274996,0.16189475218889313,0.16189475218889313,8.765687563830673,1.856401867537411e-18,6.582432576115476e-18
1,ZNF789(+),0.03997880802745197,0.037521524386808544,0.0915170148404015,0.0915170148404015,8.765379116888148,1.8614917147636967e-18,6.595445472980451e-18
1,GTF2IRD2B(+),0.01943064763337699,0.01764920816115832,0.13873052213683376,0.13873052213683376,8.758769539548338,1.9739322705464246e-18,6.972559237025202e-18
1,RFX2(+),0.01751786551528251,0.019612565186145806,-0.16295123468996164,-0.16295123468996164,-8.758842979296556,1.9726468231423293e-18,6.972559237025202e-18
1,SMYD3(+),0.029599731445065627,0.03351634050734972,-0.17928054429985066,-0.17928054429985066,-8.74472785968865,2.2355380342624706e-18,7.8726870122435e-18
1,ZNF799(+),0.018548899809164257,0.01431074203473012,0.3742351157472341,0.3742351157472341,8.735848994128837,2.4183285653854522e-18,8.497077296683377e-18
1,ZNF207(+),0.07425278118046687,0.07263100768265456,0.03185946731209288,0.03185946731209288,8.706421687017034,3.136184732996457e-18,1.0903875811952503e-17
1,ZNF213(+),0.01303962673915082,0.011368086891851266,0.19791306961696184,0.19791306961696184,8.694039745467121,3.497752413536137e-18,1.2106602057284169e-17
1,STAT5B(+),0.0123797116532189,0.010466948616206393,0.2421367695838832,0.2421367695838832,8.69261501435165,3.541909758028856e-18,1.2250313347761753e-17
1,ZNF512B(+),0.013969902003304667,0.02284485303417937,-0.709547220789997,-0.709547220789997,-8.663371306610399,4.5801353771975664e-18,1.5759058390431627e-17
1,PLSCR1(+),0.053415666159951504,0.05947392473930276,-0.1549943521443645,-0.1549943521443645,-8.662725036826062,4.606184954914004e-18,1.5836957154386046e-17
1,TBPL1(+),0.016796300554778758,0.015324651471057897,0.13228923796693007,0.13228923796693007,8.609055268826797,7.366512958879842e-18,2.515987893758956e-17
1,ZNF485(+),0.03853487877918133,0.04173867763925501,-0.11522003840395703,-0.11522003840395703,-8.597613356054103,8.139097248174844e-18,2.7676505649906405e-17
1,ZNF793(+),0.019360127239787195,0.017314782999366903,0.1610841187944008,0.1610841187944008,8.54939281737277,1.237377155052299e-17,4.180085007431221e-17
1,TFDP2(+),0.02020585485446955,0.019022737850345008,0.08704848361590024,0.08704848361590024,8.487115910882107,2.118284602154691e-17,7.063483113430394e-17
1,FOXP4(+),0.023975844909013416,0.021668282208522977,0.1459968645602728,0.1459968645602728,8.404760577228062,4.2873534748708746e-17,1.4083986485696757e-16
1,GLYR1(+),0.014725326913808753,0.013255184425766993,0.15174290925058528,0.15174290925058528,8.40154391625602,4.406463215110972e-17,1.4465032957025063e-16
1,ZNF257(+),0.012520895086570349,0.00989214975679604,0.3399816839946799,0.3399816839946799,8.388941655461448,4.9053805733940066e-17,1.6068753711858364e-16
1,ZNF669(+),0.0161569363477832,0.014017090861443563,0.204966688641365,0.204966688641365,8.374341833515288,5.553335003624823e-17,1.8165662740730497e-16
1,GTF2IRD2(+),0.014182837345766038,0.012271356263416236,0.2088514554207396,0.2088514554207396,8.366190021462854,5.951119674771914e-17,1.945316740979278e-16
1,TFAP4(+),0.03370735396187569,0.036497356757330554,-0.1147286006721561,-0.1147286006721561,-8.327722281345155,8.241256616992216e-17,2.678840936733999e-16
1,SCML4(+),0.01603086376816598,0.018147440565141087,-0.17891391846983837,-0.17891391846983837,-8.306630385656335,9.845803029734716e-17,3.1909166576409937e-16
1,ZEB1(+),0.025543495555448197,0.02886913610227311,-0.1765719623176234,-0.1765719623176234,-8.286581334392244,1.165500024167977e-16,3.764775808247742e-16
1,ZNF417(+),0.012701520356082907,0.011035365022893266,0.2028668277428928,0.2028668277428928,8.28492894005729,1.1817962589008228e-16,3.8147627676124544e-16
1,YBX3(+),0.019414297255516997,0.021747556519355525,-0.16373381926670347,-0.16373381926670347,-8.282512772340848,1.2060301877158528e-16,3.8875851644275757e-16
1,ZNF671(+),0.02200210615168537,0.018427494751145766,0.2557816721416742,0.2557816721416742,8.281961974229198,1.2116228537098959e-16,3.9029044074080907e-16
1,GATAD2A(+),0.016016125231260277,0.014712698389068761,0.12246328289577754,0.12246328289577754,8.26598882899132,1.385415271389799e-16,4.435047509032127e-16
1,ETV7(+),0.031127772144697082,0.028869681764485632,0.10864711672507542,0.10864711672507542,8.263491877551838,1.4147183220918046e-16,4.525734577215174e-16
1,ZNF501(+),0.025952116192411563,0.023080979643913133,0.16914771827194125,0.16914771827194125,8.240857747150395,1.7098041821746864e-16,5.454698094918556e-16
1,ELF4(+),0.027465240797278072,0.02466616165025194,0.15507370205670068,0.15507370205670068,8.218987390130444,2.052286183843245e-16,6.529362550651967e-16
1,ZNF433(+),0.021521259561163165,0.024307743757468914,-0.17565346500922807,-0.17565346500922807,-8.218480655867724,2.0609747491396143e-16,6.552517255135871e-16
1,MXI1(+),0.015243526570659362,0.01300292366951534,0.2293606453104107,0.2293606453104107,8.216226055597366,2.1000742160271907e-16,6.672260419593913e-16
1,ZNF211(+),0.02021284868998684,0.025695138959756433,-0.34622277734281703,-0.34622277734281703,-8.208206435091729,2.245169614304132e-16,7.123506050848834e-16
1,ZNF483(+),0.02222639295612018,0.01784426735149542,0.31681315292363166,0.31681315292363166,8.191667803792559,2.5763090311508327e-16,8.157433844373291e-16
1,ZNF85(+),0.029403300183114003,0.027690665293946072,0.08657837087251306,0.08657837087251306,8.165376373929755,3.204345530376444e-16,1.0111538715080557e-15
1,SMAD4(+),0.0222511926517314,0.02010001101942324,0.14668636654320627,0.14668636654320627,8.13375321834617,4.161993897547364e-16,1.3080149968949597e-15
1,E2F6(+),0.027171552896538182,0.02434221869659991,0.15863634404131907,0.15863634404131907,8.129053074460082,4.3265686078470463e-16,1.3569825242032094e-15
1,ESR1(+),0.03341997808662095,0.029765644514651822,0.16706264878998042,0.16706264878998042,8.09272977499041,5.834220227434696e-16,1.8224581678839386e-15
1,ZNF117(+),0.019128464287876353,0.016630846576770553,0.20185943203316792,0.20185943203316792,8.089028411680117,6.014254258589457e-16,1.8761726683108143e-15
1,ZNF496(+),0.015556271308006533,0.012953452917204625,0.26415956372987687,0.26415956372987687,8.081625685059528,6.390901394618911e-16,1.990995102481881e-15
1,LEF1(+),0.015134131914734625,0.013342011088891874,0.18182976708089627,0.18182976708089627,8.075677065453698,6.710325613300651e-16,2.0863094025288836e-15
1,ZC3H8(+),0.0163376232639228,0.01786934208980005,-0.12928839001156436,-0.12928839001156436,-8.065145805558933,7.314851247638007e-16,2.2712221955400095e-15
1,MAX(+),0.017000591436959898,0.01605203550957781,0.08282867972836366,0.08282867972836366,8.037914346918912,9.138046738070594e-16,2.822222546432042e-15
1,ZNF594(+),0.01840628819846314,0.01637915211786285,0.16833803680925027,0.16833803680925027,8.022132145026408,1.0392525005071502e-15,3.203269983315005e-15
1,ZNF335(+),0.024143339518570197,0.02615610848314869,-0.11552266324547547,-0.11552266324547547,-8.011725732703615,1.1310989263897646e-15,3.481745866852523e-15
1,ZSCAN18(+),0.023895673937280138,0.025941576260551744,-0.11851668149928599,-0.11851668149928599,-8.011461349610023,1.1335336021176082e-15,3.4869295243948945e-15
1,ZNF32(+),0.03559325489565894,0.032741953941353805,0.12046344537188251,0.12046344537188251,7.980146640968964,1.4615954338464753e-15,4.475353190650545e-15
1,KDM5B(+),0.011472392278485479,0.012701810637433374,-0.1468678945771503,-0.1468678945771503,-7.950594486285187,1.8561860579739766e-15,5.661184661384846e-15
1,TTF1(+),0.02137041685320963,0.020027159385537174,0.09365723855766647,0.09365723855766647,7.933101138259154,2.1374022495771536e-15,6.501790078117798e-15
1,ZBTB26(+),0.0314143087515048,0.039174189252250496,-0.3184815729378766,-0.3184815729378766,-7.912038618469623,2.5320781424563956e-15,7.692284481170672e-15
1,SP4(+),0.009752049578286034,0.008624888482880084,0.1771996378355305,0.1771996378355305,7.9066775168495536,2.6434924462108603e-15,8.015027684497029e-15
1,ZNF569(+),0.018577028362350808,0.017169822446619524,0.11364461546198368,0.11364461546198368,7.8796663774541935,3.2825634256563256e-15,9.913853779046576e-15
1,STAT4(+),0.03175836043209143,0.035601314924151646,-0.1647940894524869,-0.1647940894524869,-7.849717648130028,4.169749538891698e-15,1.2544356611497368e-14
1,ZNF624(+),0.018516183734509327,0.016406589195232763,0.17451142880733456,0.17451142880733456,7.771372124728802,7.764043511584412e-15,2.30735650104348e-14
1,ZNF142(+),0.013790115459487587,0.015496951221010311,-0.16834986851048053,-0.16834986851048053,-7.763616887316757,8.254098049742838e-15,2.4514249003232405e-14
1,SP1(+),0.025807330830530818,0.02754506323946783,-0.09401283577252202,-0.09401283577252202,-7.701428108523958,1.3455386952782826e-14,3.947256302990935e-14
1,ZNF197(+),0.02415751743809687,0.02237768163975337,0.1104116193420665,0.1104116193420665,7.697521113918648,1.387311720793259e-14,4.060531155062816e-14
1,ZNF235(+),0.01634129017364952,0.014880291085648895,0.1351191341575722,0.1351191341575722,7.687489244311779,1.500504559181114e-14,4.3807942661195944e-14
1,ZNF333(+),0.014630602341859488,0.012442969976535517,0.23365826983321727,0.23365826983321727,7.66756504061966,1.7529214193169356e-14,5.09531914438496e-14
1,ZNF568(+),0.017765690217207305,0.014981048301753888,0.24595514480789127,0.24595514480789127,7.6591855653477445,1.8711587180777865e-14,5.4322076534195736e-14
1,HES6(+),0.02527348928747385,0.02717615292438234,-0.10471637942519386,-0.10471637942519386,-7.551287887262742,4.30975001479406e-14,1.2266414717351966e-13
1,PREB(+),0.02250929040444185,0.020683072273721893,0.12207007131720217,0.12207007131720217,7.529123771249909,5.108194580789438e-14,1.4512271454291707e-13
1,NR1H3(+),0.02517865152676608,0.027321557858114846,-0.117838723204388,-0.117838723204388,-7.520854455600323,5.441940375543711e-14,1.5432120295726826e-13
1,ADNP2(+),0.01392368144422461,0.01564055334436025,-0.16775083046595726,-0.16775083046595726,-7.520178809916698,5.470137762632663e-14,1.5502617393184087e-13
1,ZNF615(+),0.027579856969920685,0.024912622010779376,0.1467380986542683,0.1467380986542683,7.417899272570534,1.1899253846895473e-13,3.3176491067724774e-13
1,JRKL(+),0.014631862892903535,0.012946323964359133,0.1765709377855211,0.1765709377855211,7.385622503227792,1.5174175134139566e-13,4.205491855493931e-13
1,ZNF566(+),0.017732246842798102,0.019951167176509504,-0.170097789052778,-0.170097789052778,-7.368753393061629,1.7223091704821722e-13,4.764816019588856e-13
1,ARNT(+),0.018253388403101607,0.016778408579813078,0.12155840782577582,0.12155840782577582,7.357979781997737,1.8671431615268227e-13,5.15935751653307e-13
1,RREB1(+),0.027917630326191854,0.026265138378616756,0.0880273008363923,0.0880273008363923,7.35485124872356,1.911398508215679e-13,5.275369025942858e-13
1,THAP9(+),0.010735982148002018,0.009152377540884181,0.23023568399642766,0.23023568399642766,7.311396949701714,2.643792418297873e-13,7.249359966348064e-13
1,FOXO3(+),0.02018071750506203,0.018330931139092208,0.13869739074553186,0.13869739074553186,7.294615967233416,2.9951215247384814e-13,8.193368364199202e-13
1,ANKZF1(+),0.02773772340619792,0.025868308606361103,0.10066365170799024,0.10066365170799024,7.243516590421856,4.371977345910041e-13,1.1862053020883259e-12
1,MBD2(+),0.034067274496030135,0.033013498307630174,0.04533050667748304,0.04533050667748304,7.186262962709449,6.658873841682765e-13,1.792031807335831e-12
1,PBX3(+),0.018220677685937697,0.020644353383094234,-0.18017060358567183,-0.18017060358567183,-7.18217971270841,6.860865245828552e-13,1.8453224705775114e-12
1,ZBTB21(+),0.019107314921494714,0.021436794386582622,-0.16596412002332453,-0.16596412002332453,-7.126101120967525,1.0325187398326091e-12,2.7579353344005e-12
1,ZNF451(+),0.010701397505233235,0.00978067763692268,0.12979287077304283,0.12979287077304283,7.063545143433626,1.6230743807067049e-12,4.3007304611424095e-12
1,PRDM4(+),0.017311433170906245,0.015705270840122635,0.14047633556344455,0.14047633556344455,7.033493598461952,2.014252209008132e-12,5.321137428857904e-12
1,POGK(+),0.021440774894221658,0.019632501357233618,0.12711304435799653,0.12711304435799653,7.013136100255334,2.3303455893826965e-12,6.1432776746212405e-12
1,KIN(+),0.013516833193122288,0.012026170618222172,0.16857984284584668,0.16857984284584668,6.968969435675754,3.192710471339093e-12,8.378610248231688e-12
1,NFE2L1(+),0.019906319014326122,0.017854323760072722,0.15695296852300947,0.15695296852300947,6.964893529649537,3.286522078023338e-12,8.619929448005876e-12
1,TGIF1(+),0.02207088820563855,0.024719016609030003,-0.16347665336289618,-0.16347665336289618,-6.96253611373167,3.3420088567326613e-12,8.750637620926274e-12
1,TET2(+),0.03046719824689795,0.0333528114085951,-0.1305515351515579,-0.1305515351515579,-6.9618751559976895,3.357730079884609e-12,8.786848575247329e-12
1,ZBTB7B(+),0.016174777758081762,0.014031793784049498,0.20504642533939077,0.20504642533939077,6.952636435671598,3.5852181099545416e-12,9.371602769127095e-12
1,ZNF468(+),0.02762552200089706,0.02521559149375884,0.1316856527081705,0.1316856527081705,6.942501750417222,3.8521617688840146e-12,1.0052410908127105e-11
1,RFX7(+),0.017175013301469023,0.018945936915306334,-0.1415772616152533,-0.1415772616152533,-6.898658220729809,5.249600030480178e-12,1.3630180067959994e-11
1,ZSCAN16(+),0.05117254869665904,0.04570606358991459,0.16298451358208957,0.16298451358208957,6.8619677225190365,6.791841229426396e-12,1.7536466098213235e-11
1,FLI1(+),0.013969513660847279,0.013119353385906758,0.09058517293868228,0.09058517293868228,6.859793905971721,6.895996259313601e-12,1.7785620557752183e-11
1,ZNF737(+),0.011600610754993312,0.012862332076757597,-0.14895146693062833,-0.14895146693062833,-6.845105956327696,7.641928823474519e-12,1.9676695889711275e-11
1,ZNF525(+),0.015956249891556723,0.014100294774480373,0.1783962876473506,0.1783962876473506,6.823470606502048,8.88669307406328e-12,2.2818512619692614e-11
1,ZNF83(+),0.015311262715938632,0.016998969109176438,-0.15085398197276279,-0.15085398197276279,-6.748562063317524,1.493175286121858e-11,3.81507106932675e-11
1,ZNF546(+),0.01641002542129387,0.014598991139813533,0.16870878745709314,0.16870878745709314,6.742907202704575,1.5524837223178262e-11,3.964423798881969e-11
1,TRAFD1(+),0.03618481276337764,0.040673675567558645,-0.16871105818227133,-0.16871105818227133,-6.732581574104826,1.666788822407548e-11,4.2516387040543993e-11
1,ZNF71(+),0.020130530885884387,0.017894270621556786,0.16988747075076532,0.16988747075076532,6.728858178870066,1.7099961967623594e-11,4.3594579220423485e-11
1,ZFP82(+),0.022535626077497938,0.020245631052024014,0.15459691164384226,0.15459691164384226,6.728748019247735,1.711291084842455e-11,4.3603659292886466e-11
1,ZNF100(+),0.015145259704491763,0.01699581197559581,-0.16631296089914904,-0.16631296089914904,-6.716160446402807,1.8657535294060933e-11,4.75132957461146e-11
1,ZNF230(+),0.016939119645007,0.014736041138926487,0.20100989040825132,0.20100989040825132,6.706686718882411,1.990930507487627e-11,5.064552139802863e-11
1,REXO4(+),0.016580139804445164,0.015778951774465012,0.07145479975150414,0.07145479975150414,6.675974216176757,2.4559514906694823e-11,6.21683633469196e-11
1,ZNF121(+),0.015454217111337664,0.01707872549517309,-0.14419973739320988,-0.14419973739320988,-6.660963131640563,2.7203888566356176e-11,6.860046818171793e-11
1,RFX5(+),0.01676291766897417,0.015034290567340671,0.1570164770790843,0.1570164770790843,6.651357212573371,2.9040250366819327e-11,7.315182372769835e-11
1,KDM2A(+),0.026609289916693327,0.025614427946350597,0.05497333759932814,0.05497333759932814,6.648096487752398,2.969076567280379e-11,7.466898026538907e-11
1,ZNF611(+),0.01501000056516656,0.013844502681784662,0.11661079262620291,0.11661079262620291,6.645320465269678,3.025580536675821e-11,7.604881814317743e-11
1,ZFP64(+),0.015877776362619563,0.017907407740157196,-0.1735476176414055,-0.1735476176414055,-6.61222851472169,3.7857698869486585e-11,9.47973106462346e-11
1,ZNF711(+),0.023648747523978816,0.019018154902235164,0.31438647724112384,0.31438647724112384,6.586855081711638,4.492403717015136e-11,1.1218932938459842e-10
1,TERF2(+),0.024705229655127253,0.02642397233889354,-0.09703089383132585,-0.09703089383132585,-6.5856727017652945,4.5283038293296487e-11,1.1302510095237087e-10
1,PHF20(+),0.02803962975515896,0.026404884817863628,0.08666244828398724,0.08666244828398724,6.5783434148929265,4.75718491231652e-11,1.1861043434090305e-10
1,RXRB(+),0.021349284641187818,0.019633318230338443,0.12088370026662368,0.12088370026662368,6.56879624762431,5.072363462672005e-11,1.263331275287478e-10
1,POU2F2(+),0.021647289880139503,0.020273027083106184,0.09462489233084156,0.09462489233084156,6.564052039889291,5.236491296793963e-11,1.3035102933337598e-10
1,TCF7L2(+),0.012217664611902504,0.010110861171941378,0.2730626368548854,0.2730626368548854,6.507136235018697,7.659694274767279e-11,1.8935220812290586e-10
1,MAZ(+),0.049162064926233165,0.04815978056034429,0.029716694587041112,0.029716694587041112,6.505403056960701,7.748534029768689e-11,1.9144649238444445e-10
1,FOXO4(+),0.014429060530355491,0.016694026707356924,-0.21035460083587157,-0.21035460083587157,-6.4333513199819405,1.24820688484032e-10,3.049932130501466e-10
1,HDX(+),0.02422588405648574,0.021689183541216777,0.15957356098406839,0.15957356098406839,6.420337796597335,1.3597228257005323e-10,3.3137001707129973e-10
1,DOT1L(+),0.032784079414312786,0.034328556751850696,-0.06641381834312444,-0.06641381834312444,-6.354822197210164,2.086678394149833e-10,5.029901993163453e-10
1,SREBF2(+),0.016942596565040678,0.01593796033414887,0.08818797705231304,0.08818797705231304,6.336359444507626,2.3525759515768943e-10,5.662028650297759e-10
1,ZNF544(+),0.03020536083113091,0.028263513174553823,0.09586381290434079,0.09586381290434079,6.289299253848172,3.189021980705632e-10,7.627707054777374e-10
1,ZNF394(+),0.013855157864667478,0.012812565589895212,0.11286375034295115,0.11286375034295115,6.287566075790177,3.224817705338424e-10,7.709355759802872e-10
1,BCL6(+),0.016883932035976445,0.018399791108864628,-0.12403845350877306,-0.12403845350877306,-6.226155758328511,4.780188532274982e-10,1.1317011076665286e-09
1,ZBTB41(+),0.01977507374374499,0.018146297321932583,0.1240078659492435,0.1240078659492435,6.188209440423175,6.085144515693012e-10,1.43625489204238e-09
1,HIC2(+),0.017747397979720147,0.019732147240654273,-0.15294042908814334,-0.15294042908814334,-6.168094293385683,6.911792542788574e-10,1.6256817471218516e-09
1,ZNF395(+),0.020891673175052722,0.02253281825858647,-0.10909972297516418,-0.10909972297516418,-6.163085702557071,7.134086993718881e-10,1.676167632059899e-09
1,ZNF354C(+),0.011417832593603754,0.010103857283799249,0.17638263218334782,0.17638263218334782,6.162931479085809,7.141041358943982e-10,1.67695334238093e-09
1,ZNF282(+),0.020138569369177635,0.017457296385758544,0.20613104200927,0.20613104200927,6.146936301923466,7.899383286937899e-10,1.8512934090729837e-09
1,ZNF2(+),0.020499211424509386,0.018189080054288157,0.1724958255182437,0.1724958255182437,6.143969336095373,8.048438636619464e-10,1.885274708376067e-09
1,ZNF184(+),0.01198912307521443,0.01090687432782966,0.13648841112683988,0.13648841112683988,6.14315415489013,8.089870087751123e-10,1.894024524072781e-09
1,ZNF320(+),0.01248764827269236,0.012707147583652732,-0.025138410031182414,-0.025138410031182414,-6.1327550865421605,8.637006185045785e-10,2.0200852834611117e-09
1,ZNF107(+),0.018165364533803068,0.016286905623775324,0.15747777832070747,0.15747777832070747,6.125778310461249,9.02413811561205e-10,2.107447036049169e-09
1,ZNF827(+),0.01576525239810032,0.017761841107607285,-0.17203285460388407,-0.17203285460388407,-6.121166294273025,9.289289391889789e-10,2.166101868741369e-09
1,RFX3(+),0.014797504602537707,0.016633379793202303,-0.16872742826866677,-0.16872742826866677,-6.117670562257747,9.495310779193237e-10,2.213031538853617e-09
1,EOMES(+),0.03936845520220141,0.038032822043955826,0.04979511047730089,0.04979511047730089,6.1065517843772215,1.018066151890909e-09,2.3715733578401565e-09
1,NFIX(+),0.024759316392169974,0.023617202394242167,0.06813340071372422,0.06813340071372422,6.064705815841396,1.321953952757505e-09,3.053444112659677e-09
1,NR4A3(+),0.05556093518942292,0.0586679377667589,-0.07850139678778027,-0.07850139678778027,-6.038825648568625,1.5523986998720812e-09,3.5732864028274616e-09
1,RUNX1(+),0.012121286338673246,0.011426287100902616,0.08518611664619155,0.08518611664619155,6.024064259176381,1.7009078383664427e-09,3.9035162594921575e-09
1,ZNF710(+),0.021830407222491844,0.01990773544726281,0.13300991573868662,0.13300991573868662,6.009581940827372,1.8600233566974128e-09,4.2560632964825035e-09
1,E2F7(+),0.026087869769612908,0.028244349060039833,-0.1145831031296451,-0.1145831031296451,-5.989121626973247,2.1097734876757005e-09,4.810946416422989e-09
1,USF2(+),0.024591617283148803,0.023325093828468185,0.07628373008133559,0.07628373008133559,5.952063930021374,2.6478189826646586e-09,5.979153706600554e-09
1,MSANTD3(+),0.014299772719222987,0.011830609356457375,0.27346781176425206,0.27346781176425206,5.939329477680005,2.861901821430008e-09,6.450040737769232e-09
1,TAL1(+),0.01666536622260156,0.018648428929829715,-0.16220106285431307,-0.16220106285431307,-5.927718653486403,3.071721918730184e-09,6.919567561833999e-09
1,FOXN3(+),0.02915680329442924,0.0280519011036994,0.05573400464909014,0.05573400464909014,5.890345165617183,3.8538980932064425e-09,8.656362013028978e-09
1,TET3(+),0.01494278978095147,0.016873304604904417,-0.17529301857733373,-0.17529301857733373,-5.868753879640468,4.390826600736173e-09,9.819638690620859e-09
1,ZFP62(+),0.021053244633178154,0.01890977817155669,0.15491014515715465,0.15491014515715465,5.851877425499484,4.860548009669079e-09,1.0838812052286545e-08
1,MTERF3(+),0.026235991362420264,0.024613950391511392,0.09207108128457422,0.09207108128457422,5.835162538804584,5.373815516533191e-09,1.1971881570406078e-08
1,ZNF79(+),0.016594792792532894,0.014786064923745753,0.1664924518232392,0.1664924518232392,5.817603095005153,5.969744357602373e-09,1.3255001214657277e-08
1,ZHX2(+),0.027875409306521118,0.031663296711349195,-0.1838184783768868,-0.1838184783768868,-5.804259092753557,6.465124039281059e-09,1.434121354463253e-08
1,AEBP1(+),0.027201104977414493,0.023913033293272188,0.1858681082823306,0.1858681082823306,5.76138496774265,8.342651293345397e-09,1.8418068088207872e-08
1,ZBTB6(+),0.02605765179720315,0.024320882441114692,0.0995115009540624,0.0995115009540624,5.748731299124323,8.99155795560078e-09,1.982239520824187e-08
1,ZNF687(+),0.011588375152425714,0.01330990282113956,-0.1998217266288515,-0.1998217266288515,-5.7148682312200245,1.097890638509876e-08,2.4112066268928483e-08
1,NFYC(+),0.01789026450102619,0.01687129001287516,0.08460442317951485,0.08460442317951485,5.711622194348696,1.119043023826528e-08,2.4553400310223064e-08
1,TSHZ3(+),0.023755504322467265,0.02181535042154741,0.12291818165501475,0.12291818165501475,5.70477760981458,1.1649508561564302e-08,2.5536558408903342e-08
1,ZNF595(+),0.018717026211649352,0.01753750460738958,0.0939077475929653,0.0939077475929653,5.697947713230109,1.2125822490775203e-08,2.656813465549567e-08
1,ARHGAP35(+),0.029288304923715938,0.030716254758821906,-0.0686776174117116,-0.0686776174117116,-5.666882699732997,1.4541882006956044e-08,3.167728475128814e-08
1,PRDM15(+),0.01574787038582424,0.013898925803080909,0.18018334459108018,0.18018334459108018,5.636082069329478,1.739624988288321e-08,3.781262550584582e-08
1,ZNF808(+),0.012092706187004624,0.011360111311242614,0.09016015795296012,0.09016015795296012,5.604723296839486,2.0858792110786402e-08,4.5043742145329076e-08
1,ZNF692(+),0.026316847269318367,0.024120102469515278,0.12575062482311228,0.12575062482311228,5.6017710189610375,2.1217272229440193e-08,4.5796575049140196e-08
1,CREB3(+),0.026032759570747476,0.027296321187888755,-0.06837827411068624,-0.06837827411068624,-5.570603189816418,2.5385890865374997e-08,5.461670359873407e-08
1,IKZF3(+),0.04976038963168751,0.05173342437021135,-0.056098907299894925,-0.056098907299894925,-5.548101250961772,2.8878862963725893e-08,6.198813237823788e-08
1,ZBTB5(+),0.01403028697273919,0.01268715647538766,0.14517574737416492,0.14517574737416492,5.545853994666237,2.9252285439787878e-08,6.27606770752031e-08
1,THAP7(+),0.019492398096545006,0.01832746172298065,0.08890459517833327,0.08890459517833327,5.512145150233201,3.54486380928431e-08,7.56704613700626e-08
1,FBXL19(+),0.021501318080343737,0.026897322427762767,-0.3230374461365612,-0.3230374461365612,-5.501217315698047,3.771779684000817e-08,8.036659005588896e-08
1,L3MBTL3(+),0.06608681602385057,0.06967329693812117,-0.07624334178660834,-0.07624334178660834,-5.496399668214807,3.87623464513705e-08,8.25543783890949e-08
1,CHCHD3(+),0.02502488986799058,0.025859766177420182,-0.047345508656634255,-0.047345508656634255,-5.49078887145079,4.001424497059655e-08,8.49479743548542e-08
1,ZNF543(+),0.012718826429178334,0.01118797907101242,0.18501608311069695,0.18501608311069695,5.456294221711799,4.8617410152130826e-08,1.0307068469039146e-07
1,ZBED3(+),0.01043098752907869,0.012144659826034878,-0.2194463128278619,-0.2194463128278619,-5.419904826468728,5.963077228818284e-08,1.2578789158883255e-07
1,ZFP1(+),0.011063618760070747,0.010075727339326006,0.13493934927493478,0.13493934927493478,5.405437196069364,6.4650501588979e-08,1.3631483426273603e-07
1,HOXB3(+),0.011482470462962418,0.010617398712778883,0.11300271638122275,0.11300271638122275,5.385079697862746,7.241255549247525e-08,1.521974299830532e-07
1,ZNF610(+),0.016199053233971986,0.014808100803835454,0.1295228665197248,0.1295228665197248,5.384213108833749,7.276225578694776e-08,1.5286326464512543e-07
1,BAZ2A(+),0.01463272581091936,0.01379056241641743,0.08551724130440959,0.08551724130440959,5.378102921781835,7.527478346246666e-08,1.5792744768886976e-07
1,ZNF431(+),0.019243374673724372,0.017994732536502564,0.09678715973489851,0.09678715973489851,5.362298687964865,8.216952094936278e-08,1.7208179657790357e-07
1,GPBP1L1(+),0.020975384320530997,0.020244777249292762,0.051147472827946766,0.051147472827946766,5.355395351632174,8.536954514930918e-08,1.7862231406240592e-07
1,IKZF4(+),0.017992469643967474,0.01906842180175379,-0.08379221507967793,-0.08379221507967793,-5.343204353427633,9.131771495043615e-08,1.9072427425574457e-07
1,IRF5(+),0.03748316580498708,0.03562683895435244,0.07327832143713628,0.07327832143713628,5.342073381305044,9.188944015656982e-08,1.9183211214708622e-07
1,NR2C2(+),0.023290894384975305,0.024934926729884187,-0.0984019186249606,-0.0984019186249606,-5.2854366474776855,1.2540526790545553e-07,2.5970016469943866e-07
1,ZNF776(+),0.017182744275615086,0.015363531243874925,0.16145060776180536,0.16145060776180536,5.26519665286822,1.4003937339976266e-07,2.893607159439046e-07
1,ZNF557(+),0.026250258006190748,0.024290054856643904,0.11196585008638454,0.11196585008638454,5.257793926247632,1.4579375847141228e-07,3.009831147109822e-07
1,ZBED2(+),0.026346536495583373,0.029812201177285096,-0.17828957571102463,-0.17828957571102463,-5.2535270768760425,1.4921372734304826e-07,3.0790660306906227e-07
1,FOXN2(+),0.015011485909186412,0.014006331317051875,0.09998766236904628,0.09998766236904628,5.239977443329431,1.605962262510058e-07,3.311005197230013e-07
1,CENPBD1(+),0.024381882501513928,0.02154666193714481,0.178345130863091,0.178345130863091,5.236136544497518,1.6397266432705145e-07,3.377618739685827e-07
1,IRF8(+),0.016789780292129398,0.016206858215155967,0.05097890454886273,0.05097890454886273,5.235835441529815,1.6424023853405738e-07,3.3816307978311013e-07
1,CAMTA1(+),0.04843801977991874,0.050870823755698534,-0.07069856798682743,-0.07069856798682743,-5.2357473138319515,1.6431863277076657e-07,3.381745898184363e-07
1,POU2F1(+),0.0157395939686654,0.01745195540649244,-0.14899035904762192,-0.14899035904762192,-5.187776470294568,2.128198352285871e-07,4.3529200116106875e-07
1,ZNF689(+),0.02549467159353456,0.02195043858471971,0.2159459789724764,0.2159459789724764,5.150542517946966,2.597340398293564e-07,5.300811137993676e-07
1,HIVEP1(+),0.015362466809631752,0.016645558295310812,-0.11572735864587644,-0.11572735864587644,-5.1419794433045,2.718588688651806e-07,5.543390894990184e-07
1,TMF1(+),0.017810385935954774,0.017070190099952746,0.06123965040263808,0.06123965040263808,5.125411436106041,2.9688869862174664e-07,6.048456162710584e-07
1,ZNF586(+),0.018745272597072656,0.017232559637880982,0.12138979079262152,0.12138979079262152,5.114402817847845,3.1473507472136793e-07,6.39520744567259e-07
1,LCORL(+),0.021268063774214956,0.020190172011884194,0.07503549208554301,0.07503549208554301,5.107844648331787,3.2585438039328717e-07,6.615356629924908e-07
1,ZNF486(+),0.01685189989572464,0.01521824590055234,0.1471091627157341,0.1471091627157341,5.102549642485116,3.3510780416518933e-07,6.791342715302375e-07
1,CHAMP1(+),0.02873421223452723,0.029826698875449777,-0.05383481437719204,-0.05383481437719204,-5.092760124047374,3.5288805942851654e-07,7.142331311744921e-07
1,ZNF512(+),0.015989352101028295,0.015306867282096057,0.06293242731656712,0.06293242731656712,5.08011379940387,3.772088383802995e-07,7.6212921021161e-07
1,SP110(+),0.022556897809420867,0.024222774475718065,-0.10279544499587188,-0.10279544499587188,-5.071447909113895,3.94800336322564e-07,7.962863926262743e-07
1,ZNF844(+),0.017588941089252946,0.016438224190339478,0.09761417068839622,0.09761417068839622,5.042351080869083,4.598465990621997e-07,9.222743750621407e-07
1,NR2C1(+),0.01568049561152396,0.01665459368402695,-0.0869489929010651,-0.0869489929010651,-5.009185690572877,5.4660815477866e-07,1.089229892298102e-06
1,ZNF548(+),0.016044522475156444,0.017366261293197488,-0.11420633702658235,-0.11420633702658235,-4.99565808895073,5.86354669560011e-07,1.1669312082717442e-06
1,ZNF133(+),0.04564005686218642,0.04353627899773536,0.06808248043832545,0.06808248043832545,4.993851471144515,5.91869226363925e-07,1.1774015231093925e-06
1,ZNF846(+),0.027491383962638213,0.02592931987924722,0.08439516812744512,0.08439516812744512,4.99084044146749,6.011714295575036e-07,1.1938611758420712e-06
1,ZNF480(+),0.020370451265981217,0.021361075017137927,-0.06850630998011031,-0.06850630998011031,-4.982233302976091,6.285458714064311e-07,1.2444993915954274e-06
1,ZNF302(+),0.022516521257694704,0.021241662219691308,0.08408728276841247,0.08408728276841247,4.981748600637839,6.301226473252162e-07,1.2470897728272812e-06
1,ZNF654(+),0.022186687857918354,0.023579479276926933,-0.08783754400233518,-0.08783754400233518,-4.966355629410901,6.822279826963342e-07,1.346197527453047e-06
1,GFI1(+),0.017624211454059287,0.016464642712782005,0.09818749844580514,0.09818749844580514,4.934424026884792,8.038762806792507e-07,1.5801969207596784e-06
1,ZNF567(+),0.012219417366140831,0.011206227021522297,0.12487486216445276,0.12487486216445276,4.923834015191451,8.486482775095567e-07,1.6653870929581287e-06
1,THYN1(+),0.04261636678775911,0.044398914778385146,-0.0591168095781136,-0.0591168095781136,-4.922776482817081,8.532488982884532e-07,1.6737082485430176e-06
1,MYPOP(+),0.016936942011420365,0.018589392789979727,-0.13430622121739683,-0.13430622121739683,-4.913655266088142,8.939387656789653e-07,1.75278411421646e-06
1,NCOA1(+),0.025018018059400616,0.0248464080617059,0.009930199921578772,0.009930199921578772,4.894737186946639,9.84371891702925e-07,1.9252241839831943e-06
1,ZNF781(+),0.02076814601430508,0.03136076317229871,-0.5945882131538701,-0.5945882131538701,-4.88306026697964,1.0445192888972914e-06,2.0402826311723796e-06
1,ATF2(+),0.012130563375382541,0.011581342881198674,0.06684400237284964,0.06684400237284964,4.859618299347777,1.1761228766092825e-06,2.2906040930189173e-06
1,UBP1(+),0.018044286293081004,0.01706712914421017,0.08032167321988973,0.08032167321988973,4.833811571823226,1.3394337512688076e-06,2.5999455807119143e-06
1,ZKSCAN8(+),0.015304165169783512,0.01418262275487702,0.10979999064928758,0.10979999064928758,4.819938803384445,1.436022647001635e-06,2.7804606900052497e-06
1,MEF2A(+),0.015246361778727222,0.01642802829974088,-0.10769431574928297,-0.10769431574928297,-4.791848099690248,1.6525200031834757e-06,3.18504374057562e-06
1,ZNF621(+),0.020042170573136866,0.021639724559980793,-0.11064336940080945,-0.11064336940080945,-4.791715908143452,1.6536094047660091e-06,3.1858215201734183e-06
1,ZNF473(+),0.02141808263804286,0.019403181267267436,0.1425361175299829,0.1425361175299829,4.78714795580416,1.6916812181605128e-06,3.256468818216155e-06
1,ESR2(+),0.013039600500288396,0.011926000756672226,0.12878932605194462,0.12878932605194462,4.786898260660212,1.6937864163478324e-06,3.259170631290672e-06
1,LYL1(+),0.011657081630311096,0.010408870077248776,0.16339317074888002,0.16339317074888002,4.769963054720652,1.8425971076105982e-06,3.5381825402444106e-06
1,ZNF519(+),0.0354759329017059,0.03662985107592674,-0.04617921131324097,-0.04617921131324097,-4.765600733676377,1.8829179536458095e-06,3.614113179621812e-06
1,HIVEP2(+),0.032918351811323625,0.03601207051785447,-0.12958844277169587,-0.12958844277169587,-4.7506630888884045,2.027506958000633e-06,3.886822047013181e-06
1,ZBTB33(+),0.05125073700790599,0.04778895656489582,0.10089548151890518,0.10089548151890518,4.732119552462824,2.221874790807992e-06,4.255920991052834e-06
1,ZNF609(+),0.02170082436593913,0.0230639445612826,-0.08788942174071022,-0.08788942174071022,-4.710153723770185,2.4753002119236702e-06,4.725758111132531e-06
1,KLF16(+),0.010252798717872515,0.008640824291735683,0.24677690130031182,0.24677690130031182,4.6226282318414444,3.789084365874398e-06,7.169163698365204e-06
1,HMGN3(+),0.06564199961312434,0.06558934332728134,0.0011577564273036044,0.0011577564273036044,4.6148876823790435,3.9330795863318226e-06,7.432528347644962e-06
1,ZFP57(+),0.014933521864214424,0.013899657530477196,0.1035051007958106,0.1035051007958106,4.5786525106072355,4.679808901135491e-06,8.782914079100751e-06
1,ZSCAN9(+),0.0173531217142581,0.01535474075191152,0.17651105264495012,0.17651105264495012,4.558390484073303,5.154713188817048e-06,9.654694662119027e-06
1,NR3C2(+),0.006786932101014655,0.007302919388401446,-0.10571371084284138,-0.10571371084284138,-4.5540648829031385,5.261911488527654e-06,9.84753378896493e-06
1,LIN54(+),0.017697789037266733,0.019635712070807644,-0.14991077142773648,-0.14991077142773648,-4.5463243334407375,5.4590892344329885e-06,1.020010840464249e-05
1,DNTTIP1(+),0.04926117227559195,0.048041048387791205,0.036183324574029105,0.036183324574029105,4.5426082821808,5.556243989137458e-06,1.0377464145373339e-05
1,THRA(+),0.01930844795473733,0.017813995288346995,0.1162210788686805,0.1162210788686805,4.522493135143308,6.111546940881064e-06,1.1387138203125769e-05
1,DEAF1(+),0.00915274667556459,0.010150329606246468,-0.14924990432426674,-0.14924990432426674,-4.494145392330341,6.984989414917528e-06,1.2988501133823827e-05
1,ZBTB25(+),0.02162253207421624,0.020508371085800236,0.07632256625735485,0.07632256625735485,4.479200403567547,7.492316750239019e-06,1.3909596844468523e-05
1,ZNF677(+),0.01683131905428236,0.015077707462699893,0.1587311475607126,0.1587311475607126,4.460017941332451,8.195279218703794e-06,1.5166164131824351e-05
1,ZNF124(+),0.013624468485050214,0.013041931782314446,0.06304236549180772,0.06304236549180772,4.432522099598837,9.31371526225919e-06,1.7208515271755743e-05
1,CC2D1A(+),0.012881178960848694,0.01202649162964549,0.09904879479945719,0.09904879479945719,4.356776343284604,1.3199201835166327e-05,2.418551973347045e-05
1,ZNF780B(+),0.012053405450357397,0.013219656061824679,-0.13324382303589083,-0.13324382303589083,-4.356423832493148,1.3220466847152862e-05,2.4214932375798522e-05
1,SMAD3(+),0.016895885911049815,0.01821318055707947,-0.1083108770434531,-0.1083108770434531,-4.330484913421801,1.4878133983247449e-05,2.7208241083537164e-05
1,ZNF22(+),0.04470065663976904,0.04388810636859705,0.026465999877057157,0.026465999877057157,4.300257113054398,1.7060006087932773e-05,3.110036431650225e-05
1,ZBED4(+),0.017192804509557597,0.016497202607569244,0.05958348375359774,0.05958348375359774,4.297246083377374,1.7293317772673872e-05,3.150096511924319e-05
1,ZNF484(+),0.022938899484210903,0.02203247780349792,0.05816442406305929,0.05816442406305929,4.283233779416975,1.841964577342861e-05,3.348698810864027e-05
1,ZNF7(+),0.01521633744248206,0.014570487860377738,0.06257195749521809,0.06257195749521809,4.272467512327904,1.9332172624868834e-05,3.511847549570424e-05
1,CENPT(+),0.029073317175609768,0.02780160479491132,0.06452752345211318,0.06452752345211318,4.26281752941178,2.0186535309804228e-05,3.661322003672028e-05
1,ZFP30(+),0.016550364510198257,0.015916409680767876,0.05634804935712851,0.05634804935712851,4.260922783907701,2.035845675998461e-05,3.691062905937881e-05
1,ZNF23(+),0.01063105333337111,0.00963962763273455,0.14123521032300573,0.14123521032300573,4.254886036604007,2.0915551643605306e-05,3.786155003294881e-05
1,IKZF5(+),0.02326727511048988,0.024210851238840713,-0.05735153912807729,-0.05735153912807729,-4.253240986243877,2.1069861703054754e-05,3.8126025559286845e-05
1,ZNF736(+),0.015478353272839319,0.016661547837935786,-0.1062704322554573,-0.1062704322554573,-4.252609404409183,2.1129393190480707e-05,3.8218859567672464e-05
1,FOSL1(+),0.04272202852468722,0.04531942956519992,-0.08514954955462806,-0.08514954955462806,-4.2431650527880755,2.203892179422505e-05,3.975564727540791e-05
1,ZNF587B(+),0.03384756700492945,0.03249303778755361,0.058921505339552434,0.058921505339552434,4.222366916092137,2.417501435151312e-05,4.347384501075433e-05
1,HINFP(+),0.038430792640002744,0.03765048064584856,0.029594449246414006,0.029594449246414006,4.215434203860158,2.4929806937996882e-05,4.4779177581978154e-05
1,ZNF518B(+),0.02674642877976491,0.029333695865261494,-0.1332125747594115,-0.1332125747594115,-4.1072574547319185,4.003848632405012e-05,7.093011783951671e-05
1,GABPA(+),0.02227706709381788,0.021135836572313278,0.07586808598888968,0.07586808598888968,4.096182740700325,4.200184262333007e-05,7.42666764314306e-05
1,ZSCAN2(+),0.04512945431221883,0.042761749124877554,0.07774846617373088,0.07774846617373088,4.09565397451314,4.209783193591142e-05,7.440807813634266e-05
1,NR1H2(+),0.03752160828923724,0.036428160425896056,0.042667523561354496,0.042667523561354496,4.091673540159609,4.282712749193316e-05,7.561079711137573e-05
1,ZNF540(+),0.015027538919005667,0.016618970614375873,-0.1452222581581941,-0.1452222581581941,-4.088229215968085,4.3467854547926185e-05,7.67128360087831e-05
1,ZNF81(+),0.013924030911625425,0.013249754723566983,0.07161126363471684,0.07161126363471684,4.079893804545102,4.5056279586551275e-05,7.936534648446366e-05
1,STAT1(+),0.035426914149066784,0.03830198095919815,-0.11257320108331315,-0.11257320108331315,-4.078865648070019,4.525597989542714e-05,7.968689409183438e-05
1,HMG20A(+),0.020235804558906983,0.01908643907663958,0.0843622394483961,0.0843622394483961,4.075839930443351,4.584855082415344e-05,8.06997038947301e-05
1,ATF6(+),0.02297234214371893,0.023887573502133636,-0.056362355882188096,-0.056362355882188096,-4.054615843207736,5.021676013518915e-05,8.815451656385245e-05
1,MESP1(+),0.026981055964345,0.026315172823225316,0.036051941485436105,0.036051941485436105,4.047639067126824,5.173684366107206e-05,9.068590143610556e-05
1,FOXP1(+),0.024791736974425358,0.024595784589901724,0.011448276668092883,0.011448276668092883,4.035404005073352,5.45084226008631e-05,9.543596795364082e-05
1,ZSCAN12(+),0.01429710731732463,0.013142526431605354,0.12148063593714578,0.12148063593714578,4.034948678634387,5.461423361458001e-05,9.558519786726606e-05
1,ZNF440(+),0.0211238869015033,0.023070987420437467,-0.1272044235404132,-0.1272044235404132,-4.025731990232762,5.679835158419961e-05,9.910906953741816e-05
1,JAZF1(+),0.019291254114291834,0.021182934574348927,-0.134955524734588,-0.134955524734588,-4.006219049130675,6.16984344575424e-05,0.00010717622589950802
1,TCFL5(+),0.010326746869916003,0.010958221139491783,-0.08562776670605934,-0.08562776670605934,-4.00630717682854,6.167543021308042e-05,0.00010717622589950802
1,ZNF726(+),0.011013752323340183,0.011842337408428036,-0.10464778442145714,-0.10464778442145714,-4.000233709650735,6.327995806639224e-05,0.00010980030079133059
1,PPARA(+),0.01138603296721991,0.010829200512616587,0.07233843849311533,0.07233843849311533,3.9997710392369488,6.340379547863834e-05,0.00010997409633990855
1,ZNF274(+),0.023061393779018627,0.022051267250722734,0.06461813849816449,0.06461813849816449,3.9983609960711224,6.378262119898295e-05,0.00011058987512850907
1,ZNF845(+),0.01835963116821588,0.019864165310962228,-0.11363109059668713,-0.11363109059668713,-3.9905910707094336,6.590883473446548e-05,0.0001141911739431526
1,ELK3(+),0.013417718369950033,0.012777755373762039,0.07050493735941395,0.07050493735941395,3.9773425401305236,6.968974042747541e-05,0.00012065182418398184
1,IRF1(+),0.0604031400471619,0.06167977526884926,-0.030173958527070395,-0.030173958527070395,-3.9766522064972545,6.989226985033785e-05,0.00012091232530905748
1,CENPB(+),0.01955574274136729,0.019062585332348586,0.03684853411021982,0.03684853411021982,3.967134415127927,7.274197144186604e-05,0.00012565506037466261
1,TSHZ2(+),0.017436882115572126,0.019613266703442624,-0.1696877403525816,-0.1696877403525816,-3.9658639074837185,7.313058247881735e-05,0.00012623246213827816
1,CXXC1(+),0.026081696989766475,0.02534274660443481,0.041464849261592905,0.041464849261592905,3.9517561318506336,7.75797780960702e-05,0.00013361441203420322
1,MECP2(+),0.01901001319626519,0.018811326224758545,0.015157968206246807,0.015157968206246807,3.9511098620662963,7.77896022579003e-05,0.00013392613138915748
1,ZNF618(+),0.012237221612458889,0.011963264714461824,0.03266488983190238,0.03266488983190238,3.9499054501954864,7.818207068417344e-05,0.00013455195195553378
1,GMEB2(+),0.013984456729363106,0.012757598400192588,0.1324674295440466,0.1324674295440466,3.9384341615235035,8.201509175796095e-05,0.00014099189534260868
1,MBNL2(+),0.017667858252169065,0.01865228340479089,-0.07822508820143556,-0.07822508820143556,-3.892813389929164,9.908837235002944e-05,0.00016952688381800617
1,ZNF280D(+),0.01657673982184894,0.015684500614921337,0.07982069690326725,0.07982069690326725,3.8678144996350343,0.00010981514999932391,0.00018753359255399248
1,ZNF853(+),0.03290021485692478,0.0340309060047309,-0.0487485536218621,-0.0487485536218621,-3.8498805131196807,0.00011817546101938539,0.00020121884766680542
1,ZNF625(+),0.011080037585233179,0.012196616143864152,-0.13851815163824835,-0.13851815163824835,-3.835067715903682,0.00012552970521117308,0.00021342806760830854
1,TBP(+),0.014532614378662798,0.013841809410346833,0.0702617130257437,0.0702617130257437,3.8095547473720117,0.00013921727801350668,0.0002362675397781288
1,ZNF681(+),0.035865395963673816,0.03375291020830923,0.0875806580073591,0.0875806580073591,3.7960051138253994,0.00014704646599768368,0.0002492813264814747
1,ZNF234(+),0.017286355326665285,0.013280670188028417,0.3803057446837063,0.3803057446837063,3.772893625060527,0.00016136509937755635,0.0002729573512777674
1,ZNF154(+),0.01713853053485221,0.015398721530477655,0.15443283092394205,0.15443283092394205,3.7712412307255745,0.000162437547971027,0.00027447159342503473
1,ZNF341(+),0.023247004214848783,0.02250313779803775,0.046918627197292305,0.046918627197292305,3.764161638997155,0.0001671087698073572,0.0002821593005289619
1,MBD6(+),0.02046008398376732,0.022416356993693994,-0.13173976366470816,-0.13173976366470816,-3.7586756898051115,0.0001708150745745052,0.0002883125077756456
1,ZNF605(+),0.012600467638518882,0.012595779258338043,0.0005368976106285455,0.0005368976106285455,3.749312121907046,0.00017732028224239275,0.0002990750584661998
1,ZNF771(+),0.016256707466081845,0.01388542517725897,0.2274637234988199,0.2274637234988199,3.74421540338057,0.00018095836052618288,0.00030510039370022486
1,ZNF41(+),0.02572268615027439,0.024141756389905122,0.09151066300137016,0.09151066300137016,3.7150891992364694,0.0002031320254513144,0.0003414941216870631
1,ZNF573(+),0.007095421178931774,0.005097413382560002,0.4771228888808376,0.4771228888808376,3.693204154266873,0.00022144610231038706,0.000370539317446595
1,CGGBP1(+),0.03152790529338935,0.03233002218179197,-0.03624517528322039,-0.03624517528322039,-3.653899201019464,0.00025828770143256443,0.0004298625486041783
1,SAFB(+),0.025662596286590733,0.025241220172906396,0.02388548183830217,0.02388548183830217,3.6461145877081313,0.00026623529358751506,0.0004424554342447254
1,ZNF764(+),0.02029161263943943,0.01947934752586364,0.05893816811380542,0.05893816811380542,3.6419578979588723,0.0002705723319960233,0.00044934160962514417
1,KLF12(+),0.029337870122450264,0.032164890162898585,-0.13272262013504027,-0.13272262013504027,-3.6175171497512157,0.00029744262779360305,0.0004925565084140058
1,TET1(+),0.017149155594370278,0.016425513483034535,0.06219906593125479,0.06219906593125479,3.6136248430955495,0.000301945865752421,0.0004994795393233602
1,GLI4(+),0.014754696146630894,0.015412858923711043,-0.06296027661358229,-0.06296027661358229,-3.6117154096418265,0.0003041782710502926,0.0005029932606011425
1,PBX4(+),0.016265377973320314,0.01592271977728758,0.030717560813313102,0.030717560813313102,3.60548771899276,0.0003115672259981636,0.0005146620785069239
1,PLAGL1(+),0.013631462942962028,0.014391372842345365,-0.07826381467195338,-0.07826381467195338,-3.604841449208423,0.0003123435541720754,0.000515761041283075
1,ZNF783(+),0.00729982629933627,0.007546228880986159,-0.047893716821486514,-0.047893716821486514,3.5974607545123005,0.0003213389622061704,0.000530426254245793
1,PRDM2(+),0.01920187283475849,0.020244249368974666,-0.07626511726580144,-0.07626511726580144,-3.595896487875212,0.00032327633670020493,0.0005332452357856719
1,YBX1(+),0.08830229224722104,0.09134719241221623,-0.04890949784347505,-0.04890949784347505,-3.592694514852815,0.0003272761837857146,0.0005393618334757715
1,ZNF337(+),0.015027443365462577,0.015830034437023646,-0.07506480615700893,-0.07506480615700893,-3.5755683655678823,0.00034946783381766564,0.0005750188055554577
1,USF3(+),0.01671785028450941,0.018058692049970557,-0.11130405304458581,-0.11130405304458581,-3.5691791074727317,0.0003581015500765555,0.0005885993277089881
1,ZNF33A(+),0.011722283406185486,0.011307012448641626,0.05203582876712167,0.05203582876712167,3.5659771344503346,0.0003625029792529723,0.000595201957804898
1,FLYWCH1(+),0.02130402693644418,0.01997303902339089,0.09307228866854024,0.09307228866854024,3.5459060512617753,0.000391265673282941,0.0006415210209669118
1,ZNF251(+),0.016656777912053868,0.01582547806555772,0.07386026603084911,0.07386026603084911,3.5202462032336648,0.0004311463890076022,0.0007051672454015185
1,ZFP69B(+),0.029845606500024463,0.03175749239584844,-0.08957842593691122,-0.08957842593691122,-3.5180136348877733,0.0004347900219477169,0.0007106261970257371
1,ZNF280C(+),0.0097650932914633,0.009452098580178302,0.046999146263669904,0.046999146263669904,3.503347717168215,0.00045944927708781137,0.0007485590642135685
1,ZNF253(+),0.01629457568248434,0.017033334592767447,-0.06396910908588527,-0.06396910908588527,-3.4964223489110573,0.00047154171162872184,0.0007671843259248382
1,ZFY(+),0.014117912595513123,0.014505911688040099,-0.03911417354049283,-0.03911417354049283,-3.4811542252560943,0.0004992579319306206,0.0008100080663002909
1,ZNF841(+),0.015215026179996856,0.014240652202426476,0.0954815884845229,0.0954815884845229,3.480037941083148,0.0005013427788302555,0.0008131065669226734
1,ZNF429(+),0.018103029411688752,0.01917556859431216,-0.0830382105814198,-0.0830382105814198,-3.465394055288056,0.0005294550854429905,0.0008566070609135113
1,IRF2(+),0.031487866310922374,0.03206175549003909,-0.026057418785214555,-0.026057418785214555,-3.4643952747122624,0.0005314250128556385,0.0008594948414743875
1,TIGD3(+),0.023347460852879844,0.02192311454310548,0.09081288283402396,0.09081288283402396,3.4642410512410002,0.0005317298008494745,0.0008596884528178938
1,ZSCAN25(+),0.018301939325594468,0.019310379519553007,-0.077379985999427,-0.077379985999427,-3.4534674401771084,0.0005534291078895889,0.000892596599356646
1,ZNF263(+),0.026451799056302697,0.027970707983995816,-0.08055092111277037,-0.08055092111277037,-3.442510229742666,0.0005763420662934797,0.0009289066266249872
1,ZNF490(+),0.012956498736263426,0.012478663390700435,0.05421249077041847,0.05421249077041847,3.3976385435801717,0.0006797016151963912,0.0010903060993599847
1,RARG(+),0.021280074049654162,0.01977332740336899,0.10594750150993855,0.10594750150993855,3.395464727032856,0.0006851220113050481,0.0010985128555443383
1,ZMAT4(+),0.012259309839144097,0.011449913617186037,0.0985410396868531,0.0985410396868531,3.3888478057182234,0.0007018695487565241,0.0011242013979220877
1,PPARD(+),0.01620981098468295,0.01616842481023177,0.0036881353171518126,0.0036881353171518126,3.3739028169554284,0.0007411052692467832,0.0011854111486402576
1,BAZ2B(+),0.014158708696581238,0.014808272595320733,-0.0647136590192225,-0.0647136590192225,-3.3408989941053058,0.0008350759701453393,0.0013306785184648716
1,ZSCAN21(+),0.012176230756235334,0.010691080333902833,0.18765994400891908,0.18765994400891908,3.328774091674164,0.0008722912687150094,0.0013876003230072667
1,ZNF189(+),0.017997751826420078,0.01869955143572401,-0.055186955386224194,-0.055186955386224194,-3.321099637985161,0.0008966352132677088,0.001424861637231785
1,SPEN(+),0.02575915983309421,0.026477417693024297,-0.039676884443533136,-0.039676884443533136,-3.3204680561504683,0.0008986664272918295,0.0014276010789228961
1,FOXJ3(+),0.01693559974740644,0.01650355919730395,0.037281883152155706,0.037281883152155706,3.3122281164001706,0.0009255604196297889,0.0014683156247200717
1,TGIF2(+),0.009034394887145714,0.009648184416100321,-0.09482949876575349,-0.09482949876575349,-3.306984518377254,0.000943061038593241,0.001492510570448247
1,ESRRA(+),0.04069148539402731,0.03985731905790521,0.029882271741148846,0.029882271741148846,3.303297843016604,0.0009555483807013199,0.0015117582521654057
1,ZNF800(+),0.018585839111171044,0.017935780266667454,0.05136331273510225,0.05136331273510225,3.302842516577639,0.0009571012230680926,0.0015136994147603982
1,ZNF346(+),0.028661033552549953,0.027922697026496978,0.037652337779683256,0.037652337779683256,3.2924875120786017,0.0009930530786668292,0.0015678897180174782
1,ZNF75D(+),0.016869856928099378,0.017993708613501923,-0.09304482187826074,-0.09304482187826074,-3.272798315580787,0.0010648843314582641,0.0016778791450555077
1,ZNF275(+),0.026100620268807953,0.026955411613748165,-0.0464908460215684,-0.0464908460215684,-3.2531531829319045,0.0011413195283199492,0.0017916286613876863
1,ZNF160(+),0.00895070744270603,0.00873791066412261,0.034713354325859126,0.034713354325859126,3.251537508471062,0.0011478262928750489,0.0018006258461346174
1,ZNF581(+),0.0249772049838105,0.02596277282930691,-0.05583242495466143,-0.05583242495466143,-3.235975625823218,0.0012122773528303636,0.0018953309673164047
1,RUNX2(+),0.012184763398024698,0.012836464922539424,-0.07516970519427725,-0.07516970519427725,-3.2312975138615965,0.001232296004408564,0.0019227460330795362
1,ZNF326(+),0.015806204345009785,0.01534217404022222,0.042988029714580614,0.042988029714580614,3.2294468322064493,0.001240299409744908,0.001933285489350704
1,ZNF703(+),0.025751754876755698,0.02466081579459126,0.062450221184899,0.062450221184899,3.228712434724248,0.0012434886465129318,0.0019376064283973726
1,ARID3A(+),0.013262670562789852,0.012138172447301546,0.12782007248936855,0.12782007248936855,3.214509187418477,0.001306677332795669,0.002027226523325278
1,IKZF2(+),0.01711150899256356,0.018212375298165346,-0.0899520982676376,-0.0899520982676376,-3.1710181685225205,0.001519056419298489,0.002348873857403955
1,HSF1(+),0.040269830180062985,0.04126446939709142,-0.035200700228859974,-0.035200700228859974,-3.1680512026944276,0.0015346448965958878,0.0023712994521074065
1,NFE2L2(+),0.055235737027542774,0.056499491892131055,-0.03263591277425386,-0.03263591277425386,-3.1650842368663348,0.001550380588460117,0.00239332596656605
1,FOXJ2(+),0.020647390467303163,0.019337108617731025,0.09458736068002647,0.09458736068002647,3.159223744958369,0.0015818999313369742,0.002440360405533127
1,BATF3(+),0.027147480482247053,0.03186088830699719,-0.23096817321471003,-0.23096817321471003,-3.1551111190580423,0.0016043698817416884,0.002473381380912759
1,WIZ(+),0.01989718341566395,0.019139784241567915,0.05598965211941556,0.05598965211941556,3.1254414607771133,0.001775384021322695,0.0027288745132508
1,SP140(+),0.027887930209521083,0.028524270498447954,-0.032549125055047555,-0.032549125055047555,-3.0895147359478297,0.002004837608335709,0.003068359370912477
1,GTF2I(+),0.04225895496449788,0.04308414695461636,-0.027900028004069436,-0.027900028004069436,-3.085519613644655,0.0020319682191685304,0.0031068111843442475
1,MTF2(+),0.03289322805298637,0.032360859427846056,0.023540673770033473,0.023540673770033473,3.080511022816043,0.0020664570557288988,0.003158503791991028
1,ZNF699(+),0.013279495900174246,0.011409442450718874,0.21897207145234904,0.21897207145234904,3.0737545659797916,0.0021138325706894574,0.0032234905748038506
1,SATB1(+),0.018456627261680403,0.019456303389586295,-0.07609868555957053,-0.07609868555957053,-3.073240487742251,0.002117477695780999,0.0032279894640310936
1,ZNF26(+),0.017012289909406106,0.01639307759371239,0.053490614624936726,0.053490614624936726,3.0648096046465807,0.0021780860665970977,0.0033182058968001045
1,TRPS1(+),0.01652383607059057,0.017392725451871347,-0.0739353645767765,-0.0739353645767765,-3.062518284502113,0.0021948306614685974,0.0033415235734256424
1,ZNF25(+),0.01781151246965979,0.01948102399323637,-0.1292594772508398,-0.1292594772508398,-3.030630745824936,0.002440435012163948,0.003702096875082149
1,ZNF443(+),0.015319181554451772,0.013742837433233492,0.1566593079529406,0.1566593079529406,3.0144960331409756,0.0025740657716791767,0.0038971758505377363
1,HIF1A(+),0.015072982720412943,0.015811731721933293,-0.06903044455787238,-0.06903044455787238,-3.0018570524722925,0.002683381489151699,0.004056071271431709
1,ZNF254(+),0.012305485605087112,0.011859932056736189,0.0532058418658892,0.0532058418658892,2.9621555245844946,0.003054934327630179,0.004595262290104333
1,ZNF426(+),0.04344205524078133,0.044883550591721305,-0.0470944477428317,-0.0470944477428317,-2.942238664867198,0.0032584868764268505,0.004888782797481499
1,KCMF1(+),0.022158950132143085,0.021852702560444567,0.020077817433927996,0.020077817433927996,2.929768595619421,0.003392145097507946,0.005086027752719306
1,RBSN(+),0.014483616324098052,0.015518101036141634,-0.0995301528548636,-0.0995301528548636,-2.9064074117106005,0.003656050798583018,0.005464078494021274
1,RORB(+),0.013814153278843225,0.014952002237598487,-0.11419154546877044,-0.11419154546877044,-2.9020964984900792,0.0037067433882585,0.0055362775043282094
1,ZNF141(+),0.01863267885677436,0.018162048336049792,0.0369081857208968,0.0369081857208968,2.890918968810977,0.0038411714707786144,0.00572784638258962
1,AKAP8L(+),0.014914286159880585,0.014866061923112253,0.0046724049821177515,0.0046724049821177515,2.8890682871558298,0.0038638515602572665,0.005759817232796856
1,HOXA9(+),0.032277071285355695,0.033684736514597344,-0.06158533341537137,-0.06158533341537137,-2.8883338896736284,0.0038728852621130426,0.005771431518291653
1,SETDB2(+),0.011631420623760623,0.011997234979488187,-0.04467462666203759,-0.04467462666203759,-2.8586054795941234,0.004255076179791748,0.0063206999856516375
1,ZNF438(+),0.016312874186780763,0.0175394335191772,-0.10459115204342655,-0.10459115204342655,-2.8539640875066117,0.004317741194290665,0.0064076382899297575
1,ZNF865(+),0.013552739126941793,0.012717497441940803,0.09176965131518311,0.09176965131518311,2.8254327453230945,0.004721679904728907,0.006991457812389472
1,SOX4(+),0.016273846135415073,0.01615039455539838,0.010985844424507297,0.010985844424507297,2.8186983204113094,0.0048218813455964595,0.0071307350685436335
1,ZNF850(+),0.012412728920441698,0.01336676514784823,-0.10683003217462306,-0.10683003217462306,-2.8151438365974553,0.00487554066967633,0.007203208145879947
1,ATF1(+),0.010637874621183924,0.010168662525690743,0.0650799968014739,0.0650799968014739,2.8011021567377683,0.005092839422931121,0.0075099171807984305
1,ZNF362(+),0.02050858828782404,0.020924578695650304,-0.028970386759053474,-0.028970386759053474,-2.7863627992699898,0.005330317720062279,0.007855116056373505
1,ZNF397(+),0.029606333952329058,0.028597012308128354,0.050041427675025896,0.050041427675025896,2.766100772736058,0.005673100076351787,0.008349667254326378
1,PRDM8(+),0.02165166088556963,0.02073044754160831,0.0627264319154335,0.0627264319154335,2.73694519269267,0.006201262361130996,0.009103939212216649
1,MBD4(+),0.02789033594014903,0.028264353272269966,-0.01921837402948419,-0.01921837402948419,-2.7144726297373127,0.006638138542462378,0.009723794869043755
1,TCF4(+),0.02059435419187342,0.02212367120294838,-0.10334191531430727,-0.10334191531430727,-2.69606862883335,0.007016320930497206,0.01025190648699576
1,ZBTB34(+),0.014182683832634387,0.01380034251114037,0.03942648744588998,0.03942648744588998,2.647686522705934,0.008104463746701492,0.011767813098914795
1,ARID5A(+),0.03120634598856947,0.03240277855003813,-0.05427808913877379,-0.05427808913877379,-2.640959441768971,0.008267161551022993,0.011989061943334938
1,ZNF227(+),0.020353833302521038,0.019989828505955837,0.026034431000174336,0.026034431000174336,2.623392653994718,0.008705887448236888,0.01258852564585405
1,ZNF28(+),0.013532337304434879,0.012958937725162916,0.06246357637659013,0.06246357637659013,2.5935026764691282,0.00950037997225041,0.013691984167267501
1,SREBF1(+),0.0405741396965478,0.04321533126616055,-0.09098271275478086,-0.09098271275478086,-2.572058269988853,0.010109587472770364,0.014515930080685732
1,ZNF256(+),0.016432946227031484,0.017523634341131238,-0.09271084934625723,-0.09271084934625723,-2.5253652780704994,0.011557808665585648,0.01647821401216861
1,ZBTB45(+),0.027986929858886452,0.02886179523481671,-0.04440780500802276,-0.04440780500802276,-2.522648007386355,0.011647492341209762,0.016600982486934444
1,ELK4(+),0.02799953068621826,0.027450908910460182,0.028548726403149267,0.028548726403149267,2.508062873389839,0.012139506471710816,0.017259873756074913
1,ZFP90(+),0.016473303132871913,0.016776738003553754,-0.026332365011857137,-0.026332365011857137,-2.501431264125562,0.012369245073862003,0.01758113322156946
1,GTF3A(+),0.08603043483656961,0.08640879944321464,-0.006331106880904036,-0.006331106880904036,2.484444650362248,0.012975367748341475,0.01836957732125759
1,THAP11(+),0.03612059317701348,0.03521986516621743,0.03643219806897794,0.03643219806897794,2.4799795136704645,0.01313899314229542,0.018584233601084722
1,ZNF136(+),0.013664442613226458,0.014333139556858693,-0.06892803778923506,-0.06892803778923506,-2.470131243434146,0.013506348959168978,0.019080593344081482
1,ZBTB17(+),0.01414870737257429,0.013365176097754958,0.08219140186472054,0.08219140186472054,2.468207122030779,0.013579172257484349,0.01917763914138486
1,SIX4(+),0.01387643460192377,0.014612364670503742,-0.0745527275300974,-0.0745527275300974,-2.459732175086177,0.013904073179706154,0.01960073442177089
1,RLF(+),0.020668496409515597,0.022134890476983214,-0.09888879090949816,-0.09888879090949816,-2.451484891361057,0.014226815891577468,0.02001319194923602
1,ZNF414(+),0.01908367226204699,0.018366732445947682,0.055243827227788714,0.055243827227788714,2.443494646754708,0.014545785392425386,0.020430956500700308
1,HOXA5(+),0.01913839545523524,0.01969157258254332,-0.04110844761979989,-0.04110844761979989,-2.432038046032369,0.015014130120666954,0.021063314530503776
1,ZSCAN30(+),0.011634374198668576,0.012230465473616519,-0.07208569401889739,-0.07208569401889739,-2.4141701552904133,0.01577109531528032,0.022091899197671017
1,THAP4(+),0.021538397042012894,0.02225008066641554,-0.046899680564212044,-0.046899680564212044,-2.4046303319966196,0.016188832438625393,0.022645466312992257
1,NFAT5(+),0.02505967329182533,0.025882798600102626,-0.04662601052229168,-0.04662601052229168,-2.401252103578494,0.016339075498808572,0.02283627409765666
1,NCOA2(+),0.017436393556639854,0.018258432534057893,-0.06646124093750792,-0.06646124093750792,-2.386167579294081,0.01702499117747533,0.023740943866518434
1,ZNF574(+),0.02120163738532332,0.0222983716782416,-0.0727626716656283,-0.0727626716656283,-2.366867613461833,0.01793934850345487,0.024933654637506842
1,ZNF575(+),0.01885429613535379,0.01825573714014636,0.046543366707086864,0.046543366707086864,2.3653988184974306,0.018010663986284047,0.025025286932781752
1,ZNF597(+),0.014061049460031776,0.013150819138560088,0.09655160332554563,0.09655160332554563,2.359575046463575,0.01829587985142034,0.025383620642128877
1,ZNF146(+),0.014896398111776815,0.015980998939517998,-0.10139404933840748,-0.10139404933840748,-2.3538540900772276,0.018579902604244178,0.025762282864690806
1,ZNF639(+),0.018700601433943753,0.01930597577776835,-0.04596280185245143,-0.04596280185245143,-2.351812465076708,0.018682191237786007,0.025896382661747538
1,TP53(+),0.04424726756932489,0.043563186329309035,0.022478885204085763,0.022478885204085763,2.3473473283849247,0.018907620104900963,0.02618541901826624
1,ZNF880(+),0.03631647789628634,0.0354493504755315,0.03486509687041808,0.03486509687041808,2.335523528921485,0.019516088216781833,0.026963780418486502
1,ZNF549(+),0.019582053009038355,0.019596266153186312,-0.0010467642751895419,-0.0010467642751895419,2.29864208736534,0.02152527156558264,0.029581327343825844
1,ZBTB42(+),0.025864459651399427,0.02364967017740611,0.12915098288207952,0.12915098288207952,2.2795771287273965,0.02263278071477658,0.031020733673690532
1,ZNF570(+),0.02441274985382162,0.025309376997802994,-0.0520371836357203,-0.0520371836357203,-2.2749944884384607,0.02290626046413302,0.031377050974903536
1,GATAD2B(+),0.026038905491241538,0.02623640989091245,-0.010901511000718444,-0.010901511000718444,2.2699271458112724,0.023212003758446183,0.03174904518786293
1,IRF9(+),0.026926471094159826,0.026432374955474493,0.026719108452910426,0.026719108452910426,2.2520519110944948,0.024318991729583076,0.033204502229251434
1,ZNF354A(+),0.01881294937148749,0.018515931707472576,0.022958895036735996,0.022958895036735996,2.2469258166687305,0.02464476848454905,0.03361966214705737
1,ZNF628(+),0.035119446164975913,0.033957822192598124,0.048526154385931046,0.048526154385931046,2.24444355317889,0.0248038769199976,0.03381685010078921
1,ZNF587(+),0.022949160927208015,0.021715968224678292,0.07968512487152653,0.07968512487152653,2.243518212351317,0.024863416769154524,0.03388807831359236
1,ZNF441(+),0.019330724105356314,0.019282532249898652,0.003601156180081536,0.003601156180081536,2.2423431763797947,0.02493920127546733,0.033981399215179155
1,MTF1(+),0.021254463525524545,0.020661565039650276,0.040816305732878345,0.040816305732878345,2.2325756898665188,0.025576938714652275,0.03480951665091117
1,ZNF212(+),0.015580445428086507,0.015088533429732301,0.046283889976555456,0.046283889976555456,2.2229110190007506,0.026221800611502335,0.03564538011133402
1,ZNF680(+),0.0194126389249032,0.019904383210206954,-0.03608991540211072,-0.03608991540211072,-2.212321007307409,0.02694449259546472,0.03659566318886948
1,ZNF408(+),0.008680114555782138,0.007057375352643638,0.2985823015198104,0.2985823015198104,2.2095082649505784,0.027139308177721564,0.036827953983498876
1,HOXA10(+),0.022327317404494895,0.021709296167042154,0.04049696860113618,0.04049696860113618,2.1842817114369666,0.028941553801892627,0.03917060530588323
1,ZNF524(+),0.021451549564747006,0.020948857854192822,0.03421027439710602,0.03421027439710602,2.183400434458325,0.02900633399023144,0.03924684572811682
1,FAM200B(+),0.02096358398726736,0.020529256184163486,0.030204026614637003,0.030204026614637003,2.181579128702466,0.029140608638357882,0.03941704342608397
1,ZNF529(+),0.011937925738502046,0.012616957428064405,-0.07981185624271515,-0.07981185624271515,-2.126903236152586,0.03342812392834328,0.04488974722380877
1,DBP(+),0.01749720662969911,0.017629190838160093,-0.01084163831221879,-0.01084163831221879,2.1189937752692787,0.034090993013055876,0.045727017772348985
1,NRL(+),0.01643340019401564,0.017019396490962724,-0.05054886121601046,-0.05054886121601046,-2.1166730792255226,0.0342876031278887,0.045964189474471284
1,TCF3(+),0.01708308951773447,0.016780621837140946,0.025772733377475685,0.025772733377475685,2.1135592339009897,0.034552930797969436,0.046279804947107275
1,ZNF576(+),0.008864363790516467,0.009716592998419867,-0.1324334349619521,-0.1324334349619521,-2.1122813822819597,0.03466232176223715,0.0463995632811503
1,NR3C1(+),0.023559308925258305,0.024413090872454028,-0.05135773945222952,-0.05135773945222952,-2.1062593229279094,0.03518183262169279,0.04702722662669439
1,ZNF787(+),0.031546507415436166,0.03208933995215185,-0.0246138242110764,-0.0246138242110764,-2.1043498894741863,0.035347937150580384,0.047235664000128276
1,ZNF266(+),0.017888874740623104,0.017707966169409162,0.014664117616460647,0.014664117616460647,2.0905725927080914,0.036566394728667025,0.04868182961153864
1,SNAPC2(+),0.023502277509010336,0.022888719149607325,0.03816383547461123,0.03816383547461123,2.085593377778767,0.03701547172390889,0.049181025788774826
1,HOXA1(+),0.023250565451892354,0.02350054793671068,-0.015428591397847968,-0.015428591397847968,-2.0573704825377748,0.03965060222990338,0.052504965795619134
1,ZNF367(+),0.026922487836804423,0.0277022231422066,-0.041190025919704276,-0.041190025919704276,-2.051590774352851,0.040209449534362694,0.05321165045216943
1,NFX1(+),0.026771718872286205,0.026021387630269403,0.04101187028904362,0.04101187028904362,2.0435124020486377,0.041001740938550524,0.054198374120537046
1,ZNF24(+),0.022286525974615928,0.02304797964829457,-0.048468542841776825,-0.048468542841776825,-2.032261432621315,0.04212719664882618,0.055654388064220024
1,ZNF318(+),0.014231754731061539,0.013453710138890598,0.08110946612402238,0.08110946612402238,1.999588088638183,0.04554476120661592,0.05993071269255835
1,ZNF34(+),0.010596285442831147,0.011105900516503144,-0.06776775892550561,-0.06776775892550561,-1.9985452442134573,0.04565757992825358,0.06002789314264559
1,ZNF700(+),0.018658935973269352,0.018149226044269343,0.039958689374324736,0.039958689374324736,1.998427740616305,0.04567030664501819,0.06002789314264559
1,ZXDB(+),0.014504510341376793,0.016233733034535295,-0.16249319062225262,-0.16249319062225262,-1.9883811830597924,0.04676954828411838,0.061351186608226464
1,AEBP2(+),0.01587004164722958,0.015618149972897028,0.0230823416435499,0.0230823416435499,1.9878964807215396,0.046823140060778534,0.06140414612713616
1,ZNF236(+),0.016721480036238776,0.017381118781726608,-0.055818397187660795,-0.055818397187660795,-1.977871955089493,0.047943153479200806,0.06274892868720422
1,GZF1(+),0.021859929253344644,0.02254952971610979,-0.04480861157740135,-0.04480861157740135,-1.9620970971718108,0.04975118085251708,0.0650420025499414
1,ZNF200(+),0.015432931694257714,0.016086450862026425,-0.05983390957872879,-0.05983390957872879,-1.9593504505883783,0.05007175920149869,0.06540588343390366
1,CAMTA2(+),0.016890080434696524,0.017249963134290544,-0.030417078237969637,-0.030417078237969637,-1.9547457783749767,0.05061308388433492,0.06609439826897265
1,MTERF1(+),0.019283419820977612,0.01846354919066263,0.06268102147942113,0.06268102147942113,1.935644099862923,0.052911305248882726,0.06894445205494479
1,FOXK2(+),0.021121435965905877,0.02224723047108752,-0.07491782319699923,-0.07491782319699923,-1.9352034613736022,0.05296533316355848,0.06899157951338451
1,HMBOX1(+),0.012723338059915903,0.012573989137239991,0.017034798556346518,0.017034798556346518,1.931413970365444,0.05343187886419766,0.06957978057869306
1,ZNF814(+),0.029816774754898044,0.02913044403828671,0.03359651752087498,0.03359651752087498,1.9254359748603262,0.054174838597989786,0.07044852331681482
1,THAP1(+),0.024055302051105183,0.024304986858728412,-0.01489743869476358,-0.01489743869476358,-1.9219402428450483,0.05461327735245522,0.07091939426954277
1,ZNF222(+),0.01601636165976457,0.01715604339764152,-0.09917040788644771,-0.09917040788644771,-1.8791028377082515,0.06023045275552134,0.07768629829175454
1,ZNF706(+),0.04310633893137025,0.04289984697982977,0.006927536125314907,0.006927536125314907,1.8707380503859796,0.06138139799732398,0.07906727501319187
1,ZNF19(+),0.015519081008129676,0.015239158055779401,0.02625992846314002,0.02625992846314002,1.853509085453539,0.06380942513310466,0.08205835541065093
1,ZNF43(+),0.03856238500015072,0.037882716259251666,0.025654502867586082,0.025654502867586082,1.8535678372521152,0.0638010125548218,0.08205835541065093
1,ZNF600(+),0.020404140159044983,0.02006778729705124,0.023980362931525594,0.023980362931525594,1.8400035157558587,0.06576772115913448,0.08441311544188441
1,DMTF1(+),0.019600347708064295,0.020068762778220763,-0.0340724290062205,-0.0340724290062205,-1.8165688920988179,0.06928315028115024,0.08863129525087933
1,NFYB(+),0.025661115333627003,0.025986034467024324,-0.01815261405466245,-0.01815261405466245,-1.7739444622318594,0.07607233725346843,0.0968363953253935
1,MYRF(+),0.01687437867823127,0.01675925005065579,0.009876789700680687,0.009876789700680687,1.739831699183613,0.08188857458571477,0.10372850530423919
1,ZBTB11(+),0.014622491913600833,0.01414583800654961,0.04781154268328169,0.04781154268328169,1.7323335008903384,0.0832142004951549,0.10535022112292029
1,ZNF66(+),0.022317636078305957,0.02330661441949962,-0.06255522467822762,-0.06255522467822762,-1.7189013709408782,0.08563233249660351,0.10826406762295136
1,ZNF264(+),0.016570183399420475,0.016856684875560336,-0.02473126423882498,-0.02473126423882498,-1.7119466267844325,0.08690650487610586,0.1096958465080195
1,FOXK1(+),0.015155455415012982,0.01496180029883033,0.018553424016271677,0.018553424016271677,1.7004459622131616,0.08904707264042912,0.11215391876756867
1,KLF7(+),0.018176922792806454,0.017886322654351996,0.023251175804656726,0.023251175804656726,1.6901937733616326,0.09099088923478559,0.11447797413206368
1,PHF21A(+),0.013953354378570385,0.013984314302365472,-0.0031975283351036044,-0.0031975283351036044,1.682467911848876,0.09247814211934313,0.1161917690409383
1,TCF12(+),0.02189256965018104,0.0237707611786381,-0.11874679483211084,-0.11874679483211084,-1.6793100026754106,0.09309164256841533,0.11689934569621227
1,ZFP69(+),0.014242942277220718,0.014021501519666942,0.022606352999542733,0.022606352999542733,1.6761594374767674,0.09370696699173958,0.11764023288557578
1,ZNF571(+),0.019435494268923235,0.01959619013726517,-0.011879396643679811,-0.011879396643679811,1.6633001375634242,0.09625237120340155,0.1206401144737723
1,ZNF766(+),0.020087764797421317,0.02030959018468336,-0.01584408617762694,-0.01584408617762694,-1.6627126195776631,0.09636997489484261,0.12075493212477582
1,ETV1(+),0.015392374627269003,0.014467922846712732,0.08935800204088386,0.08935800204088386,-1.6623087009624524,0.09645089410259604,0.12082373330813338
1,ZNF155(+),0.013043164650705095,0.012784859523231967,0.028857640837160466,0.028857640837160466,1.6441837711017264,0.10013824816166045,0.12500461239207544
1,ZNF627(+),0.0430970563503894,0.0428134408276936,0.009525545736279886,0.009525545736279886,1.6393440916940205,0.10114161820671978,0.12615194612811853
1,ZNF770(+),0.025306688712292517,0.02663813109010517,-0.07397411635893936,-0.07397411635893936,-1.6349523947504572,0.10205902757271476,0.127163139236926
1,NCOA3(+),0.013401954281611542,0.013689998495851294,-0.03067889507516212,-0.03067889507516212,-1.616739337191867,0.1059345588444654,0.13181516898809048
1,MYNN(+),0.0186300649038966,0.018556405997910662,0.005715383529184123,0.005715383529184123,1.6044308353901746,0.10861911866984227,0.1350470573397798
1,STAT5A(+),0.01839116553373462,0.01878635629444106,-0.030672361545950714,-0.030672361545950714,-1.604034260749786,0.10870650089557037,0.13511953349208572
1,ZBTB2(+),0.016210798632923497,0.015803224659066247,0.03673619401276626,0.03673619401276626,1.5819288965355294,0.1136658033699963,0.14083159686679989
1,BHLHE40(+),0.028482654514433492,0.02819631522092829,0.014576968514618056,0.014576968514618056,1.5706338632592747,0.11626771948542772,0.14382518162711364
1,ZNF134(+),0.014677423477667149,0.014909063296410195,-0.022590882532470265,-0.022590882532470265,-1.5591625745872917,0.118957906329847,0.14676214472832386
1,PURB(+),0.015886989835761988,0.015551229641847571,0.030817136748754616,0.030817136748754616,1.5561221690109786,0.11967904432728747,0.1475734432971198
1,TIGD1(+),0.009680928897483662,0.010548894452993432,-0.12387440934066203,-0.12387440934066203,-1.5542200795320775,0.12013192946534147,0.14809257228410594
1,TRERF1(+),0.011371241576700705,0.011519986955170687,-0.018749297021783486,-0.018749297021783486,1.5439605467057265,0.12259789071818954,0.15093220312377165
1,ZNF219(+),0.021499961158213645,0.021316718389807275,0.01234869390780648,0.01234869390780648,1.5348980817753635,0.12480886479815802,0.15336962354165184
1,ZNF660(+),0.019131752060373864,0.018804048615008517,0.024925682992600125,0.024925682992600125,1.5017620673784446,0.13315856798700726,0.16285454141644254
1,CREB1(+),0.018985699945657897,0.018681939136732686,0.02326897571332531,0.02326897571332531,1.4544668695246863,0.1458169123189682,0.17730878474387626
1,ZNF774(+),0.025378260859832014,0.02580381882452532,-0.02399138501628612,-0.02399138501628612,-1.4539087274382134,0.1459716128438417,0.17745044272694183
1,PRMT3(+),0.014930718908059934,0.014967749889373383,-0.0035737239392798297,-0.0035737239392798297,1.4480776114295357,0.14759534618867404,0.17928357297238257
1,ZNF658(+),0.008470736905600646,0.00849748965912022,-0.004549219344398146,-0.004549219344398146,1.445117989576265,0.14842474675847445,0.18024390815506242
1,PIN1(+),0.0725577895955138,0.0735664962124297,-0.019918374582584535,-0.019918374582584535,1.438045741822667,0.15042107599861168,0.18262046471864907
1,ZNF562(+),0.029407833107864895,0.030566082159087255,-0.055731158869006966,-0.055731158869006966,-1.3852572508020438,0.1659738203647062,0.20019433798859007
1,ZFP14(+),0.01500577391345803,0.014730215425956412,0.026739195550328613,0.026739195550328613,1.3844200376723343,0.16622987691308821,0.2004511366202738
1,NFIA(+),0.020634797540931022,0.020885257089374498,-0.017405618425860764,-0.017405618425860764,1.3708704041257218,0.17041535878962755,0.205125509608142
1,ZNF583(+),0.017014543461264877,0.01745535856428332,-0.03690154954315203,-0.03690154954315203,-1.3602216406338044,0.17375979637894534,0.20871845207659712
1,RELA(+),0.025172472996759204,0.02490242611153149,0.015560652958911262,0.015560652958911262,1.3541628614056442,0.17568442469080747,0.21075778736797537
1,TFCP2(+),0.012509446903589102,0.012427162118871739,0.00952112390966794,0.00952112390966794,1.3490220790302356,0.17732987441597214,0.21262190672746273
1,ZNF3(+),0.026653104417997342,0.027223007420950827,-0.030522873536207053,-0.030522873536207053,-1.3458127620330165,0.17836290860437753,0.21380534463673126
1,ZNF777(+),0.016972693179863753,0.01750952212175595,-0.0449242010890053,-0.0449242010890053,-1.3092617993438618,0.19044568485555702,0.22723354897355827
1,CTCF(+),0.026796504030036306,0.027235092582539266,-0.023421976908151464,-0.023421976908151464,-1.3006987247013957,0.1933615989855566,0.23041678483527717
1,ZNF630(+),0.02267727269669884,0.024005731287338794,-0.08213173835788991,-0.08213173835788991,-1.2892421239790568,0.19731392470634324,0.23500594365665753
1,E2F3(+),0.01652470578549013,0.01640378805068521,0.010595576630488995,0.010595576630488995,1.28640734969776,0.1983009347208916,0.23599995946157865
1,ZNF813(+),0.022318386722508347,0.021856381158429854,0.03017819636824484,0.03017819636824484,1.2636850915984543,0.20634307822548592,0.24506222826105217
1,ASH1L(+),0.025734672101041717,0.02618277787812515,-0.024904767545655026,-0.024904767545655026,1.2457364171334566,0.21286117927656756,0.2524872772573178
1,ZNF559(+),0.035844578568278294,0.03663423539646777,-0.03143757397729163,-0.03143757397729163,-1.2340154333175253,0.21719715338095358,0.25723630225765665
1,HIVEP3(+),0.030804112606049126,0.030998129562007197,-0.009058189504544116,-0.009058189504544116,1.2107790969806789,0.22598007845310253,0.26661860919854236
1,GMEB1(+),0.017028598290041174,0.016851521390508023,0.015080836690629576,0.015080836690629576,1.20662240723142,0.22757759337705663,0.2682308858757747
1,ZNF143(+),0.020874397134430223,0.020439870790080777,0.030348454430422347,0.030348454430422347,1.2035673137054628,0.22875685938537427,0.26948405068350584
1,CEBPB(+),0.08831530088305668,0.08718281308704623,0.018619655224518215,0.018619655224518215,1.1792000052460265,0.23831854400770125,0.28017960944463993
1,CUX1(+),0.019516071494682655,0.020906412030399463,-0.09928280864285258,-0.09928280864285258,-1.148634382036812,0.25070677352730897,0.293629088006644
1,ZNF516(+),0.012667496833623398,0.013502010837071506,-0.09204280670745052,-0.09204280670745052,-1.1466368208852247,0.25153175196877253,0.29429848561585603
1,ZKSCAN5(+),0.018427788080551236,0.018829771308831487,-0.031132564414292515,-0.031132564414292515,-1.1374201324835993,0.2553626950220572,0.29840496059810206
1,SOX13(+),0.010487027906165979,0.010673174894019042,-0.025383522200315242,-0.025383522200315242,1.1168790349064313,0.2640460498003179,0.3074690151222052
1,CLOCK(+),0.019359243478643613,0.020013320818674876,-0.047937995646603275,-0.047937995646603275,-1.1092559890411826,0.2673197653461685,0.3108914146301835
1,ETV3(+),0.014189515354237426,0.01425266348360076,-0.006406234689902297,-0.006406234689902297,1.0942889683539219,0.2738282620347354,0.3178241572092319
1,ZNF322(+),0.031135294941760715,0.030919872330974648,0.010016583126851763,0.010016583126851763,1.0916010735690655,0.27500848405771816,0.31903456754448073
1,ADNP(+),0.023762690170803735,0.024575866430951176,-0.048544105496011174,-0.048544105496011174,-1.0884431643956003,0.2763995144615542,0.3204882038626858
1,SETDB1(+),0.024954416934632923,0.024431231767421232,0.030568591254245474,0.030568591254245474,1.0815104521636207,0.27947011383136944,0.3239677261658875
1,ZNF439(+),0.013819357044953205,0.013972905335230655,-0.01594153019422401,-0.01594153019422401,-1.0809523100771479,0.27971832790278306,0.32417455915878923
1,HIC1(+),0.018789877571037453,0.01897943850876051,-0.014481644625871386,-0.014481644625871386,1.074313356838049,0.28268226056325996,0.32736452264182064
1,ZNF324(+),0.025596667628466768,0.02598495280066123,-0.021720436352575038,-0.021720436352575038,1.070105259265036,0.28457193209321474,0.3292245640281401
1,NKX3-1(+),0.03405373257692097,0.03485238284033657,-0.03344435637315074,-0.03344435637315074,-1.0658237219438027,0.28650333534157435,0.33129399867105125
1,MSANTD4(+),0.013381167924650687,0.013064968110104555,0.034500435817217394,0.034500435817217394,1.0652141720335757,0.2867790217915164,0.3315302529172707
1,FOXO1(+),0.01464910854243293,0.015314838866941476,-0.06411731012576459,-0.06411731012576459,-1.0629301958639301,0.28781360818591295,0.33256074876208097
1,ZNF462(+),0.02213938810205792,0.02209771103699837,0.0027184110767582443,0.0027184110767582443,1.058090516456224,0.29001417757859427,0.3347703416631636
1,FOXM1(+),0.056186673080062206,0.05848572360077521,-0.05785652585110426,-0.05785652585110426,-1.0533389647463822,0.29218566675543123,0.3368583822484433
1,ZNF598(+),0.013939897370987438,0.014549435438332167,-0.06174322923210833,-0.06174322923210833,-1.0402226257142684,0.29823648206236486,0.3431529500073532
1,ZNF678(+),0.020750598035000928,0.021464267660436683,-0.048784032265145466,-0.048784032265145466,-1.0363156311089579,0.3000549161525945,0.34481818048708596
1,ZNF626(+),0.023466168177551535,0.023150941694514645,0.019511402457836436,0.019511402457836436,1.0177206868596231,0.3088107133341177,0.35400438386894784
1,ZNF461(+),0.02583744091189337,0.02582307657399842,0.0008022900190316228,0.0008022900190316228,1.010905478224796,0.3120616718056557,0.35755462889424533
1,ZNF821(+),0.013017092666498316,0.012898295646274304,0.01322681776155377,0.01322681776155377,1.0077769449506186,0.31356155630773475,0.35900750038191465
1,FOXD1(+),0.02255866030515482,0.022020423097984743,0.03483920219914885,0.03483920219914885,1.0049201387448559,0.3149353063361504,0.3604914977652584
1,SCMH1(+),0.01592633803780343,0.01614246792035123,-0.019446574456683102,-0.019446574456683102,1.0043105888346289,0.3152289313428075,0.36073870068670627
1,RBCK1(+),0.0686022134649058,0.07019827210250218,-0.03318039321864882,-0.03318039321864882,-0.9895345114927405,0.3224016932456085,0.36813074363958986
1,ZNF891(+),0.02012860494496699,0.020353303416271944,-0.016015780705631352,-0.016015780705631352,-0.9791648190440593,0.327498548539214,0.37312503261335517
1,ZNF511(+),0.026585292104398275,0.02683095540990657,-0.013270109175234517,-0.013270109175234517,-0.9722908586106559,0.33090587027387475,0.3765452639446713
1,ZNF45(+),0.018254401741259977,0.017891165709545007,0.028996995821007777,0.028996995821007777,-0.966312863105538,0.3338876514156923,0.3793806606716954
1,USF1(+),0.01855490144944083,0.018817124752656633,-0.0202458622587105,-0.0202458622587105,-0.9278598109374824,0.3534802937788817,0.39997952852689533
1,CREB3L4(+),0.033185704021450296,0.03286091639991634,0.014189166707869245,0.014189166707869245,0.9090886112924192,0.3633033536945405,0.41009576619954813
1,RFX8(+),0.009842527987077366,0.010652374874936709,-0.11407427948496582,-0.11407427948496582,-0.8984545357501457,0.368943273093846,0.4160556595204349
1,NFE2L3(+),0.028452531064145754,0.029314539759343245,-0.0430594083028033,-0.0430594083028033,-0.8938057996878119,0.37142580557117855,0.41855236945126745
1,ZNF641(+),0.020148969959499143,0.019750442299502565,0.028821124866054898,0.028821124866054898,-0.8894948864672908,0.37373717017401564,0.42074870466754793
1,ZNF444(+),0.027502878412087792,0.027184767634771054,0.016784119762723548,0.016784119762723548,0.8729562551681195,0.3826869218181834,0.4300945443613506
1,SRF(+),0.01856476799404205,0.018318195009927336,0.01928993078742303,0.01928993078742303,0.8356929269212298,0.40332767539233816,0.45154424010542554
1,DNMT1(+),0.057252520731146984,0.05918111710612104,-0.04779771434331897,-0.04779771434331897,-0.8197565015574634,0.41235493284808267,0.46020871289748777
1,MBD1(+),0.018778685359695655,0.01827263760526121,0.039411167499772574,0.039411167499772574,0.8102387101881356,0.41780299324048065,0.4656177791751518
1,NRF1(+),0.01446642548036803,0.014632089398345921,-0.016427304264335422,-0.016427304264335422,0.8042019628844416,0.421280345375726,0.4688182089770598
1,ZNF708(+),0.024044377057725226,0.024415585681811416,-0.022102835569270944,-0.022102835569270944,-0.7907478010105153,0.4290911758991386,0.476596966057269
1,KLF11(+),0.016835661186203468,0.016389974631166412,0.03870675745095375,0.03870675745095375,0.7493277830143668,0.4536596661917066,0.5005342397768354
1,MBD3(+),0.020059689314482806,0.019893401245255495,0.01200930104537774,0.01200930104537774,0.7386937074720932,0.46009300763690997,0.5070301353436409
1,LCOR(+),0.01891354540555366,0.019425720594928277,-0.03854828771319022,-0.03854828771319022,-0.7348307767157147,0.46244256092779845,0.5092569216476112
1,ZXDC(+),0.017095636901590862,0.017089148578289432,0.0005476513182111183,0.0005476513182111183,-0.7311441013550646,0.4646911392462849,0.511369424733237
1,ZNF592(+),0.010406965882966888,0.010454723965718732,-0.00660545367193595,-0.00660545367193595,-0.7153765874122046,0.47437637547913136,0.5209168473050981
1,ZNF415(+),0.018720420951141303,0.01878621606645303,-0.005061631030121215,-0.005061631030121215,-0.6890337497256469,0.4908020292092119,0.5365439928634477
1,ZNF782(+),0.014572522564830404,0.01470293517310078,-0.012853555124180922,-0.012853555124180922,0.6838415595264843,0.4940752201709194,0.5396142482233531
1,MEF2D(+),0.02738331967768681,0.027308943948839117,0.003923829451446749,0.003923829451446749,0.6778855959458324,0.49784423349257645,0.5433473835932842
1,FOXC1(+),0.016276971950626357,0.016415981975089842,-0.012268715132274814,-0.012268715132274814,-0.6591951800238115,0.5097704416799597,0.5551896135060757
1,AHCTF1(+),0.016036360677186137,0.016506263303323766,-0.04166678565451361,-0.04166678565451361,0.6441033117645765,0.5195084429696113,0.565000402152621
1,ZNF283(+),0.012862291589962138,0.012557898756160982,0.03455261211075958,0.03455261211075958,0.6037848899917297,0.5459866665604252,0.5908919073096865
1,CEBPD(+),0.04078562910495496,0.04081477319737419,-0.0010305350752053018,-0.0010305350752053018,-0.5829133135475711,0.5599516576737844,0.6045968037877101
1,NFATC1(+),0.01575611907050296,0.015842498456438796,-0.007887649777748282,-0.007887649777748282,0.5801299470900286,0.5618269899946089,0.6061989241637533
1,ZNF500(+),0.02049354671931464,0.02031729859786474,0.012461092494269736,0.012461092494269736,0.5786684961004481,0.5628128771576093,0.6071216475608675
1,L3MBTL4(+),0.013290333912557142,0.01375136193025415,-0.04919715409146281,-0.04919715409146281,0.5742033594086647,0.5658301962855996,0.6099515576111882
1,ZNF48(+),0.017659511299292777,0.017369832608529052,0.0238615667404939,0.0238615667404939,0.5687320981662657,0.5695379613597799,0.6133790471866862
1,ZNF555(+),0.015139514293282237,0.01695168427183297,-0.1631096909857811,-0.1631096909857811,-0.5519437717231459,0.5809868776755449,0.6245121452325115
1,ZNF44(+),0.0139590360390583,0.014334409753607332,-0.03828317975766584,-0.03828317975766584,-0.5172141147898504,0.6050066999797723,0.646928204743564
1,ZNF195(+),0.012304509070335857,0.012210132213161976,0.011108274749550617,0.011108274749550617,-0.5105531296262854,0.6096640028359092,0.6516082128791528
1,HHEX(+),0.011347046846613147,0.011128167676205699,0.028100808452405427,0.028100808452405427,0.48877824427901934,0.624998702031129,0.6667705491351846
1,GLI1(+),0.01918309482336268,0.0191063815408202,0.005780910323476114,0.005780910323476114,0.47508173123596664,0.6347287192691493,0.675444421765223
1,MLXIP(+),0.02077038507249417,0.021857472230678132,-0.07359859937434318,-0.07359859937434318,-0.47256274787201646,0.6365251649267929,0.6768908862373977
1,ZNF718(+),0.022654444685199563,0.022421784891476264,0.014892997912739068,0.014892997912739068,0.45913796189737827,0.6461350973309525,0.685540778232589
1,ZNF502(+),0.021248439837796042,0.020851584343007382,0.027199907722642767,0.027199907722642767,0.4560902123462432,0.6483251081438035,0.6875502573808144
1,HOXA4(+),0.013170567424109172,0.013210916578790234,-0.0044130623078530535,-0.0044130623078530535,-0.4542835945400282,0.6496247223590095,0.6886997734518409
1,ARID3B(+),0.02007853435619981,0.020858476517105772,-0.05497982316850396,-0.05497982316850396,-0.4358575617115997,0.6629400774263332,0.7012882395001863
1,STAT2(+),0.01908801618123645,0.01960816909131944,-0.03878765732339933,-0.03878765732339933,0.4317743117105609,0.6659054515074341,0.7041044439453747
1,ZNF268(+),0.012028379080882978,0.012117808116669935,-0.010686524097754382,-0.010686524097754382,0.41100555091391056,0.6810684644308951,0.7189915948367063
1,BBX(+),0.019771757191133468,0.020232466221547073,-0.03323109065023637,-0.03323109065023637,-0.4086554789708667,0.6827925104621477,0.720647855282135
1,ZNF148(+),0.022719006476074683,0.023649946061072676,-0.057937144898638146,-0.057937144898638146,-0.4060263359845863,0.684723249849934,0.7221933459475349
1,ZBTB40(+),0.014810536405214202,0.014761790135437781,0.004756207497618088,0.004756207497618088,0.40430784587623547,0.6859863566747766,0.7231971463355282
1,ZHX3(+),0.017312297991463783,0.01764749748152537,-0.027666376639469876,-0.027666376639469876,-0.3827826556729178,0.7018809226198299,0.7376101551061335
1,PA2G4(+),0.0762644153933516,0.07794598094565307,-0.031464576581482336,-0.031464576581482336,0.3706430652921317,0.7109034016423491,0.7455737865497204
1,ZBTB24(+),0.020338044010716025,0.02024981287686263,0.006272359432463843,0.006272359432463843,0.3675585958668866,0.7132023924574726,0.7474785904704333
1,ZNF552(+),0.011223387064592366,0.010988009572581793,0.030578052138779337,0.030578052138779337,0.34566620692246836,0.7295935834258256,0.7622497064806477
1,ZNF140(+),0.017921434960672042,0.018153620666696506,-0.018571157700320435,-0.018571157700320435,-0.3334091129445301,0.7388254851774231,0.77137432651138
1,SNAPC5(+),0.04033347074307737,0.0404876797228452,-0.0055054102438434945,-0.0055054102438434945,-0.3078227046646397,0.7582172440870978,0.7882540507575132
1,ZNF33B(+),0.013204842302919217,0.013234392449832473,-0.0032248940133525043,-0.0032248940133525043,-0.2976880194102629,0.7659412882290869,0.7948344570532277
1,CIC(+),0.012882705637729669,0.013231227869700258,-0.03851132684185267,-0.03851132684185267,0.2923783256139481,0.7699973782338965,0.7978224006014831
1,ZBTB18(+),0.008924895479393992,0.008917797214164214,0.0011478795957714381,0.0011478795957714381,-0.2831322613130348,0.7770754520143399,0.8040800789945665
1,ZNF682(+),0.021613168391057577,0.021484412714541077,0.008620238781833054,0.008620238781833054,0.24551642227468853,0.8060565940909026,0.8303687912069733
1,GTF2IRD1(+),0.011278187074167532,0.011716544394092933,-0.055011949448657387,-0.055011949448657387,0.23403778962788352,0.8149556413293608,0.8382349322353589
1,ZNF407(+),0.021388295326707548,0.022403392705297412,-0.06689572082896646,-0.06689572082896646,-0.21859341057719195,0.8269667862717421,0.8490850402812207
1,ZBTB14(+),0.01858009386140825,0.018824952258196276,-0.018888415256526177,-0.018888415256526177,0.20060801623808416,0.8410050894469012,0.8627654638239193
1,ZNF354B(+),0.029997650533303666,0.030058658971277175,-0.0029311357620279907,-0.0029311357620279907,0.2005712963639741,0.8410338041323372,0.8627654638239193
1,SNAI3(+),0.01470081993252061,0.014511840275107468,0.01866613977171881,0.01866613977171881,-0.19866186291025095,0.8425272583279292,0.8641066714359088
1,PHF19(+),0.06847275835285349,0.07092167267738558,-0.05069643061523821,-0.05069643061523821,-0.18660305625250698,0.8519718702977169,0.8724447393150121
1,EEA1(+),0.021357087935549007,0.022348007292971952,-0.06543124597039178,-0.06543124597039178,-0.18100694743813373,0.8563621228256413,0.8763608857733209
1,ZNF277(+),0.0176403816007848,0.017701504129703973,-0.004990183769971964,-0.004990183769971964,-0.1653055292686717,0.8687035069667879,0.8872312642613741
1,ZNF280B(+),0.0178367389883924,0.0178387909411552,-0.00016595923974667474,-0.00016595923974667474,0.14115854005389572,0.8877446982928976,0.9044407138823396
1,ZNF101(+),0.017981506846223166,0.017938888735890092,0.003423401154710093,0.003423401154710093,0.1351658565991338,0.892480741799839,0.9087183353047462
1,ZNF345(+),0.021317825471473848,0.021760136789815487,-0.029627341151596376,-0.029627341151596376,-0.13149386918812772,0.8953846361448771,0.9114752651529594
1,ZNF93(+),0.020021850631588525,0.02003296782412347,-0.000800838389394095,-0.000800838389394095,-0.13099447890023092,0.8957796749696542,0.9116776052221831
1,ZNF688(+),0.019678632245327597,0.019707913704030067,-0.0021451091929743957,-0.0021451091929743957,-0.1235623763803546,0.9016617834331715,0.9170613059003901
1,SGSM2(+),0.022799375595764067,0.022886601879609836,-0.005508958393477627,-0.005508958393477627,-0.12003726846578876,0.9044536254212091,0.9192969562541611
1,BRF2(+),0.01601927433823089,0.015790710152952313,0.020732740122179703,0.020732740122179703,0.09988540155418739,0.9204353062570593,0.9328871912642462
1,DRAP1(+),0.08466722332821014,0.08656143292810559,-0.03192080471791551,-0.03192080471791551,-0.09224766773929474,0.9265012660908678,0.9376031331137431
1,BPTF(+),0.052502914672741624,0.052730067905614374,-0.006228339011545105,-0.006228339011545105,0.08671031072349758,0.9309017805173253,0.9412361276671694
1,ZNF644(+),0.01921699318157723,0.01957239248617807,-0.026437497128241134,-0.026437497128241134,-0.07678125676413713,0.9387975616503728,0.9477754127072335
1,ZNF704(+),0.010574037525351798,0.010887786788343045,-0.04218436481049724,-0.04218436481049724,-0.07545199732135294,0.9398550891975342,0.9484307819514548
1,AKAP8(+),0.014950162315148384,0.01491346946506057,0.003545222921366932,0.003545222921366932,0.0746515040657536,0.9404919940940109,0.9488673572038836
1,ZKSCAN4(+),0.0206199624555584,0.020515881309571604,0.00730057548593525,0.00730057548593525,0.06475182600568122,0.9483715981829657,0.9557791437534987
1,THAP5(+),0.021673560701519552,0.02167272195228016,5.5832206983103356e-05,5.5832206983103356e-05,0.06247519381085745,0.950184415812694,0.9573983972776494
1,ZNF714(+),0.017032836632041325,0.016998576358287217,0.0029047950992725957,0.0029047950992725957,-0.06125609399040343,0.9511552570203013,0.9579610079920424
1,TCF20(+),0.015490281485325576,0.01575401129173192,-0.024355852690173273,-0.024355852690173273,-0.055733424924250284,0.9555541716364183,0.9621827720032871
1,ZNF614(+),0.018021651357218473,0.01819592878972696,-0.013884478938089898,-0.013884478938089898,-0.05115812861013671,0.9591995166570241,0.9648076558839058
1,ETV6(+),0.016622536568437807,0.01737259578982818,-0.06367278044321006,-0.06367278044321006,0.04175049686313913,0.9666975983528532,0.9707211645342504
1,CDC5L(+),0.04799244306264552,0.04851203636739255,-0.015535484291791139,-0.015535484291791139,-0.034524025638279165,0.9724592840766316,0.9762423545571546
1,KAT7(+),0.023362124489344126,0.02329386243625129,0.004221597184710281,0.004221597184710281,0.019189806209917774,0.9846896895729635,0.9868141549226356
1,ZNF358(+),0.013482482766707613,0.01368644570821742,-0.021661644180143467,-0.021661644180143467,0.014695293618846333,0.9882752741022358,0.9901938412866448
1,ZNF217(+),0.016843570806710784,0.016930076288598037,-0.007390454155121629,-0.007390454155121629,-0.012506789121886708,0.9900212861998007,0.9917293237865159
1,ZBTB39(+),0.014911251630566297,0.01492972444373124,-0.0017861773352243508,-0.0017861773352243508,0.0018066178062149914,0.9985585283292784,0.99898866338348
2,KLF2(+),0.0679372658336258,0.09678062011953305,-0.5105150194869554,-0.5105150194869554,-36.07454439417729,5.6872629427302614e-285,1.553960962881298e-282
2,RBPJ(+),0.05441202520130239,0.04570561840830747,0.25155400017942653,0.25155400017942653,35.57390722143412,3.5482014328911654e-277,9.15633091987748e-275
2,KLF3(+),0.03566343857155864,0.06228113510998663,-0.8043494109322434,-0.8043494109322434,-35.52671546788488,1.901917611988298e-276,4.649688056676655e-274
2,TBX21(+),0.037155123904203266,0.05820424148279057,-0.6475630951873195,-0.6475630951873195,-33.37198961418428,3.495628228022466e-244,7.731996723411597e-242
2,ASCL2(+),0.06137959176758974,0.1144560789257094,-0.8989631219607699,-0.8989631219607699,-33.05185056265074,1.4632239675079822e-239,2.955076230032425e-237
2,PRDM1(+),0.06670143874314756,0.09129134218638768,-0.45276015921061313,-0.45276015921061313,-30.111151664621996,3.4622524673771277e-199,4.594903631704788e-197
2,IKZF3(+),0.05590299370538243,0.048892066090646405,0.19332516801050523,0.19332516801050523,27.168680860953103,1.5234367094229274e-162,1.474242399014479e-160
2,ZNF276(+),0.021335009049835898,0.02796941965452621,-0.39062758069523096,-0.39062758069523096,-26.686309082183787,6.786749321441357e-157,6.0623943457875195e-155
2,MYBL1(+),0.031994742315679635,0.04462922981330913,-0.4801540497612975,-0.4801540497612975,-26.600785103286032,6.647561545757583e-156,5.82602327925358e-154
2,ZNF683(+),0.10611295041101933,0.08887860507914438,0.2556926567327214,0.2556926567327214,25.669560094106846,2.5576059781035534e-145,1.8277045797370777e-143
2,ZNF90(+),0.07340444431099358,0.08771318459283078,-0.25692629978144266,-0.25692629978144266,-24.826413561123292,4.6499295428479454e-136,2.879856363537161e-134
2,SP100(+),0.06534056563926874,0.06008934371515662,0.12086977689623314,0.12086977689623314,22.95116152451486,1.4346397035225455e-116,7.48752968860924e-115
2,ZBTB16(+),0.03655654398709104,0.030318412881672384,0.2699354452135422,0.2699354452135422,22.73955169344032,1.820794998266934e-114,9.39732529661101e-113
2,CXXC5(+),0.053497860625683506,0.04689486607404966,0.1900512066869567,0.1900512066869567,22.22623062948977,1.9156031012991777e-109,9.567716565091054e-108
2,XBP1(+),0.061957477257901745,0.07034672020999161,-0.18320475652157606,-0.18320475652157606,-22.195296110188874,3.81331533800291e-109,1.8843457175556933e-107
2,EPAS1(+),0.03488256775896441,0.02868779831152871,0.2820689835309819,0.2820689835309819,21.49878953480781,1.5980174599477016e-102,7.20659330238551e-101
2,KLF13(+),0.06374561610049286,0.0749403383350551,-0.2334163589964087,-0.2334163589964087,-19.484029460798478,1.4999657585081878e-84,5.618823345379461e-83
2,RXRA(+),0.03413784400992491,0.031000479721736612,0.1390814020654496,0.1390814020654496,19.30661740857877,4.725250338229452e-83,1.7282510095335278e-81
2,ZEB2(+),0.052076653640061005,0.06314180717756822,-0.2779588013919604,-0.2779588013919604,-18.77336240617657,1.2473501153761233e-78,4.229154223300798e-77
2,ARID5B(+),0.026443607650633326,0.03113280586292371,-0.23551658382264817,-0.23551658382264817,-18.615987653570862,2.3842315396639678e-77,7.967450001251173e-76
2,AKNA(+),0.04118667568906491,0.05046585212398948,-0.29312982117531144,-0.29312982117531144,-18.585156495432305,4.2376214725486914e-77,1.3960107617013242e-75
2,ZNF287(+),0.021186821553494918,0.011986920451794425,0.8217060536438882,0.8217060536438882,18.569017388226634,5.7240897261516005e-77,1.8724223083080413e-75
2,NFIL3(+),0.02345535997271845,0.02711499263606744,-0.20917312799408352,-0.20917312799408352,-18.242706198713254,2.3645621492231175e-74,7.225915252066698e-73
2,MAF(+),0.015348778840440096,0.01884246974662294,-0.29586418052798236,-0.29586418052798236,-17.64939836099041,1.0284596747356965e-69,2.8952698116044305e-68
2,IRF3(+),0.023363122477855654,0.026472504790540943,-0.18026159669764436,-0.18026159669764436,-17.501016029508445,1.4073609770561161e-68,3.868160791967846e-67
2,ZNF551(+),0.01660886974988944,0.02149765269820033,-0.37222522278647624,-0.37222522278647624,-17.341293501929538,2.295133489846018e-67,6.023104553861443e-66
2,ZBTB44(+),0.017546572933726294,0.020838860198945812,-0.2480870756568229,-0.2480870756568229,-17.255739991271113,1.0131537172496425e-66,2.600054705317453e-65
2,TFEB(+),0.012336905801564239,0.016631066687153133,-0.4309000733444993,-0.4309000733444993,-17.124353188054222,9.768916668192225e-66,2.4527901580406965e-64
2,MXD1(+),0.03133095240887645,0.039287912402333626,-0.32649687573481223,-0.32649687573481223,-17.070826871841454,2.4470936867951368e-65,6.046143710193304e-64
2,ATF6B(+),0.038760445282532995,0.049196504793269376,-0.34397066921351604,-0.34397066921351604,-16.92316806849588,3.0364848789673427e-64,7.270346527218199e-63
2,ZNF600(+),0.016665644812554028,0.021789128913028734,-0.38673136308832673,-0.38673136308832673,-16.787122630033437,3.031922013848875e-63,7.1853457930245025e-62
2,DPF3(+),0.0301121147750826,0.02513767001779427,0.26049308848933705,0.26049308848933705,16.50778908880445,3.224829648150693e-61,7.342810644931357e-60
2,SOX4(+),0.013996898513578064,0.017198036089117404,-0.29713662348307657,-0.29713662348307657,-16.443838061075486,9.28480103921851e-61,2.0635359247449753e-59
2,ZNF324(+),0.022184628266526014,0.02754958138498986,-0.31247000554125415,-0.31247000554125415,-15.995878166425854,1.3651958832086787e-57,2.8436479271319788e-56
2,ZNF267(+),0.03748278266978844,0.03147281443891291,0.25212185669543713,0.25212185669543713,15.881243254448519,8.54674249516107e-57,1.7185982203473236e-55
2,ZBTB7A(+),0.02667844159585445,0.029323295639024884,-0.1363728570250991,-0.1363728570250991,-15.82402546815211,2.124632735501539e-56,4.2355875778560716e-55
2,ZNF426(+),0.04050028245688902,0.04622234470803785,-0.1906584707728467,-0.1906584707728467,-15.577110417197643,1.0415781730777874e-54,2.007523076326275e-53
2,MZF1(+),0.0259947342909978,0.03052287733261627,-0.2316715518460639,-0.2316715518460639,-15.301697217197482,7.448850436828317e-53,1.37301231266141e-51
2,ZNF595(+),0.015275796296366226,0.019129982629251672,-0.32458795785620914,-0.32458795785620914,-15.215390646641994,2.7954579455191632e-52,5.0722274050533253e-51
2,ZBTB1(+),0.05148248165243516,0.04439558130060435,0.21366550212818142,0.21366550212818142,15.193743866071534,3.890499333859057e-52,7.004406746424543e-51
2,ZNF775(+),0.0075779492689807895,0.01146815703889109,-0.5977541139640938,-0.5977541139640938,-15.176216766114415,5.082639020816826e-52,9.1153892863684e-51
2,NAIF1(+),0.02868318573433268,0.02162767390643362,0.4073267419736439,0.4073267419736439,15.117020351853174,1.2507531789595913e-51,2.2006623167679174e-50
2,ZNF816(+),0.018535832842159403,0.026351339726982087,-0.507559349602438,-0.507559349602438,-14.847026229935794,7.272379937902429e-50,1.2151152809912512e-48
2,GTF2I(+),0.044621700942401234,0.04199061153517384,0.087678707764677,0.087678707764677,14.81855761265077,1.1114548417160937e-49,1.837262540843863e-48
2,TERF1(+),0.027825129553430285,0.030430788706965684,-0.12914331700049975,-0.12914331700049975,-14.809698084450034,1.2680860603721344e-49,2.0813638694093868e-48
2,ZNF182(+),0.036660821582666196,0.04515448595977605,-0.300630197180859,-0.300630197180859,-14.710914345011847,5.4861100094599576e-49,8.78723482549707e-48
2,BCL11B(+),0.02020228638648688,0.023133715938028397,-0.19547843501591222,-0.19547843501591222,-14.687539956442242,7.747581116970743e-49,1.228242808475396e-47
2,SATB1(+),0.01688148796921484,0.020171048181746823,-0.2568439693550547,-0.2568439693550547,-14.618302743553503,2.146857521238649e-48,3.368970670997813e-47
2,HOXB4(+),0.013111660549139276,0.0173869375131799,-0.4071534059106132,-0.4071534059106132,-14.580989363948078,3.7109934878154503e-48,5.688965264324346e-47
2,ZNF91(+),0.019662048388388344,0.022598496212555424,-0.2008131348433592,-0.2008131348433592,-14.564274387409359,4.73990589532662e-48,7.218643568456443e-47
2,SP2(+),0.013851864848986194,0.017807787265021222,-0.3624280235574253,-0.3624280235574253,-14.269946094700629,3.368388845294053e-46,4.7701726178020966e-45
2,NR1D2(+),0.015475538969251103,0.0185629996924364,-0.2624401911514215,-0.2624401911514215,-14.1963972447542,9.644478600806259e-46,1.3493555150826828e-44
2,PBX2(+),0.016669784333042635,0.020031039676005103,-0.26500184969129126,-0.26500184969129126,-14.01349228505004,1.2890688825593545e-44,1.6678899608602234e-43
2,CEBPG(+),0.017068743736238106,0.020339878826841178,-0.25295419132941116,-0.25295419132941116,-13.969667152217074,2.3873979322117476e-44,3.0465558777812e-43
2,ZNF563(+),0.011963779370984771,0.015353982176273425,-0.35993964135012485,-0.35993964135012485,-13.87974294097962,8.404481826531092e-44,1.0466171068160032e-42
2,RREB1(+),0.024545022922540006,0.027830431051343047,-0.18123273303688237,-0.18123273303688237,-13.617545203878887,3.1497812334630865e-42,3.6853233827294807e-41
2,E2F1(+),0.061046238801102805,0.05718756918839159,0.09420082487327407,0.09420082487327407,13.533630705937599,9.901018359800041e-42,1.1327642926421474e-40
2,KLF9(+),0.014406748240815363,0.017281158553735007,-0.2624551840853772,-0.2624551840853772,-13.515704927211445,1.2633968785380288e-41,1.441886609535416e-40
2,ZNF781(+),0.021975592031364368,0.03070829496001167,-0.4827263593336963,-0.4827263593336963,-13.433938864858835,3.825121248914955e-41,4.271078894521626e-40
2,PLSCR1(+),0.06321598347381907,0.05491384096048399,0.20311954639463153,0.20311954639463153,13.408165020734865,5.416240375203206e-41,6.0187647231624145e-40
2,IRF7(+),0.07474245259407085,0.06389499500085227,0.22622497477842243,0.22622497477842243,13.312024373876563,1.9706878460108836e-40,2.133763413687775e-39
2,MTERF2(+),0.014052961969037886,0.016925516719266696,-0.26832561907592367,-0.26832561907592367,-13.2022695853498,8.51309295606849e-40,9.048813908681497e-39
2,E2F2(+),0.03535555818294391,0.0393067090114758,-0.15283853748946524,-0.15283853748946524,-13.12237140685951,2.451420781322126e-39,2.519214497619751e-38
2,NFATC2(+),0.011521707128943627,0.013803788355616634,-0.26070974703047856,-0.26070974703047856,-13.11686373349472,2.6362076755464105e-39,2.685347511603745e-38
2,MEF2C(+),0.025644698103909215,0.030368550614396375,-0.2439174589345228,-0.2439174589345228,-13.013089126503452,1.0308891138500275e-38,1.0253704355103593e-37
2,MGA(+),0.014803973346157151,0.017358694593848065,-0.22967400091612816,-0.22967400091612816,-12.995414367742987,1.2990226754759675e-38,1.289307762304673e-37
2,ZNF831(+),0.01420250098401331,0.01778707194057454,-0.32468401420803145,-0.32468401420803145,-12.81423701603797,1.3647417334647712e-37,1.2780696274080367e-36
2,BATF(+),0.03797157744225198,0.04292619139968096,-0.17693823817080284,-0.17693823817080284,-12.601150596929974,2.0808661421560533e-36,1.841071091488546e-35
2,ZNF384(+),0.04078312758816286,0.036873356863084655,0.14539365170601803,0.14539365170601803,12.599275330127485,2.130933171403246e-36,1.8817841409064785e-35
2,FOXD2(+),0.006176056169371081,0.010316297925124132,-0.7401674701333205,-0.7401674701333205,-12.499502276706883,7.512012451413399e-36,6.497820826222578e-35
2,RBCK1(+),0.07338847193425464,0.06798377256077756,0.11036303449841517,0.11036303449841517,12.496076592469265,7.842734646512278e-36,6.758720302977649e-35
2,ZNF746(+),0.01726907686659001,0.02143387646026022,-0.3117018140302533,-0.3117018140302533,-12.467076403492195,1.1289241412173668e-35,9.63943499256373e-35
2,E2F4(+),0.03449781425047908,0.0320057578731,0.10817348273148851,0.10817348273148851,12.389673658778445,2.972505528346741e-35,2.4967971390905266e-34
2,SNAPC4(+),0.02223164266518992,0.02667175728698345,-0.2626983191319005,-0.2626983191319005,-12.311089643637931,7.895001748906554e-35,6.560336873644176e-34
2,RFX7(+),0.020164837130177943,0.01755548464131665,0.19991991843469775,0.19991991843469775,12.308638507502396,8.138448795722394e-35,6.7505526171661645e-34
2,EGR3(+),0.05655091618038113,0.06844546928250715,-0.2754046441707985,-0.2754046441707985,-12.222169512263228,2.3668282502417834e-34,1.911985603890971e-33
2,ZKSCAN1(+),0.02534305415178951,0.028229995651015583,-0.15563850314116362,-0.15563850314116362,-12.164818833043809,4.7850577425480215e-34,3.773615146712319e-33
2,ZNF430(+),0.009753913919210749,0.011729489874510836,-0.2660871003952678,-0.2660871003952678,-12.15510288378367,5.389390007996584e-34,4.2286683424229954e-33
2,ZNF7(+),0.013090616850966566,0.015553433315968212,-0.24869998230193324,-0.24869998230193324,-11.997742897058293,3.6511804223311956e-33,2.7532034191117536e-32
2,GATA3(+),0.04067379316995005,0.03803468503664942,0.09678387972824098,0.09678387972824098,11.970042105550663,5.100273701519289e-33,3.8149390247273905e-32
2,PBX3(+),0.021984737752699837,0.018892046137706373,0.21872334864718973,0.21872334864718973,11.871981894248869,1.654998409281204e-32,1.2182991459764174e-31
2,TFDP1(+),0.034808749361585255,0.03298333958710901,0.0777124982294025,0.0777124982294025,11.85526691771015,2.0207926459569262e-32,1.4763945525358693e-31
2,CEBPA(+),0.02688813566066948,0.03338715202923816,-0.31232329758915417,-0.31232329758915417,-11.849390097336997,2.1676266415133043e-32,1.5781545062428366e-31
2,DBP(+),0.016135831604144973,0.01825367566156473,-0.17791905899310714,-0.17791905899310714,-11.809477922792688,3.487198461566647e-32,2.5191348139933238e-31
2,ETS2(+),0.019103969398776104,0.01664601340287047,0.19869571575155365,0.19869571575155365,11.791847461673227,4.3000347479692915e-32,3.0966916905918387e-31
2,GLMP(+),0.032996331360232216,0.03794915924995537,-0.20176228804976848,-0.20176228804976848,-11.759480651979878,6.312135912657641e-32,4.483160751421215e-31
2,CASZ1(+),0.026138275754505155,0.02993627622841347,-0.19573079379568237,-0.19573079379568237,-11.631608128282611,2.8468326482966085e-31,1.9885019024568042e-30
2,DDIT3(+),0.029867441321461113,0.03409011944541088,-0.1907799980318268,-0.1907799980318268,-11.62314727885091,3.1433898766818476e-31,2.192349245823901e-30
2,ZSCAN16(+),0.04173774479124439,0.05009270635248832,-0.26324790254596236,-0.26324790254596236,-11.580082588855173,5.19959373365487e-31,3.578090798937314e-30
2,ZNF765(+),0.020280663993879695,0.025903058199360594,-0.35301753449752804,-0.35301753449752804,-11.560414436249545,6.53924229663312e-31,4.460320186176335e-30
2,HMGA1(+),0.05728205708687714,0.054174485007447745,0.08046976762674761,0.08046976762674761,11.540797964225085,8.215948451154029e-31,5.579397742048314e-30
2,NFYA(+),0.02745817984807924,0.023381383315022816,0.23187569920974108,0.23187569920974108,11.52678514378759,9.668715525369063e-31,6.546819768999897e-30
2,STAT1(+),0.04075830490828498,0.03582515932086351,0.1861209274018707,0.1861209274018707,11.522325847926554,1.0182475884978515e-30,6.88465800374457e-30
2,THYN1(+),0.045748746950660855,0.042942835352622236,0.09131477671308393,0.09131477671308393,11.522192955003542,1.0198195419950913e-30,6.885264204312788e-30
2,ELF1(+),0.055109802342703615,0.05074142967310635,0.11914478168857334,0.11914478168857334,11.521720446832836,1.0254282439615729e-30,6.913083009000734e-30
2,RFX2(+),0.02059447587105515,0.018179244388145235,0.17996516498183088,0.17996516498183088,11.466540352022596,1.942718321886953e-30,1.2891323721664137e-29
2,CHCHD3(+),0.02660360729063689,0.02512648798515278,0.08241284174582829,0.08241284174582829,11.422449433343608,3.230000762878559e-30,2.1221150698120098e-29
2,BACH2(+),0.0378681558057497,0.03258770903468622,0.21665722494303,0.21665722494303,11.36102337115185,6.537429093235578e-30,4.2292977908188386e-29
2,ESR1(+),0.027101871523054363,0.03270314328342542,-0.2710368183204344,-0.2710368183204344,-11.353714260386244,7.10778167386429e-30,4.5728041378254334e-29
2,SKI(+),0.02983685617067603,0.025619405530451736,0.2198585227944297,0.2198585227944297,11.350953040763683,7.335870439865724e-30,4.7130177307297773e-29
2,ZNF300(+),0.0275263571858641,0.03355370689857642,-0.28565845225996095,-0.28565845225996095,-11.283251479429737,1.5876719468872522e-29,1.0074776220343288e-28
2,FOSL2(+),0.07839886537122029,0.07062418242879255,0.15067051169006165,0.15067051169006165,11.197092567677595,4.2133508069670924e-29,2.637603032124278e-28
2,ELK1(+),0.012608616896165529,0.016491917248572855,-0.38734907267976815,-0.38734907267976815,-11.187361852537123,4.702163311155351e-29,2.923902085718421e-28
2,ZNF273(+),0.020914377658014547,0.02455510365396286,-0.231527833500274,-0.231527833500274,-11.134322810375393,8.539153766809702e-29,5.2396788965430735e-28
2,ZBED5(+),0.015123112392149805,0.017430463363813088,-0.20485582725783497,-0.20485582725783497,-11.093155536002648,1.3542471148996048e-28,8.190726365506074e-28
2,ATF6(+),0.025114021257201323,0.02289481344598612,0.13347223633963987,0.13347223633963987,11.056418025730268,2.0408593539167997e-28,1.2184822235145931e-27
2,BHLHE40(+),0.02690806311292121,0.028922647234866206,-0.10416105459945915,-0.10416105459945915,-10.979030046896854,4.820719144035749e-28,2.813095530659052e-27
2,ZEB1(+),0.030369775172330696,0.026620319987937704,0.19010830838989395,0.19010830838989395,10.9775534588634,4.900150344752217e-28,2.8558592661698934e-27
2,ZNF444(+),0.030190079836374506,0.025952634881443573,0.2181935463323455,0.2181935463323455,10.970672558627495,5.287759762970959e-28,3.0779002630325944e-27
2,ZFP91(+),0.014393333674234132,0.016508462606286984,-0.19780498211046105,-0.19780498211046105,-10.952421930533982,6.469430839060801e-28,3.756313280929677e-27
2,SMYD3(+),0.0352461044545297,0.030885161850873057,0.19054991688779502,0.19054991688779502,10.947563955903913,6.825867675953814e-28,3.9583215174538656e-27
2,POU2F1(+),0.018514148091883745,0.016160982094276077,0.1961132831053412,0.1961132831053412,10.940313908659645,7.394344000663129e-28,4.277301106236642e-27
2,ZNF394(+),0.011695633916535384,0.013814699770657163,-0.2402341305493557,-0.2402341305493557,-10.915876376705953,9.6791230000797e-28,5.564297813783441e-27
2,ZNF83(+),0.01786421962282345,0.015810070789549626,0.17622905501689887,0.17622905501689887,10.888707156890368,1.3047934626762961e-27,7.41831778963451e-27
2,KDM5B(+),0.013399283709854848,0.011804876477985147,0.18277291975473947,0.18277291975473947,10.880172478056993,1.432915767705706e-27,8.116943586576835e-27
2,DRAP1(+),0.08972188347417388,0.08422082885549675,0.09128283147182452,0.09128283147182452,10.869142365447079,1.6171379467678765e-27,9.127102992389776e-27
2,ZNF703(+),0.022321672073216052,0.02624735501713562,-0.23372693732349414,-0.23372693732349414,-10.837440020368785,2.2878352130084383e-27,1.281905255057201e-26
2,MTERF4(+),0.019093408160955422,0.017018881468866928,0.16593841468310902,0.16593841468310902,10.820872702633412,2.7415431625972424e-27,1.530585094983677e-26
2,ZNF773(+),0.011645290341432529,0.014489377779965854,-0.3152490085867548,-0.3152490085867548,-10.77432326487872,4.551164818313296e-27,2.5107079074899356e-26
2,RORA(+),0.029789121673861975,0.0321715817946984,-0.11100128113958226,-0.11100128113958226,-10.725942857962544,7.689876739748133e-27,4.197353402600479e-26
2,ZBTB38(+),0.020484688208523064,0.022269650797099652,-0.12053299609862168,-0.12053299609862168,-10.723152106579311,7.925537821901214e-27,4.320906476846378e-26
2,ZFX(+),0.025681524137066994,0.028475373828723227,-0.14898395094695366,-0.14898395094695366,-10.692409543722764,1.1046325404143549e-26,5.97701468989878e-26
2,TET2(+),0.034855209158438635,0.03130947830921313,0.1547748103295064,0.1547748103295064,10.652202051571765,1.7028842451238302e-26,9.060592575716141e-26
2,ZNF512B(+),0.026021011720363987,0.01722435495680251,0.5952270723557858,0.5952270723557858,10.620558770014808,2.3912542181114435e-26,1.2636377523467184e-25
2,ZNF510(+),0.01970634386582809,0.022577637445270027,-0.19623438231296936,-0.19623438231296936,-10.618469397947468,2.445377545380625e-26,1.289305187093417e-25
2,STAT4(+),0.037650283542826325,0.032857957356414016,0.19641792755015147,0.19641792755015147,10.573293187063891,3.963280493397116e-26,2.063838328680449e-25
2,HMG20B(+),0.02326944986730259,0.021614220787128678,0.1064562717617924,0.1064562717617924,10.560638827617176,4.5356448508087245e-26,2.353974338771679e-25
2,ZNF85(+),0.025955788706535997,0.029290938208628013,-0.17439807122758733,-0.17439807122758733,-10.557139313977885,4.7079095493396986e-26,2.4406517697190736e-25
2,ZNF280D(+),0.014224083900102926,0.016774015791907272,-0.23789236500962124,-0.23789236500962124,-10.542004286634963,5.530742082466468e-26,2.8608348522334903e-25
2,ZNF382(+),0.01223081049723569,0.016122810653589708,-0.39858322923882084,-0.39858322923882084,-10.477765324239472,1.0929574611068077e-25,5.585024649990233e-25
2,STAT3(+),0.03467034095642583,0.032454210522258296,0.09529635982363581,0.09529635982363581,10.45278883765357,1.4227875798865404e-25,7.230687427322735e-25
2,ZBTB49(+),0.014033116445075308,0.017869065646011827,-0.34862874210061,-0.34862874210061,-10.409842274700509,2.235917937127196e-25,1.1240085300817994e-24
2,ZNF341(+),0.020373632383167414,0.023830612643731687,-0.22611281183430015,-0.22611281183430015,-10.383300604799143,2.9538280036786983e-25,1.4721599868119692e-24
2,ZNF584(+),0.02196826384795444,0.025353809518997877,-0.20678166781818927,-0.20678166781818927,-10.322036967291066,5.602182109962612e-25,2.7653704464161882e-24
2,ZNF649(+),0.02580269627632945,0.021946909500333654,0.23350402147632426,0.23350402147632426,10.321653054402367,5.624631305991297e-25,2.7735045027950718e-24
2,CIC(+),0.01136511585705901,0.013925516915205549,-0.2931184668616717,-0.2931184668616717,-10.240411180801633,1.3067979951564834e-24,6.329589872264719e-24
2,VDR(+),0.03480758078714877,0.030677206606583254,0.18223442065120818,0.18223442065120818,10.235892821419258,1.3692632170552757e-24,6.61834302104241e-24
2,IRF4(+),0.027991903048358927,0.02560785091282186,0.12842338529216027,0.12842338529216027,10.21209022231995,1.7505253271024637e-24,8.426103776570927e-24
2,CEBPZ(+),0.031167472536897996,0.028408947198874233,0.13369579478797589,0.13369579478797589,10.202684356546838,1.9286684185124864e-24,9.264389662865046e-24
2,SP140(+),0.029616150311520647,0.027724107286652734,0.09524311265232091,0.09524311265232091,10.187903710331947,2.24553987644858e-24,1.0775343725313691e-23
2,DNMT1(+),0.060264666741592476,0.057778953829283615,0.060768312761915556,0.060768312761915556,10.16396821830963,2.8714605196929866e-24,1.366591610038312e-23
2,ZNF10(+),0.03452364863501052,0.03819271662107459,-0.14571259354563154,-0.14571259354563154,-10.107843107157978,5.0994566670037964e-24,2.3998962733771668e-23
2,ZNF248(+),0.021900758809217824,0.025669335304450962,-0.22906507216076363,-0.22906507216076363,-10.102261604391515,5.398263888303053e-24,2.5338801916746355e-23
2,ZNF599(+),0.016107520355985474,0.018961892978200393,-0.23536856515840285,-0.23536856515840285,-9.988793196960609,1.706465561178373e-23,7.809391656821225e-23
2,ZNF410(+),0.013310065471110659,0.016354845329873628,-0.29720042776657063,-0.29720042776657063,-9.94891055417697,2.549589732598747e-23,1.1622025817390755e-22
2,SMAD3(+),0.019229361816791385,0.01712856762966701,0.16690636256136884,0.16690636256136884,9.863659744065405,5.982807877423955e-23,2.6876346799452873e-22
2,POU5F2(+),0.047365101346138194,0.05657932913520206,-0.2564505943560792,-0.2564505943560792,-9.861754945502247,6.097420565908394e-23,2.736475220158888e-22
2,ARID3B(+),0.022274930386688697,0.019841813557537866,0.1668770198956513,0.1668770198956513,9.860204528067118,6.192312522782413e-23,2.7763795046645083e-22
2,ZNF620(+),0.01419904717477422,0.018734955220142808,-0.3999383836614517,-0.3999383836614517,-9.81635724641365,9.574081703617713e-23,4.25565641275639e-22
2,ZNF460(+),0.02014595358305351,0.02397075764331243,-0.250785402282811,-0.250785402282811,-9.750877950070056,1.8287975018331193e-22,8.021496124659905e-22
2,ARHGAP35(+),0.031802716443350955,0.02954746355097027,0.10611570560793976,0.10611570560793976,9.714524352686377,2.614669113139303e-22,1.1414603412154195e-21
2,ZNF667(+),0.01833921380329804,0.016584962710401736,0.14505601564880094,0.14505601564880094,9.658576432098739,4.521024978997753e-22,1.9607993489677465e-21
2,RUNX3(+),0.06740859936100625,0.07237951055259259,-0.10264870168961002,-0.10264870168961002,-9.646970450155777,5.062935591753518e-22,2.1884330986036588e-21
2,CXXC1(+),0.0239764272108115,0.02631714977221073,-0.1343865488345435,-0.1343865488345435,-9.638302878399392,5.509121793722434e-22,2.3760325656305206e-21
2,ZNF14(+),0.012196185180189627,0.014152569630172284,-0.2146340446195012,-0.2146340446195012,-9.637490754980991,5.552870092920579e-22,2.3882482945940828e-21
2,ZHX2(+),0.03376446950056676,0.028921761911878015,0.22335043939491978,0.22335043939491978,9.615238573316814,6.894932612318546e-22,2.9572448738891638e-21
2,ZSCAN29(+),0.023570482935685935,0.027455577854381852,-0.22011794890340422,-0.22011794890340422,-9.585204772716324,9.227441887605117e-22,3.917867236556286e-21
2,CAMTA1(+),0.05228461175295244,0.04908050008960429,0.09123644860868665,0.09123644860868665,9.563941905034563,1.1335501290581346e-21,4.7910285254549914e-21
2,ZNF836(+),0.007773600262684257,0.010031041806076325,-0.3678165798634525,-0.3678165798634525,-9.558884591019975,1.1903262495540052e-21,5.021857792169259e-21
2,ZNF665(+),0.021121896250828286,0.02454716998048999,-0.21681733699466138,-0.21681733699466138,-9.537422383953697,1.4642641903434211e-21,6.166370955707336e-21
2,ZNF506(+),0.021445573697427948,0.023401833876924395,-0.12594167444395676,-0.12594167444395676,-9.470518180157818,2.784588673554711e-21,1.1589977050772072e-20
2,TFAP4(+),0.037478137088248945,0.03473858713358244,0.10951016140298306,0.10951016140298306,9.46760930173191,2.86321529841865e-21,1.1906566751257502e-20
2,ZNF331(+),0.0888491367206593,0.08023825637905645,0.1470675012684384,0.1470675012684384,9.425157395770059,4.294609749194601e-21,1.7716218725585188e-20
2,ZNF654(+),0.02471179634448074,0.022406095317335353,0.14130862647942916,0.14130862647942916,9.391003914556228,5.943105943464806e-21,2.4215550094205284e-20
2,ZNF169(+),0.013600820055999706,0.017227304755242263,-0.3410033436733947,-0.3410033436733947,-9.365266985133093,7.585826103701139e-21,3.0720280951780113e-20
2,YBX1(+),0.09337394132956076,0.08898818683706497,0.06940614867878021,0.06940614867878021,9.363908524142316,7.684035588165385e-21,3.1090893124589035e-20
2,ZNF100(+),0.01791769560379807,0.015704540035029902,0.19020340385872583,0.19020340385872583,9.325162854144438,1.1081328511366279e-20,4.4488133911232814e-20
2,ZNF33B(+),0.011983749908643473,0.01379534515535425,-0.20310211580402393,-0.20310211580402393,-9.313881721568835,1.2324392560333121e-20,4.9303674895909555e-20
2,SNAPC5(+),0.04221886185134346,0.039619717835066584,0.09166907873103172,0.09166907873103172,9.297713082602495,1.434988607696134e-20,5.721478182616775e-20
2,ZNF562(+),0.027801091351164212,0.03129389190041806,-0.17073956829557754,-0.17073956829557754,-9.265420102310818,1.943108811144397e-20,7.720907123837232e-20
2,ZNF398(+),0.013414632737741615,0.0157049803281992,-0.2274145627939719,-0.2274145627939719,-9.264009960738868,1.9689542808766468e-20,7.810241361803607e-20
2,ZNF780B(+),0.01450743805418552,0.01208102473056957,0.26404991731535093,0.26404991731535093,9.210801110953291,3.2369992773657343e-20,1.2656449194750703e-19
2,SNAI1(+),0.0754865656301986,0.09585770265771588,-0.3446744500760622,-0.3446744500760622,-9.2081137207324,3.319059493909666e-20,1.296638465030311e-19
2,ZNF75A(+),0.022764915643877694,0.02477234330515741,-0.12191822620833788,-0.12191822620833788,-9.197009778720814,3.680489789972592e-20,1.4354219206064389e-19
2,ZNF485(+),0.04277152970206903,0.039761981701991564,0.10526114150387143,0.10526114150387143,9.18950871151086,3.946396046211493e-20,1.5365473289733769e-19
2,RELB(+),0.036846604776826906,0.03993458049272973,-0.11610686683039129,-0.11610686683039129,-9.154897488006657,5.44094434003599e-20,2.1078554178037673e-19
2,MTERF1(+),0.01686706967561314,0.0195816725659228,-0.21529463068031957,-0.21529463068031957,-9.148843477069489,5.754629948211621e-20,2.2219664263876125e-19
2,HES6(+),0.02802649303485103,0.025893332434396475,0.11421057652417271,0.11421057652417271,9.136100522340765,6.474485537203481e-20,2.4875091249222636e-19
2,ZNF664(+),0.01642232247627243,0.019994129436674658,-0.2839182802761238,-0.2839182802761238,-9.104390794322304,8.675192686242022e-20,3.316565434369892e-19
2,CDC5L(+),0.0501515506755927,0.04751490825801502,0.07791406389115162,0.07791406389115162,9.069713124356596,1.1933078019856838e-19,4.539651711894759e-19
2,KLF12(+),0.033985472783361614,0.030002785832528522,0.17982172240902464,0.17982172240902464,9.053293465424568,1.3871985312682204e-19,5.255739949217686e-19
2,IKZF2(+),0.01913421658386801,0.01727258664176511,0.14767067689713834,0.14767067689713834,9.034570329160351,1.6464797149729167e-19,6.222862714441984e-19
2,ZFPM1(+),0.024912358981634918,0.027449864358269408,-0.13993737631159475,-0.13993737631159475,-9.030435882666675,1.7098934254288674e-19,6.436349239154854e-19
2,ZNF692(+),0.02228611379713382,0.025992886022091728,-0.22197175309295486,-0.22197175309295486,-9.020911889850884,1.8653006803005635e-19,7.009968980579382e-19
2,ZNF69(+),0.01472472417693918,0.01813051193421673,-0.30017903348385894,-0.30017903348385894,-9.004913058508393,2.158367603861465e-19,8.078660370617652e-19
2,MYBL2(+),0.049998904174284924,0.0482293162481567,0.051986117622858756,0.051986117622858756,8.987467170893114,2.5299328649961705e-19,9.423847760952054e-19
2,CREB3(+),0.02815627339224708,0.026308703336054378,0.09791625105540108,0.09791625105540108,8.975329617258106,2.825046378243785e-19,1.0497872341553906e-18
2,ARID2(+),0.024564337032385277,0.022002470240718483,0.15889979008845104,0.15889979008845104,8.930397043400049,4.2448255091417565e-19,1.558036313924991e-18
2,L3MBTL3(+),0.0719001265184656,0.06696843150789862,0.10251312925748743,0.10251312925748743,8.91037450966639,5.086046734393572e-19,1.8587480000989886e-18
2,ARNTL(+),0.017259732043067716,0.019706732451008842,-0.19127850746292793,-0.19127850746292793,-8.902268041362717,5.471693882916063e-19,1.9949778717539337e-18
2,ZNF142(+),0.016456602870834662,0.014255697183974405,0.20712794114446142,0.20712794114446142,8.86943610643883,7.351722590587727e-19,2.669957109716966e-18
2,PHF19(+),0.07216042708519958,0.06920424321099282,0.060347377992481736,0.060347377992481736,8.854692374924774,8.3914920475922475e-19,3.0357072088057624e-18
2,FOXM1(+),0.058908881710978155,0.05721340768437299,0.04213189011838278,0.04213189011838278,8.838287481873081,9.71969111779476e-19,3.49984226683385e-18
2,ZNF790(+),0.011359194870200288,0.013093705333765067,-0.20501281906242347,-0.20501281906242347,-8.830520628817103,1.0418960903109464e-18,3.74582611415971e-18
2,NFXL1(+),0.019849772234884877,0.02297414310320057,-0.2108885892025391,-0.2108885892025391,-8.820428149608434,1.1402289290979501e-18,4.086700135540107e-18
2,ZNF565(+),0.014714383420608827,0.01737700453102864,-0.23995230501134363,-0.23995230501134363,-8.819785833813881,1.1467884840918001e-18,4.1070412556718676e-18
2,MLX(+),0.035400325134601354,0.03772332011484442,-0.09169404313500251,-0.09169404313500251,-8.808711423562963,1.265926165038909e-18,4.5232515666197944e-18
2,TBPL1(+),0.014680112560665365,0.01631081795842114,-0.15196609244466566,-0.15196609244466566,-8.805285739325345,1.3051964050566018e-18,4.656403457363991e-18
2,ARID5A(+),0.030585326895665326,0.03267719001748826,-0.09544422965103525,-0.09544422965103525,-8.772948461392666,1.7404771150139333e-18,6.180822782293365e-18
2,SCML4(+),0.018893943945357716,0.01681205870421338,0.1684274744609886,0.1684274744609886,8.753811880479079,2.062648069003605e-18,7.280395349940535e-18
2,ATF7(+),0.019157758031393864,0.022086523988204664,-0.20523763580609147,-0.20523763580609147,-8.740234653511454,2.3262673961267066e-18,8.185993981067085e-18
2,ZBED1(+),0.016147186899279003,0.01881273493348002,-0.2204267396686075,-0.2204267396686075,-8.730038813140442,2.545852401180418e-18,8.918163200213454e-18
2,ZNF678(+),0.022614036191154586,0.020601245155751697,0.13448696578460925,0.13448696578460925,8.720662479127999,2.765787485437395e-18,9.674008185133058e-18
2,ERF(+),0.025646345385869237,0.030407101300862802,-0.24565502658651273,-0.24565502658651273,-8.717546878377407,2.842941179250664e-18,9.928918629788973e-18
2,POU3F1(+),0.0249136105721971,0.02760295732699099,-0.1478887197647792,-0.1478887197647792,-8.716734754959006,2.8633990444717063e-18,9.992853915530484e-18
2,ZNF829(+),0.011450088082882646,0.013702693933333648,-0.25910083580219484,-0.25910083580219484,-8.71620318326696,2.8768682816169513e-18,1.0032322198281335e-17
2,ZSCAN18(+),0.02668911423851417,0.02463885212372891,0.11531637620411019,0.11531637620411019,8.699148591480547,3.3438344177347236e-18,1.1599784070483787e-17
2,ZBTB33(+),0.043968938339390695,0.05116760401224805,-0.2187459761984878,-0.2187459761984878,-8.665061556728222,4.5126910505186104e-18,1.553850995526979e-17
2,BCL11A(+),0.028638872529086926,0.024952854388349953,0.19876983276561272,0.19876983276561272,8.652458877862678,5.0401520699446795e-18,1.7316202932613194e-17
2,ZNF669(+),0.013370501888918055,0.015317459891088505,-0.19612343896137435,-0.19612343896137435,-8.644381941319676,5.409731532784914e-18,1.857221209888095e-17
2,HIC2(+),0.020650702009826428,0.01837949174731489,0.16809394553800353,0.16809394553800353,8.641546892295441,5.545697862254766e-18,1.902493838269822e-17
2,MAFF(+),0.0358199262860496,0.03332758185644505,0.10404572151523737,0.10404572151523737,8.622735160749215,6.5373529722483905e-18,2.236082809727082e-17
2,TSHZ2(+),0.0167113614762055,0.019926686573016925,-0.2538725488990962,-0.2538725488990962,-8.620099451109496,6.689598696721871e-18,2.28647431539905e-17
2,CARF(+),0.015648662864646282,0.01822736557261987,-0.22006666052342874,-0.22006666052342874,-8.606950434671573,7.502986934940232e-18,2.5588380552714668e-17
2,ZNF701(+),0.018112263894322037,0.020668209587290286,-0.19044652544608415,-0.19044652544608415,-8.58934950531278,8.746308477154547e-18,2.9697809120162916e-17
2,ZNF607(+),0.01350327889183793,0.015347115636527605,-0.18465775786651892,-0.18465775786651892,-8.578754986172736,9.590551641170188e-18,3.249315271570789e-17
2,NFKB1(+),0.0409150072170891,0.036935432680874576,0.14762462437772453,0.14762462437772453,8.570183392638524,1.0332036722935158e-17,3.4979818205563997e-17
2,ZNF672(+),0.05373837769983532,0.058237107305965166,-0.11598592647464104,-0.11598592647464104,-8.53935223449997,1.3497634401665905e-17,4.5498194336529847e-17
2,BPTF(+),0.054969767901223834,0.05159418941848114,0.0914297889283313,0.0914297889283313,8.535158724484955,1.3996314860396235e-17,4.707667090987728e-17
2,ZNF549(+),0.017643552284966307,0.020487087193509897,-0.2155738117374291,-0.2155738117374291,-8.513164945726633,1.6924904856682528e-17,5.663990133954635e-17
2,TFE3(+),0.019257274375499234,0.016771597011496556,0.1993834406378314,0.1993834406378314,8.507044488327958,1.7842308433386443e-17,5.958125282033072e-17
2,ZNF879(+),0.009084290360786618,0.013575190593541793,-0.5795266761510429,-0.5795266761510429,-8.469443174056009,2.465688690078122e-17,8.20424352823272e-17
2,THAP11(+),0.03296758158072532,0.03667730895867297,-0.15383972839350654,-0.15383972839350654,-8.41072665090564,4.07478348930312e-17,1.3404652484286821e-16
2,ZNF786(+),0.010711952596434666,0.012908953791779075,-0.2691505775755611,-0.2691505775755611,-8.409464168137037,4.118880310311759e-17,1.354012671011898e-16
2,ZFAT(+),0.01141540706985739,0.014211798198817209,-0.31610677689960764,-0.31610677689960764,-8.398692458432977,4.5147752631035635e-17,1.4810120831296646e-16
2,E2F6(+),0.023121881895034304,0.026229529711099514,-0.18193310939855206,-0.18193310939855206,-8.38444338391013,5.096634346037234e-17,1.6683485931883688e-16
2,SLC2A4RG(+),0.021464474967953177,0.022863917449145718,-0.0911217243904389,-0.0911217243904389,-8.356211020710456,6.476481393233762e-17,2.114072808964921e-16
2,TBX19(+),0.007523123851346844,0.010608648833554281,-0.49583711747405973,-0.49583711747405973,-8.347152153125206,6.992860785576229e-17,2.2810279739467404e-16
2,KMT2B(+),0.02059427920532409,0.023229045263842514,-0.17368621814185853,-0.17368621814185853,-8.336852951591851,7.629384345844246e-17,2.48342608874888e-16
2,ZNF432(+),0.014686602978074177,0.017964769946349903,-0.2906697045664844,-0.2906697045664844,-8.31539812746574,9.144476519958594e-17,2.9703561842802567e-16
2,PA2G4(+),0.07990519074872032,0.07625716828586862,0.0674162653540298,0.0674162653540298,8.306568131025674,9.850967679348083e-17,3.1909166576409937e-16
2,TTF1(+),0.0194262541531346,0.020933079572132512,-0.1077768224908955,-0.1077768224908955,-8.275338294118086,1.2809142462369746e-16,4.117540950706399e-16
2,PIN1(+),0.07569372152489391,0.07211590833495012,0.06985609434776424,0.06985609434776424,8.270805168855377,1.3305733408879377e-16,4.268310199188171e-16
2,ZBTB20(+),0.03920825615983634,0.0356497811867998,0.1372642521546239,0.1372642521546239,8.27071657357337,1.3315625503179867e-16,4.2685355736556575e-16
2,ZNF619(+),0.01310197759225835,0.016435110086927298,-0.3269965113314909,-0.3269965113314909,-8.250457785754357,1.577889088375375e-16,5.037316024401111e-16
2,ZNF236(+),0.018595866220025712,0.016513561875203704,0.1713306079824506,0.1713306079824506,8.212391346251868,2.1682623655803673e-16,6.884195959070954e-16
2,WIZ(+),0.01717986831389864,0.020395658631715018,-0.2475431051601767,-0.2475431051601767,-8.203531818051134,2.33425842235651e-16,7.396064373701221e-16
2,ZBTB4(+),0.02093762845216166,0.022687529744516013,-0.11580148783626135,-0.11580148783626135,-8.203605647452807,2.332824660091754e-16,7.396064373701221e-16
2,RXRB(+),0.01865341024418732,0.020888162839600575,-0.16324619122587386,-0.16324619122587386,-8.183081073787772,2.766768779822014e-16,8.754523829886414e-16
2,EBF4(+),0.007361024332937046,0.010564149444934137,-0.5211981108375672,-0.5211981108375672,-8.161530271439487,3.308064581598705e-16,1.0431744726086888e-15
2,ZNF577(+),0.02893550006104042,0.02581266061866607,0.16476171713851132,0.16476171713851132,8.132552231282919,4.203449838496375e-16,1.3201504056670494e-15
2,ZNF569(+),0.016424533233610077,0.01817208274782194,-0.1458714000933593,-0.1458714000933593,-8.131503853779165,4.2399704503752047e-16,1.330720455540056e-15
2,ZNF627(+),0.040443722891825004,0.044035547050400387,-0.12275278047261107,-0.12275278047261107,-8.127428470806827,4.384932192352537e-16,1.37435965138175e-15
2,FOXJ2(+),0.01744606841179744,0.020820526665792663,-0.25510459731305574,-0.25510459731305574,-8.085781305323207,6.176693495542344e-16,1.9255531064962543e-15
2,ZHX1(+),0.015060201337220845,0.017268283836843257,-0.19738364199543315,-0.19738364199543315,-8.07332628526101,6.840847840343115e-16,2.1254674393574427e-15
2,ZNF844(+),0.015596657445892092,0.0173644886579455,-0.15490304300701754,-0.15490304300701754,-8.062547192616782,7.47208849403477e-16,2.3184937244349705e-15
2,NKX3-1(+),0.030590767372951126,0.03643663957262452,-0.2522936053278934,-0.2522936053278934,-8.046983954744158,8.48593023072758e-16,2.6295627699619485e-15
2,XPA(+),0.020817547722752756,0.02218134057897112,-0.0915464251370469,-0.0915464251370469,-7.981659700144077,1.443786203905033e-15,4.423738071991344e-15
2,ZNF493(+),0.01313450530485217,0.014750096515787452,-0.16736251846287878,-0.16736251846287878,-7.958639692702503,1.7394094349402652e-15,5.3189972516771115e-15
2,CGGBP1(+),0.03327561171488028,0.03151937675043329,0.07822617753941448,0.07822617753941448,7.939458814147913,2.0306530252093087e-15,6.185169378424419e-15
2,ZNF707(+),0.00965919623989303,0.011350998683986594,-0.2328441623202218,-0.2328441623202218,-7.938971540096873,2.0386454025944477e-15,6.2054442300466644e-15
2,ZNF440(+),0.020675447686253078,0.023259169029665853,-0.16988097896978527,-0.16988097896978527,-7.906375859258337,2.64990296647618e-15,8.02922327415646e-15
2,ZNF736(+),0.01740378471300021,0.015765710238717104,0.1426109028705611,0.1426109028705611,7.895367895468925,2.8946012432826067e-15,8.753530452505019e-15
2,ZNF711(+),0.01778595843714319,0.021755373201724344,-0.29063303152417624,-0.29063303152417624,-7.868715481465049,3.583009931186514e-15,1.0807195539195685e-14
2,MAFG(+),0.03180301136815971,0.03635349046900504,-0.19293050693451538,-0.19293050693451538,-7.866101920645833,3.658625041066408e-15,1.1028107278230673e-14
2,JRKL(+),0.01212371346179462,0.014114608422602237,-0.21935742807079145,-0.21935742807079145,-7.864913267278901,3.693532649498064e-15,1.1126108402670887e-14
2,ZNF146(+),0.017451428929666078,0.01479669961237542,0.23806973467088377,0.23806973467088377,7.851956207285327,4.095975278561895e-15,1.2330398683681142e-14
2,HOXA7(+),0.013196716690461536,0.017205180720593162,-0.38266398516107325,-0.38266398516107325,-7.826005172597342,5.036166253345126e-15,1.5121520521517848e-14
2,ADNP(+),0.025891751135464693,0.023589845303946838,0.1343265790290329,0.1343265790290329,7.824639328666396,5.091143976152018e-15,1.5276720781153828e-14
2,CLOCK(+),0.021307123893769476,0.01911203651888026,0.15685434314486835,0.15685434314486835,7.822114363129186,5.194338502553253e-15,1.5576308808495714e-14
2,DOT1L(+),0.035102444128433066,0.0332487976200671,0.0782693151238864,0.0782693151238864,7.818747742412907,5.335140131582178e-15,1.5988210265289818e-14
2,ELF2(+),0.02026340767781522,0.02177231633544206,-0.1036180864899899,-0.1036180864899899,-7.815794566345996,5.461739049023836e-15,1.63465063677292e-14
2,STAT5A(+),0.017547026757551418,0.019170691738770083,-0.12767579306296326,-0.12767579306296326,-7.813712577218824,5.552763935390347e-15,1.660823469406836e-14
2,IKZF1(+),0.044290743127033586,0.04720421300318418,-0.09191042117026914,-0.09191042117026914,-7.813225303167783,5.574282340394441e-15,1.6661867098540655e-14
2,ATMIN(+),0.013387878725000699,0.015585351614511524,-0.21926330072154515,-0.21926330072154515,-7.809533833084144,5.739988900864732e-15,1.714614047878886e-14
2,ZBTB7B(+),0.013272849108334785,0.015385273846766644,-0.21307201954374272,-0.21307201954374272,-7.804705390214743,5.9640702141635935e-15,1.7804052792281422e-14
2,ZNF655(+),0.026972516441442468,0.02909400918808145,-0.10923198502665184,-0.10923198502665184,-7.755357818136654,8.809472861779506e-15,2.607154469384439e-14
2,ZNF675(+),0.013769703080874114,0.015351213030352999,-0.1568551982944819,-0.1568551982944819,-7.75379263482119,8.91879244606849e-15,2.6370331579877874e-14
2,CTCF(+),0.027879247236002658,0.02673341669659797,0.06054737074315936,0.06054737074315936,7.721219102803157,1.1522229144588836e-14,3.389534792692536e-14
2,ZNF696(+),0.04730639927608883,0.04353546448923239,0.11984423588862912,0.11984423588862912,7.70561156728953,1.3021815330376931e-14,3.8258274642378776e-14
2,ZNF526(+),0.01697045971043562,0.01950144230890006,-0.20055517092164163,-0.20055517092164163,-7.688394550819436,1.4899274208241286e-14,4.352649603602564e-14
2,TCF12(+),0.02499099757912777,0.022329406003668045,0.1624636107514991,0.1624636107514991,7.683182195061337,1.551846362929795e-14,4.525000851104141e-14
2,ZNF507(+),0.03202174974858,0.03429370061892087,-0.09889144783161063,-0.09889144783161063,-7.6246650112954875,2.446689112816835e-14,7.067705801638183e-14
2,FOXO3(+),0.017377620214160925,0.01963628827247962,-0.17629171687771517,-0.17629171687771517,-7.621770898749914,2.502188523554266e-14,7.219047013608426e-14
2,ZNF496(+),0.01218572373078657,0.01452654756561437,-0.2534999105467405,-0.2534999105467405,-7.619216401452036,2.5522028344864005e-14,7.349647964159535e-14
2,NR1H3(+),0.028133371235308957,0.02594381527785844,0.11689178068609626,0.11689178068609626,7.61673573355583,2.6017122432364927e-14,7.487579535212831e-14
2,ZNF281(+),0.014354408215118948,0.016089823159548083,-0.16465460468210336,-0.16465460468210336,-7.606340553800302,2.8196570920398843e-14,8.106239355278714e-14
2,PATZ1(+),0.011900088642963628,0.014064075249987143,-0.2410423560042309,-0.2410423560042309,-7.598736125428005,2.990368243459708e-14,8.590142542282217e-14
2,IRF2(+),0.03261635221019853,0.03153781028681259,0.0485129442432983,0.0485129442432983,7.577192706019885,3.531121025456924e-14,1.0106011807299698e-13
2,HSF1(+),0.042520261354142795,0.04022099491531499,0.08020169369132232,0.08020169369132232,7.572349497270151,3.66533748873243e-14,1.0477226237022854e-13
2,ZNF467(+),0.013562693198391337,0.01590501879684665,-0.2298383725536534,-0.2298383725536534,-7.561754978130106,3.9766695533964194e-14,1.1353183820237474e-13
2,ZSCAN32(+),0.02461618521638724,0.02689780189518353,-0.12788107079761127,-0.12788107079761127,-7.523917409772803,5.315893169994361e-14,1.5083887461590597e-13
2,ZNF138(+),0.013350455254502373,0.015040226954343726,-0.17193738596742456,-0.17193738596742456,-7.489808226199976,6.897432087715461e-14,1.9452684910405778e-13
2,ZNF793(+),0.016737799661701108,0.01853885709443128,-0.14744241257671545,-0.14744241257671545,-7.486471137244366,7.075009459852148e-14,1.9941394988478899e-13
2,GZF1(+),0.02074580666946619,0.023055241748674734,-0.1522750311004963,-0.1522750311004963,-7.480195638102179,7.421205058374687e-14,2.0879162626378207e-13
2,ZNF771(+),0.012729041075106619,0.015528601488957574,-0.28680414566880735,-0.28680414566880735,-7.4400693582930195,1.0063245023240599e-13,2.817587289508896e-13
2,ZFP82(+),0.019355654230731198,0.021728255581140735,-0.16681727426122325,-0.16681727426122325,-7.423191957070621,1.1433088671442539e-13,3.1934273529074315e-13
2,DMTF1(+),0.020911280428154315,0.019461934413473693,0.10362628430071423,0.10362628430071423,7.421663688455994,1.1565819507893157e-13,3.2285595921973384e-13
2,ZNF609(+),0.023947747530798463,0.02201869016127389,0.12116131152927047,0.12116131152927047,7.4064548317114,1.297203961987594e-13,3.6037753609045305e-13
2,SRCAP(+),0.025420875533274757,0.027856695045983957,-0.13201038014941202,-0.13201038014941202,-7.389348559343816,1.475499110398245e-13,4.094201533930614e-13
2,ZNF589(+),0.021622831521855897,0.024236944224475445,-0.16465235202068348,-0.16465235202068348,-7.384896646422947,1.5257185800406503e-13,4.2259766274828984e-13
2,LIN54(+),0.020789924419504155,0.018196699118064315,0.1922077342664591,0.1922077342664591,7.350772696969785,1.9706429309197325e-13,5.435651077269689e-13
2,PKNOX1(+),0.01734738850169986,0.018753936543355026,-0.11247495595806727,-0.11247495595806727,-7.311687411724212,2.6380824808556677e-13,7.237975855625857e-13
2,VEZF1(+),0.016012459413304907,0.017194768466543293,-0.10277476963649286,-0.10277476963649286,-7.304717916206301,2.778490229647292e-13,7.609721177306409e-13
2,ZNF740(+),0.014270964894744442,0.016008681227565314,-0.16577157236415777,-0.16577157236415777,-7.304732682086636,2.778185133139597e-13,7.609721177306409e-13
2,FLYWCH1(+),0.018417794153802427,0.021311829905659642,-0.21055417812575142,-0.21055417812575142,-7.288217044932433,3.1408370269215207e-13,8.581875288264979e-13
2,HHEX(+),0.009844246987085196,0.011820882632775,-0.26398497726180253,-0.26398497726180253,-7.270446307949793,3.583017063178265e-13,9.772821056055807e-13
2,EGR1(+),0.0820778689776755,0.09474369432775999,-0.20703665134286542,-0.20703665134286542,-7.253288355001038,4.06772794526028e-13,1.1068890630189805e-12
2,ZNF16(+),0.010187794061208429,0.012535610975709694,-0.29919058517559705,-0.29919058517559705,-7.2513540246772115,4.1262557982601863e-13,1.121501356519518e-12
2,E2F8(+),0.034336204954919076,0.033651517266139554,0.029059037954769776,0.029059037954769776,7.218116028044123,5.271273293325075e-13,1.423550258575289e-12
2,NR2C1(+),0.017342990501642903,0.015881528961709884,0.12700286872224456,0.12700286872224456,7.186428448846163,6.650811816737721e-13,1.7908997616664762e-12
2,TIGD7(+),0.015099539810894604,0.01705482472824263,-0.17567533639129754,-0.17567533639129754,-7.161237856995409,7.995178438247364e-13,2.1466823032172835e-12
2,AEBP1(+),0.022339110286354495,0.026177918509707746,-0.2287786512091754,-0.2287786512091754,-7.157443025749427,8.219573277631465e-13,2.205656722969275e-12
2,FOSB(+),0.11414269260038845,0.12713795496562819,-0.15555628507852712,-0.15555628507852712,-7.144700071020704,9.019260328099352e-13,2.4174532154657525e-12
2,AHR(+),0.03967490435458899,0.04255632280953115,-0.10114674880203595,-0.10114674880203595,-7.135176078204915,9.66633393806441e-13,2.5879032358679643e-12
2,HEY1(+),0.04711111460097309,0.03826614656841919,0.2999988302502953,0.2999988302502953,7.133226982000753,9.80426759165864e-13,2.62331929511834e-12
2,FOXC1(+),0.015246330674289169,0.01688839399531236,-0.14757006027472797,-0.14757006027472797,-7.1314846081212755,9.929205896339528e-13,2.6552194236325337e-12
2,ZNF708(+),0.02563440157578178,0.02368137916684654,0.11432811064545335,0.11432811064545335,7.110871439174233,1.1531251672714387e-12,3.0747797944752197e-12
2,THAP7(+),0.01760247971413563,0.019206809125653635,-0.12583917363731992,-0.12583917363731992,-7.093226212174438,1.3102102535383835e-12,3.489636827801486e-12
2,ZFP37(+),0.011280037197341893,0.013344355414814721,-0.24245777428378804,-0.24245777428378804,-7.0923476422945315,1.3185577220579557e-12,3.509857088228771e-12
2,RARA(+),0.02747396467186937,0.025758287593297666,0.09302842570837848,0.09302842570837848,7.076895148524417,1.4741998574118792e-12,3.912947621530388e-12
2,HES1(+),0.05600960109361898,0.051147885799340126,0.13099954352027554,0.13099954352027554,7.05665112658574,1.7056312650893205e-12,4.514334601903073e-12
2,ZNF256(+),0.019049446202323704,0.016311027212196245,0.22390140331067335,0.22390140331067335,6.963028062324479,3.330354477778547e-12,8.72504035492462e-12
2,E2F5(+),0.012939434989934086,0.015223492184617157,-0.23452470396071967,-0.23452470396071967,-6.9427692745054665,3.8448711363660664e-12,1.003902553593051e-11
2,HIVEP2(+),0.0378098094976928,0.03373543306148151,0.16449589398807826,0.16449589398807826,6.904311539174112,5.044748025269864e-12,1.31129572341234e-11
2,ZBTB37(+),0.01305141518531933,0.014441187230180948,-0.14598309348598562,-0.14598309348598562,-6.892247814940779,5.491759354930129e-12,1.4243005138833306e-11
2,ZNF570(+),0.023111189030177403,0.025899331400348044,-0.16432336218459997,-0.16432336218459997,-6.866259865551958,6.590696997437155e-12,1.702657817191078e-11
2,ZNF395(+),0.023400604941352248,0.021364582921269668,0.1313246672383318,0.1313246672383318,6.8607669580675035,6.849181893355334e-12,1.7674694385908627e-11
2,LEF1(+),0.01283639135767791,0.014414570979680363,-0.16728820580071455,-0.16728820580071455,-6.825875182836945,8.739088867489252e-12,2.2464342993628986e-11
2,CREBL2(+),0.01666154905031369,0.0185309125741569,-0.15341138484811428,-0.15341138484811428,-6.77518391564841,1.2424810083840625e-11,3.1797929939085234e-11
2,ZNF524(+),0.02018801533026613,0.02153421701062101,-0.09313177602726647,-0.09313177602726647,-6.689408916784966,2.2407379714454283e-11,5.6875562171388054e-11
2,EGR2(+),0.026677170085844876,0.02935474598556465,-0.13798813423073797,-0.13798813423073797,-6.687430288820136,2.271233408582596e-11,5.7618127705440514e-11
2,SP4(+),0.008242687837913446,0.009328980966042408,-0.17860462015701223,-0.17860462015701223,-6.685259704410956,2.305154771410522e-11,5.844674625110193e-11
2,ZNF420(+),0.014326621993266444,0.01577178279001603,-0.1386472541542408,-0.1386472541542408,-6.677574063696818,2.429298504792761e-11,6.152721676533465e-11
2,ZNF84(+),0.012505669226017776,0.014253379946180797,-0.1887217925526866,-0.1887217925526866,-6.6753665645868026,2.4661496184846746e-11,6.23925107726651e-11
2,ZNF687(+),0.013477203962237092,0.012425932225065479,0.11716712038672235,0.11716712038672235,6.663420967396146,2.6752593930976343e-11,6.749907594208859e-11
2,ZNF624(+),0.01558869079893258,0.017771511444696013,-0.189066604835449,-0.189066604835449,-6.649961867471196,2.9316896414115786e-11,7.376868030529136e-11
2,ZNF770(+),0.024714538437217753,0.026898031298209148,-0.1221406158831485,-0.1221406158831485,-6.639862005322359,3.1397696240309355e-11,7.883367515472268e-11
2,ZNF260(+),0.016303884432020382,0.018856243949160134,-0.20982658614836758,-0.20982658614836758,-6.638776713117769,3.162971085509103e-11,7.937331546293778e-11
2,SPEN(+),0.027204206604666138,0.025806649288599368,0.0760869153467843,0.0760869153467843,6.610883965165791,3.820318554544778e-11,9.561088192812766e-11
2,ZNF805(+),0.018109410697492674,0.020024958005249407,-0.14505960953103816,-0.14505960953103816,-6.605221250057489,3.9692409779084495e-11,9.928446064827544e-11
2,ZC3H8(+),0.018340004290552468,0.016934929278933645,0.11499200783578474,0.11499200783578474,6.598569220966771,4.151446404542076e-11,1.037861601135519e-10
2,ZNF445(+),0.01554493815812687,0.01668316451192265,-0.10194808579631412,-0.10194808579631412,-6.559365808678521,5.4037095439924226e-11,1.3436954406769167e-10
2,ZNF74(+),0.012921795353146392,0.014789170601113255,-0.19473460022034508,-0.19473460022034508,-6.557748944781887,5.462607136856844e-11,1.3576142402728752e-10
2,PRR12(+),0.019021385597032987,0.02040932915278701,-0.10160641518354495,-0.10160641518354495,-6.546445663385783,5.89225734359283e-11,1.4628292549967234e-10
2,CREB3L2(+),0.014200539082418006,0.015109338096096879,-0.08949475624649961,-0.08949475624649961,-6.520191928150941,7.021748500561459e-11,1.7385939117861394e-10
2,YBX3(+),0.019757908996825786,0.021568149610737067,-0.1264721301541607,-0.1264721301541607,-6.509545728429725,7.537840710573887e-11,1.8643913791595156e-10
2,HOXA9(+),0.031551408232461754,0.0340052986567054,-0.10805516086228743,-0.10805516086228743,-6.492203201976787,8.459005499030037e-11,2.0866744844925395e-10
2,JAZF1(+),0.022006260487007906,0.019917679121019518,0.1438644534955133,0.1438644534955133,6.486555252748819,8.78210826894203e-11,2.162931755526815e-10
2,ATF2(+),0.011092375348917008,0.012063559292848624,-0.1210872786353302,-0.1210872786353302,-6.480663666495331,9.132003399569824e-11,2.2455349809953328e-10
2,ZNF446(+),0.016156138448889548,0.01781708453993293,-0.14117886128721518,-0.14117886128721518,-6.463697669990925,1.0217491312983484e-10,2.5111241877676345e-10
2,STAT5B(+),0.009991245888284477,0.011582317236241962,-0.2131874021156132,-0.2131874021156132,-6.457842998438273,1.0620583827470282e-10,2.6074319174735444e-10
2,ZNF222(+),0.015159759823513351,0.01753925320143406,-0.2103404110696448,-0.2103404110696448,-6.447735753349268,1.1353348628910025e-10,2.782918437007233e-10
2,ZNF483(+),0.017549434361335672,0.020034180202581648,-0.19103893424720889,-0.19103893424720889,-6.44626654825598,1.1463897522723599e-10,2.8085339658782234e-10
2,ZNF148(+),0.024481222457321334,0.02283144596948476,0.10065336406401071,0.10065336406401071,6.428835426521035,1.285852479423672e-10,3.1386152217146376e-10
2,ZNF250(+),0.01659638287714102,0.018867985655260835,-0.18507155312099413,-0.18507155312099413,-6.42597084573613,1.3103051598680631e-10,3.1966215691108996e-10
2,ZNF407(+),0.023607551349269,0.021374058258301135,0.14338754578824958,0.14338754578824958,6.419547687790598,1.366798364555489e-10,3.3291968554589657e-10
2,CSRNP2(+),0.0241415263100416,0.026495171544568704,-0.13421257181600166,-0.13421257181600166,-6.407232943591578,1.4818432934301087e-10,3.6056375578747276e-10
2,ZBTB25(+),0.019754990521215224,0.021376966464598777,-0.11383997982110232,-0.11383997982110232,-6.391344856351594,1.6443306388833334e-10,3.984306634122631e-10
2,ETS1(+),0.06974637216015456,0.07273738864832956,-0.0605789540684896,-0.0605789540684896,-6.387727215669628,1.683693312019042e-10,4.077557577856335e-10
2,ZNF621(+),0.022523292169548088,0.020484672318897487,0.13687289627365362,0.13687289627365362,6.376534678376033,1.811397490708635e-10,4.3777010116241464e-10
2,REL(+),0.09751278124283343,0.09235968504233329,0.07832807470250938,0.07832807470250938,6.360366039409693,2.012735257960155e-10,4.859228312486965e-10
2,ZNF586(+),0.01589258853474966,0.01855760419273177,-0.22365633047415753,-0.22365633047415753,-6.3401589321718514,2.2952825991572662e-10,5.529869125044347e-10
2,ZNF626(+),0.024348431251331043,0.022748347839735308,0.09806705003431043,0.09806705003431043,6.312037313074687,2.7538580529489035e-10,6.610682509533673e-10
2,NR5A2(+),0.023585810320135275,0.028152770700635966,-0.2553577372258505,-0.2553577372258505,-6.307865951880174,2.829090703887713e-10,6.784267588827273e-10
2,TIGD3(+),0.020473508247443983,0.023257120804428006,-0.183914158799429,-0.183914158799429,-6.304713436428747,2.8872759295781466e-10,6.920225331728839e-10
2,ZBTB48(+),0.019419078886275816,0.0178852076379254,0.11870789665230841,0.11870789665230841,6.29759628210749,3.022965940963342e-10,7.237977729780785e-10
2,HOXA1(+),0.025567043422560994,0.02243357306747754,0.1886259074191705,0.1886259074191705,6.271822437983521,3.568463971415922e-10,8.522115756929027e-10
2,ZFHX2(+),0.03347750977501377,0.03910643294636649,-0.22421372491307084,-0.22421372491307084,-6.264432114876074,3.741865241755549e-10,8.913314896386936e-10
2,ZNF140(+),0.019790069746519656,0.017292642278761254,0.19461835984317358,0.19461835984317358,6.261641363492843,3.80946255628186e-10,9.069558852852966e-10
2,ZBTB6(+),0.023374024059686197,0.02557028989015149,-0.12956238206942586,-0.12956238206942586,-6.255417544931827,3.9645376308452425e-10,9.424399844051253e-10
2,ZNF296(+),0.039264352152410024,0.04462873599556163,-0.18475284844137335,-0.18475284844137335,-6.229215490278156,4.68776630427274e-10,1.1109527797625958e-09
2,POU2F2(+),0.01984920487615264,0.021112094117592514,-0.0889884662413975,-0.0889884662413975,-6.226395207134255,4.772892061072328e-10,1.1305499043182542e-09
2,ZNF513(+),0.012372580410066598,0.014972745567343484,-0.2751923554507952,-0.2751923554507952,-6.223877624537213,4.850154428856133e-10,1.147680454510277e-09
2,ZNF587B(+),0.034975638682238755,0.0319870359530561,0.12886308576210548,0.12886308576210548,6.206608927485949,5.414009941737611e-10,1.2791493478825637e-09
2,NME2(+),0.037738236007376684,0.04096672596894108,-0.11842560643050735,-0.11842560643050735,-6.198029951011571,5.717426268381582e-10,1.3501497212319496e-09
2,IRF1(+),0.059952998646878704,0.06187491150993052,-0.045522641884679436,-0.045522641884679436,-6.174877050646985,6.621497828246481e-10,1.5612617975738528e-09
2,JUN(+),0.10791381187161603,0.11999632225670535,-0.1531106613409018,-0.1531106613409018,-6.168084745693089,6.912209796696785e-10,1.6256817471218516e-09
2,STAT2(+),0.02071843711013473,0.01885402485394011,0.13604263591606378,0.13604263591606378,6.159579598620383,7.293831215933772e-10,1.711967963517553e-09
2,ZNF561(+),0.019566045010368866,0.021765263091529034,-0.15367528586967594,-0.15367528586967594,-6.138663729126483,8.321851355332193e-10,1.947355140832143e-09
2,NKRF(+),0.019548459219807957,0.021297612366500795,-0.12363679478973683,-0.12363679478973683,-6.125499946808225,9.039930146085536e-10,2.1100741471641866e-09
2,ZNF319(+),0.007454552330198677,0.009003300722278075,-0.2723322584725516,-0.2723322584725516,-6.100516077282155,1.0572654681180689e-09,2.4616531826608673e-09
2,ZNF277(+),0.016967009331460097,0.018010429220770643,-0.08610026626905647,-0.08610026626905647,-6.095407082686398,1.0915930358425365e-09,2.539033375808003e-09
2,ZNF25(+),0.020802220951551938,0.01809109872297592,0.20145752617998985,0.20145752617998985,6.088887946518691,1.1369765830062674e-09,2.6419490885763442e-09
2,ZNF594(+),0.015372204544650433,0.017792305282394026,-0.21092935620810904,-0.21092935620810904,-6.083254763171057,1.1776699284404473e-09,2.7324060028001388e-09
2,ZNF257(+),0.009185417447276066,0.011449364638007008,-0.3178503159827691,-0.3178503159827691,-6.082671510897843,1.1819635014719098e-09,2.7409987340674095e-09
2,ZNF518B(+),0.030934062188725825,0.027385204587674655,0.17579963276086685,0.17579963276086685,6.0709695507327055,1.2714029592894524e-09,2.9410690965634994e-09
2,ZNF639(+),0.01829463807040618,0.019486987023621408,-0.09109016643497092,-0.09109016643497092,-6.070127895553636,1.278084240504408e-09,2.955052910474353e-09
2,SNAI3(+),0.01528199244270532,0.01424646805035664,0.10122835097110983,0.10122835097110983,6.057133920859226,1.385682230715885e-09,3.197463468293734e-09
2,KLF16(+),0.007956400398101093,0.009711108853675614,-0.287520124818219,-0.287520124818219,-6.0065533977731995,1.8950858152594444e-09,4.334157366755352e-09
2,RFX5(+),0.0145443825703249,0.016069862414536975,-0.1438955144298305,-0.1438955144298305,-6.002544461262367,1.9424904513548752e-09,4.438203712023313e-09
2,ZBTB10(+),0.024524650712573575,0.026221336078528803,-0.09650860522491002,-0.09650860522491002,-5.991056606362082,2.084820519306894e-09,4.761057675604976e-09
2,ZNF799(+),0.013698969418934807,0.016578828870234277,-0.27527471752861593,-0.27527471752861593,-5.989971314157492,2.0987805278055032e-09,4.788229642267467e-09
2,ZNF75D(+),0.01886339609790449,0.01706711441568445,0.14437027043110376,0.14437027043110376,5.987837644449148,2.1264917103067187e-09,4.846689889290828e-09
2,NFATC3(+),0.019203825313349944,0.019946377376849424,-0.054733030145784074,-0.054733030145784074,-5.982226609922017,2.2010775364236236e-09,5.0093116887250035e-09
2,ZNF3(+),0.02521580275243772,0.027878357318765423,-0.14481739543496644,-0.14481739543496644,-5.976290726027525,2.2827546912210904e-09,5.18503449424057e-09
2,EGR4(+),0.016624948385954002,0.019128686413153347,-0.20238793274428024,-0.20238793274428024,-5.96686271143391,2.41858741097566e-09,5.488196640929136e-09
2,NR3C1(+),0.025209831148923202,0.023646636520659636,0.09235146119683342,0.09235146119683342,5.961465782171629,2.4998527015733664e-09,5.661538663485269e-09
2,SP110(+),0.025066172539843317,0.02305415383053843,0.12071500206222686,0.12071500206222686,5.956829295746578,2.5717862348804022e-09,5.815943067682311e-09
2,ZNF320(+),0.01297758668041113,0.012479946899497888,0.05641032369585043,0.05641032369585043,5.952687466312735,2.637747192063538e-09,5.9593072505521084e-09
2,MAZ(+),0.049224334418991454,0.04814038797060833,0.03212392961362203,0.03212392961362203,5.886277919508064,3.949898979252138e-09,8.86342065634115e-09
2,ZMAT1(+),0.010409312366768654,0.011798781701702992,-0.18076311545956233,-0.18076311545956233,-5.868049440235053,4.4095178076057524e-09,9.856694040581675e-09
2,MAFK(+),0.017597612137754952,0.019156121102636623,-0.12242577519672888,-0.12242577519672888,-5.865915770526709,4.466605111488652e-09,9.979500116818081e-09
2,KLF11(+),0.01566370639656733,0.0169327182852757,-0.11238795907106328,-0.11238795907106328,-5.86021614071757,4.6226509322685744e-09,1.0323179605955543e-08
2,ZNF175(+),0.029920742402269898,0.033109858446699,-0.1461148659616035,-0.1461148659616035,-5.85904963617114,4.655235516187975e-09,1.0390950971981329e-08
2,ZNF717(+),0.021054673321593026,0.022796610268107816,-0.11467882297092731,-0.11467882297092731,-5.826431806512104,5.662498949645003e-09,1.2584836182344995e-08
2,MAX(+),0.015892995801675164,0.016569828540822666,-0.060167574600550784,-0.060167574600550784,-5.82386254333389,5.750287658722278e-09,1.277383365603299e-08
2,ZNF292(+),0.02532105681319267,0.026796168238713457,-0.08168909267557221,-0.08168909267557221,-5.783389265336869,7.321038628593685e-09,1.6208877230608992e-08
2,HMGN3(+),0.0668935197541803,0.06501461847797062,0.0411023140220963,0.0411023140220963,5.780066942261594,7.467090774976824e-09,1.6524362386740043e-08
2,ETV7(+),0.028339961561791374,0.030171771833362768,-0.09036161646625748,-0.09036161646625748,-5.743240836707208,9.288147516337352e-09,2.045682561089948e-08
2,ZNF350(+),0.01959960006276052,0.021529219385972208,-0.13547178820678843,-0.13547178820678843,-5.726747348373507,1.023744569997224e-08,2.2526260197238775e-08
2,ZNF165(+),0.03578613864264091,0.033419018313128566,0.09873152645506461,0.09873152645506461,5.717311950839726,1.0822233403406197e-08,2.3779221456396302e-08
2,ZNF419(+),0.012242727651388926,0.014419793205110809,-0.2361254342234701,-0.2361254342234701,-5.7135097366535765,1.1066953863506587e-08,2.4293951179578496e-08
2,ZNF22(+),0.045180960301896694,0.04367483492960464,0.04891268337726364,0.04891268337726364,5.691176342647559,1.2616712307534662e-08,2.7591633083097223e-08
2,TSC22D1(+),0.018938817589757545,0.021130304623177304,-0.15796729640182092,-0.15796729640182092,-5.688060741896967,1.2849012294922655e-08,2.8073218301935905e-08
2,ZGPAT(+),0.028932251188027905,0.034008692767968085,-0.2332249628876945,-0.2332249628876945,-5.680094549456474,1.3462030460649599e-08,2.9398745411244656e-08
2,KLF4(+),0.02090432100861342,0.02347480840504032,-0.16731219139400183,-0.16731219139400183,-5.674697620194193,1.3893384579142862e-08,3.0312245829083415e-08
2,ZNF571(+),0.01881788715863745,0.019878568402974497,-0.07910920408720588,-0.07910920408720588,-5.672157888776649,1.410099222034364e-08,3.075075533497474e-08
2,ZNF487(+),0.020123675177653486,0.02225917258733064,-0.14550615133607958,-0.14550615133607958,-5.630820806780056,1.793539965767593e-08,3.892987449060967e-08
2,NFIA(+),0.019834436311523006,0.021250804383549423,-0.09951004907587362,-0.09951004907587362,-5.627978374815654,1.8233394134048997e-08,3.955820446177375e-08
2,ZNF362(+),0.021625588520881707,0.020407366018612507,0.08364940539523882,0.08364940539523882,5.613670236771468,1.9807953849788752e-08,4.2814306948473124e-08
2,ATF3(+),0.09551680527247325,0.10720955108072397,-0.1666069475894145,-0.1666069475894145,-5.572473430638054,2.5114780362973543e-08,5.4083520994905937e-08
2,ANKZF1(+),0.025528234575392817,0.026901018799021927,-0.07556703835968648,-0.07556703835968648,-5.571853263664002,2.5204367008012303e-08,5.4251290431982e-08
2,EOMES(+),0.03761998069097313,0.038848732038260246,-0.046368402506799536,-0.046368402506799536,-5.567866475973672,2.5787730629556628e-08,5.5455559617727105e-08
2,ZNF501(+),0.022743976451969277,0.02458190036280915,-0.11211193585107157,-0.11211193585107157,-5.559582817105985,2.704202560290697e-08,5.80722186433208e-08
2,NFYC(+),0.01655850818348239,0.017492757526260897,-0.07918502531446577,-0.07918502531446577,-5.538423310586564,3.052068392572829e-08,6.542158598754403e-08
2,GLYR1(+),0.013092587926101108,0.014019139651998025,-0.09864751371693317,-0.09864751371693317,-5.518651796818593,3.4161031492391724e-08,7.30561654153589e-08
2,TCF7(+),0.018164348601620292,0.019748656322644036,-0.12064486117274047,-0.12064486117274047,-5.517470526391827,3.4391373961383086e-08,7.35149250117922e-08
2,ZNF652(+),0.02628901865377061,0.027445981794935306,-0.06213465745746022,-0.06213465745746022,-5.517160442904802,3.445208805275333e-08,7.35769880482939e-08
2,DEAF1(+),0.008975561419847414,0.010222581766992134,-0.18768549573371143,-0.18768549573371143,-5.502837538980281,3.7372678025093725e-08,7.966777853444715e-08
2,ZBTB41(+),0.01755765191041164,0.01918043827890363,-0.12753576225066096,-0.12753576225066096,-5.496192892829731,3.8807801139460016e-08,8.261330719193024e-08
2,GTF2IRD2(+),0.011830317262955671,0.013370192131924015,-0.17653141921889964,-0.17653141921889964,-5.491755745789196,3.9795752163552965e-08,8.458351360003153e-08
2,NFE2L2(+),0.054449662143145644,0.056849144676839346,-0.062215544975975715,-0.062215544975975715,-5.452899331688809,4.9555125710473044e-08,1.0501074768482997e-07
2,ZNF519(+),0.037200246329586704,0.03582671859204946,0.05427626140101294,0.05427626140101294,5.442592747215288,5.251060441845056e-08,1.1112152962355482e-07
2,PHF21A(+),0.014800302657989416,0.013594764449442203,0.12257551519508206,0.12257551519508206,5.437542816140869,5.402037159114017e-08,1.1416043040984808e-07
2,NRF1(+),0.015342879939367145,0.014227738164435599,0.10886297276014145,0.10886297276014145,5.420045247944419,5.9583952639085476e-08,1.2574623353409905e-07
2,GTF3A(+),0.08819596191200109,0.08541002104185619,0.04630725315409445,0.04630725315409445,5.402887294995663,6.557666612286935e-08,1.3814222863525086e-07
2,PLAGL1(+),0.014887973480898977,0.013806873891773349,0.1087606769605121,0.1087606769605121,5.382023106082934,7.365330761647078e-08,1.5466528656352024e-07
2,ZNF850(+),0.01399216546980569,0.012632059454366951,0.1475293779725342,0.1475293779725342,5.354425675737647,8.582859043695839e-08,1.7950193722632675e-07
2,ZNF646(+),0.012859972764053521,0.01442622745911201,-0.16580647676921031,-0.16580647676921031,-5.339519519539911,9.31932360842705e-08,1.943792463455036e-07
2,HES4(+),0.018544309343988208,0.020287969442535497,-0.12964793318873177,-0.12964793318873177,-5.329338445049234,9.857115808374412e-08,2.054118570206332e-07
2,MXD3(+),0.062058143085352444,0.06154676999704526,0.011937383351722432,0.011937383351722432,5.322885755343033,1.0213389371249065e-07,2.1264542191596552e-07
2,ZBED3(+),0.012770732376324019,0.011053516592012515,0.2083358205104247,0.2083358205104247,5.320220513942645,1.0364155260291019e-07,2.1568772931922842e-07
2,ZNF121(+),0.017480928321515782,0.01613227609998802,0.11583179158788495,0.11583179158788495,5.319548666387423,1.0402498570106616e-07,2.1638874096795892e-07
2,ZNF853(+),0.03462042622411042,0.03322987269145542,0.05914271872758349,0.05914271872758349,5.317112296132221,1.0542700805254002e-07,2.1920700644764924e-07
2,ZXDA(+),0.062450741988606555,0.058214890672379976,0.10133048671152384,0.10133048671152384,5.2878537042492955,1.2375989385049673e-07,2.565215113500925e-07
2,TOPORS(+),0.03273212183338659,0.03578893169086342,-0.12880634884549835,-0.12880634884549835,-5.269403736771266,1.368676249233634e-07,2.831849076922151e-07
2,SMAD5(+),0.021821434973721892,0.02283797595899862,-0.06568881681921994,-0.06568881681921994,-5.269167482685913,1.370438816679015e-07,2.834233438768488e-07
2,SP1(+),0.027724031081106416,0.026648133504886252,0.057102551925676676,0.057102551925676676,5.2679862122591485,1.3792846394770933e-07,2.851258188861192e-07
2,ZNF618(+),0.011390365997934537,0.012355009004018789,-0.11728194736850961,-0.11728194736850961,-5.238107453402172,1.6223160301625666e-07,3.3432377817680223e-07
2,ZNF597(+),0.01222625157017046,0.014002487860979402,-0.195701004871341,-0.195701004871341,-5.215087445960598,1.8373053987390643e-07,3.769559883897064e-07
2,IKZF4(+),0.01776700180085372,0.019162143596089053,-0.10905870730492342,-0.10905870730492342,-5.2107979577234085,1.8803013516395965e-07,3.856070542324912e-07
2,ZNF544(+),0.027820911420933844,0.029377303595365476,-0.07853229727355739,-0.07853229727355739,-5.203946589248174,1.9510010135872207e-07,3.9975296462781825e-07
2,PRDM2(+),0.02086855679293427,0.019468630743923878,0.10017940563320894,0.10017940563320894,5.160121456415208,2.4678968439142337e-07,5.041064573430789e-07
2,ATF1(+),0.009665209052727239,0.010620027686571692,-0.1359146713315431,-0.1359146713315431,-5.152502262162576,2.5703351594095647e-07,5.248002995805463e-07
2,ZNF345(+),0.020424920218680438,0.02216645194219633,-0.11804741604749737,-0.11804741604749737,-5.137116214853968,2.7898644208373667e-07,5.686230906006831e-07
2,HIVEP1(+),0.01721792049731213,0.01578096343369404,0.12572561832448542,0.12572561832448542,5.123413477903499,3.000533650377797e-07,6.110249366946457e-07
2,ZNF317(+),0.02994849580975085,0.028348968587056888,0.0791872945198577,0.0791872945198577,5.106225993194074,3.2865660247277815e-07,6.666418858017705e-07
2,FOXN2(+),0.013732449549120666,0.014603441051168486,-0.08871935768418053,-0.08871935768418053,-5.103110392443482,3.3411596839537414e-07,6.774197613254094e-07
2,TAL1(+),0.019318657754047855,0.017410696893791197,0.15002090154176412,0.15002090154176412,5.0985403524799375,3.4228257264676644e-07,6.933722415805626e-07
2,ZNF32(+),0.03252033802223359,0.034180542441791695,-0.07183303734481512,-0.07183303734481512,-5.0849188278713084,3.6778332669953356e-07,7.437325000084168e-07
2,STAT6(+),0.01629737268102611,0.01721370693587939,-0.07891840288473638,-0.07891840288473638,-5.080562893172614,3.763181164759361e-07,7.606604225547098e-07
2,PCGF6(+),0.03237407334571295,0.031124598676157782,0.056783661803227914,0.056783661803227914,5.072973230680652,3.916476123857142e-07,7.90270703532425e-07
2,ZNF528(+),0.019931993538016626,0.021175890329158342,-0.08733661252406466,-0.08733661252406466,-5.07083217803214,3.960799317538169e-07,7.985205221338888e-07
2,MBD2(+),0.033854903323278875,0.03312080700257155,0.03162697337950447,0.03162697337950447,5.0669192197434825,4.043057536400076e-07,8.147506401986271e-07
2,NFIX(+),0.0227734593082566,0.024540433960753585,-0.10780730181142474,-0.10780730181142474,-5.0615813540025405,4.1579324666673845e-07,8.37173658763329e-07
2,ZNF197(+),0.022209470176952687,0.023289406337667913,-0.06849888499995208,-0.06849888499995208,-5.055062217834833,4.302504815809573e-07,8.65907056734639e-07
2,ZNF71(+),0.017532547667234374,0.019108913405956596,-0.12421008720251929,-0.12421008720251929,-5.051068047204335,4.393465097409284e-07,8.838304624281561e-07
2,E2F7(+),0.02864735826613682,0.027048133248952298,0.08287307452027731,0.08287307452027731,5.050086116162087,4.416109363317092e-07,8.876169620340932e-07
2,POGK(+),0.01916412680916183,0.020695515665022805,-0.1109099257817474,-0.1109099257817474,-5.0489934410173305,4.441439844995199e-07,8.919363631648379e-07
2,ZNF691(+),0.026575192859208795,0.027927425269885807,-0.07160240826121919,-0.07160240826121919,-5.045479161497705,4.523862000928885e-07,9.077036282641327e-07
2,ZNF417(+),0.010707763792824863,0.01196705157528772,-0.16041051337306383,-0.16041051337306383,-5.040311103380611,4.647756803597399e-07,9.317578917872213e-07
2,SAFB2(+),0.024504401941910618,0.025439304505342594,-0.054018290071666954,-0.054018290071666954,-5.028335974429285,4.947544612003774e-07,9.90148415457024e-07
2,HOXA3(+),0.009642205728254931,0.01138963495946127,-0.24028636926972394,-0.24028636926972394,-5.02232626113312,5.10493691251279e-07,1.0204143758538473e-06
2,HOXA10(+),0.022577136166777336,0.021600166772616395,0.06382004252026549,0.06382004252026549,5.021085927185017,5.138016634272046e-07,1.0264983770405873e-06
2,ZNF846(+),0.02548658005450296,0.026865125625595145,-0.07599678474148508,-0.07599678474148508,-5.020318101407621,5.158598041590095e-07,1.0301671497500424e-06
2,ZNF598(+),0.013596977683627307,0.014701432928082315,-0.1126707644488758,-0.1126707644488758,-5.016892417170003,5.251395381964408e-07,1.0482480253212152e-06
2,ZNF525(+),0.013805164375015718,0.015106038383505792,-0.12991728292329083,-0.12991728292329083,-5.012573397172145,5.37068788977509e-07,1.071599881787169e-06
2,CSRNP1(+),0.06476270628482586,0.07039551368917978,-0.12032021314372962,-0.12032021314372962,-5.010129643976776,5.439338039928928e-07,1.084365888217591e-06
2,TIGD6(+),0.013169345913650944,0.01530968317940431,-0.21726071995829463,-0.21726071995829463,-4.996707458752663,5.831743269015233e-07,1.1610993349582409e-06
2,ZNF830(+),0.028846371912783712,0.03011762705378805,-0.062218224896785135,-0.062218224896785135,-4.991347444191219,5.995953015909577e-07,1.1917501822379111e-06
2,ZNF224(+),0.02301734046715503,0.023779434853955384,-0.04699327888717523,-0.04699327888717523,-4.991229317148543,5.999621688343121e-07,1.191969321743105e-06
2,NFATC1(+),0.014916008683269514,0.016227825330516532,-0.12160812927819423,-0.12160812927819423,-4.989442645628061,6.055374914513561e-07,1.201504334810572e-06
2,GMEB1(+),0.01626899546245583,0.01720227166039738,-0.0804739151906952,-0.0804739151906952,-4.984540373356988,6.2109276593034e-07,1.2307917652501833e-06
2,TCF4(+),0.02283889360006323,0.021077982393144457,0.11575598038386815,0.11575598038386815,4.974484808849154,6.54213940632789e-07,1.2936669877561963e-06
2,ZNF76(+),0.01173578144803564,0.013194108121636796,-0.16897990943368085,-0.16897990943368085,-4.952262158945646,7.335568708874223e-07,1.4450261515148758e-06
2,ZNF660(+),0.017541901096270494,0.019537774855084247,-0.15546105289439754,-0.15546105289439754,-4.947736416623104,7.508148466784786e-07,1.478395490810315e-06
2,ZNF837(+),0.017191661934075224,0.01903474197259679,-0.1469259870664641,-0.1469259870664641,-4.93868493197802,7.865116846856734e-07,1.5467175170893112e-06
2,EEA1(+),0.023356357695390455,0.021420003038725627,0.1248566205019041,0.1248566205019041,4.901334637671758,9.518775386382203e-07,1.8632411154549234e-06
2,ZBTB14(+),0.01778762276995953,0.019186924740072355,-0.10924977626758996,-0.10924977626758996,-4.889197084036752,1.0124809077371475e-06,1.9785333682957717e-06
2,TGIF2(+),0.01002361672241905,0.009187878872671315,0.12559940039801637,0.12559940039801637,4.880130833511334,1.0601548653442614e-06,2.069953488660821e-06
2,JUNB(+),0.12266966610542135,0.1342719499001288,-0.13037940699087805,-0.13037940699087805,-4.868805403294728,1.1227490127893038e-06,2.189407709658403e-06
2,MEF2D(+),0.028239409120435172,0.026916162455625177,0.06923716571809808,0.06923716571809808,4.857110826069759,1.191109343683399e-06,2.3188193216300873e-06
2,ZNF564(+),0.014456701062379698,0.017531796654001088,-0.2782354582085571,-0.2782354582085571,-4.841798608162823,1.2866913620736405e-06,2.502797896495838e-06
2,ELK3(+),0.012381218385636031,0.013260031320487602,-0.09893088408637353,-0.09893088408637353,-4.840322020129367,1.2962890555279035e-06,2.5193567627310094e-06
2,ZNF207(+),0.07412028824991448,0.07270683261297116,0.027777544011552396,0.027777544011552396,4.8219975626341816,1.4212768289909723e-06,2.7542056198010293e-06
2,ZNF429(+),0.019443741973848596,0.018549491596858043,0.06792624454974522,0.06792624454974522,4.813684372005826,1.4817276921623152e-06,2.8653726603222127e-06
2,PRDM10(+),0.011701838921930026,0.01252545209059256,-0.09812740410305952,-0.09812740410305952,-4.79804730473153,1.602199442722147e-06,3.090621433324075e-06
2,THAP6(+),0.01643107882924821,0.017613555345889074,-0.10025893709073358,-0.10025893709073358,-4.79519748982696,1.6251464491218075e-06,3.1335845812249053e-06
2,ASH1L(+),0.027079737773652746,0.025560448676908216,0.08330060454876706,0.08330060454876706,4.790132792872208,1.6667097427231464e-06,3.2097291687184973e-06
2,ZHX3(+),0.01887940097859785,0.016924157402144657,0.15772897299351163,0.15772897299351163,4.760541968681754,1.9307377815342852e-06,3.704368853873091e-06
2,CHAMP1(+),0.030113074322497116,0.029182904386309907,0.045266530027180785,0.045266530027180785,4.7240407124947295,2.3120409970033924e-06,4.421338176649139e-06
2,NR4A1(+),0.10690633266446611,0.11888934222959006,-0.15327207536175722,-0.15327207536175722,-4.719802904838711,2.3607326895351503e-06,4.5107376976103556e-06
2,SMAD4(+),0.019939487302150918,0.021182294758987003,-0.08723057157875432,-0.08723057157875432,-4.7020247849159045,2.575942224197534e-06,4.913861039588314e-06
2,ZNF45(+),0.016629630211375295,0.018641268859475573,-0.16474396606371094,-0.16474396606371094,-4.694641844748626,2.6707423802306734e-06,5.09261016263197e-06
2,FOS(+),0.10109460616436751,0.11004307451856053,-0.12236232669755513,-0.12236232669755513,-4.685738018906887,2.7895290058166073e-06,5.314750710425816e-06
2,SRF(+),0.017763488918820982,0.018688739827552436,-0.07325431953240075,-0.07325431953240075,-4.659129902544016,3.1754877065515133e-06,6.032777258458805e-06
2,CAMTA2(+),0.018076023637810558,0.016701580191919432,0.11409273482874044,0.11409273482874044,4.649952907916088,3.320108288915366e-06,6.302371476098027e-06
2,ZNF66(+),0.024125626368338777,0.02246654175141141,0.1027883255840094,0.1027883255840094,4.644725786277655,3.405284477817726e-06,6.458777623300669e-06
2,PRDM8(+),0.019531775336913068,0.021713246154824794,-0.15275233052505277,-0.15275233052505277,-4.635024602897851,3.5689502982486143e-06,6.760919304798048e-06
2,KLF5(+),0.0715445613825919,0.0658314541789101,0.12006503331812515,0.12006503331812515,4.6295538442338975,3.6645443209715464e-06,6.939179931069235e-06
2,PURA(+),0.014887600722289382,0.015616290237819153,-0.06894049836790744,-0.06894049836790744,-4.613355673506888,3.962194240371157e-06,7.484502743604728e-06
2,TSHZ1(+),0.013908922011246985,0.014694328824087622,-0.07924884819105177,-0.07924884819105177,-4.60477669703251,4.1290868163170356e-06,7.79342066712419e-06
2,ZBTB2(+),0.015293999261150368,0.016228345787808535,-0.08555023348737763,-0.08555023348737763,-4.604318954742139,4.138178318064014e-06,7.807407915275119e-06
2,ZNF787(+),0.03280732683420558,0.031504859012968615,0.058443691465227286,0.058443691465227286,4.5965816334468315,4.294787527448444e-06,8.093017470587433e-06
2,ZNF101(+),0.017434761502245488,0.018190570019281746,-0.061224119527101585,-0.061224119527101585,-4.590483324868659,4.422207880050007e-06,8.326370329482076e-06
2,TFAP2E(+),0.014475691019754332,0.016308806730214488,-0.1720189975841954,-0.1720189975841954,-4.589132246818047,4.450923918733809e-06,8.377042788702814e-06
2,KMT2A(+),0.02781358757242605,0.02870005180668162,-0.04526349490355724,-0.04526349490355724,-4.560036079618802,5.114483272106382e-06,9.587076190046063e-06
2,ZNF780A(+),0.016398591265927263,0.01765607676170152,-0.10659291645322229,-0.10659291645322229,-4.535945545852972,5.7345976212966714e-06,1.0701971053002425e-05
2,ZNF718(+),0.023328841820902724,0.022113967932155143,0.07715676930252911,0.07715676930252911,4.505387556500605,6.625191412533818e-06,1.232933257661041e-05
2,ZNF606(+),0.012630119952012853,0.013751420389780054,-0.12271229267938599,-0.12271229267938599,-4.484892514596241,7.295069911979776e-06,1.3554239896458424e-05
2,ZNF461(+),0.02684183034215373,0.025361582645640736,0.08183827183700959,0.08183827183700959,4.477169959181267,7.563903206497897e-06,1.4036887892202448e-05
2,HOXB2(+),0.018791868697761224,0.02000261509541452,-0.09008008415796975,-0.09008008415796975,-4.476313538121863,7.594293349522433e-06,1.4082032977457765e-05
2,ZNF611(+),0.013692991811054272,0.014460540978055665,-0.0786838212864885,-0.0786838212864885,-4.476343069882532,7.5932434728510484e-06,1.4082032977457765e-05
2,ZNF251(+),0.015217435607384672,0.01649466530981186,-0.11627423634072298,-0.11627423634072298,-4.4745859301227195,7.655953274318905e-06,1.4190703495295815e-05
2,NFAT5(+),0.026484477455794245,0.025220368467127476,0.07055768806071167,0.07055768806071167,4.468517153305216,7.87636975067554e-06,1.4593433383281963e-05
2,ZNF567(+),0.010925631377628843,0.01181018979087631,-0.11231548572589124,-0.11231548572589124,-4.4654458501956285,7.99021803509563e-06,1.4798470005191069e-05
2,MECP2(+),0.019504421498405346,0.018585920954214564,0.06959102776845429,0.06959102776845429,4.42987484446968,9.428779205318556e-06,1.7414186643620155e-05
2,ZNF219(+),0.02058118556947004,0.021740682615689264,-0.07907114480020955,-0.07907114480020955,-4.428280129393547,9.498748225133323e-06,1.753644098002555e-05
2,ZNF473(+),0.018867103938936557,0.02059418253699041,-0.1263638655102363,-0.1263638655102363,-4.40627158475489,1.0516509394560974e-05,1.9369225272694576e-05
2,HIVEP3(+),0.03165774595727733,0.03060400609120373,0.048838021841046395,0.048838021841046395,4.394672985752096,1.1093963107182229e-05,2.0400419094561146e-05
2,KIN(+),0.01198288508752832,0.012744909598628883,-0.08894582915052844,-0.08894582915052844,-4.391749341445853,1.1244228715035878e-05,2.066855654188431e-05
2,MBD6(+),0.022911020931554085,0.021271875519556543,0.10709450289434748,0.10709450289434748,4.36343576590434,1.2803554649512773e-05,2.348835361255404e-05
2,ZNF557(+),0.023794451959107808,0.025436810392203513,-0.09629254733190008,-0.09629254733190008,-4.315335910714519,1.5936038982540775e-05,2.9108494327134056e-05
2,CREB3L4(+),0.034299861241352064,0.0323518299871931,0.08435541667969777,0.08435541667969777,4.312013587639244,1.617744896065215e-05,2.951463095924165e-05
2,ZFP69(+),0.013370814993808648,0.01442437742651989,-0.10942163890585002,-0.10942163890585002,-4.284401391413622,1.8323185208333855e-05,3.332466534561893e-05
2,MYB(+),0.016924168568129363,0.021267344779970613,-0.3295549467858662,-0.3295549467858662,-4.27078724974516,1.947841583717019e-05,3.537030553700373e-05
2,ZBTB21(+),0.02161332253673453,0.020263566219439373,0.09303276617750941,0.09303276617750941,4.255903242367927,2.0820674047854564e-05,3.77188397096883e-05
2,ZNF443(+),0.012786225184823419,0.014921518131736729,-0.22280390107458045,-0.22280390107458045,-4.251820476455421,2.120398072702659e-05,3.833884409382581e-05
2,THAP9(+),0.009118236506330597,0.009910486224590172,-0.12020099754922309,-0.12020099754922309,-4.25079424777217,2.1301378507341858e-05,3.849996232163538e-05
2,ZNF782(+),0.015500353357776477,0.01427529544977647,0.11878049190549293,0.11878049190549293,4.244585195091489,2.189981531447545e-05,3.952006298979738e-05
2,ZBTB5(+),0.012206760127991413,0.013537630198944708,-0.1492948650023383,-0.1492948650023383,-4.240022538068111,2.23497345252124e-05,4.0285027888867524e-05
2,TERF2(+),0.026617032741900346,0.02552946820272863,0.060186261056004664,0.060186261056004664,4.238331844769803,2.251867531156644e-05,4.0573796284804546e-05
2,ZNF333(+),0.012367219970361137,0.013503379617616109,-0.12679928641166172,-0.12679928641166172,-4.196500105782003,2.7107133535004556e-05,4.852124673221432e-05
2,THAP1(+),0.024634171063253205,0.02403663500382288,0.035425983659466136,0.035425983659466136,4.176064127398976,2.965962383751088e-05,5.294540750202794e-05
2,ZNF24(+),0.021856194712813935,0.02323875372950779,-0.0884904551344379,-0.0884904551344379,-4.16191841403847,3.1558511021881425e-05,5.618600371661143e-05
2,ZNF19(+),0.014843926699685447,0.015552041846816718,-0.06723121954286951,-0.06723121954286951,-4.116077738539837,3.853743713964563e-05,6.834913918047115e-05
2,ZNF566(+),0.01838907099083836,0.01962885770884901,-0.09412761624175078,-0.09412761624175078,-4.092474478825047,4.2679422960468504e-05,7.537867667352706e-05
2,HOXA5(+),0.018180055499145135,0.02012694146797937,-0.14677134256602486,-0.14677134256602486,-4.0861251502811875,4.386372418334536e-05,7.73820732364752e-05
2,HBP1(+),0.03016086268901815,0.028855068808222088,0.06385292105105332,0.06385292105105332,4.080573179275394,4.492478253707777e-05,7.916373857538932e-05
2,ZNF266(+),0.0171580136022919,0.018045541781859326,-0.07275991334479648,-0.07275991334479648,-4.062440678224558,4.85622909435335e-05,8.5346894223501e-05
2,ZNF580(+),0.014318162570140075,0.015137169492962437,-0.08024908937485922,-0.08024908937485922,-4.055175865099955,5.0096597056372654e-05,8.797682167366766e-05
2,ZKSCAN8(+),0.013965544729069015,0.014808189317984756,-0.08452339161228847,-0.08452339161228847,-4.048420474846895,5.1564448572930783e-05,9.045198777238048e-05
2,ZBED4(+),0.016169691242049835,0.016973838113045092,-0.07002068777152039,-0.07002068777152039,-4.039848881312685,5.348565232563956e-05,9.368056374532268e-05
2,ZNF710(+),0.01976527522143405,0.02087458826132991,-0.07877969360420758,-0.07877969360420758,-4.029379872155484,5.5924184998118816e-05,9.769380944575476e-05
2,ZNF184(+),0.010828553508156967,0.011450245415357656,-0.08053797419327029,-0.08053797419327029,-4.025201128020805,5.692663937365568e-05,9.929562143846439e-05
2,USF2(+),0.02307289702445672,0.02403477053613109,-0.05892386774236858,-0.05892386774236858,-4.019693454656014,5.827391471082085e-05,0.00010149318853834379
2,ZNF282(+),0.016917878922191976,0.018962237638225087,-0.1645805082560548,-0.1645805082560548,-4.018202100742224,5.864388931424629e-05,0.00010206102130561034
2,ZNF34(+),0.01170062190203083,0.010593646313518416,0.14338595214587155,0.14338595214587155,4.01810612252005,5.866777558893392e-05,0.00010206435116501801
2,ZNF441(+),0.018544086846909898,0.01964452126700701,-0.08316777768293257,-0.08316777768293257,-4.004979254902628,6.20229239991188e-05,0.00010769961943024555
2,ZNF174(+),0.015196422803023675,0.015193925646966032,0.00023709069592503862,0.00023709069592503862,-4.003008009877965,6.254218386890754e-05,0.0001085607040624348
2,KDM2B(+),0.025481640790097383,0.026620063678049994,-0.06305584265256088,-0.06305584265256088,-3.9867655415099517,6.69801557849099e-05,0.00011600403565283613
2,DLX2(+),0.03188193308487683,0.03713418305577727,-0.22000872692243603,-0.22000872692243603,-3.9730480386791482,7.095873127801672e-05,0.0001227115810820505
2,GPBP1(+),0.0742452169875223,0.07195948860505363,0.04511315342435199,0.04511315342435199,3.9678799805620533,7.251483509417813e-05,0.00012530930394808682
2,ZNF684(+),0.023614542035333322,0.024775514899645086,-0.06923948072108069,-0.06923948072108069,-3.966285265485921,7.300148431737885e-05,0.00012605646641420995
2,GLI1(+),0.019993713406195553,0.01873452037197888,0.09384739870297024,0.09384739870297024,3.9601795739675816,7.489342389924191e-05,0.00012913138604750507
2,RARG(+),0.019074876818290776,0.02080072642221458,-0.12496016564578007,-0.12496016564578007,-3.9387985792431426,8.189064035012526e-05,0.0001408300719830921
2,TP53(+),0.04459317433663318,0.04341050219473734,0.038778787234530904,0.038778787234530904,3.9152396171693566,9.031446711748649e-05,0.00015497255255290902
2,ZNF573(+),0.004314161700220993,0.006394098190578483,-0.5676605386256703,-0.5676605386256703,-3.8988273411774963,9.665966512607836e-05,0.00016555462555701842
2,HIC1(+),0.01843847487566387,0.01913920116587262,-0.05381128356211391,-0.05381128356211391,-3.8959110798114214,9.783027867818578e-05,0.000167497841673488
2,ZFP64(+),0.016438670664579137,0.017630931059808574,-0.101015018789706,-0.101015018789706,-3.8885872031654807,0.00010082944286195747,0.00017244210680920195
2,MSANTD3(+),0.011476299538492576,0.01315103340166549,-0.19651862528154018,-0.19651862528154018,-3.8390624405233758,0.00012350502151428863,0.00021021649869324688
2,ZNF43(+),0.037175520943080846,0.038526388128435674,-0.05149397846490868,-0.05149397846490868,-3.8385161029509973,0.00012378009811581957,0.00021060752957801534
2,TBP(+),0.013572739935076733,0.01428933563878734,-0.07422684907244947,-0.07422684907244947,-3.834691739944347,0.00012572186705367387,0.00021367657243480246
2,ZFP90(+),0.01709014272706277,0.016490439714848017,0.051534574042348756,0.051534574042348756,3.793258679725579,0.00014868312324972224,0.0002519639210123896
2,BNC2(+),0.012683150168113258,0.013805427401855789,-0.12232242542116736,-0.12232242542116736,-3.782280247696836,0.00015539826421135118,0.0002631516358956348
2,ZNF358(+),0.013059533030217573,0.013878959426539678,-0.08779608819271754,-0.08779608819271754,-3.7433647700751105,0.00018157234113709065,0.0003059135018432303
2,ZNF543(+),0.010927915169081436,0.012025190505014756,-0.13804154806743266,-0.13804154806743266,-3.7400276811195003,0.00018399999060727463,0.00030977888958709336
2,GABPA(+),0.021999025175613956,0.021274133219381958,0.048339241193313114,0.048339241193313114,3.7127698660219077,0.00020500328216391893,0.0003445152842443572
2,ZNF226(+),0.014861751338766419,0.015758423291592213,-0.08451905170815026,-0.08451905170815026,-3.6942239203217038,0.00022055938050163766,0.0003693216735508676
2,SETDB1(+),0.02348948814040464,0.025109342287274475,-0.09620895935262819,-0.09620895935262819,-3.693596370407485,0.0002211046615055152,0.0003701013162858083
2,REPIN1(+),0.0320902660959392,0.03305212519921296,-0.04260728375749592,-0.04260728375749592,-3.6841978875745394,0.00022942395712712075,0.0003830604891644414
2,RBAK(+),0.010010787667072453,0.010959468184054168,-0.13062228720191776,-0.13062228720191776,-3.639826417169195,0.000272821893566162,0.00045291554525190225
2,HMG20A(+),0.019833876444375557,0.019281749793327713,0.040730691297718544,0.040730691297718544,3.630420551396082,0.0002829597957372134,0.0004695777960697951
2,ZNF529(+),0.012893654074332546,0.012171445171623437,0.0831607001757465,0.0831607001757465,3.623244333553487,0.00029093076184862586,0.0004826333531381668
2,ZNF131(+),0.014305158524303124,0.013503935516237233,0.08315555911992824,0.08315555911992824,3.6225355712974285,0.0002917293285710204,0.00048361268066109554
2,NRL(+),0.017454868677675657,0.016544525969962278,0.07727554174753025,0.07727554174753025,3.618504485966094,0.00029631036440968357,0.0004908565059497076
2,ATF5(+),0.017074125114585312,0.017726545420999176,-0.0540997495786179,-0.0540997495786179,-3.6167325803259476,0.000298345249157206,0.0004938751540752751
2,ZNF623(+),0.01751269071523457,0.016519043366499016,0.08427061556731706,0.08427061556731706,3.6088845149281306,0.00030751645806904605,0.0005083323657404693
2,ZNF630(+),0.022604293476511605,0.024027043406806753,-0.0880623028025833,-0.0880623028025833,-3.597130874181823,0.0003217466188848304,0.0005309104954600487
2,ZNF79(+),0.014230123001813873,0.015889538959837204,-0.15912912220535924,-0.15912912220535924,-3.595757647310709,0.000323448820625036,0.000533340352077846
2,ZNF397(+),0.02807727344714329,0.029309073687788654,-0.06194452633347613,-0.06194452633347613,-3.592649429500285,0.0003273328328456835,0.0005393618334757715
2,KLF6(+),0.08246364818689952,0.08552324257982105,-0.05255826529898276,-0.05255826529898276,-3.5923541118935933,0.0003277041219044609,0.0005397821440589435
2,ZNF37A(+),0.02104779058337722,0.02175331143134451,-0.04756623244906729,-0.04756623244906729,-3.5786809067037937,0.0003453327903741886,0.0005684163044961395
2,ZNF438(+),0.018089567731197145,0.016711557942308296,0.114311691569037,0.114311691569037,3.571667113544879,0.0003547160962142385,0.0005834476865846806
2,MTERF3(+),0.02444709238867529,0.025451076488037298,-0.05806378736175173,-0.05806378736175173,-3.566262801342431,0.0003621082561268772,0.0005947640911277739
2,GTF2B(+),0.03982170960749888,0.04122487954130406,-0.049960117380583716,-0.049960117380583716,-3.546919498104161,0.0003897636697979909,0.0006392839852442329
2,MYRF(+),0.016427738289078994,0.016965589751976876,-0.046477709620301136,-0.046477709620301136,-3.544143512601264,0.0003938907766201852,0.0006455972679607481
2,E2F3(+),0.01599341812521015,0.016649085672542814,-0.057964640974305454,-0.057964640974305454,-3.506564347149816,0.00045393166805862825,0.0007403485246251153
2,ZBTB11(+),0.013726906529176483,0.014561844949927627,-0.0851866080333126,-0.0851866080333126,-3.4958443180269274,0.0004725643254924408,0.0007685788837228247
2,ZNF891(+),0.019716352819323556,0.02054070952813794,-0.05909331089279337,-0.05909331089279337,-3.495091258129865,0.000473899692482367,0.0007704809491006632
2,ZNF318(+),0.014021719340082249,0.013557406907468842,0.04858199555591911,0.04858199555591911,3.4746183650460014,0.0005115806074588074,0.0008288426653805932
2,ZFP62(+),0.018732808248709355,0.019996003745376953,-0.09414450625368692,-0.09414450625368692,-3.457615453840759,0.0005449786721374424,0.0008798838832389363
2,DR1(+),0.03381758212008255,0.03465737314147448,-0.03538879438230498,-0.03538879438230498,-3.455518698833252,0.0005492350940056105,0.0008861399832080795
2,MTF2(+),0.03212392357074271,0.03271933947296601,-0.026495510757824605,-0.026495510757824605,-3.4403541397296613,0.0005809534810003977,0.0009360141932871478
2,ZBTB39(+),0.015515589921565145,0.01465179521941564,0.08264110294896028,0.08264110294896028,3.432343649648164,0.0005983887987410785,0.000962769646744825
2,GLI4(+),0.014808970159204538,0.015381855076946309,-0.05475818488642175,-0.05475818488642175,-3.4240673737206446,0.0006169132435168492,0.000991887163771466
2,ZNF605(+),0.012545712441326183,0.01262098838699191,-0.008630495470280898,-0.008630495470280898,-3.419622843739943,0.0006270801185402796,0.0010078848272040133
2,ZNF689(+),0.02136993609165456,0.023878831246999785,-0.16014962479108596,-0.16014962479108596,-3.364553493032212,0.0007666762074546912,0.001224625510188116
2,DNTTIP1(+),0.04917408378809158,0.04809230745914915,0.03209202369970551,0.03209202369970551,3.3115513655713187,0.0009278020538503352,0.001469863758572581
2,GATAD2A(+),0.01479398660609329,0.01528640331614497,-0.047238122124960244,-0.047238122124960244,-3.3118171514173405,0.0009269210794781324,0.001469863758572581
2,ZFHX3(+),0.018723853835762274,0.018268743955419813,0.03549995947307957,0.03549995947307957,3.311566131451653,0.0009277530904841086,0.001469863758572581
2,NR3C2(+),0.006197275321370797,0.0075691806306231535,-0.28850303048240594,-0.28850303048240594,-3.296386806467728,0.0009793707149812032,0.0015473391058121392
2,ZNF354C(+),0.010115624561501441,0.010714459919587626,-0.0829737245052072,-0.0829737245052072,-3.295707575972339,0.000981741463714715,0.0015505573270842745
2,ZNF160(+),0.008368643691573715,0.009007391258404445,-0.10611549388616423,-0.10611549388616423,-3.2905542837355783,0.0009999020732761447,0.0015781668808588828
2,ZNF202(+),0.01431273589650417,0.01658414699800975,-0.21250532422379986,-0.21250532422379986,-3.2847291439435953,0.0010208045315452418,0.0016100635141010691
2,ZNF468(+),0.025116863971785322,0.02639077844529432,-0.07137755928956077,-0.07137755928956077,-3.269586733660507,0.0010770471234473934,0.0016953181594080455
2,ZNF337(+),0.015072891383307023,0.01580175749007363,-0.06812883021265104,-0.06812883021265104,-3.2674825957128326,0.001085085379435398,0.0017073921366793441
2,KAT7(+),0.02291448798678886,0.02350022850707444,-0.036414733748523824,-0.036414733748523824,-3.2636065521250113,0.0011000381145385176,0.0017297484908704855
2,IRF8(+),0.016207832003450016,0.016479693109418717,-0.023998249349638325,-0.023998249349638325,-3.263281702757651,0.0011012999110309827,0.0017311465606561472
2,ZNF408(+),0.006830322098217172,0.007922495054803079,-0.214001211522686,-0.214001211522686,-3.2524804612929223,0.0011440246092236008,0.001795268347920144
2,ZXDB(+),0.015138582758869144,0.01592638860980375,-0.0731890110641308,-0.0731890110641308,-3.2473419349364963,0.0011648834814806648,0.0018261504459931449
2,ZNF439(+),0.014685513345605066,0.013573398761234597,0.11361167428800975,0.11361167428800975,3.246751299723114,0.0011673034426858187,0.0018293267514425198
2,ZNF2(+),0.01805513374173613,0.019333666564600477,-0.09870615350023854,-0.09870615350023854,-3.245629092817688,0.0011719141728404373,0.0018359329959001117
2,ZNF681(+),0.03343179707229479,0.03489086105210635,-0.06162829285038656,-0.06162829285038656,-3.239095190769646,0.0011990954675100242,0.0018766167272857353
2,CEBPB(+),0.08908990598814949,0.08683722347069872,0.03694838317894482,0.03694838317894482,3.2363782687880875,0.0012105684725995662,0.0018932964832407357
2,AKAP8(+),0.014497177448143198,0.01512200306538574,-0.060877208261683954,-0.060877208261683954,-3.235241296002327,0.0012153997033157794,0.0018995732240584776
2,ZNF92(+),0.022739510186640007,0.023949539934053157,-0.07479676049429154,-0.07479676049429154,-3.2337942397295403,0.0012215742995471644,0.0019072983601333038
2,BATF3(+),0.03023509771659681,0.030398400866263824,-0.007771189576012115,-0.007771189576012115,-3.2313947841751745,0.0012318766741553275,0.0019227376180952606
2,ZFP1(+),0.01010617120968183,0.01052487311952312,-0.058566309479470384,-0.058566309479470384,-3.2310182542266435,0.0012335006193708862,0.001923979307245724
2,PPARA(+),0.010754391080681533,0.01112463483841665,-0.0488321356013959,-0.0488321356013959,-3.2236057822986957,0.0012658753444225377,0.001971166937593928
2,MBD4(+),0.028465994086403892,0.027996332556192684,0.024001630999392173,0.024001630999392173,3.221863408419218,0.0012735983565471507,0.001981200390543039
2,SIX4(+),0.015051352437723133,0.014065587197354254,0.09772333707456869,0.09772333707456869,3.215765099841046,0.0013009727294570372,0.00201925031759494
2,SREBF2(+),0.015855054410012302,0.016447052884857115,-0.05288626178249589,-0.05288626178249589,-3.182202253840597,0.0014615971174851057,0.002263039536906105
2,CUX1(+),0.02144203948799795,0.020008420844190182,0.09983482368622372,0.09983482368622372,3.175306587724359,0.0014967826590035725,0.0023167462349455497
2,ZNF583(+),0.016706653234837773,0.017592809468323412,-0.07456313274109304,-0.07456313274109304,-3.1729588127511645,0.0015089392910823333,0.0023340069953637823
2,ZNF195(+),0.012527142649360683,0.012108676704985768,0.049016170974025886,0.049016170974025886,3.1612863843466967,0.0015707398203515758,0.0024239489918714513
2,ZNF462(+),0.021003925706945793,0.022619963162577493,-0.10693757711527949,-0.10693757711527949,-3.1334526999160563,0.001727627607680738,0.002659870811295004
2,PPARD(+),0.016806100003042966,0.01589474616289301,0.0804349919639143,0.0804349919639143,3.09356267419225,0.0019776877545066916,0.003029801985383767
2,THRA(+),0.017692587969432634,0.018570416576565427,-0.06986108215406524,-0.06986108215406524,-3.09231495730398,0.0019860200968879935,0.003041563913631629
2,AHCTF1(+),0.017201651361257096,0.01596635959765398,0.10751165480348242,0.10751165480348242,3.0919531932357835,0.0019884420017857235,0.0030442693138743194
2,NR2C2(+),0.025129499692087012,0.024074752715592257,0.06186096663599989,0.06186096663599989,3.0887194654425154,0.00201021158923877,0.003075570761532966
2,ZNF274(+),0.02194312040335206,0.02257453468279131,-0.04092755105802574,-0.04092755105802574,-3.0773054399439026,0.0020888114641310395,0.003188474942783003
2,E4F1(+),0.02191134165633776,0.023566525719430634,-0.10506125632138154,-0.10506125632138154,-3.0751496214150573,0.0021039697625764874,0.0032105583269276556
2,ZNF181(+),0.019599172871927063,0.02093154575344978,-0.09488608030008092,-0.09488608030008092,-3.0393349786635886,0.002371010583710189,0.0036038429847296554
2,ZNF575(+),0.017805894151936914,0.018743102185184747,-0.074004865470344,-0.074004865470344,-2.9893155590302762,0.0027960319937689994,0.004219482979550683
2,ZNF280B(+),0.018244986480338354,0.01765113793320892,0.047738885085658905,0.047738885085658905,2.9548076966884156,0.0031286399727014913,0.004698523334367419
2,ZNF433(+),0.02135610188501878,0.02435799934122222,-0.18974729627325052,-0.18974729627325052,-2.954468081440721,0.003132085508801398,0.0047021775010932425
2,ZNF486(+),0.014995499814759275,0.016086503005614417,-0.1013211212216584,-0.1013211212216584,-2.9224482699352334,0.0034729130573337417,0.005200413008160938
2,ZNF576(+),0.008975783478434406,0.00965753792705318,-0.105617552432912,-0.105617552432912,-2.9068333514814393,0.0036510764937162667,0.0054584004870653555
2,ZNF451(+),0.00984189007524949,0.010184190900998619,-0.049324054651793216,-0.049324054651793216,-2.885334229714324,0.003909983154800799,0.005822979081131679
2,ZMAT4(+),0.011107118909971452,0.01198692193351195,-0.10997659104928068,-0.10997659104928068,-2.876858614402288,0.00401655514655153,0.005975944476531664
2,ZNF44(+),0.013879244581862508,0.014367626920796754,-0.04989274298970809,-0.04989274298970809,-2.875131006403145,0.004038598906100088,0.00600681777740471
2,TRAFD1(+),0.04172981619692107,0.03808381909599282,0.13190040153679064,0.13190040153679064,2.852657336533949,0.004335534411121119,0.0064319889299449375
2,GPBP1L1(+),0.020706581799935446,0.020375047195547964,0.02328601382011248,0.02328601382011248,2.8465737938361113,0.004419248532580382,0.006549907285844248
2,BACH1(+),0.017382953027483265,0.017788408284675636,-0.033264232488939546,-0.033264232488939546,-2.8230960441041653,0.004756232097927258,0.0070403754285761995
2,MTF1(+),0.020319387017376272,0.02109679259458861,-0.05416679551495698,-0.05416679551495698,-2.8200838045159156,0.004801110899550328,0.0071022802956723806
2,ZNF774(+),0.026192480936784057,0.02542567847647907,0.042866443273237256,0.042866443273237256,2.8181494741920887,0.0048301318174545195,0.007140662728222866
2,RORB(+),0.015157827744195296,0.014323962682786451,0.08163234611996203,0.08163234611996203,2.8051924141985145,0.0050286550819093005,0.0074199818473534625
2,MNT(+),0.022664172635640443,0.023662218453199726,-0.0621718412772551,-0.0621718412772551,-2.7678273540119176,0.005643134088466308,0.00830819582913661
2,ZNF546(+),0.01601001138778289,0.014799513440430482,0.11342458111825014,0.11342458111825014,2.75281783665184,0.005908476241234946,0.008685086120422889
2,TGIF1(+),0.02324943479938381,0.02415296765992875,-0.055004816356935396,-0.055004816356935396,-2.724799578717018,0.0064340530547454585,0.009439727239195405
2,FOXP1(+),0.025362842196682337,0.02433510356954125,0.05967750792110525,0.05967750792110525,2.71304593797071,0.006666786382671386,0.009762680563527297
2,MYSM1(+),0.01308279061231023,0.013613829429777425,-0.05740262849324816,-0.05740262849324816,-2.7079664751356223,0.006769686040383173,0.00990399737246609
2,NFE2L3(+),0.02827230065410537,0.02938943959387552,-0.05590856056338258,-0.05590856056338258,-2.6969437454658753,0.006997909103852166,0.010228221456070895
2,NFE2L1(+),0.017952741394585137,0.018771095754731616,-0.06430870454826874,-0.06430870454826874,-2.689354082973913,0.0071590437811425815,0.010440740459468537
2,ZBTB40(+),0.015062383064067068,0.014646487965831772,0.04039527146720504,0.04039527146720504,2.665987077344476,0.007676264358345464,0.01116001500610788
2,THAP2(+),0.021656263697843684,0.023357349340738374,-0.10909219769590067,-0.10909219769590067,-2.6624137343035135,0.007758245304238921,0.011275672540109445
2,AHDC1(+),0.013579426390338153,0.01418333405011264,-0.06277415970517485,-0.06277415970517485,-2.6593498141340928,0.007829162688220299,0.011375183198868717
2,MBNL2(+),0.01884947231311001,0.018100140646262943,0.058523225212112444,0.058523225212112444,2.643853022722975,0.008196824022886256,0.011894485344050815
2,ZNF845(+),0.01982001376376085,0.019179109980924675,0.04742218924637777,0.04742218924637777,2.6423912005698535,0.008232290960171348,0.011942220958774489
2,ZNF540(+),0.01666654098913058,0.015851020234202276,0.0723790099120335,0.0723790099120335,2.6252406305612657,0.008658775005777447,0.012529598100260511
2,ZNF302(+),0.021147488637976716,0.021882617916606603,-0.049298995487226126,-0.049298995487226126,-2.6182932838638564,0.00883708161036406,0.012771700087162743
2,ZNF500(+),0.02088985751319833,0.02013677322835318,0.052970128970338246,0.052970128970338246,2.598787555941906,0.009355365189456032,0.013491360231301852
2,NCOA3(+),0.013326191821558002,0.013722167854690727,-0.04224385066093348,-0.04224385066093348,-2.5919361874666715,0.009543747211318905,0.013745955285760099
2,ZNF628(+),0.033690030820768,0.03462548787758739,-0.03951264962121894,-0.03951264962121894,-2.587225871639948,0.009675214650111643,0.01392235813189857
2,RFX8(+),0.010083533743215058,0.010534151084252857,-0.06307273477381263,-0.06307273477381263,-2.575280274449291,0.010015888871005576,0.014394741276553496
2,PRDM4(+),0.015764328710357857,0.016431119885219638,-0.05976707145920268,-0.05976707145920268,-2.5667160638552478,0.010266664150932104,0.014732361748866118
2,ZNF726(+),0.011273185266107459,0.011715471818069059,-0.05551984217680515,-0.05551984217680515,-2.566775127376586,0.010264915699204121,0.014732361748866118
2,RBSN(+),0.015669158620511915,0.01496369197873767,0.06646153578751737,0.06646153578751737,2.565173029360287,0.010312436478231948,0.014793473576710129
2,IRF9(+),0.02618090882560377,0.02677959053564799,-0.0326187217035114,-0.0326187217035114,-2.5572954322018004,0.010548958386317949,0.01512342953840953
2,NFX1(+),0.02659386468545928,0.026110038507317513,0.026488862045715985,0.026488862045715985,2.551935417640356,0.010712637395460693,0.015353347948754988
2,FOXO1(+),0.01565632281160612,0.014845785677408862,0.07669195621747134,0.07669195621747134,2.5355895881100015,0.011225821050781052,0.016023954813423977
2,SETBP1(+),0.014010400787244923,0.014393201801388216,-0.038889329242847326,-0.038889329242847326,-2.529225493685807,0.011431455697031662,0.016308080992847685
2,MEF2A(+),0.015751532683190718,0.016184968931028762,-0.039162378592732854,-0.039162378592732854,-2.4989259072392955,0.012457035285830233,0.01768426922453589
2,BCL6(+),0.01754457231013374,0.018082200086906596,-0.04354544162516516,-0.04354544162516516,-2.496578132266101,0.012539804039013192,0.017785462522508785
2,SCMH1(+),0.016538080543236057,0.015859316026530547,0.06046124471468595,0.06046124471468595,2.496622429907105,0.012538237868319894,0.017785462522508785
2,ZNF346(+),0.028817733000409126,0.02785747370398083,0.04889241506362401,0.04889241506362401,2.4938021467632043,0.012638296943360095,0.01791968537909269
2,HSF2(+),0.020919754112321557,0.02169205719541197,-0.05230098250557148,-0.05230098250557148,-2.4734104660211806,0.013383033347836047,0.018917891022732333
2,NCOA2(+),0.01844176045398036,0.01778878943783563,0.052008043708081875,0.052008043708081875,2.45225095950176,0.01419656118594919,0.019976681826335652
2,SNAPC2(+),0.023421084503117025,0.022931684573576267,0.0304655394907349,0.0304655394907349,2.448958168187154,0.014327008634484715,0.020140613086292943
2,ZNF574(+),0.021562345138820285,0.022122490721866415,-0.036999727486724004,-0.036999727486724004,-2.416443699690459,0.015672949801304573,0.021961041275131144
2,ZNF264(+),0.01708986391984839,0.01661519763543602,0.040637453224365454,0.040637453224365454,2.4011905453048614,0.016341824564178847,0.02283627409765666
2,ZNF721(+),0.017038595422625626,0.01754035745046509,-0.04187173413856541,-0.04187173413856541,-2.3969822694095124,0.01653072360150482,0.023086353315992146
2,THAP5(+),0.02134847357590856,0.021822142559832454,-0.03165983475695547,-0.03165983475695547,-2.3823049843569626,0.017204641936008954,0.02397706624445292
2,ZBTB26(+),0.037522398920651595,0.036295420256205385,0.047964544432433705,0.047964544432433705,2.3770261821373584,0.017452849268690788,0.02431568231945672
2,TFCP2(+),0.01218049549777399,0.0125791085742921,-0.04645686197314688,-0.04645686197314688,-2.3747005559846657,0.017563191961764722,0.024454744203356454
2,ZNF414(+),0.01819477589864141,0.01878187712497298,-0.04581697368336788,-0.04581697368336788,-2.363744272776424,0.018091295667150214,0.025122292488464197
2,ZNF141(+),0.01806057725802024,0.018429323851249093,-0.02915913422987076,-0.02915913422987076,-2.3270805919057187,0.019960976270561193,0.027562049576919365
2,ZNF865(+),0.01240485436414182,0.013252764539457854,-0.0953885334480299,-0.0953885334480299,-2.3205836045585135,0.02030932791403053,0.02802638982788824
2,ZNF641(+),0.019300507903520992,0.0201440717200292,-0.06171650824435088,-0.06171650824435088,-2.31551890760376,0.020584551028021484,0.02838089626748584
2,ZSCAN25(+),0.019470825399492245,0.01876386557310141,0.053356970398678816,0.053356970398678816,2.314898740629709,0.020618474308632086,0.028419232392758467
2,ZNF783(+),0.007812483114850037,0.00730833894684416,0.09623760885859337,0.09623760885859337,-2.2854186605417652,0.022288290856250108,0.030566610873127176
2,ZNF587(+),0.021175936416600403,0.02254231046996819,-0.09020961964201216,-0.09020961964201216,-2.2817419563384607,0.02250457943780906,0.030854123816004452
2,RUNX1(+),0.011558079112221871,0.01169154021959864,-0.016563348704703277,-0.016563348704703277,-2.2525867256178773,0.024285218868903214,0.03316813926670257
2,CENPT(+),0.02760992986330799,0.02848589776565806,-0.045060650408118366,-0.045060650408118366,-2.2481126638765065,0.02456900676223569,0.03352615640733983
2,ZNF235(+),0.015111794748242393,0.015458827870012083,-0.032755920273630945,-0.032755920273630945,-2.2422063117426836,0.024948041418208163,0.03398347577348297
2,ZKSCAN5(+),0.019086701290948388,0.018523228383562372,0.04323221894239427,0.04323221894239427,2.2316560902436424,0.025637701437941546,0.0348819927297125
2,PREB(+),0.02084078830036024,0.021466742567641285,-0.042693438195830845,-0.042693438195830845,-2.2250778905545974,0.02607600970062159,0.03545757173869651
2,ELF4(+),0.02509108569923648,0.0257831123744568,-0.039251527730732316,-0.039251527730732316,-2.195501832244479,0.028127619610370514,0.03813566640110071
2,ZNF791(+),0.01766384692473859,0.01813228066593138,-0.03776082072825156,-0.03776082072825156,-2.1880893603165315,0.028663093775438058,0.038827667129457503
2,ZBTB24(+),0.019669086015152333,0.020558084076516214,-0.06377589486768034,-0.06377589486768034,-2.1878383403508437,0.028681380003884906,0.038841110821587574
2,ZNF688(+),0.01990440422735286,0.01960387736192361,0.02194866198329411,0.02194866198329411,2.1789049827484366,0.029338727545941242,0.03967347582267746
2,NR1D1(+),0.016704893847543884,0.017979206648233773,-0.10605854067845145,-0.10605854067845145,-2.1735228193664904,0.029740990252019144,0.04019403541478875
2,MYPOP(+),0.01834115020758797,0.01792879398701331,0.032805668085702615,0.032805668085702615,2.149454434421162,0.03159839438185549,0.04260509198946843
2,HINFP(+),0.03821303381708902,0.03775774804495671,0.017292078766486432,0.017292078766486432,2.1483691422165725,0.03168444213666519,0.04270871553244626
2,ZNF213(+),0.011602810080630351,0.012043848562957678,-0.05382221507262758,-0.05382221507262758,-2.146331450730403,0.0318465440846525,0.04287744848498865
2,KLF10(+),0.029234931922420902,0.02867712712709506,0.027792728671560043,0.027792728671560043,2.1433930405438266,0.03208155145515131,0.04316883154958802
2,MYC(+),0.0579270855965072,0.056113456275936134,0.0458913042436304,0.0458913042436304,2.135006020513798,0.03276051834840429,0.04403142584732
2,FOSL1(+),0.044814139850587596,0.044333965270736506,0.015541601652656977,0.015541601652656977,2.110996699089808,0.034772595587154856,0.046520364776017946
2,ZNF41(+),0.024945655275915486,0.024513440589331935,0.025215577541510614,0.025215577541510614,2.10884826350113,0.03495768112700275,0.04674105608374433
2,FLI1(+),0.013263468141295271,0.013451684643338974,-0.020328799078403785,-0.020328799078403785,-2.093986404944398,0.036261191328363945,0.04833091354956974
2,GMEB2(+),0.012790129637905608,0.013317816014647696,-0.05832662300465143,-0.05832662300465143,-2.093639406756536,0.03629211438204697,0.04835825338629036
2,ZNF26(+),0.0163319609528245,0.01671146319070231,-0.0331400302677563,-0.0331400302677563,-2.0857618095980497,0.037000204410364224,0.049174806719926134
2,BAZ2B(+),0.014846599386848952,0.014486132143211594,0.03546007638123742,0.03546007638123742,2.068042753196581,0.03863600303957723,0.051260849505523065
2,AKAP8L(+),0.015238646722472349,0.014717426923336644,0.050209321501012524,0.050209321501012524,2.056702557099641,0.03971484605638276,0.05257208889481274
2,ZNF700(+),0.017991590980375657,0.018460636020786878,-0.03712948823207116,-0.03712948823207116,-2.047614157753721,0.040597820996386515,0.0537103043372872
2,TET3(+),0.016709908271713748,0.016043349203521132,0.05872846051863854,0.05872846051863854,2.0391902230228562,0.04143104630695665,0.05475027314247898
2,AEBP2(+),0.016034541141596376,0.015544863477321154,0.04474511984411436,0.04474511984411436,2.0251035731836886,0.04285673008670175,0.05656990942106554
2,RLF(+),0.022402187524384592,0.02132457127811277,0.07112287487319813,0.07112287487319813,1.9954093878308938,0.04599824788032598,0.06040765094829352
2,ZNF143(+),0.02016039027551112,0.02077203482944451,-0.043118979904868335,-0.043118979904868335,-1.9846893587080054,0.0471790434705459,0.06183596414240567
2,ZNF133(+),0.04487273503252395,0.043908314166530286,0.03134497540075999,0.03134497540075999,1.9837148106059246,0.047287641545977054,0.061960816637817606
2,ZNF568(+),0.015203972714651804,0.016184071438513723,-0.09012624628666363,-0.09012624628666363,-1.9834194929992335,0.04732059152898317,0.06198650526004705
2,THAP3(+),0.03508419558350687,0.03487292382183937,0.008713956302530551,0.008713956302530551,1.982636901341502,0.04740800237373879,0.06208349902058547
2,HDX(+),0.021884965733395913,0.02278844289951853,-0.058362223081846146,-0.058362223081846146,-1.960303507335484,0.049960326335736355,0.06529705003643652
2,ZNF12(+),0.0251202492603585,0.025998663548391306,-0.04958668230734635,-0.04958668230734635,-1.9385016850215104,0.05256204543924308,0.06854315021484675
2,FOXO4(+),0.015892135313327876,0.016000733499376283,-0.009825059080647928,-0.009825059080647928,1.9252566903614126,0.05419725299159704,0.07045794574474343
2,ZSCAN2(+),0.04252454987882699,0.04398078303994709,-0.04857732415760588,-0.04857732415760588,-1.9232854453367492,0.05444421144756212,0.07075919478845161
2,ETV3(+),0.014186980915989376,0.014253246992923392,-0.006723005677837562,-0.006723005677837562,-1.9216833473204495,0.05464561389212859,0.07094155297063648
2,TIGD1(+),0.010973774924649248,0.009946700635163728,0.14176991579070414,0.14176991579070414,1.910033067736484,0.05612895580671909,0.07270468480820139
2,LCOR(+),0.019714119309250055,0.01905305475068048,0.0492069380703009,0.0492069380703009,1.9088370314293848,0.05628311811417655,0.0728840489658071
2,BBX(+),0.02047678601541946,0.01990418752803368,0.040917306263202155,0.040917306263202155,1.8906011692162066,0.058677604062660565,0.0758157081699745
2,ZSCAN12(+),0.012946577461219825,0.013773870817812506,-0.08936328527644292,-0.08936328527644292,-1.8893239205672674,0.05884843820569634,0.07601529351097316
2,LCORL(+),0.020278042669095758,0.02065511742440808,-0.026580857211897818,-0.026580857211897818,-1.8843699677150234,0.05951494921856076,0.07681215313148505
2,ZBTB42(+),0.024365718547823514,0.024358894012343008,0.00040413756567832834,0.00040413756567832834,1.8797408642301399,0.060143403397079236,0.07760169688317585
2,USF1(+),0.01840531633065724,0.018883461357968995,-0.037000689029645234,-0.037000689029645234,-1.8694416626967862,0.06156139276131549,0.07927714704084016
2,BAZ2A(+),0.013859088053840495,0.014153886038204904,-0.03036587687545054,-0.03036587687545054,-1.8490942795957663,0.06444420025503332,0.08282880746669335
2,UBP1(+),0.017093765818649995,0.01751299236018107,-0.0349553461447154,-0.0349553461447154,-1.8416375100268148,0.06552819045682134,0.08412892334768798
2,RFX1(+),0.029824552716543894,0.03050725540222497,-0.0326518902588236,-0.0326518902588236,-1.8371486824051095,0.06618794905318746,0.08492901197570601
2,L3MBTL4(+),0.01338474758047811,0.013703724366261962,-0.03397810444303547,-0.03397810444303547,-1.833479361141972,0.06673131508184564,0.08555532943835854
2,SP140L(+),0.022605678637088015,0.023164712996070678,-0.035243577432829014,-0.035243577432829014,-1.8278461777943384,0.06757264060825029,0.08656230436440225
2,SAFB(+),0.025231015127203174,0.025443457829947665,-0.012096497479721975,-0.012096497479721975,-1.821895528019512,0.06847083899885491,0.08761626643241902
2,ZBTB34(+),0.014259164223365692,0.013768711282732852,0.050495886432344886,0.050495886432344886,1.8028623082682675,0.07140984174425541,0.09127647630766825
2,SP3(+),0.0207459208246148,0.021150918594215893,-0.027892626463146716,-0.027892626463146716,-1.7978271430741835,0.07220440457349198,0.09226670130505371
2,ZNF354A(+),0.018316822851953834,0.018746690134646176,-0.03346661572887005,-0.03346661572887005,-1.7865312446182473,0.07401328294122515,0.09437049115069746
2,LYL1(+),0.010237628220616414,0.011072754293884627,-0.11313259858506497,-0.11313259858506497,-1.7850546565847916,0.07425245182701479,0.09464946178278916
2,REST(+),0.04820645632081889,0.04875919085247427,-0.016447804182218036,-0.016447804182218036,-1.7829283698166154,0.07459796426239917,0.09506379807924394
2,CC2D1A(+),0.012075103328045475,0.012404839277966817,-0.03886750562367568,-0.03886750562367568,-1.7813779523814868,0.07485072754456837,0.095359744773593
2,RFX3(+),0.016360633427374618,0.015898051077246976,0.04137868485992992,0.04137868485992992,1.7797832373053546,0.07511144195975991,0.09563943199097719
2,TCF20(+),0.0159897405717257,0.015522027635161775,0.04282950062837956,0.04282950062837956,1.7798865984676966,0.07509452136057458,0.09563943199097719
2,ZNF280C(+),0.009507081599054022,0.009573564434768112,-0.010053625575844173,-0.010053625575844173,-1.7727325294456036,0.07627303816075569,0.09706527733060552
2,ZNF814(+),0.029612505700333292,0.029230646231757425,0.018724845914646147,0.018724845914646147,1.7620494150235513,0.07806094884981642,0.09915042587022074
2,MSANTD4(+),0.012892705973486022,0.013292380425192629,-0.04404439082987145,-0.04404439082987145,-1.7529019521562932,0.07961883847185049,0.10104631276003975
2,MESP1(+),0.026698972739121002,0.026450950850018667,0.013464649020026722,0.013464649020026722,1.7370655454974806,0.0823756020708225,0.1043169769953573
2,ZNF415(+),0.01890637018334772,0.018700146464306032,0.015822837623358822,0.015822837623358822,1.7166443329947878,0.0860441770025,0.10875460168358139
2,ESR2(+),0.012247765443615347,0.012300186855158008,-0.006161672334026889,-0.006161672334026889,-1.7148871932349756,0.08636591110960315,0.10910243598153566
2,ZSCAN30(+),0.011554693153416146,0.012261599972205972,-0.08566828812978748,-0.08566828812978748,-1.674465595819125,0.09403913046846193,0.11802533397082023
2,ZNF582(+),0.02950426101446019,0.02974949110480471,-0.011941665484541513,-0.011941665484541513,-1.6669276139083335,0.0955287992641996,0.11979785976841445
2,IRF5(+),0.03580117489159461,0.03641698600339046,-0.02460459073892365,-0.02460459073892365,-1.6599433525100882,0.09692584899984506,0.12138597158379087
2,BRF2(+),0.015409637609180613,0.01607300868352183,-0.06080707228012668,-0.06080707228012668,-1.6520288406507655,0.09852867165948093,0.12312770510042748
2,ZNF117(+),0.01782087288231878,0.017254820050957596,0.04656857232156757,0.04656857232156757,1.6505965502583133,0.09882098376935412,0.12345978203567776
2,TCFL5(+),0.010753233102556763,0.010756390995103608,-0.0004236127517087113,-0.0004236127517087113,1.6393154176827116,0.10114758672563268,0.12615194612811853
2,NFKB2(+),0.032492102101612755,0.0332322282734209,-0.03249394731118445,-0.03249394731118445,-1.5975279763359147,0.11014806664850323,0.1368015426690635
2,MXI1(+),0.013286255070066503,0.013923129723077984,-0.06754902344639079,-0.06754902344639079,-1.5966567893961758,0.11034223260458091,0.1370060599968667
2,USF3(+),0.018070738839850088,0.017424548870308008,0.05253418591677109,0.05253418591677109,1.5885060234515003,0.11217196008101195,0.13909203272191684
2,KCMF1(+),0.02225194772667661,0.021812779362880584,0.02875801181180712,0.02875801181180712,1.587782495315107,0.11233553106040259,0.13925768395398186
2,ZBTB45(+),0.028982025313956692,0.028396386664319016,0.02945105163572893,0.02945105163572893,1.581211678566229,0.11382964596633456,0.14095939896390938
2,ZNF212(+),0.015849746544572087,0.014969288815304791,0.08245408368281004,0.08245408368281004,1.5699748436316308,0.11642096389740335,0.14397640503286438
2,ZNF808(+),0.011509472319846364,0.011634914953991873,-0.015638972903962253,-0.015638972903962253,-1.5694137401789177,0.11655156450611925,0.14409955207104708
2,ZNF227(+),0.02022777372943911,0.02005111761051446,0.01265489290901634,0.01265489290901634,1.550291925145666,0.1210714645648658,0.149171605544775
2,ZNF766(+),0.02035406308345074,0.02018515504252197,0.012022145585595896,0.012022145585595896,1.549258313522247,0.12131963645911406,0.14943773835921104
2,MBD3(+),0.01963112063751783,0.020091906002601446,-0.0334718979560374,-0.0334718979560374,-1.544090255405152,0.12256646921129852,0.15093220312377165
2,FOXN3(+),0.02832750138462803,0.02844322722602442,-0.005881810114022872,-0.005881810114022872,-1.5431452390637403,0.12279554045060788,0.15113547572683456
2,HMBOX1(+),0.012301386478539981,0.012769296678071926,-0.053858130895401826,-0.053858130895401826,-1.5422002227223286,0.1230249459875942,0.15133762555942135
2,CENPBD1(+),0.02186392080339885,0.022730040149736425,-0.05604809080151164,-0.05604809080151164,-1.5395202154416066,0.1236773465556336,0.1520596280441816
2,FAM200B(+),0.02041226389174506,0.020786646136495404,-0.026220802889537154,-0.026220802889537154,-1.5317459794454622,0.1255851313046548,0.15416039506081433
2,ZNF704(+),0.011026048335532763,0.010677150296179399,0.04638917988354923,0.04638917988354923,1.5283276781480122,0.12643120118876092,0.1551169914214988
2,ZNF502(+),0.021127454890608157,0.020910843528122627,0.014867723057290547,0.014867723057290547,1.5255443097049481,0.12712339047674912,0.15588388298957223
2,ARNT(+),0.01693748867385102,0.017396786244311343,-0.03860083372374561,-0.03860083372374561,-1.523447554697441,0.12764677224717275,0.15648436449937117
2,ZNF615(+),0.025410441000404772,0.02593425908546037,-0.029437739155542417,-0.029437739155542417,-1.5047318013733897,0.1323930435777941,0.16200360574785394
2,ZBED2(+),0.029684350716686,0.028246207716569327,0.07164536805933415,0.07164536805933415,1.5038753803139853,0.13261345726704063,0.1622305791428506
2,ZNF326(+),0.015366605216816405,0.015548489499645391,-0.016975950805924234,-0.016975950805924234,-1.4982421969663517,0.13407033596494536,0.1638833448834661
2,ZNF431(+),0.018256000281093594,0.018460033422019833,-0.0160344451692032,-0.0160344451692032,-1.4811137757782653,0.1385762575529948,0.16916865081042334
2,ZFP14(+),0.01460729653642575,0.014915895900394506,-0.03016143722779394,-0.03016143722779394,-1.47312543451727,0.14071721634477277,0.17160185610960083
2,GTF2IRD2B(+),0.017912033965361316,0.018363576187376048,-0.03591787064598,-0.03591787064598,-1.3976717860076824,0.16221165048640507,0.19601277744780218
2,ZNF516(+),0.013704864580487093,0.013017545025650397,0.07423067042939167,0.07423067042939167,1.382950203314129,0.16668013523433511,0.20094192270010033
2,YY1(+),0.04079917456136368,0.040669247130081534,0.004601680288202815,0.004601680288202815,1.3757887513518687,0.1688870450138794,0.20333860137103937
2,ATF4(+),0.07825096266188664,0.08014590474616383,-0.03452030321425579,-0.03452030321425579,-1.3627800107771237,0.17295185273950142,0.2079092536167143
2,TCF7L2(+),0.010252605979354113,0.01103341450377051,-0.1058886633640006,-0.1058886633640006,-1.3604617675645982,0.17368384362143607,0.20871845207659712
2,ELK4(+),0.02776155682819493,0.02756533438008111,0.010233371994439185,0.010233371994439185,1.358867052488466,0.1741887209302666,0.20907147512172827
2,ZNF480(+),0.021296460433340138,0.020926353438941826,0.02529273287151817,0.02529273287151817,1.3587193936851205,0.1742355242140159,0.20907362696308546
2,ADNP2(+),0.015528203109485304,0.01488729565931283,0.06080918377445427,0.06080918377445427,1.3441750015555816,0.17889180337554733,0.21432871464519407
2,ZNF367(+),0.027180520246961035,0.02757645095916889,-0.02086372553819944,-0.02086372553819944,-1.3307380504511346,0.18327521819097647,0.21935413256817463
2,HIF1A(+),0.01578319697193036,0.01547851012921958,0.02812284605184816,0.02812284605184816,1.3243296583859367,0.1853935846979885,0.22171812588109077
2,ZNF211(+),0.023221206048772067,0.02426200173161262,-0.06325567800980907,-0.06325567800980907,-1.3117565112810612,0.18960230263888522,0.22645993719661142
2,ZNF354B(+),0.029795647616007014,0.030150939636023426,-0.01710135784723523,-0.01710135784723523,-1.3012653533033582,0.19316764215918314,0.23024472615586494
2,ZNF699(+),0.011587806764252124,0.012204173254496709,-0.07476702801214845,-0.07476702801214845,-1.2920662098549291,0.19633421649209548,0.2338990601707575
2,PBX4(+),0.015971831765514064,0.0160607906874902,-0.008013138337071764,-0.008013138337071764,-1.2838268486282463,0.1992025471253418,0.23689089385489315
2,ZNF254(+),0.01187366284135411,0.012062503334321654,-0.022764286521511152,-0.022764286521511152,-1.263553294928899,0.2063904062340659,0.24506222826105217
2,ZNF23(+),0.00951511339310871,0.010161650437965727,-0.09484197702776025,-0.09484197702776025,-1.2403782457438115,0.2148355234776821,0.2546297545159508
2,ZKSCAN4(+),0.020823689951821475,0.020423204539905808,0.028016482418633065,0.028016482418633065,1.2348115088576834,0.21690066310155132,0.2569506707744723
2,NR4A3(+),0.05804898901814916,0.05749580345167036,0.013814281723065272,0.013814281723065272,1.2308025723468512,0.2183967132379756,0.258393462300152
2,ZNF827(+),0.017569231849764312,0.016914335811093303,0.05480458622457373,0.05480458622457373,1.2306253817828365,0.21846300767500493,0.2584060785969946
2,THAP4(+),0.02173326951674277,0.022153963824755776,-0.02765962257998255,-0.02765962257998255,-1.2199644161812861,0.22247836452722392,0.26282095707755726
2,SETDB2(+),0.01153529368235283,0.012038048081389743,-0.06154674420918731,-0.06154674420918731,1.2146929969018492,0.22448320452244996,0.2649198386704218
2,PRMT3(+),0.014797110907685037,0.015028816388221743,-0.022415869719569218,-0.022415869719569218,-1.1892809168460763,0.2343291421407605,0.27576865093585823
2,ZNF548(+),0.017032562827945918,0.016899981399701006,0.011273869111815004,0.011273869111815004,1.1744412071098462,0.24021834812547416,0.2821274910348489
2,FOXJ3(+),0.01651372764394674,0.016701432663958293,-0.016306046125774583,-0.016306046125774583,-1.1696718277617841,0.24213305959428333,0.2840889269551518
2,RUNX2(+),0.012605504723274132,0.012637088976048351,-0.0036102839160861,-0.0036102839160861,-1.1436395807319597,0.25277313974819826,0.2956020226914353
2,ZNF155(+),0.012945952799303447,0.012831916893162468,0.012764444749862946,0.012764444749862946,1.1417495480491364,0.25355813891746537,0.296445395235748
2,TCF3(+),0.017128712344461183,0.016762437699569137,0.031184728551760247,0.031184728551760247,1.1359760888383246,0.2559665716505436,0.2990353936913418
2,NR4A2(+),0.09567590056898148,0.09543708857246125,0.003605543091049219,0.003605543091049219,1.1290656568417519,0.2588701375419926,0.30223589240003906
2,ZNF322(+),0.030748921136082477,0.031099436288252177,-0.016352637017086176,-0.016352637017086176,-1.126525925424208,0.25994297329742266,0.30337565602174077
2,ZNF335(+),0.0252642341868764,0.02562240597194256,-0.02030950244652143,-0.02030950244652143,-1.1083048290913642,0.267730190629217,0.31129079736488435
2,ZNF383(+),0.012520033141803975,0.012773047016126707,-0.028864338130133265,-0.028864338130133265,-1.1067027310750648,0.2684224742093825,0.31201761579143683
2,MYNN(+),0.01910924017244761,0.01833685095647063,0.0595245096163185,0.0595245096163185,1.0982787963442,0.272082767833129,0.31595611414622105
2,TFDP2(+),0.019680270785968002,0.01927519264090026,0.030004790836933894,0.030004790836933894,1.0929483135434248,0.27441649392082534,0.3184273330657591
2,RELA(+),0.024815588499006804,0.025068939395172612,-0.0146542916180763,-0.0146542916180763,-1.054158345904543,0.29181042709875493,0.3365928566858
2,DACH1(+),0.017644858115587272,0.018082707063371214,-0.035362840660046,-0.035362840660046,-1.0351694237943023,0.30058979546839526,0.34534741527348406
2,FOXD1(+),0.020875687871098905,0.02279888695048105,-0.12713965105137093,-0.12713965105137093,-1.0188235942639474,0.30828672226532006,0.35349094666067926
2,ZNF484(+),0.022668235053083696,0.02216522204657952,0.03237425069577612,0.03237425069577612,0.9872689079889986,0.32351082870177006,0.36930641418523513
2,ZNF841(+),0.01434781887483965,0.01464819833533827,-0.029891790171961505,-0.029891790171961505,-0.9826398045041149,0.32578474661410606,0.3716282288856883
2,ZFP30(+),0.01598501577948707,0.0161820850797109,-0.01767734324654757,-0.01767734324654757,-0.9689887481348167,0.3325508032005209,0.3780466179310865
2,TSHZ3(+),0.02231887646474513,0.022493498174805844,-0.011243641563446921,-0.011243641563446921,-0.9442780473949353,0.34502758096267516,0.3912727328055728
2,PURB(+),0.015467122909432744,0.015747295156148165,-0.025899181552176676,-0.025899181552176676,-0.9431927551903453,0.34558231840829845,0.3918061676852688
2,PRDM15(+),0.014332739724380286,0.014566353585408483,-0.02332535997354494,-0.02332535997354494,-0.9184156079889583,0.35840132246582446,0.40525173876673676
2,ZNF682(+),0.021284994798245326,0.02163642949058405,-0.02362570223605849,-0.02362570223605849,-0.9145321814609697,0.360437275919126,0.4071573800205108
2,ZNF658(+),0.008371457980139824,0.008542872836106292,-0.0292423983911862,-0.0292423983911862,-0.91035343732629,0.36263614536592703,0.4094421232923508
2,ZNF644(+),0.019402342068001455,0.019483932716702075,-0.006054094489478294,-0.006054094489478294,-0.891512174019395,0.37265446342303554,0.4198350673296144
2,ZNF671(+),0.019212576683452554,0.019742494706055436,-0.03925328331106053,-0.03925328331106053,-0.8788873463333485,0.3794623601976814,0.42688366750259876
2,ZNF625(+),0.011746474594591851,0.011880036661692807,-0.016311453357698732,-0.016311453357698732,0.8497173497324307,0.39548225012695204,0.444045214367825
2,ZNF581(+),0.025849408491751994,0.02555282734733245,0.01664833721089736,0.01664833721089736,0.8363911427304928,0.40293489379063463,0.4513169078851581
2,ZNF81(+),0.013438243295567642,0.013479234336176819,-0.004393993607951283,-0.004393993607951283,-0.8347225982526878,0.40387391486805546,0.45204682760532955
2,TET1(+),0.016818913066827805,0.016583957674508817,0.02029613276120993,0.02029613276120993,0.8337185183899379,0.4044396203010244,0.4523530065731419
2,ETV6(+),0.01752549332909606,0.016950683932546215,0.04811156783062283,0.04811156783062283,0.8310015964083795,0.4059727275159273,0.4539584302627545
2,MBD1(+),0.018314225457635155,0.018490766105742726,-0.01384031057910372,-0.01384031057910372,-0.828683353195854,0.40728360791781515,0.45509558787064025
2,ZNF275(+),0.026717416435271674,0.02666405750598622,0.0028841723443743805,0.0028841723443743805,0.820045313200138,0.41219027583242573,0.4601355037831333
2,ZNF677(+),0.015286037278308453,0.015804076201545277,-0.04808225071072832,-0.04808225071072832,-0.8113629755634183,0.41715725467304454,0.4651213269218175
2,ZSCAN9(+),0.01564446864774802,0.016158449707565033,-0.04663612570875853,-0.04663612570875853,-0.7846810297988733,0.4326406079435263,0.479850913060573
2,ZNF134(+),0.014584058248817939,0.014949842299692623,-0.03573803499764869,-0.03573803499764869,-0.7789518682290651,0.43600806821910143,0.4831243981101446
2,ZNF559(+),0.036164447393581364,0.036479951318848014,-0.012531697030737716,-0.012531697030737716,-0.7667035704915499,0.4432577803001445,0.49010530575914574
2,ZNF614(+),0.01800263464282616,0.01820306464273988,-0.015973303129159618,-0.015973303129159618,-0.765965276474822,0.44369696346390675,0.49047415404327627
2,CEBPD(+),0.040822367284905056,0.040797619708523296,0.0008748642888682546,0.0008748642888682546,-0.7637134797238021,0.4450380060705348,0.49172253525157805
2,CREM(+),0.0927337911426272,0.0921929068855917,0.008439379066432438,0.008439379066432438,0.7623993163740265,0.445821714139669,0.4924713108629637
2,NFYB(+),0.02598668672728174,0.025833407806848396,0.008534734517803049,0.008534734517803049,0.7427016320077271,0.45766234147267726,0.5047107255794363
2,ZNF714(+),0.017039468163096295,0.016995843848145304,0.003698312716393703,0.003698312716393703,0.7394531383341245,0.45963188540120514,0.5066421707851443
2,ZBTB18(+),0.008671842612087569,0.009034167871614185,-0.059053142287221506,-0.059053142287221506,0.7360939005580127,0.4616735544734216,0.5085306285342763
2,ZNF764(+),0.01983281738115056,0.019697691538601476,0.009863072229224421,0.009863072229224421,-0.712623533766234,0.4760787450770231,0.5225391708135094
2,CREB1(+),0.018735191929706567,0.018799871228841268,-0.004972022617991553,-0.004972022617991553,-0.7060674828976906,0.48014617223813494,0.526505894722884
2,IKZF5(+),0.024068120217228203,0.023834089277208845,0.014096967652711847,0.014096967652711847,0.7010470835839412,0.48327363221689057,0.5295602787561823
2,KLF7(+),0.017716441596360755,0.0181006390996547,-0.03095177223590959,-0.03095177223590959,-0.6937010581174989,0.48786970230244353,0.5338409345570908
2,ZNF511(+),0.026736257328354305,0.026759308900249374,-0.0012433325457520213,-0.0012433325457520213,0.6937084410576663,0.4878650713272842,0.5338409345570908
2,ZBTB43(+),0.028847411776829448,0.029089382379647255,-0.012050780906351016,-0.012050780906351016,-0.6892048475556263,0.49069436669771616,0.5365439928634477
2,ZNF552(+),0.011220310519818227,0.010991590460865883,0.029712443675629138,0.029712443675629138,0.6875953665991595,0.49170762682019775,0.5374075121364279
2,GTF2IRD1(+),0.011418160901038346,0.011648175688671061,-0.028773720811261234,-0.028773720811261234,-0.6785364990139087,0.4974315898954189,0.5430246145861859
2,ZSCAN21(+),0.010155120177392616,0.011633672702796322,-0.19609929074540491,-0.19609929074540491,-0.6775324191511588,0.498068208094558,0.5434641359171299
2,ZNF813(+),0.02159069926942299,0.02219508589177268,-0.03983032042923531,-0.03983032042923531,-0.6691158673604611,0.5034215688982913,0.5490474730060021
2,ARID3A(+),0.012341002548829756,0.012572131238670436,-0.0267696354717114,-0.0267696354717114,-0.6617403101333498,0.5081376659859389,0.55357823138839
2,KDM2A(+),0.02600855513183031,0.025899689590581938,0.006051447185296923,0.006051447185296923,-0.6433272573561569,0.520011773252451,0.5652831001070991
2,ZFY(+),0.014404933860887504,0.014370422290881594,0.0034605786319793605,0.0034605786319793605,0.6412452682289843,0.5213633426952659,0.5666197301870637
2,FOXK2(+),0.022307341734105004,0.02169181376238765,0.0403679133987149,0.0403679133987149,0.6299346038927135,0.5287373715592517,0.5740965616860038
2,SON(+),0.07459166069357932,0.07485433582702862,-0.005071537630891052,-0.005071537630891052,-0.6183581537104207,0.5363392757358703,0.5819425217923656
2,HOXB3(+),0.010865496347039495,0.01090892924891362,-0.005755422499371737,-0.005755422499371737,-0.6177527526167038,0.5367383324587984,0.5822395035663519
2,ETV1(+),0.013264957640930143,0.015454212787550698,-0.22038008351609295,-0.22038008351609295,-0.6122303133715794,0.5403853882856822,0.5855120430573814
2,CENPA(+),0.04210414696594109,0.0432608635578769,-0.03910012750559085,-0.03910012750559085,0.601672708932371,0.547392019701521,0.5922748501079815
2,ZBTB17(+),0.013592787890614345,0.013627894729853183,-0.0037213238138217725,-0.0037213238138217725,0.601355242505178,0.5476034026023548,0.5923655810637956
2,ZNF136(+),0.014243253618716851,0.0140609569433467,0.01858395781706058,0.01858395781706058,0.5801440554045865,0.5618174766692439,0.6061989241637533
2,REXO4(+),0.015951779597917083,0.01607512734492204,-0.01111278413418238,-0.01111278413418238,-0.5659983420440807,0.5713949075815166,0.614808743506172
2,ZNF189(+),0.01845770642368181,0.018481691524307706,-0.0018735112448962199,-0.0018735112448962199,0.5511955470086871,0.581499632312294,0.6248128133450395
2,ZNF200(+),0.015602435775290396,0.016002529017024585,-0.03652864919902192,-0.03652864919902192,-0.5447428573024855,0.5859303844957442,0.6291369939858372
2,ZNF789(+),0.03813109808774206,0.038393369748195516,-0.00988911144999395,-0.00988911144999395,-0.5316972020269042,0.5949357301215267,0.6375984759507944
2,ZNF680(+),0.019790163229424777,0.019726342748172036,0.004660005480017478,0.004660005480017478,0.5249196629533425,0.5996390397409311,0.6420754586437587
2,TMF1(+),0.01728345916735756,0.01731918448207673,-0.002979006473370135,-0.002979006473370135,-0.5236645631249051,0.6005118671894554,0.6427137380403273
2,TRERF1(+),0.011519301266263713,0.011450568079406332,0.008634033886801068,0.008634033886801068,0.5233987772788831,0.6006967748992718,0.6427635382186402
2,ESRRA(+),0.03992321396929664,0.04021810264562259,-0.010617153757320119,-0.010617153757320119,-0.49339450843906274,0.6217338618458974,0.6638974225917686
2,SOX13(+),0.01063156386288744,0.010605031238072694,0.003604956667685364,0.003604956667685364,0.48045959726599063,0.6309006255326786,0.6719865639989204
2,GFI1(+),0.016895644688718296,0.01681017334109893,0.00731679891160327,0.00731679891160327,-0.43741705609075626,0.6618089168680812,0.70025112046748
2,SGSM2(+),0.022860201352872117,0.022857842825916255,0.0001488530429642382,0.0001488530429642382,-0.43090530286321654,0.6665372275152708,0.7046120668658244
2,MXD4(+),0.050720716904879934,0.05102499942121413,-0.008629123530888499,-0.008629123530888499,-0.4130090558977332,0.6795999788713812,0.7178282862747478
2,ZXDC(+),0.017173063048669036,0.017053622575347416,0.010069153049518036,0.010069153049518036,0.402776300825885,0.6871127970223867,0.7242203181685922
2,ZFP69B(+),0.031096401467574704,0.031165015298948377,-0.003179782160225914,-0.003179782160225914,0.4012627980915929,0.6882266502322993,0.7252297618713772
2,ZNF263(+),0.027768431543975784,0.027351589126690664,0.021821034312952906,0.021821034312952906,0.3994392118702751,0.6895696061335188,0.7264801135155806
2,ZNF800(+),0.01817967040417005,0.018128443387878303,0.0040709912806351405,0.0040709912806351405,0.39875998137488544,0.6900700667564283,0.726842507955467
2,PHF20(+),0.02688133388223988,0.026952297166703953,-0.003803512119921289,-0.003803512119921289,-0.3925140139933677,0.6946784587870705,0.7310334030507345
2,ZNF514(+),0.033041755028672674,0.0329274579711819,0.004999179178582361,0.004999179178582361,0.37089676518357595,0.7107144246037598,0.7455439255384969
2,ZNF880(+),0.03563400068194999,0.03577100573303665,-0.005536215308139827,-0.005536215308139827,-0.36992221708149514,0.7114404470239566,0.7459685951300854
2,ZNF253(+),0.016480372696025692,0.01694113965779543,-0.03978205920378251,-0.03978205920378251,-0.3610331571200917,0.7180746605573997,0.7522455566732343
2,ZNF268(+),0.011574367050380572,0.012325652734272196,-0.09073074118129204,-0.09073074118129204,0.35959348378747236,0.7191511572476421,0.7532034104656815
2,SKIL(+),0.026023280159503222,0.02611949111287935,-0.005323967795545752,-0.005323967795545752,0.3497372586641554,0.7265358890131841,0.7597386772774066
2,NR1H2(+),0.03672409190214278,0.03680477219564549,-0.003166024779773002,-0.003166024779773002,-0.31802014770552645,0.7504696540200305,0.7821250937677904
2,ZNF785(+),0.026031395040859308,0.02639012465766267,-0.019745535849905013,-0.019745535849905013,-0.315834797416012,0.752127904449124,0.7833260350148388
2,HOXA4(+),0.013272469383605505,0.01316371009333536,0.011870653414659212,0.011870653414659212,0.31311787543445346,0.7541911088368183,0.7847709902659097
2,ZNF283(+),0.012723182136885985,0.012624636912926259,0.011217644460278972,0.011217644460278972,0.3065913563265792,0.7591544336481422,0.7890517664568406
2,ZNF776(+),0.015659067091233308,0.016080574249278844,-0.03832065993206397,-0.03832065993206397,-0.305129534173458,0.7602674980882609,0.7898551842138162
2,ZNF490(+),0.012618367804308812,0.012638470268706391,-0.0022965447566921466,-0.0022965447566921466,-0.30411068843037353,0.7610435640688438,0.7904846500670347
2,GATAD2B(+),0.026506714444344236,0.02601958258243537,0.026760037689208947,0.026760037689208947,0.29675728002376406,0.7666518225645993,0.7952429021466199
2,NCOA1(+),0.025321995953947095,0.024708277001751586,0.0353967154965507,0.0353967154965507,-0.2843834723034051,0.7761165235505569,0.8032667673556901
2,ZNF154(+),0.01599656192545129,0.015939596944320834,0.0051467164932837445,0.0051467164932837445,0.2815631891595047,0.7782784694057938,0.8049662637252087
2,ZNF33A(+),0.011420460316898955,0.011449555957872226,-0.0036708461782564558,-0.0036708461782564558,-0.28058864105742387,0.7790259293028422,0.8055599825493548
2,ZNF777(+),0.017430878649390028,0.017293994034225532,0.011374196750133726,0.011374196750133726,0.27672736334993714,0.781989459151456,0.8080847692454979
2,CENPB(+),0.019217900905129766,0.019222400394103955,-0.0003377387742605563,-0.0003377387742605563,0.2710498823612999,0.7863526671339602,0.8122321856431499
2,ZNF124(+),0.013394821317142966,0.013152842452606783,0.026300721072274033,0.026300721072274033,-0.26144467720367043,0.7937496073039475,0.8193259835392969
2,PHF1(+),0.02845737586456068,0.02849576753636634,-0.001945019279441734,-0.001945019279441734,0.2601526626743967,0.7947460170247439,0.8201722392979195
2,ZNF48(+),0.017022878190965523,0.017665101530268998,-0.05342705270331429,-0.05342705270331429,-0.2510568803883094,0.8017701328546041,0.8266864077934819
2,ZNF737(+),0.012386753360126975,0.012489398673921577,-0.011905918046895442,-0.011905918046895442,-0.2288563793053026,0.8189805450669573,0.8418155857127719
2,ZNF234(+),0.013621779891086509,0.015001817380294536,-0.13922204988274262,-0.13922204988274262,0.22158418324053317,0.824637596375043,0.8468807506438369
2,ZNF28(+),0.013200840422522939,0.013116575298545888,0.00923869455693215,0.00923869455693215,0.20463295261646144,0.8378589076997373,0.859888339873018
2,ZNF512(+),0.01560577643815833,0.015489444955630831,0.010794689191683296,0.010794689191683296,0.1893502664701947,0.8498183008756282,0.8708153557395307
2,ZNF555(+),0.017085310666126247,0.016040696433924678,0.09101969516761875,0.09101969516761875,-0.18947577645303845,0.8497199388018819,0.8708153557395307
2,HOXB7(+),0.019415314355691212,0.01960040206166653,-0.013688181559538779,-0.013688181559538779,-0.18480237532715107,0.8533840447098993,0.873698234004294
2,ZNF821(+),0.012882438998807526,0.012961277293037815,-0.008802136570066435,-0.008802136570066435,-0.1535873042998971,0.8779351478592937,0.8954784281524856
2,ZNF107(+),0.016777095092578194,0.016942259462791938,-0.014133349379195392,-0.014133349379195392,-0.1390133804096891,0.8894395756746507,0.9058203966254664
2,FOXK1(+),0.015100476469893357,0.01498885188871553,0.010704190924877684,0.010704190924877684,0.12182589570026447,0.9030369048982575,0.9182588492233813
2,FOXP4(+),0.022507952148598815,0.022364181943981567,0.009244813777399238,0.009244813777399238,0.12049696647015433,0.904089482543958,0.9191279593820716
2,CREBZF(+),0.03528568843838439,0.035237982917241124,0.0019518135116683318,0.0019518135116683318,-0.09690108969553186,0.9228049434294794,0.934285438624455
2,JUND(+),0.07960681638978574,0.07942971306458642,0.003213176146033031,0.003213176146033031,-0.09418416771397332,0.9249628611981217,0.9362502702691817
2,ZNF610(+),0.01538562586655978,0.015194764221540322,0.018008841969306424,0.018008841969306424,0.09021214590397743,0.9281186326477113,0.9390352970264908
2,ZNF230(+),0.014886380820910447,0.015699779360322123,-0.07675123074357806,-0.07675123074357806,0.07618455958614806,0.9392722666511651,0.9480486046489922
2,FBXL19(+),0.026434368482583702,0.024580373790899713,0.1049080022363425,0.1049080022363425,-0.05170272999145216,0.9587655619325706,0.9645800379416916
2,NFIC(+),0.030072215250673898,0.03009021333556685,-0.0008631881505501008,-0.0008631881505501008,-0.04386204753380227,0.9650143678488451,0.9698164730977684
2,ZNF428(+),0.039033615828723396,0.03909748391221607,-0.0023586557925486585,-0.0023586557925486585,-0.04272507474804136,0.9659206910582635,0.9703074416015643
2,ZNF706(+),0.04277916546588567,0.043052119727501656,-0.009175933392096342,-0.009175933392096342,-0.03354069717994676,0.973243412419293,0.9768184206325877
2,SREBF1(+),0.043804602280521486,0.041706267642920056,0.07081824220082925,0.07081824220082925,0.03221176794983661,0.9743031715830932,0.9774596613398419
2,TRPS1(+),0.017248970707895044,0.01705144824912146,0.01661599559421651,0.01661599559421651,0.03232989499251307,0.9742089689040002,0.9774596613398419
2,ZNF592(+),0.010280687307654317,0.010512323043184583,-0.03214479425856707,-0.03214479425856707,0.031931216223480025,0.9745269043801255,0.977473001694166
2,ZNF93(+),0.02005140012607694,0.020019284273330662,0.0023125828666974426,0.0023125828666974426,-0.0306613505147081,0.9755396144807987,0.9782775279065868
2,ZNF217(+),0.017020334628978145,0.01684803772189069,0.014678829000198814,0.014678829000198814,-0.027649110926458425,0.9779420117649595,0.9802634105844275
2,MLXIP(+),0.021964506558286294,0.021298635845533317,0.04441305663965249,0.04441305663965249,0.0028645807849041038,0.9977143983444267,0.9985743116375483
2,ZFP57(+),0.014157776758244747,0.014265714504003307,-0.010957273804889525,-0.010957273804889525,-0.0007973575380660908,0.999363800798351,0.9995789954152327
3,TCF7(+),0.026131909119638277,0.01777212138598153,0.5561966012566082,0.5561966012566082,25.17819280568899,6.943983986462805e-140,4.479834113488851e-138
3,ZNF267(+),0.04413134611431949,0.031053678746311427,0.5070395538068776,0.5070395538068776,23.804243693534566,3.018365399285952e-125,1.752538409960406e-123
3,SKIL(+),0.03377836729045631,0.024438255052937594,0.4669583023396721,0.4669583023396721,23.183161881451674,6.733257395919696e-119,3.636741930703138e-117
3,ZBTB48(+),0.027099782174831624,0.01649344414952929,0.7163885283530373,0.7163885283530373,21.374006027824258,2.332366992794955e-101,1.0417158347627467e-99
3,SATB1(+),0.024046805959560033,0.018080648600564107,0.4113988275903131,0.4113988275903131,20.293733594189675,1.4606985473883476e-91,6.0043758872733405e-90
3,MAFF(+),0.04036837033527596,0.03276916161916308,0.30088657553582193,0.30088657553582193,20.147169433468886,2.849479953027654e-90,1.1509421201576915e-88
3,IKZF3(+),0.046236829079775686,0.05214380773703865,-0.1734534729533349,-0.1734534729533349,-19.92840192762362,2.3081511840620097e-88,8.934468541640028e-87
3,PRDM1(+),0.06712139937347275,0.08707538139671657,-0.3754920880451961,-0.3754920880451961,-19.825634417481318,1.789109046343943e-87,6.811812721530833e-86
3,NFKB1(+),0.04531280488750764,0.036658891042334975,0.3057556457333387,0.3057556457333387,18.93965118929684,5.375202418631933e-80,1.849467795151506e-78
3,REL(+),0.11087290215456899,0.09035574264232994,0.2952186034198782,0.2952186034198782,18.58985331012808,3.8823817855386634e-77,1.2881188138447922e-75
3,POU5F2(+),0.03827696669746101,0.05698464141215037,-0.5740966156017715,-0.5740966156017715,-17.629257561458903,1.4688311933456088e-69,4.085461612628954e-68
3,ZNF781(+),0.04698948487414947,0.023872359000950735,0.9769967858133524,0.9769967858133524,17.470692471238465,2.3956932303880816e-68,6.507599447457684e-67
3,NR4A2(+),0.11020828745066835,0.09235691113798142,0.2549408850145347,0.2549408850145347,16.469635161761857,6.0634956402707584e-61,1.3606249878771822e-59
3,SOX4(+),0.020041221065782912,0.015363161142326732,0.38349529214933276,0.38349529214933276,16.451548367639543,8.175130135245009e-61,1.8256480518371666e-59
3,ZNF623(+),0.022903324029382662,0.015528339503701147,0.5606534004816217,0.5606534004816217,16.306611299232934,8.857207669079569e-60,1.922510730040869e-58
3,ATF4(+),0.08752969168680169,0.07783572958762014,0.1693399270394445,0.1693399270394445,16.022661216757,8.87684121948182e-58,1.8573390749771646e-56
3,ZNF331(+),0.09642511372701958,0.08005638718831029,0.2683924285936565,0.2683924285936565,15.753750501361898,6.4726036262503125e-56,1.2848394805099445e-54
3,GPBP1(+),0.08251051444665225,0.07056835656355927,0.2255565609767318,0.2255565609767318,15.753444859711719,6.503969263416329e-56,1.2855717969603764e-54
3,BHLHE40(+),0.031220468074734,0.027658716636701875,0.17475794416725526,0.17475794416725526,15.625614734254798,4.872001059224128e-55,9.46880540589794e-54
3,ASCL2(+),0.06888955676792445,0.10393823301192123,-0.593369229976156,-0.593369229976156,-15.311630864918696,6.394032657584324e-53,1.1832781551585334e-51
3,BACH2(+),0.03976138659652673,0.03306718799561144,0.26596769621611127,0.26596769621611127,15.244173954832286,1.7999491954173655e-52,3.291639375084119e-51
3,MYC(+),0.0691522961916495,0.054007591155780174,0.3566149480901575,0.3566149480901575,15.170190696568541,5.57147134587893e-52,9.953647846772165e-51
3,HBP1(+),0.03341969530112349,0.02837445668054678,0.23610580456443314,0.23610580456443314,14.759372360887717,2.677610112657144e-49,4.364034727471029e-48
3,FOSB(+),0.1434052644043419,0.11867459683037021,0.27308683566980774,0.27308683566980774,14.743173353428267,3.404060218247731e-49,5.509358785282477e-48
3,DLX2(+),0.04380468279519827,0.03369300830002568,0.37863584865932065,0.37863584865932065,14.721113217853633,4.718287440697574e-49,7.583545038768245e-48
3,NFKB2(+),0.04078703166575502,0.03132704410029173,0.38070185712480714,0.38070185712480714,14.593229155634916,3.1016216057925456e-48,4.786389488008763e-47
3,SKI(+),0.030697086870893564,0.026142326071706783,0.23171422944202508,0.23171422944202508,14.516908637693335,9.468501687116789e-48,1.418748075376048e-46
3,FOS(+),0.12413506335228133,0.10359465260974525,0.2609611409181899,0.2609611409181899,14.35450504792507,9.983572283903814e-47,1.4446633413935583e-45
3,THAP2(+),0.029498368980526993,0.0213881574148499,0.46382296886301494,0.46382296886301494,14.207815034760086,8.194250508813219e-46,1.1499182360555108e-44
3,GTF2B(+),0.04536720675340966,0.03979877742244191,0.18892571829212423,0.18892571829212423,14.16227442888352,1.5683474924841034e-45,2.1489599122680413e-44
3,KDM2B(+),0.03086225036752808,0.025273784845231323,0.28820152217142075,0.28820152217142075,14.002118204190095,1.5129327406408173e-44,1.9466960056167857e-43
3,ZFHX3(+),0.022072885905688806,0.017626033996559893,0.32456735686587634,0.32456735686587634,13.90418702368885,5.974180710040389e-44,7.540779727754783e-43
3,JUNB(+),0.14964754268427474,0.12653285772448075,0.2420565183446528,0.2420565183446528,13.804368056524739,2.398667344143576e-43,2.9167041396719664e-42
3,YBX3(+),0.024771327657197324,0.02018799004435845,0.2951739005927192,0.2951739005927192,13.65242819854493,1.9526204603570672e-42,2.307868203144676e-41
3,ELF1(+),0.056891170067222434,0.05109189533856921,0.15511029413177083,0.15511029413177083,13.329508805671262,1.559208672862049e-40,1.7041233612809924e-39
3,TBX21(+),0.0418339401588639,0.053667949580795356,-0.35938687682833176,-0.35938687682833176,-13.194577006577845,9.428260078180632e-40,9.998691338618501e-39
3,JUND(+),0.08542058009030244,0.0782111559691249,0.12720928684713034,0.12720928684713034,13.166529890443837,1.3673944766673118e-39,1.4370016615655345e-38
3,FOSL2(+),0.08088142549717635,0.07139561938653437,0.17997286423541767,0.17997286423541767,13.154358161198502,1.606418130324891e-39,1.673052066224018e-38
3,ZNF582(+),0.024312445100293716,0.030823079321743767,-0.3423159938858603,-0.3423159938858603,-13.142635904968134,1.8757685876097198e-39,1.9448538146087383e-38
3,MYBL1(+),0.034030085714600394,0.042072357375440204,-0.3060618634195845,-0.3060618634195845,-13.0994685166106,3.3157134764974015e-39,3.3627705454869936e-38
3,SNAPC4(+),0.0297291277617443,0.024316993601496265,0.2899122509267587,0.2899122509267587,13.051069262358837,6.26617169878878e-39,6.300079554301706e-38
3,ZNF181(+),0.01511249510034166,0.021671328771594455,-0.5200457139683472,-0.5200457139683472,-13.02666287764607,8.63002666544053e-39,8.62074706687554e-38
3,CIC(+),0.016546027394199754,0.012383530100405485,0.41806221272893074,0.41806221272893074,12.71831539991767,4.678377014105319e-37,4.269363699512614e-36
3,ZNF300(+),0.024745637182942197,0.03313946226631046,-0.4213759871796509,-0.4213759871796509,-12.715816329954446,4.8303853640479845e-37,4.3994392188240955e-36
3,ZNF165(+),0.04116169214376741,0.032661998955513166,0.33368919469669034,0.33368919469669034,12.547084160135428,4.1241874688018876e-36,3.614500149544296e-35
3,ZNF175(+),0.02596729195427535,0.033423620618176116,-0.3641724417883925,-0.3641724417883925,-12.49525093204931,7.924585462112185e-36,6.816611013242797e-35
3,CSRNP1(+),0.07896141146823482,0.06640181750132006,0.24992504485412065,0.24992504485412065,12.478152978559924,9.823911147967447e-36,8.403695632101066e-35
3,KLF13(+),0.06434702271809034,0.07293291571567122,-0.18069667101417541,-0.18069667101417541,-12.32401969226707,6.725639173767223e-35,5.598672753073253e-34
3,EGR1(+),0.10474296743989804,0.08775215278728393,0.2553469563441603,0.2553469563441603,11.955613630278634,6.068366054743551e-33,4.510009651885407e-32
3,CSRNP2(+),0.029643107590194992,0.024919024093793426,0.25044912003088854,0.25044912003088854,11.855524979305542,2.014576385695942e-32,1.4759790712236044e-31
3,ATF3(+),0.11780631563505144,0.10046191912430225,0.22976814228688616,0.22976814228688616,11.584870308612365,4.91710247305597e-31,3.38871528002151e-30
3,ZNF571(+),0.02289264899292837,0.018825711711482566,0.28217999107589636,0.28217999107589636,11.559376199203374,6.618784420048332e-31,4.507955077877493e-30
3,ZNF630(+),0.029129368676169557,0.022387331045620178,0.3797918748086573,0.3797918748086573,11.487568390332074,1.5233972702523988e-30,1.0181554417730061e-29
3,JUN(+),0.1295397287654989,0.1133257740982336,0.19291861091828785,0.19291861091828785,11.446288788637405,2.454296681778023e-30,1.6239612659343186e-29
3,ZNF665(+),0.019430116609757887,0.024335705738095095,-0.324780039290637,-0.324780039290637,-11.298034609380334,1.3418753753454146e-29,8.538371395177328e-29
3,NR4A1(+),0.12982269161006255,0.11195841812365977,0.21357956305441975,0.21357956305441975,11.272540499971345,1.793199446505001e-29,1.1332532556483987e-28
3,NFE2L2(+),0.06151276730295471,0.05493003194294514,0.16329074695796555,0.16329074695796555,11.2717674063856,1.809016630472808e-29,1.1416959576829066e-28
3,ZFP64(+),0.020655807763131345,0.01652542813054253,0.3218598130053593,0.3218598130053593,11.256233618988302,2.1578538191420833e-29,1.356323543966844e-28
3,ZNF12(+),0.03008718159733464,0.024784830553549898,0.27969156339023726,0.27969156339023726,11.21304825171017,3.518629415902945e-29,2.2056725555828854e-28
3,DDIT3(+),0.036372553663355414,0.031984910295469585,0.18545877629725152,0.18545877629725152,11.110424572932658,1.1162749438012046e-28,6.786776327168319e-28
3,SETBP1(+),0.012078351023201062,0.014743804003476638,-0.2876852696074303,-0.2876852696074303,-11.071985640692589,1.7155655835722213e-28,1.034909368271814e-27
3,EGR4(+),0.02232026825653351,0.017485758221859292,0.3521739925577247,0.3521739925577247,11.017527490199056,3.145814386925782e-28,1.852003526903708e-27
3,MYB(+),0.026729389211458187,0.018433352306738558,0.5361083821951307,0.5361083821951307,10.889517575536146,1.2932349638504318e-27,7.370645898264117e-27
3,CREM(+),0.10179714207462881,0.09033766808352107,0.17229747833918332,0.17229747833918332,10.858701705629935,1.8130849844117e-27,1.0220606495864499e-26
3,ZNF770(+),0.03091389081253649,0.02520061437444727,0.29479632607315287,0.29479632607315287,10.857551054711617,1.836071003408404e-27,1.0337636134341864e-26
3,SNAPC2(+),0.01991526994142136,0.02376653086009964,-0.25505628555647764,-0.25505628555647764,-10.821359487546387,2.7270192327683943e-27,1.5243085843813706e-26
3,NFIA(+),0.025137426966866914,0.019874556355252992,0.3389143132366231,0.3389143132366231,10.820145910405973,2.7633709377879825e-27,1.5409193284544031e-26
3,MEF2C(+),0.025162268845920304,0.029679546285535777,-0.2382070149260452,-0.2382070149260452,-10.784179079748228,4.0887760420391914e-27,2.2583073383201006e-26
3,NR4A3(+),0.06477181148533429,0.056145163070617086,0.20620435014928068,0.20620435014928068,10.769166681048294,4.813379360314541e-27,2.6522119962824485e-26
3,ZNF296(+),0.050024151740305466,0.0414184437939467,0.2723514440478085,0.2723514440478085,10.721972014476645,8.027330348534255e-27,4.371271918984949e-26
3,GLMP(+),0.03200829482109433,0.0373302953788533,-0.22190109550468937,-0.22190109550468937,-10.659980696252248,1.5662995033407744e-26,8.352997925393681e-26
3,ZNF426(+),0.04896154581337028,0.04344555812412253,0.1724404203884936,0.1724404203884936,10.654155525978261,1.667511580621943e-26,8.882558821088217e-26
3,KLF9(+),0.014166468048525921,0.01685046915734329,-0.2503086301710843,-0.2503086301710843,-10.626809587747603,2.2363227775470166e-26,1.1831115377797143e-25
3,KLF2(+),0.07682366740052478,0.0900331704909277,-0.22890578512311593,-0.22890578512311593,-10.609136308799059,2.702354605607264e-26,1.421567060367581e-25
3,ZBTB1(+),0.049983750784400593,0.04590644167433937,0.12276255346405623,0.12276255346405623,10.574994338582083,3.8920100534903183e-26,2.028999629457074e-25
3,STAT4(+),0.037489459982609975,0.033696563169534045,0.1538835867337296,0.1538835867337296,10.571470470144734,4.0410800580492533e-26,2.1019951701723157e-25
3,ATF5(+),0.019254312072918858,0.017148972203471797,0.16705945622927762,0.16705945622927762,10.49786476921356,8.835608912613046e-26,4.534961701556641e-25
3,YY1(+),0.03887730394881394,0.04110369137188797,-0.08033978602416814,-0.08033978602416814,-10.488497751581626,9.756726947492602e-26,5.002207138090855e-25
3,KLF6(+),0.09064935451908714,0.08325234016906034,0.12280591971614026,0.12280591971614026,10.48786848936067,9.82191153516795e-26,5.030074871097589e-25
3,ZNF341(+),0.026546286440639118,0.021925257365685315,0.27591626753078663,0.27591626753078663,10.4381747528258,1.659711391847589e-25,8.425529415444864e-25
3,HOXA9(+),0.03731839648837794,0.032355346186581,0.20588287785784268,0.20588287785784268,10.436835323241196,1.683289818565799e-25,8.535896514452115e-25
3,NR1D1(+),0.022127537787842065,0.01660110247844281,0.4145638503410095,0.4145638503410095,10.4254906243434,1.8967785652552739e-25,9.587090789565558e-25
3,ZBTB20(+),0.04111157759276156,0.03583817435861954,0.19804758239635986,0.19804758239635986,10.390692423524571,2.7336128971211885e-25,1.3653367642073033e-24
3,ERF(+),0.03367706433860223,0.02788404860453105,0.27232632640932763,0.27232632640932763,10.382350204366764,2.983388427255623e-25,1.4852989544053985e-24
3,RBCK1(+),0.06592862777577103,0.07049229620621446,-0.09656054516880486,-0.09656054516880486,-10.271636011319828,9.458682831051298e-25,4.6247980789719245e-24
3,TOPORS(+),0.03872833465263874,0.033988602250999145,0.18833842690375127,0.18833842690375127,10.255095404369001,1.1226508497471127e-24,5.4604326670945954e-24
3,AHR(+),0.04593704037601231,0.04072832490749229,0.17362542621402433,0.17362542621402433,10.180734588772683,2.4172960210528614e-24,1.1539917798345881e-23
3,RREB1(+),0.02930154060999621,0.026257921216355527,0.15822380897819416,0.15822380897819416,10.161694911858635,2.939218046586977e-24,1.397407147021137e-23
3,ZNF595(+),0.02070013154482346,0.017318653948706145,0.25731311778590854,0.25731311778590854,10.10952008428114,5.012922980696045e-24,2.3615646293441306e-23
3,DR1(+),0.03257821788835344,0.034782573365383505,-0.09445698369058711,-0.09445698369058711,-10.10754240301528,5.1151289922304884e-24,2.404835442197431e-23
3,RUNX2(+),0.014440884469574032,0.012237715579949442,0.2388248139499129,0.2388248139499129,10.10222064251806,5.400519676550891e-24,2.5338801916746355e-23
3,ADNP2(+),0.017091814811935866,0.014659106846423348,0.22150837147539074,0.22150837147539074,10.092314257268162,5.974409938016121e-24,2.7974933631133955e-23
3,ZHX2(+),0.03395069102700646,0.029694306925582753,0.19325457299928964,0.19325457299928964,10.074227463145847,7.182298519774652e-24,3.35294237430686e-23
3,ZNF587B(+),0.028700907280042393,0.03383572200795481,-0.23745082294135905,-0.23745082294135905,-10.069723743535867,7.518897794233151e-24,3.506554242390862e-23
3,SMYD3(+),0.03518529846271486,0.03162991366807812,0.15368312814711732,0.15368312814711732,10.058010476765798,8.46925278908272e-24,3.9379058263552783e-23
3,SLC2A4RG(+),0.02085268364790953,0.022760471070337875,-0.12629734734300982,-0.12629734734300982,-10.020542406238059,1.2382152528495154e-23,5.700207977686818e-23
3,ZNF182(+),0.03657423339305973,0.04374797674050783,-0.2583886647998709,-0.2583886647998709,-10.019400744780041,1.2526010385958036e-23,5.760724578492582e-23
3,FOXD1(+),0.018710662364755166,0.022941057262504144,-0.2940712353195226,-0.2940712353195226,-9.936490952439028,2.888224281791411e-23,1.3101368934493264e-22
3,PHF1(+),0.03130354044132289,0.027878226529844178,0.16718704278740504,0.16718704278740504,9.849544892423603,6.885504702178953e-23,3.072350561154778e-22
3,TBX19(+),0.007445770981559866,0.010107555687148896,-0.4409409537765617,-0.4409409537765617,-9.8496078186457,6.881195312476937e-23,3.072350561154778e-22
3,ZNF672(+),0.051924412477239563,0.0578717688419851,-0.15644675056298576,-0.15644675056298576,-9.76736324636684,1.5544490525230162e-22,6.83751500849376e-22
3,ATF6B(+),0.04076108363622132,0.04701594479980267,-0.20595769874009992,-0.20595769874009992,-9.743217556002755,1.9720922962540667e-22,8.641857279339754e-22
3,REST(+),0.046322973886782984,0.04907085305489223,-0.08313847407924374,-0.08313847407924374,-9.701560396975513,2.969223966161997e-22,1.2938128820658981e-21
3,ZNF655(+),0.026072611336971124,0.028931275224483792,-0.15009482475599428,-0.15009482475599428,-9.695897036986915,3.1386731452500573e-22,1.3650877115811345e-21
3,ZBTB10(+),0.02843510644266029,0.02509704623865062,0.18015561985426987,0.18015561985426987,9.660083027154258,4.455027523742692e-22,1.9339815745593273e-21
3,CEBPZ(+),0.031180374848853547,0.02886901322155315,0.11111647311825762,0.11111647311825762,9.658195240491393,4.537876141518249e-22,1.966271891544055e-21
3,ZBTB44(+),0.017972890241954264,0.020194932723968634,-0.1681709021029179,-0.1681709021029179,-9.618479804888812,6.681123465611653e-22,2.868190249331435e-21
3,MAFG(+),0.039842290715530394,0.03386388084618507,0.23455327303906756,0.23455327303906756,9.613122086550394,7.038187228374679e-22,3.0159021841144265e-21
3,RFX3(+),0.01866214708446449,0.015481507374721423,0.2695690142855565,0.2695690142855565,9.59357899985958,8.508135879675135e-22,3.6190742821511904e-21
3,ZNF644(+),0.02162513514062535,0.018992987602227236,0.1872422796086064,0.1872422796086064,9.444587684857963,3.568062897715485e-21,1.477152598920537e-20
3,ZNF696(+),0.04921257556944285,0.04375889204112597,0.16945080900325754,0.16945080900325754,9.43449252094178,3.9289147549248686e-21,1.6236484908030263e-20
3,ZNF667(+),0.01914672789975442,0.016705916676164917,0.19673870385031347,0.19673870385031347,9.425296303055532,4.288928923959681e-21,1.7708510979371304e-20
3,BCL11A(+),0.0316110525041679,0.024933152825281538,0.34236373421793687,0.34236373421793687,9.423156811504285,4.377256950219311e-21,1.8025140544121186e-20
3,ZSCAN30(+),0.01483576657914111,0.011438513650907837,0.3751798484910214,0.3751798484910214,9.264277090173367,1.9640322995176498e-20,7.797376095093575e-20
3,ARID2(+),0.025228773595394254,0.022289649310315695,0.17869615070675218,0.17869615070675218,9.241084282601015,2.4401182462429637e-20,9.621688670457187e-20
3,ZNF90(+),0.07716343523442759,0.08450531535091181,-0.1311247154996695,-0.1311247154996695,-9.223285151208279,2.881343042365872e-20,1.128485533877696e-19
3,ZNF202(+),0.011705973044883742,0.016762738270131493,-0.5180129402385788,-0.5180129402385788,-9.147548948186158,5.823990351090673e-20,2.2450153677025873e-19
3,ZNF276(+),0.02345080445682974,0.026401989978037263,-0.17100925218507299,-0.17100925218507299,-9.118917517132692,7.587840563681784e-20,2.910447515962171e-19
3,MEF2A(+),0.018091944677437376,0.015609735834178228,0.2129013542694159,0.2129013542694159,9.073646595065107,1.150989813631144e-19,4.382252200259561e-19
3,ZSCAN32(+),0.02388083345180431,0.026672870486923024,-0.15951989901092772,-0.15951989901092772,-9.05514628576902,1.3638485260341855e-19,5.171490941574523e-19
3,ZSCAN16(+),0.05295873307750685,0.046281621465196626,0.19442919549115495,0.19442919549115495,9.032996255591392,1.6703439366982184e-19,6.302800638475406e-19
3,ELK1(+),0.012389824561691975,0.01588733864260389,-0.3587216879040045,-0.3587216879040045,-9.02712613801591,1.7623922059294077e-19,6.628592547807368e-19
3,MXD1(+),0.04006535945767281,0.03607749921406142,0.15125607762752352,0.15125607762752352,8.972263461808906,2.9048260618715136e-19,1.0785705081849066e-18
3,ZEB1(+),0.030593643463055282,0.027201351665322497,0.1695535825412619,0.1695535825412619,8.962896444176971,3.162595461793847e-19,1.1714717639579283e-18
3,TET2(+),0.03529870113357233,0.03180917295004758,0.15017223217807044,0.15017223217807044,8.954374435813177,3.4166738410610047e-19,1.2645776885839336e-18
3,ZNF639(+),0.021098961483018867,0.0186848142160069,0.17530576160622438,0.17530576160622438,8.942004938441254,3.8217251146259583e-19,1.4111218726103e-18
3,ZNF726(+),0.013521377502504312,0.01115855427037336,0.2770919921988284,0.2770919921988284,8.918470531377526,4.727718988213048e-19,1.729153913405481e-18
3,PBX2(+),0.017033619809557695,0.01938895592775601,-0.18685005353529088,-0.18685005353529088,-8.884724097413724,6.407959647526922e-19,2.330851414468485e-18
3,IRF3(+),0.02382701040410517,0.025851199050024178,-0.11763324686127367,-0.11763324686127367,-8.867338481194757,7.491492689468679e-19,2.7164702219033576e-18
3,ZFHX2(+),0.04305070093697622,0.03610653177979593,0.25377687226365675,0.25377687226365675,8.845224408858329,9.134455265927382e-19,3.2993425124597732e-18
3,ZNF33B(+),0.01492366444006171,0.012860160013458353,0.21469321737901234,0.21469321737901234,8.842851191339298,9.330646107609854e-19,3.364972916913647e-18
3,ZNF827(+),0.019686962649588722,0.016569519244012787,0.24870878815229444,0.24870878815229444,8.829636684699235,1.0501628023364322e-18,3.772626617828869e-18
3,FOXM1(+),0.054610971507727174,0.058420684563352185,-0.09728843977284288,-0.09728843977284288,-8.797094838415546,1.404036436267879e-18,5.0051797747231754e-18
3,ARID5A(+),0.03464239360749856,0.03145511687466468,0.13924388929598328,0.13924388929598328,8.78634344389751,1.5450675446447893e-18,5.499493291091989e-18
3,ZNF117(+),0.014532359138498315,0.018055870843352757,-0.31319905980916063,-0.31319905980916063,-8.774045862207982,1.7235898059297009e-18,6.125535308755517e-18
3,CXXC1(+),0.027946747823993683,0.025071947249482716,0.1566063502805822,0.1566063502805822,8.763438299054737,1.893835816182077e-18,6.704929394943406e-18
3,KLF4(+),0.026031813857270315,0.021942598781861937,0.24654142760014233,0.24654142760014233,8.746717902897924,2.1964789777218682e-18,7.741005198420393e-18
3,MBD2(+),0.03200723031940895,0.033640690131144194,-0.07180945866740368,-0.07180945866740368,-8.719569732793852,2.792609572819464e-18,9.760475143526268e-18
3,ZBTB38(+),0.020273139400546307,0.022015584332083154,-0.11895561590100726,-0.11895561590100726,-8.696412883062697,3.4254042217837298e-18,1.1865028046372429e-17
3,SP140L(+),0.020732462192399784,0.023473113979795387,-0.1791177751535172,-0.1791177751535172,-8.667412884136956,4.420496259255283e-18,1.5243656365434885e-17
3,ZNF44(+),0.016141902836400067,0.013799869243676852,0.22615604368104764,0.22615604368104764,8.606338490863093,7.543130501414498e-18,2.5687566846825767e-17
3,ZNF627(+),0.04726087062676368,0.041969188005432305,0.17131565153976996,0.17131565153976996,8.604216978232444,7.683950281250651e-18,2.614794802667346e-17
3,HES4(+),0.022234149354736894,0.019203166359145974,0.2114329874339844,0.2114329874339844,8.592009291145912,8.546147660966331e-18,2.903939713620235e-17
3,HIVEP2(+),0.03796660249614989,0.034385383034063535,0.14293548233389256,0.14293548233389256,8.587047109060663,8.923305292332318e-18,3.0276664048855824e-17
3,SMAD5(+),0.02093774730330675,0.02285715312341788,-0.1265394893905398,-0.1265394893905398,-8.539438927315244,1.3487512337290708e-17,4.5497091362901477e-17
3,ZNF280D(+),0.01787572098589972,0.015562135786084862,0.19996134668855,0.19996134668855,8.518205822088152,1.6204403564284975e-17,5.426781150404016e-17
3,RFX8(+),0.013206105661499972,0.00978809785476684,0.43210462621495677,0.43210462621495677,8.454335706661189,2.8068069627962173e-17,9.319241130942408e-17
3,ZNF487(+),0.01908251679887552,0.022124417331964404,-0.21338798915009874,-0.21338798915009874,-8.43418133667002,3.335292259975102e-17,1.1042361046033036e-16
3,IRF1(+),0.06380564498345336,0.06072524435587314,0.07138767571868068,0.07138767571868068,8.4175598245765,3.8440699074064645e-17,1.268160846584022e-16
3,ZNF22(+),0.04200905497019026,0.044608577833831944,-0.0866208207554608,-0.0866208207554608,-8.41079975043138,4.072244533145889e-17,1.3404652484286821e-16
3,ZNF692(+),0.0281443024212423,0.024113138480109587,0.22302344254050546,0.22302344254050546,8.309542469619371,9.607176860272659e-17,3.116294449439001e-16
3,FOXK2(+),0.024093718868634255,0.021411536753273903,0.1702687385811453,0.1702687385811453,8.30082269312899,1.0339290190115169e-16,3.3467597862776973e-16
3,TFAP2E(+),0.012541303338913524,0.016416571378339264,-0.38846553657113303,-0.38846553657113303,-8.2711125268396,1.3271471533745505e-16,4.2632078336271007e-16
3,NME2(+),0.03410259003077314,0.041205646086436225,-0.2729607113236864,-0.2729607113236864,-8.27097768493511,1.3286491936234803e-16,4.265083278770606e-16
3,CENPB(+),0.01809989856207399,0.01946169154028747,-0.10465549187722842,-0.10465549187722842,-8.266464975864832,1.379895765985857e-16,4.4204247124167626e-16
3,KAT7(+),0.024806747659424706,0.02299566390473869,0.10937074532035716,0.10937074532035716,8.23649411522676,1.7733040207671796e-16,5.653395453990082e-16
3,KLF3(+),0.04450990771288635,0.05591568901247823,-0.32912661999334647,-0.32912661999334647,-8.169702425202503,3.091510524018161e-16,9.7621117498738e-16
3,SNAPC5(+),0.03824736113971972,0.04090853270884339,-0.09704157656880212,-0.09704157656880212,-8.158447620907703,3.393578238397143e-16,1.0686895537189647e-15
3,RFX1(+),0.03287827471314005,0.029737044731694244,0.1448733115327835,0.1448733115327835,8.09158401520105,5.889374821493952e-16,1.838450675123616e-15
3,NFATC1(+),0.017998332831193575,0.015345918271943218,0.23000828674692542,0.23000828674692542,8.02820832009055,9.890643305163757e-16,3.0526271197664883e-15
3,TP53(+),0.041140206400005416,0.04435032174142581,-0.10839553625520232,-0.10839553625520232,-7.996907019328174,1.275835088301527e-15,3.919480148915736e-15
3,HOXB7(+),0.016672424399296677,0.02015827273982855,-0.2739081047125275,-0.2739081047125275,-7.95810850867613,1.7468912832354513e-15,5.3383618490978104e-15
3,FOXN3(+),0.030494557471934115,0.027958522052507206,0.12526367702525978,0.12526367702525978,7.949280858662156,1.8759731044352184e-15,5.717778917389494e-15
3,DACH1(+),0.02049144034837794,0.01739805386260181,0.2360954468137234,0.2360954468137234,7.904675156656724,2.6863320384309143e-15,8.134297469694653e-15
3,ZNF383(+),0.010683239004403303,0.013124973098126219,-0.29696532287736604,-0.29696532287736604,-7.816830150611363,5.41701174873198e-15,1.6223094502166374e-14
3,GATAD2B(+),0.028843067158618625,0.025599677606057393,0.17209894042086288,0.17209894042086288,7.7619764638646584,8.361592582112419e-15,2.480178642650842e-14
3,HOXA10(+),0.02002219182582838,0.0223126582101741,-0.15626247696531215,-0.15626247696531215,-7.756870450414621,8.705077127657565e-15,2.578768064921517e-14
3,TRPS1(+),0.018825988104897308,0.016745988216914243,0.16891006386545618,0.16891006386545618,7.740635485113974,9.892112705680582e-15,2.917388159865797e-14
3,TCF4(+),0.02397877112410426,0.021128692125534965,0.18255424994484104,0.18255424994484104,7.71084441368189,1.2498796384770367e-14,3.674487924510023e-14
3,FOXO4(+),0.018666305490244273,0.01538687087166096,0.27873652543763705,0.27873652543763705,7.701378511986662,1.3460611375538517e-14,3.947256302990935e-14
3,AHDC1(+),0.01599014932387953,0.01356440213698061,0.23735793438078265,0.23735793438078265,7.699967166719662,1.3610119708652099e-14,3.986065955024527e-14
3,ZNF562(+),0.03371273772630442,0.029438567466846227,0.19558631449624506,0.19558631449624506,7.6806038692348375,1.5834040126497736e-14,4.6141227344781674e-14
3,KLF12(+),0.034155469813308185,0.030634516745832435,0.15695853871970372,0.15695853871970372,7.655828916649797,1.9206928269114523e-14,5.572528532794313e-14
3,ETV6(+),0.019372247510212687,0.016650611454926204,0.21841617075711237,0.21841617075711237,7.630083102352425,2.3460243382495904e-14,6.781134443789264e-14
3,ZNF253(+),0.019239273523080722,0.01627146724146925,0.2417099616239657,0.2417099616239657,7.6205902322762995,2.525183729242102e-14,7.280868046138772e-14
3,ZNF765(+),0.020742135225675886,0.02486062828653838,-0.2612983306958482,-0.2612983306958482,-7.572496619674715,3.6611874645668355e-14,1.0471807741941472e-13
3,ZBTB43(+),0.030939576430700704,0.028599575288082792,0.11345971958232384,0.11345971958232384,7.5595517968436345,4.044606080249462e-14,1.1532962088863567e-13
3,ZNF146(+),0.013591087915458641,0.01607097372822931,-0.24179638405228787,-0.24179638405228787,-7.503889058669987,6.19517424361407e-14,1.753600509542191e-13
3,ATF2(+),0.013111422518859035,0.011467100949161762,0.19332349988560943,0.19332349988560943,7.503115965084242,6.23183735770908e-14,1.7629040515565576e-13
3,PIN1(+),0.07025841851224483,0.07388322092479314,-0.07257565823553228,-0.07257565823553228,-7.502109145530714,6.279904609656206e-14,1.7754203841663467e-13
3,ZNF528(+),0.018804236355433993,0.021209324960959716,-0.17364097619883853,-0.17364097619883853,-7.493353411199136,6.713580732439897e-14,1.8945675882249892e-13
3,ZNF775(+),0.008042723358008229,0.01071565105148615,-0.413963459580736,-0.413963459580736,-7.477010572374897,7.603230031015292e-14,2.13783314128729e-13
3,MAZ(+),0.04691847537212426,0.04881734738074466,-0.05723777003149637,-0.05723777003149637,-7.417644176557912,1.192218774613888e-13,3.322049314985908e-13
3,GLI4(+),0.016441234574284442,0.014935270974811399,0.1385952132765616,0.1385952132765616,7.40978738825627,1.2650205765362722e-13,3.5185751964137633e-13
3,ZNF428(+),0.03766670190424149,0.039380257723402555,-0.06418283483312648,-0.06418283483312648,-7.333071334061518,2.249371279270181e-13,6.189768715764213e-13
3,DRAP1(+),0.08270341084203665,0.0866507525610296,-0.06726544839654627,-0.06726544839654627,-7.329835128353748,2.3043604461552967e-13,6.333582409699025e-13
3,NFIC(+),0.028614392163226452,0.030400202486814194,-0.08733996911933992,-0.08733996911933992,-7.312593343499573,2.6203512609803973e-13,7.193576600031883e-13
3,EGR3(+),0.07021442676777635,0.06351606420954557,0.1446459672021474,0.1446459672021474,7.278810951694572,3.3677522179835384e-13,9.196477985028533e-13
3,BATF(+),0.03861499963857927,0.041956737634350434,-0.11974114400133451,-0.11974114400133451,-7.277516469411464,3.400215050498153e-13,9.279670334643902e-13
3,CXXC5(+),0.047104766455486204,0.04937540271301202,-0.06791946243538571,-0.06791946243538571,-7.252741516826424,4.0841906961494396e-13,1.110718137213943e-12
3,BATF3(+),0.035893719862573836,0.029156039444170632,0.29993667868605967,0.29993667868605967,7.2479231661059655,4.232105565926853e-13,1.1489263795283596e-12
3,ZNF92(+),0.021238051625632384,0.024068894270033933,-0.18051843796304723,-0.18051843796304723,-7.22843401617695,4.885951187245637e-13,1.3225666238202786e-12
3,TSHZ2(+),0.02165277106980503,0.018326237436983236,0.24064104102206116,0.24064104102206116,7.226681071418574,4.949405774251739e-13,1.338183342339891e-12
3,ZNF548(+),0.019090607186916367,0.01648034408974825,0.21211661261378448,0.21211661261378448,7.186875741213001,6.629068894780144e-13,1.7860803373697081e-12
3,TSC22D1(+),0.022398760878213422,0.020019724453164904,0.16199679811681728,0.16199679811681728,7.1412182723525435,9.25073171750403e-13,2.478065099642804e-12
3,ZNF737(+),0.013908836624704355,0.012145370205337912,0.19559527297720622,0.19559527297720622,7.119059252714617,1.086661906150814e-12,2.8992214555258652e-12
3,SNAI1(+),0.09879772598067654,0.0874346176569515,0.17627324028369104,0.17627324028369104,7.0832812007231585,1.4078059544665557e-12,3.740994655890819e-12
3,E2F2(+),0.03591698565677879,0.038523225325598986,-0.1010622174169106,-0.1010622174169106,-7.0369405328799495,1.9650666801396976e-12,5.1950681441371055e-12
3,HMGN3(+),0.06313465333798528,0.06613693350775693,-0.06702406550340488,-0.06702406550340488,-6.998735326607663,2.58283253015014e-12,6.8011661579066895e-12
3,SP2(+),0.014767177643674972,0.016947520327788353,-0.1986800693064545,-0.1986800693064545,-6.995085605726122,2.6509701198013714e-12,6.976632411601909e-12
3,ZNF317(+),0.030524635499112135,0.028493640729425382,0.09933409293776894,0.09933409293776894,6.981996951530252,2.910134460372105e-12,7.654345735236935e-12
3,USF3(+),0.019879859832020265,0.017144533122576938,0.21355895572375463,0.21355895572375463,6.963424726551771,3.3209864364940623e-12,8.705407447807517e-12
3,CUX1(+),0.022786362832993484,0.019960319611138203,0.19103582877861555,0.19103582877861555,6.960925656588548,3.3804413973444102e-12,8.84130083933828e-12
3,RARA(+),0.028193243180097305,0.025891714506361307,0.12285894054126029,0.12285894054126029,6.911771287671638,4.7863911914324215e-12,1.245534290431574e-11
3,GMEB1(+),0.01819620176195204,0.01663189276533282,0.12968496765600188,0.12968496765600188,6.898970296205348,5.238082149976449e-12,1.3607881200581993e-11
3,PRDM2(+),0.021221715299744405,0.01962768926390069,0.11265092833510948,0.11265092833510948,6.885809726327082,5.745975022984433e-12,1.4894003338037216e-11
3,DNTTIP1(+),0.04625978737935879,0.04889954023799286,-0.08006226405674917,-0.08006226405674917,-6.797227584537174,1.0665155271078105e-11,2.7324680768978375e-11
3,ZNF559(+),0.04001560199188125,0.03560013409164484,0.1686799334554189,0.1686799334554189,6.789280901632537,1.1269383233175938e-11,2.8856827518248197e-11
3,ZNF791(+),0.01914075074073774,0.01773657924187087,0.10991961884212545,0.10991961884212545,6.739730996462456,1.586801352801424e-11,4.049830925144293e-11
3,PREB(+),0.019747481637538946,0.021596461171526457,-0.1291262427338695,-0.1291262427338695,-6.695862430201572,2.1440335397721753e-11,5.448050214574264e-11
3,PRMT3(+),0.016602117981186767,0.014602387173445724,0.18516305255706014,0.18516305255706014,6.667042220481819,2.6101002639179842e-11,6.592667605165327e-11
3,NCOA3(+),0.014795589614775943,0.01334023528789862,0.14938306723738085,0.14938306723738085,6.6432740874503065,3.0679056397523695e-11,7.707096645024206e-11
3,ZNF646(+),0.012401957540079661,0.014261775429463181,-0.2015857216520246,-0.2015857216520246,-6.6178968410252095,3.643451218597498e-11,9.133206103823733e-11
3,ZNF473(+),0.0227362892515804,0.01947365436473051,0.2234731621000282,0.2234731621000282,6.59197123752185,4.3402469457450845e-11,1.0844780561046754e-10
3,HSF1(+),0.03893975054068671,0.04137554577191286,-0.08753469823855364,-0.08753469823855364,-6.562872354532817,5.278102808763814e-11,1.313164839138078e-10
3,ZNF830(+),0.02801516656006245,0.03008279880189775,-0.10273072326423074,-0.10273072326423074,-6.553739062868665,5.611398468364415e-11,1.393847373558968e-10
3,GTF2IRD1(+),0.014057274707480659,0.011042939233779643,0.348192680499053,0.348192680499053,6.522428772645989,6.917791729498518e-11,1.7137676044544327e-10
3,CREB3(+),0.025508809571294384,0.02718713243249429,-0.09192841363845149,-0.09192841363845149,-6.504045326333794,7.818832081725944e-11,1.9308067527707074e-10
3,ZBTB7A(+),0.02736334109298722,0.028732476930328637,-0.07043797003827144,-0.07043797003827144,-6.489122822236855,8.633756244014718e-11,2.1275224272386403e-10
3,TCF12(+),0.02532076691062123,0.022705173634294088,0.15730002534916046,0.15730002534916046,6.4816256123471865,9.073957665644927e-11,2.2324435040741888e-10
3,SETDB2(+),0.013858817955078963,0.01145481047110774,0.2748506023630117,0.2748506023630117,6.456625923254662,1.0706310098989288e-10,2.6270898261915075e-10
3,ATF7(+),0.019074094047259276,0.02161308754845147,-0.18029063923789304,-0.18029063923789304,-6.451699699010612,1.1060258026356985e-10,2.7125078422612565e-10
3,ZNF169(+),0.013683322168679775,0.016601124815604103,-0.27886243256872334,-0.27886243256872334,-6.445443034642256,1.1526321448132944e-10,2.8223385939155256e-10
3,PHF19(+),0.06731046217525936,0.07074157853714647,-0.07172764813565329,-0.07172764813565329,-6.435204039361284,1.2330757395671914e-10,3.0145456896261074e-10
3,ZNF549(+),0.022575204670760483,0.018951113452012204,0.252456440409385,0.252456440409385,6.421423196722362,1.350061246882351e-10,3.291881622975601e-10
3,KMT2A(+),0.027186270426676692,0.028686008491450272,-0.0774689883013523,-0.0774689883013523,-6.4064917031651225,1.4890620869367523e-10,3.621305441791212e-10
3,DEAF1(+),0.01138200922668284,0.009496663778951283,0.26126254667197385,0.26126254667197385,6.401987983555142,1.533667402931337e-10,3.7258813214519143e-10
3,TET3(+),0.017991083811512466,0.015880106139667918,0.1800615335744271,0.1800615335744271,6.397322453659774,1.5812517457252644e-10,3.8354644171769467e-10
3,KLF5(+),0.07304491689922263,0.06646788079761957,0.1361265222633668,0.1361265222633668,6.381779676802178,1.7504168243337572e-10,4.2369391084055773e-10
3,ZNF266(+),0.0195874696676819,0.01737500071030153,0.17291799441042302,0.17291799441042302,6.35864979545192,2.0353484193621299e-10,4.911269302824464e-10
3,ZNF217(+),0.01806344193759788,0.01665298098901306,0.11729236173562348,0.11729236173562348,6.357265418565818,2.0537695865827292e-10,4.953146277090746e-10
3,ZNF551(+),0.02223065142700712,0.01947034162316312,0.1912720176695546,0.1912720176695546,6.339664055299669,2.302667037155368e-10,5.544784026742708e-10
3,ZFP37(+),0.011395669385188305,0.0129731685844983,-0.18704520159941398,-0.18704520159941398,-6.266381974939273,3.695332298175193e-10,8.806987442290288e-10
3,WIZ(+),0.022570552341677076,0.018698667803607995,0.2715062228376578,0.2715062228376578,6.261563624218815,3.811362514697306e-10,9.069558852852966e-10
3,JAZF1(+),0.02230081380796027,0.02020486605911916,0.1423935639277941,0.1423935639277941,6.251387555159938,4.068219522167222e-10,9.660981431731465e-10
3,ZBED4(+),0.01808949488086225,0.016426714470428625,0.13910816184476332,0.13910816184476332,6.2237539541997,4.853981050318763e-10,1.148001119079972e-09
3,ZNF462(+),0.025719568547663503,0.021336323163424473,0.26955484830626814,0.26955484830626814,6.207923514612524,5.368926819155756e-10,1.2691432608131544e-09
3,MYPOP(+),0.020355119293925392,0.01756556179077488,0.21264194704776124,0.21264194704776124,6.148539139874942,7.819983177128267e-10,1.8345364574626668e-09
3,RORA(+),0.029982493832299995,0.031730324323818934,-0.08174187855493686,-0.08174187855493686,-6.148278445526261,7.8328440257345e-10,1.8366259717080642e-09
3,ZBTB33(+),0.04368809118388894,0.05002008409880127,-0.19526740588630245,-0.19526740588630245,-6.129661273246283,8.806636542973091e-10,2.057687461876761e-09
3,ZNF717(+),0.020463383595647894,0.022631296921553044,-0.14527454341439383,-0.14527454341439383,-6.07267708440863,1.2579525481122094e-09,2.9143090204395073e-09
3,ZNF786(+),0.01055681908389346,0.012573640943749385,-0.2522272527761456,-0.2522272527761456,-6.071598349172707,1.2664336236559354e-09,2.9324946071195513e-09
3,ZFAT(+),0.011119276774598282,0.013806190735116129,-0.3122523407440125,-0.3122523407440125,-6.0607121127501795,1.3552020369593966e-09,3.128684623099601e-09
3,RLF(+),0.023209541553686402,0.021332031144974825,0.12169668118483923,0.12169668118483923,6.056963507805346,1.3871504127197604e-09,3.19926199954483e-09
3,ZGPAT(+),0.02446139776500928,0.03411688350981376,-0.4799790052573715,-0.4799790052573715,-6.037258610829145,1.5675439775544075e-09,3.6063604634671734e-09
3,ZBTB21(+),0.022407837474962944,0.0203194435012238,0.14114252717532724,0.14114252717532724,6.027837656435414,1.6616783512518329e-09,3.819146928037983e-09
3,ZNF564(+),0.014610794622168303,0.01698275956938447,-0.21703624849236627,-0.21703624849236627,-6.026273490343325,1.6778317661571493e-09,3.854366248170108e-09
3,SAFB2(+),0.026177840551261534,0.024923139148773202,0.07086029752906668,0.07086029752906668,6.024223893395071,1.699230097138272e-09,3.901593574496923e-09
3,CENPBD1(+),0.019622158623252825,0.023066047592094588,-0.23328704547984155,-0.23328704547984155,-6.014380434367269,1.8057598830466738e-09,4.140056592671174e-09
3,DNMT1(+),0.05662432926944631,0.05897763278302014,-0.05874586017236698,-0.05874586017236698,-6.012771320973684,1.8237822608983279e-09,4.177252762264661e-09
3,PA2G4(+),0.07478003223098285,0.0779696697943616,-0.060259930852858364,-0.060259930852858364,-6.01014639856627,1.8535586895953967e-09,4.2433613174818225e-09
3,BBX(+),0.021621571436942946,0.019754463685364102,0.13029269532470628,0.13029269532470628,6.003925692039112,1.9260287501180976e-09,4.40275764975323e-09
3,ZNF626(+),0.021637521999213954,0.023598875006979346,-0.12518279389025286,-0.12518279389025286,-5.990783101081446,2.0883300414846454e-09,4.76672876790967e-09
3,ZNF510(+),0.019367875580561668,0.022168552935059822,-0.19484887453519437,-0.19484887453519437,-5.985596182488714,2.155986699489962e-09,4.911504766616416e-09
3,MTERF3(+),0.023292518009285428,0.025530522534437397,-0.1323564515574467,-0.1323564515574467,-5.982027366749867,2.2037723355337737e-09,5.012988490966885e-09
3,FOXC1(+),0.017659006871051416,0.016094856840402034,0.13380445679740913,0.13380445679740913,5.977020237363123,2.272559771715781e-09,5.166931052187862e-09
3,ZNF880(+),0.033459415152270425,0.03621492336452848,-0.11417209082158987,-0.11417209082158987,-5.9763819856818685,2.2814769039518443e-09,5.18466742605495e-09
3,HOXA5(+),0.021815419639539414,0.019019736850074603,0.19785093006806165,0.19785093006806165,5.962771942788635,2.479944370677046e-09,5.6191910252657945e-09
3,STAT1(+),0.0358091550193679,0.03771549308069061,-0.07482880925261555,-0.07482880925261555,-5.957108582800037,2.567396714519086e-09,5.808844490473042e-09
3,BCL6(+),0.01919653040727362,0.01763730314008667,0.12221559409664742,0.12221559409664742,5.946141441234816,2.7453694764364713e-09,6.196424304201851e-09
3,ZNF516(+),0.014780173244668923,0.012901986879220425,0.19606991101175653,0.19606991101175653,5.943201887716925,2.795078374556007e-09,6.302494684375073e-09
3,ZNF891(+),0.021476250460835077,0.020024528387924224,0.10097386518609885,0.10097386518609885,5.886055888593883,3.955206132014532e-09,8.871044173446402e-09
3,ZNF358(+),0.015114208402391183,0.01330031383845602,0.18444511921672585,0.18444511921672585,5.870674922021675,4.340245702476177e-09,9.711195225434412e-09
3,ZNF207(+),0.07166242945292232,0.07347171421599559,-0.03597198128572736,-0.03597198128572736,-5.838285896563075,5.274060059997676e-09,1.1755282619332633e-08
3,ZNF785(+),0.024656402283324694,0.026625160041090466,-0.11082788737580102,-0.11082788737580102,-5.832352852765497,5.465119431819103e-09,1.2169453384851264e-08
3,EPAS1(+),0.03217227539933484,0.03030910759540123,0.08606659729613123,0.08606659729613123,5.82879302648695,5.582969504930326e-09,1.241996807969414e-08
3,ZNF160(+),0.010322885899331537,0.008480624665138744,0.2836038815508118,0.2836038815508118,5.827049071188874,5.641602786444657e-09,1.2544396813324763e-08
3,ZNF581(+),0.027318695360651662,0.025287118575540647,0.11148592957466506,0.11148592957466506,5.7880977397117395,7.118798754684777e-09,1.5776154682972705e-08
3,ZNF688(+),0.018612868881774988,0.01993160627525608,-0.09875753424738083,-0.09875753424738083,-5.774424770596411,7.721641880763906e-09,1.707140720425909e-08
3,HMG20A(+),0.018200977489443868,0.01972498723343427,-0.11600842744884314,-0.11600842744884314,-5.728434691704877,1.0136156062585745e-08,2.2313954933986152e-08
3,FOXP4(+),0.020795522238970864,0.022755979804149666,-0.12997278387185163,-0.12997278387185163,-5.719085652993541,1.0709880050140135e-08,2.3543489272551315e-08
3,ZNF236(+),0.015844910351827803,0.017453596377083408,-0.13950483405331746,-0.13950483405331746,-5.690678958447559,1.2653521718036908e-08,2.7659109826014795e-08
3,ZBTB24(+),0.022286724749401604,0.019846891714354144,0.167271526231455,0.167271526231455,5.664276913548333,1.4764580863137573e-08,3.2137524887194955e-08
3,ZNF683(+),0.09028963558293952,0.09516767277364736,-0.0759112019705327,-0.0759112019705327,-5.649129672943909,1.6126218104564356e-08,3.506848459536584e-08
3,HSF2(+),0.019991074595893422,0.02176187375107731,-0.1224467511865613,-0.1224467511865613,-5.634782494306128,1.7527941828943286e-08,3.8081052289729445e-08
3,ZNF287(+),0.011933100276379791,0.015517381075570652,-0.37891615050775024,-0.37891615050775024,-5.623599605693722,1.8701884599917693e-08,4.053674940112818e-08
3,HOXB4(+),0.014249369544474472,0.01642533735913463,-0.20502489943616878,-0.20502489943616878,-5.623006301313964,1.876625533825921e-08,4.0657302260361015e-08
3,NFIX(+),0.026518697158621096,0.023439824608934783,0.1780481169704051,0.1780481169704051,5.618538539545182,1.9257944232524015e-08,4.1664252892442505e-08
3,ETV1(+),0.017596647050879363,0.014156834634516283,0.3138018117917168,0.3138018117917168,5.597916717618446,2.169429172316895e-08,4.678272286635087e-08
3,ZNF433(+),0.025929090486835536,0.022872463544579662,0.18095983057080373,0.18095983057080373,5.565320934572961,2.6167036603770716e-08,5.6245203620784346e-08
3,SIX4(+),0.01580700419186436,0.01406873692617456,0.16807114584779667,0.16807114584779667,5.561653234770821,2.672308854567679e-08,5.741385120012428e-08
3,ZXDA(+),0.06460868624272424,0.05846226670075549,0.14422237069234844,0.14422237069234844,5.525830235477866,3.279311125002493e-08,7.019539251445428e-08
3,ZXDC(+),0.018544018195817462,0.01677930522899161,0.14427089870762486,0.14427089870762486,5.508624408464888,3.616486078363974e-08,7.716388531924969e-08
3,MAF(+),0.016502778605710807,0.018008509399814927,-0.12596980977387315,-0.12596980977387315,-5.492695084814419,3.9584589926380444e-08,8.418975284250786e-08
3,ZNF546(+),0.013335746077625032,0.015576806605450145,-0.22410094211888293,-0.22410094211888293,-5.483175246357395,4.177588087163124e-08,8.860683408617676e-08
3,VEZF1(+),0.015930284741694892,0.017014039693556894,-0.0949536650697617,-0.0949536650697617,-5.421390685719882,5.913715560416158e-08,1.2486003990060477e-07
3,NKRF(+),0.022036799250292505,0.020469861489144713,0.10641334861376793,0.10641334861376793,5.391905255937977,6.971452476331297e-08,1.4659301381873642e-07
3,ZBTB49(+),0.014121414857697703,0.017206496402462683,-0.2850687036467096,-0.2850687036467096,-5.376281573937686,7.603984548681284e-08,1.5946053376354205e-07
3,ZNF611(+),0.015224036599380748,0.014003028187784225,0.12061207967490432,0.12061207967490432,5.3690540478569995,7.915069845672315e-08,1.6590929347088405e-07
3,ZNF251(+),0.01776894238262478,0.015732533091008874,0.175606825993508,0.175606825993508,5.3654942215784525,8.07278648501089e-08,1.6913889590832468e-07
3,ZNF600(+),0.02201574730163123,0.019780770942856084,0.15443715317732812,0.15443715317732812,5.3406113954698196,9.263363534743143e-08,1.932988482429555e-07
3,SCML4(+),0.01863794513685834,0.01721633109179626,0.11446507481947862,0.11446507481947862,5.323351631695045,1.0187254818294637e-07,2.1219640641694436e-07
3,ZBTB4(+),0.020963026684025166,0.022388471144626835,-0.09490897783341926,-0.09490897783341926,-5.304671533192972,1.128760586894559e-07,2.344140892465863e-07
3,ZNF189(+),0.019858511678639158,0.018176900557260116,0.12765127690567493,0.12765127690567493,5.295412389084629,1.1874811684355892e-07,2.4646336136654653e-07
3,ZNF845(+),0.0213979067740252,0.0189478542156035,0.17543518779486808,0.17543518779486808,5.285514993295032,1.253516048667957e-07,2.5970016469943866e-07
3,ZNF675(+),0.01369976424676234,0.015100877599840799,-0.14048131892419224,-0.14048131892419224,-5.2781346463892564,1.3050555883203303e-07,2.7014185417771546e-07
3,ZNF592(+),0.012005338006927596,0.010103158833605982,0.2488695665117741,0.2488695665117741,5.258106128842279,1.455465202363141e-07,3.006063079135967e-07
3,HIF1A(+),0.016440544882331848,0.015388492635761346,0.09540618761831636,0.09540618761831636,5.197984618360149,2.0146079409743941e-07,4.1242194296280566e-07
3,ZNF133(+),0.041890466437495506,0.04471045087858494,-0.09399014425152577,-0.09399014425152577,-5.195701295444111,2.0394951353683869e-07,4.1733281514476464e-07
3,ZEB2(+),0.05528823755163561,0.060595693394053296,-0.13224267807759355,-0.13224267807759355,-5.164723615252511,2.4079445453963467e-07,4.922932400249133e-07
3,SON(+),0.07367581305510283,0.07500690464254875,-0.025832329985976316,-0.025832329985976316,-5.161595283068333,2.448542067232364e-07,5.003729829429974e-07
3,STAT6(+),0.016061592080896202,0.0171105851671558,-0.09127418918617942,-0.09127418918617942,-5.09629584345377,3.463637096120915e-07,7.013336665859482e-07
3,MAFK(+),0.017203678463023044,0.018979209743919544,-0.14170284218980672,-0.14170284218980672,-5.033747178690812,4.809839303826739e-07,9.63419731189099e-07
3,TERF1(+),0.028501575679504242,0.029848361293476715,-0.0666100465471027,-0.0666100465471027,-5.030600867586036,4.889450705513505e-07,9.789439020306133e-07
3,IKZF5(+),0.02503237849080081,0.023666320186762967,0.0809599714580486,0.0809599714580486,5.011938748004561,5.388435773992351e-07,1.0746794405407675e-06
3,MLXIP(+),0.01974424551284639,0.021887070125615627,-0.14864659731613855,-0.14864659731613855,-4.992566461059437,5.958220079454866e-07,1.1847573745320144e-06
3,ZNF620(+),0.014684686550258603,0.017869631108351793,-0.2831973637438716,-0.2831973637438716,-4.988566151226221,6.082908255166018e-07,1.2059372106379067e-06
3,ZNF25(+),0.01727670172097219,0.019302945137400832,-0.15999315378855627,-0.15999315378855627,-4.973275079257007,6.583114391141974e-07,1.3006621159870043e-06
3,ZNF174(+),0.013486924820620682,0.015561390643514634,-0.20640954410990908,-0.20640954410990908,-4.970218662755224,6.687743647236691e-07,1.3202111874804264e-06
3,MBNL2(+),0.019289718552129603,0.018131341279516548,0.08934643555498334,0.08934643555498334,4.957840175923003,7.128116264612204e-07,1.4053522941054197e-06
3,SRCAP(+),0.025267691132160142,0.027480893824094705,-0.12113508221148893,-0.12113508221148893,-4.946405582422216,7.559636852273679e-07,1.4879031007970864e-06
3,ATMIN(+),0.014261971164367265,0.01502897469902763,-0.07557319226135073,-0.07557319226135073,-4.912083822999253,9.011351042661065e-07,1.7654038630603395e-06
3,PKNOX1(+),0.017261892051741678,0.01853629728572492,-0.1027624767829438,-0.1027624767829438,-4.90212350098756,9.480619930820698e-07,1.8565547883078474e-06
3,HHEX(+),0.01238995847838294,0.010942645626958292,0.17920975349657353,0.17920975349657353,4.9006402400381655,9.552484063970465e-07,1.8690517471416517e-06
3,CASZ1(+),0.027046834104789134,0.02910395630391395,-0.10575554519574525,-0.10575554519574525,-4.876593433737373,1.079335755302894e-06,2.1065187325134217e-06
3,ZNF277(+),0.01862763958587622,0.017478806478338823,0.09183819336983186,0.09183819336983186,4.845507880022181,1.2628819897037414e-06,2.457514387169618e-06
3,SP4(+),0.010053156835416494,0.008757992931864685,0.19897638768039472,0.19897638768039472,4.837705028482335,1.3134686977225204e-06,2.5516780012217094e-06
3,IRF5(+),0.034569657847835875,0.03657808159276421,-0.0814730852473937,-0.0814730852473937,-4.834414886012769,1.3353782389761428e-06,2.593157157209107e-06
3,GPBP1L1(+),0.019816599108397816,0.020621761409425978,-0.05745817218344794,-0.05745817218344794,-4.833282214015049,1.3430018789301495e-06,2.6047656131082933e-06
3,ZNF362(+),0.019213601242914328,0.021129641569386164,-0.13714033614951812,-0.13714033614951812,-4.815878618875485,1.4655359380570666e-06,2.8352413295606306e-06
3,CGGBP1(+),0.031080211503341094,0.03228541878567385,-0.054886417750496415,-0.054886417750496415,-4.8117974038995746,1.4957894152379023e-06,2.890158832687211e-06
3,ZNF226(+),0.014501157479203079,0.015685399174736266,-0.11325417657129742,-0.11325417657129742,-4.802825922520812,1.5644188451897058e-06,3.0202516774339914e-06
3,VDR(+),0.03361450587507446,0.03162638200566594,0.08795541587594603,0.08795541587594603,4.8021427235380605,1.5697673800873577e-06,3.0293184380996167e-06
3,ZNF10(+),0.034886958069829554,0.03749909979820076,-0.10416815106834705,-0.10416815106834705,-4.781448985928931,1.7403617081217577e-06,3.3460182674774684e-06
3,FAM200B(+),0.01975176014913304,0.020865647448325853,-0.0791484606738137,-0.0791484606738137,-4.759802365528068,1.9378261745039217e-06,3.7164337657187105e-06
3,ZNF394(+),0.01410822134639959,0.012941148305978279,0.1245704689667713,0.1245704689667713,4.749590338627993,2.038291286641404e-06,3.905884086819027e-06
3,ZNF584(+),0.02281613810751777,0.024603722360828074,-0.1088219769050333,-0.1088219769050333,-4.7262716786114485,2.2867965093818134e-06,4.37666657852432e-06
3,L3MBTL4(+),0.015383779978572567,0.01322099328359379,0.21857944938306142,0.21857944938306142,4.724590649535468,2.305793451492646e-06,4.411206994309448e-06
3,ZNF706(+),0.041924828058910825,0.0431897570192165,-0.042884332061816244,-0.042884332061816244,-4.723898461092418,2.3136596843596322e-06,4.4226128534364165e-06
3,ZNF75A(+),0.02303370596621424,0.024377817240683115,-0.08182240157516156,-0.08182240157516156,-4.713111108733184,2.4396308419230167e-06,4.659574531551157e-06
3,CDC5L(+),0.04713484271107884,0.04860501137734428,-0.044311154565192225,-0.044311154565192225,-4.709767029501821,2.4800010229854712e-06,4.7327874904550184e-06
3,MXD4(+),0.04913225788550786,0.05131500345806671,-0.06271016076686527,-0.06271016076686527,-4.671741612435522,2.9865651532701396e-06,5.678508038043306e-06
3,CREB3L2(+),0.014107073191246945,0.014976924253541826,-0.08632266662560056,-0.08632266662560056,-4.651587242444353,3.2938986809358547e-06,6.255175540861425e-06
3,ZNF131(+),0.014471252268850704,0.01360270591796638,0.08929609632302575,0.08929609632302575,4.648333057815984,3.3462828983595367e-06,6.3494624439869486e-06
3,MEF2D(+),0.02620651744260021,0.02757466382494648,-0.07341764652240275,-0.07341764652240275,-4.642885444874571,3.43576865930635e-06,6.511279242137085e-06
3,ZNF480(+),0.02189779711805974,0.020859338557409988,0.07009232991657209,0.07009232991657209,4.612662879348117,3.975427984824912e-06,7.506448369720209e-06
3,EEA1(+),0.0231583214980048,0.02178741258795139,0.08803581127178678,0.08803581127178678,4.601048496641342,4.203695310045885e-06,7.924579835699324e-06
3,ZXDB(+),0.017591539120465967,0.015267533599888264,0.2044146800651541,0.2044146800651541,4.5835460174384846,4.571562177096148e-06,8.590172456558093e-06
3,RORB(+),0.015504803633824518,0.014389372723299721,0.10771154535552781,0.10771154535552781,4.580840189888377,4.631116345090956e-06,8.698558602081477e-06
3,PRR12(+),0.019072219490583794,0.020165539964985636,-0.08041928854686119,-0.08041928854686119,-4.558816012154941,5.1442813429364825e-06,9.639042693803937e-06
3,MNT(+),0.022325418293095544,0.023567496270056824,-0.07811129015555192,-0.07811129015555192,-4.5532065889281395,5.2834342703422455e-06,9.8798519266263e-06
3,ZNF506(+),0.021986471532617867,0.02295746873796887,-0.06234748431847147,-0.06234748431847147,-4.550797413567911,5.344298605868614e-06,9.989644677770508e-06
3,STAT5A(+),0.019834262906397955,0.01840717474079948,0.10772656951379947,0.10772656951379947,4.5372772652776705,5.698516490448504e-06,1.0638910409217565e-05
3,THYN1(+),0.04270346256005046,0.04406747476303328,-0.045361172105568164,-0.045361172105568164,-4.531272305797697,5.862950673234902e-06,1.0937110794046635e-05
3,EBF4(+),0.0076391864536790805,0.009966992322646974,-0.3837391685445029,-0.3837391685445029,-4.520314153692776,6.1747931465881645e-06,1.150036654607138e-05
3,ZNF597(+),0.01440729846101153,0.013236171723193253,0.12231391552241988,0.12231391552241988,4.506946826227625,6.576710635441868e-06,1.2244016393437867e-05
3,ZBED3(+),0.012837230104887853,0.011327360122626732,0.18052225442406553,0.18052225442406553,4.4645075841543385,8.025310611630553e-06,1.4857539972508538e-05
3,RXRB(+),0.021672095817589006,0.01986506576981216,0.12560510116689158,0.12560510116689158,4.435462637927102,9.187476577989892e-06,1.6982024952154015e-05
3,ZKSCAN8(+),0.015457682285171167,0.014346430486289544,0.10763218471885849,0.10763218471885849,4.412494566862232,1.0218635972169666e-05,1.882806984955498e-05
3,ZNF318(+),0.012870612711067932,0.013882464984866732,-0.10918301360470849,-0.10918301360470849,-4.400232943013903,1.0813473419739674e-05,1.9900389871113626e-05
3,MBD4(+),0.02883522580903602,0.027995856543818507,0.04261899817668198,0.04261899817668198,4.362072684043113,1.2883605062469005e-05,2.3625876634492114e-05
3,NCOA2(+),0.019042866896386863,0.017769284034312383,0.09986513375140812,0.09986513375140812,4.3587825415735475,1.3078799019268363e-05,2.397435731827212e-05
3,ZNF678(+),0.02049443021435518,0.021394059414898418,-0.06197836886819616,-0.06197836886819616,-4.355726125071764,1.326265205051648e-05,2.428262466482028e-05
3,PHF20(+),0.027441881530175752,0.026820035578784658,0.03306824980261137,0.03306824980261137,4.32945892207703,1.4947614813467844e-05,2.7324545772750152e-05
3,HOXA1(+),0.020667570457233202,0.024011284085517295,-0.21634374390879976,-0.21634374390879976,-4.323292152311668,1.537179562086139e-05,2.8088902698230197e-05
3,ZNF219(+),0.022585959267260314,0.021115693010688125,0.09711058780961619,0.09711058780961619,4.295011310209876,1.7468443066082147e-05,3.1807494332399676e-05
3,ATF1(+),0.011131191652750777,0.010145063576655178,0.1338301303163863,0.1338301303163863,4.294561837194908,1.7503868995981187e-05,3.1859510770506505e-05
3,GTF3A(+),0.08433876992537132,0.08670563422309713,-0.03992976369225606,-0.03992976369225606,-4.267251856805448,1.9789570050680928e-05,3.5921278970462254e-05
3,ZNF746(+),0.02079310282939157,0.019978446935579958,0.057660619402918556,0.057660619402918556,4.260329972374939,2.041253176902195e-05,3.6994229444833e-05
3,ZBTB26(+),0.04216870379961427,0.03550368027166942,0.24820408915530093,0.24820408915530093,4.2505584290295335,2.1323819801910617e-05,3.852553208085368e-05
3,ZNF432(+),0.014982871079134857,0.017351134473164963,-0.2117158753805854,-0.2117158753805854,-4.25003704033217,2.1373516799803188e-05,3.860030541799603e-05
3,SREBF2(+),0.01555002788034763,0.016413217235707538,-0.07794088443463637,-0.07794088443463637,-4.234620115918765,2.2893838962622704e-05,4.123376579347904e-05
3,ZNF575(+),0.017238845369839943,0.018707604665093882,-0.11796169187441463,-0.11796169187441463,-4.227446526599874,2.3635832174027153e-05,4.253717181261376e-05
3,ZNF148(+),0.024597899598085598,0.023083200255741818,0.09169187284855018,0.09169187284855018,4.220956136263736,2.432682745787056e-05,4.372992010131917e-05
3,STAT2(+),0.018659009030495693,0.019609022749688405,-0.07164526681828347,-0.07164526681828347,-4.207597798258884,2.5809971397818838e-05,4.632431110620885e-05
3,AKAP8(+),0.015686619485580585,0.014761782463073584,0.08766753967408872,0.08766753967408872,4.202833384300223,2.6359461324214262e-05,4.727401461427616e-05
3,ZNF335(+),0.0263580641649655,0.025327454451322784,0.05754232953932603,0.05754232953932603,4.198752169324313,2.6838986076355626e-05,4.807832253168989e-05
3,NR3C2(+),0.008176848764541339,0.006913963070634791,0.24203202712142918,0.24203202712142918,4.197763328691383,2.695641270707777e-05,4.827006053368398e-05
3,ZNF540(+),0.017879814844767774,0.015727349709235394,0.1850562098532503,0.1850562098532503,4.167423900181038,3.080613065785284e-05,5.4909622757377756e-05
3,ZNF618(+),0.0134769647412828,0.01174514413816489,0.19843117760622125,0.19843117760622125,4.150964198372906,3.310775570279968e-05,5.885400889380196e-05
3,ZNF783(+),0.006712358382357955,0.007629133836002707,-0.18469950061104254,-0.18469950061104254,-4.132140268506043,3.594009750921905e-05,6.379126974792605e-05
3,GFI1(+),0.015753976664547524,0.017069641403847445,-0.11571669987591568,-0.11571669987591568,-4.08275217362135,4.4505476663385854e-05,7.848441120023816e-05
3,ZNF324(+),0.02712936603646779,0.025587744577504883,0.08440234452367738,0.08440234452367738,4.075362837255275,4.5942655956736236e-05,8.083471095418175e-05
3,ZNF16(+),0.010489573426939272,0.012076889986227336,-0.20329295489309043,-0.20329295489309043,-4.0713984852632565,4.6731727363589874e-05,8.219192487840779e-05
3,ZNF100(+),0.017527863728222078,0.01615957275113057,0.11726111151630454,0.11726111151630454,4.059847028778577,4.91048759596473e-05,8.626783238750443e-05
3,ZSCAN18(+),0.026646637247825296,0.024991973425991715,0.09248865109327971,0.09248865109327971,4.0481787093100055,5.161772892163132e-05,9.051126872064079e-05
3,ZNF440(+),0.023677931850528473,0.022180999206838362,0.09421871282147176,0.09421871282147176,4.033202268451269,5.5021880384885254e-05,9.618992637854421e-05
3,RARG(+),0.02187060146515619,0.019910887007892925,0.13543539715934702,0.13543539715934702,4.026064636973576,5.6718104015159544e-05,9.9043456071585e-05
3,EOMES(+),0.03940238788266154,0.03825986694687809,0.04245120559018742,0.04245120559018742,4.025794953164596,5.6783154184611986e-05,9.910906953741816e-05
3,ZNF700(+),0.017205891091904676,0.018550635277552966,-0.10856597647896979,-0.10856597647896979,-4.010135313323108,6.0683961135713845e-05,0.00010553238467816953
3,KLF10(+),0.02966538012022904,0.028678296361142663,0.04882094430356677,0.04882094430356677,4.009290304054968,6.090150784141999e-05,0.00010587107182761822
3,AKNA(+),0.04408193650608372,0.04828731430884448,-0.13145661920925253,-0.13145661920925253,-3.990628184473493,6.589852107449833e-05,0.0001141911739431526
3,ZNF619(+),0.013115008678889881,0.015873066050642304,-0.27536204547727317,-0.27536204547727317,-3.976784415612476,6.985343940744338e-05,0.00012089017363918573
3,ZNF263(+),0.028960277750984642,0.02716562750238207,0.09229306333836654,0.09229306333836654,3.959362841552313,7.514998884837815e-05,0.00012952567651232524
3,LYL1(+),0.009970183203432991,0.010990056616060393,-0.14050688533291195,-0.14050688533291195,-3.955569289305983,7.635261393117456e-05,0.00013154966309729445
3,ZNF671(+),0.017905967187052244,0.019934124864581508,-0.15479981460485528,-0.15479981460485528,-3.9429840448868765,8.047401103453894e-05,0.00013844510416867903
3,ZNF222(+),0.01882440851327497,0.01635317632338746,0.203033641072657,0.203033641072657,3.934255278936196,8.345504908921537e-05,0.00014341424455027946
3,CREBZF(+),0.034557395620505284,0.0354023587619766,-0.03485099082521636,-0.03485099082521636,-3.914361603293709,9.064370972068717e-05,0.00015548007077274443
3,FOXP1(+),0.025705536034253667,0.024433961881255125,0.07319128330083942,0.07319128330083942,3.8946207484763113,9.835248927668537e-05,0.00016832988676868221
3,ZNF684(+),0.022927292437276696,0.02472828152869783,-0.10909598757523443,-0.10909598757523443,-3.8559840481096552,0.00011526500450368825,0.00019647924620903921
3,TRERF1(+),0.012750306914833606,0.011197791396709572,0.18731774968021184,0.18731774968021184,3.8531074208138594,0.00011662819216366283,0.00019872998994872114
3,SNAI3(+),0.013584501635407396,0.014784680378010041,-0.12214140689047928,-0.12214140689047928,-3.83268336701371,0.00012675305450803815,0.0002153503797329324
3,RFX5(+),0.014722452957942058,0.015775677919603322,-0.09968393239728594,-0.09968393239728594,-3.8166461698396486,0.00013527794787457,0.00022974993341037575
3,ZNF776(+),0.01453655760156694,0.016250865930464077,-0.1608309185326274,-0.1608309185326274,-3.8108929152480573,0.00013846574223816595,0.00023507798709659387
3,MYNN(+),0.019445385434896646,0.018394271778916612,0.08017126527841376,0.08017126527841376,3.8081780982376503,0.00013999443388840733,0.00023749968787861655
3,PBX4(+),0.016950640456430063,0.01583570496479954,0.09815868476616069,0.09815868476616069,3.798703207082123,0.00014545514576099432,0.0002466736590214745
3,ZNF680(+),0.020572787266824957,0.019569013729909594,0.07216621786111656,0.07216621786111656,3.7802927923890306,0.0001566440385835927,0.0002651645623982464
3,FLYWCH1(+),0.022138695385457843,0.020027343102496906,0.1445991600929337,0.1445991600929337,3.7424291856081195,0.0001822499003444156,0.0003069437226612801
3,ZNF605(+),0.011468511307538022,0.012839643959214348,-0.1629270522675622,-0.1629270522675622,-3.7178250327687667,0.00020094536093939568,0.00033806273146088115
3,FBXL19(+),0.027000476795316638,0.024769895325345518,0.12439710697681938,0.12439710697681938,3.7155596887733275,0.00020275439355466916,0.0003409826785160892
3,ZNF197(+),0.02197998643696244,0.023157482797300653,-0.07528794248453284,-0.07528794248453284,-3.703756527400266,0.00021243015339045566,0.0003568672920429174
3,ZNF91(+),0.02080958047618466,0.02185942098474657,-0.07100730343888072,-0.07100730343888072,-3.6978234836026873,0.0002174560133936267,0.0003646509683080852
3,ZNF45(+),0.018428266167923025,0.017917563369526168,0.04054588153916802,0.04054588153916802,3.695279466337968,0.0002196450583809852,0.0003679232946915529
3,BPTF(+),0.05371330988554238,0.05243033118949463,0.034877965328768926,0.034877965328768926,3.664778227542234,0.00024755299719945756,0.00041259466631845496
3,HMGA1(+),0.055426047712941066,0.05509438917327087,0.008658734467013773,0.008658734467013773,3.6510603111254083,0.0002611598976781359,0.00043448700741939155
3,ZNF814(+),0.02808076035804838,0.029623596896988957,-0.07716481980022827,-0.07716481980022827,-3.6508086062370264,0.0002614159956493966,0.00043475735760524427
3,HINFP(+),0.03701958720037455,0.03809038240498828,-0.0411379626547898,-0.0411379626547898,-3.6439945953301103,0.00026843905852514256,0.0004459583071707035
3,ARID3B(+),0.019992828326159288,0.02074004124422425,-0.05293618022672104,-0.05293618022672104,-3.6227974479442158,0.00029143403169191984,0.00048329563627596135
3,ZBTB14(+),0.019915504354473465,0.018495267244945185,0.10673586379709496,0.10673586379709496,3.5815987513922414,0.0003414980077771727,0.0005623035257444053
3,RBPJ(+),0.04730363025115934,0.04869265596620326,-0.0417532890003621,-0.0417532890003621,-3.5582531229947993,0.00037332945654376535,0.0006127615991681236
3,ETS1(+),0.07014350900475029,0.07215027490643468,-0.04069528632798209,-0.04069528632798209,-3.5488681264422657,0.00038689078633375124,0.0006347960800142262
3,ZNF345(+),0.023239311853075324,0.021269973334275133,0.12774911888577603,0.12774911888577603,3.5361300611980706,0.0004060347387613056,0.0006650322149316871
3,TRAFD1(+),0.04025300897481899,0.03901264391047081,0.04515485581831466,0.04515485581831466,3.532363477332638,0.0004118628271830583,0.0006743400889197412
3,ZNF136(+),0.015208760063687848,0.013884239678993465,0.13145435383917822,0.13145435383917822,3.5257831923935052,0.00042223247789006935,0.0006910746510920973
3,ZNF407(+),0.023094984824034614,0.021858855619434174,0.07936172132794915,0.07936172132794915,3.519634401548742,0.0004321420256991618,0.0007065468881987352
3,ZNF85(+),0.026968520028076304,0.028513910287678138,-0.08038954370099015,-0.08038954370099015,-3.514708177304692,0.0004402374686543337,0.0007190472743528625
3,THRA(+),0.017246381931721823,0.0185189358465186,-0.10270745881764588,-0.10270745881764588,-3.514537377559004,0.0004405206731110605,0.0007192332255187614
3,ETV7(+),0.02871883420725134,0.029783075791712285,-0.052495564891666804,-0.052495564891666804,-3.5142946621309212,0.00044092341410209286,0.0007196378280056997
3,ZNF701(+),0.018848574377659237,0.020081269828841484,-0.09139508697518457,-0.09139508697518457,-3.5137283261320613,0.0004418644800568346,0.000720920446035826
3,ZNF274(+),0.021468484002025025,0.022570502600259,-0.07221822274160838,-0.07221822274160838,-3.50446019256342,0.000457533964838992,0.0007459618345655029
3,ZNF669(+),0.01359616822720157,0.01494233880794023,-0.13620585230189464,-0.13620585230189464,-3.5039567827866556,0.0004583997441049403,0.000747111161883315
3,ZNF256(+),0.01570916284406729,0.017487681623220393,-0.15473273152470693,-0.15473273152470693,-3.4949853014078927,0.00047408786296426384,0.0007705171880577346
3,ZNF513(+),0.012969125906115424,0.014408395408591278,-0.1518284195437672,-0.1518284195437672,-3.486840850376671,0.0004887621184689856,0.0007935337435471646
3,ZNF566(+),0.020280750437088085,0.01901467923265225,0.09299743012825377,0.09299743012825377,3.477743516553717,0.0005056535123185618,0.0008195256680808512
3,NFATC3(+),0.019306573011380196,0.019799728118638844,-0.03638851484064554,-0.03638851484064554,-3.4701384331404572,0.0005201901840978334,0.0008424977005350195
3,SP3(+),0.02037186511716554,0.02116327990466984,-0.054985162096551944,-0.054985162096551944,-3.447053499091697,0.0005667363429809418,0.0009137418650282799
3,REPIN1(+),0.03215312376487145,0.03287724452092512,-0.032130483019523974,-0.032130483019523974,-3.434989643369953,0.0005925764749943427,0.0009537483459281781
3,SREBF1(+),0.04339555164429158,0.042146161706462015,0.04214591320587558,0.04214591320587558,3.4313219435678137,0.0006006472969452601,0.0009660687999690904
3,MZF1(+),0.027862159048772962,0.02936217316522999,-0.07565168959494115,-0.07565168959494115,-3.410807995164671,0.000647706850600292,0.001040677385347062
3,ZNF654(+),0.022325373135674727,0.023305343453104536,-0.061976483385686974,-0.061976483385686974,-3.4082909462808493,0.0006537115360448845,0.001049599061503107
3,ZBTB34(+),0.013196565174946133,0.014079151870603508,-0.09339795040160496,-0.09339795040160496,-3.397611467445208,0.0006797688834761067,0.0010903060993599847
3,HIVEP1(+),0.016829162803569282,0.016105531861660936,0.06340710078456346,0.06340710078456346,3.3888916909548272,0.0007017572320284959,0.0011242013979220877
3,ZNF76(+),0.011996693811330363,0.012893403864726625,-0.10399631189347534,-0.10399631189347534,-3.378248169960383,0.0007294921406061885,0.0011672376827818619
3,ZNF677(+),0.014139595115056278,0.015963309982095022,-0.17501900340628537,-0.17501900340628537,-3.368683384201862,0.0007552813463865763,0.0012076701734821504
3,KLF11(+),0.016883460515825156,0.016457905264360823,0.03682991035961387,0.03682991035961387,3.354012584993304,0.0007964874015328973,0.0012704958722940618
3,NFIL3(+),0.025246655718585795,0.026116356216950225,-0.04886132772204936,-0.04886132772204936,-3.3504887165559545,0.0008066909585280447,0.0012863300729017398
3,ZNF7(+),0.015688567405718314,0.014582406731938688,0.10548476551019792,0.10548476551019792,3.328500496663716,0.0008731484931670097,0.0013884884459982063
3,NR2C2(+),0.02504812214917977,0.02426919488701697,0.04557619825742211,0.04557619825742211,3.319457099602558,0.000901926617545428,0.0014322903037601753
3,E2F6(+),0.023987657544812198,0.02552222574820464,-0.08946186415334917,-0.08946186415334917,-3.3084540001961398,0.000938125946637329,0.001485206210678389
3,NFAT5(+),0.026368626093655485,0.025457340091534608,0.05074071404916811,0.05074071404916811,3.284919593132411,0.0010201147921703613,0.0016095221500106414
3,ZNF419(+),0.012227131464081949,0.01405786520298684,-0.20129152982651735,-0.20129152982651735,-3.2741951669952725,0.001059633980241439,0.0016701730024504529
3,THAP7(+),0.018057630945163706,0.018839902959311504,-0.06118289846965197,-0.06118289846965197,-3.2711117821125915,0.0010712555795035618,0.0016873455974208357
3,YBX1(+),0.08852407851864531,0.09076535924588752,-0.0360718740109589,-0.0360718740109589,-3.2546430908441613,0.00113534949454571,0.0017828595003937875
3,ZNF444(+),0.025903639663816907,0.027583950953835173,-0.09067428885542382,-0.09067428885542382,-3.245419904577016,0.0011727755081129244,0.0018366629248767813
3,TSHZ1(+),0.013803016225887733,0.014585289179831604,-0.07953042675140158,-0.07953042675140158,-3.2378328000843553,0.001204413733582498,0.0018843050833582701
3,FOXO1(+),0.015826327659217824,0.014945279087748661,0.08263668788651421,0.08263668788651421,3.2306771896860633,0.0012349733112254875,0.0019256297518101342
3,ZNF580(+),0.013982674071847417,0.015071785953830793,-0.1082100832127816,-0.1082100832127816,-3.2200156897710204,0.0012818358094746603,0.001992679830993908
3,ELF4(+),0.024346332704665716,0.025826907191430715,-0.08517041054615992,-0.08517041054615992,-3.2178042825373776,0.0012917592943205102,0.0020074345674535865
3,MXI1(+),0.012832654224069819,0.013913664937083771,-0.1166828760375549,-0.1166828760375549,-3.21579963289062,0.001300816198681875,0.00201925031759494
3,ZNF703(+),0.02603113632052609,0.024792230006580533,0.07035024288183682,0.07035024288183682,3.2157367066685243,0.001301101442532111,0.00201925031759494
3,ZNF230(+),0.014996675487723323,0.015539622792227533,-0.05130876613530314,-0.05130876613530314,-3.2128061426109324,0.0013144497792350876,0.002038604081651747
3,GATA3(+),0.03943131246548731,0.0387442578377362,0.025359221467955557,0.025359221467955557,3.2002748349536225,0.0013729659903957403,0.002127227159902673
3,ZNF569(+),0.018358360476250543,0.017463660278285532,0.07208124733725543,0.07208124733725543,3.19171686874863,0.0014142989349676437,0.002190536363095934
3,ZNF567(+),0.011920179413248966,0.011448235851413576,0.05828064605665578,0.05828064605665578,3.1741155054824803,0.001502938686539994,0.0023254997331706435
3,XPA(+),0.02135106461334447,0.021837966708754573,-0.03253052669005875,-0.03253052669005875,-3.169512901809207,0.0015269467898599222,0.0023602887983026084
3,GTF2IRD2B(+),0.01775535435461744,0.018321455301943942,-0.04527994760086668,-0.04527994760086668,-3.167966714637717,0.0015350909477905212,0.0023712994521074065
3,ZNF260(+),0.016641814225358036,0.018355442141968804,-0.1413951390815382,-0.1413951390815382,-3.150221520006777,0.001631467089200518,0.0025126540548197633
3,PATZ1(+),0.012367800038588663,0.013600570798301972,-0.1370782910030001,-0.1370782910030001,-3.1273613224655006,0.0017638300918953547,0.002712012835767601
3,ZNF467(+),0.014248138806388921,0.015364842250052524,-0.108859471122106,-0.108859471122106,-3.122830634474622,0.0017912079007394587,0.002752286040004891
3,THAP4(+),0.02098818682701456,0.022243354646699066,-0.08379684428149131,-0.08379684428149131,-3.1127714283996366,0.0018533949831782063,0.0028431372843007825
3,NRF1(+),0.014118566057297416,0.01467771327583958,-0.056033646461928585,-0.056033646461928585,-3.109948737865637,0.001871198153418741,0.0028694999744569333
3,ZNF583(+),0.018272962341515694,0.01710782472035954,0.09505420050134192,0.09505420050134192,3.1045101143845235,0.001905944110836275,0.0029218186121566
3,ZNF28(+),0.012357519720308638,0.013311782874831299,-0.10731459022258302,-0.10731459022258302,-3.1010311932486703,0.001928479741441157,0.002955390431868748
3,ZNF227(+),0.01971852182285008,0.0201900990599426,-0.03409658162918265,-0.03409658162918265,-3.0878346655292077,0.002016206091995425,0.0030837264726107177
3,ZHX1(+),0.018052959545638438,0.016255228441075138,0.15133152764108113,0.15133152764108113,3.079312657165413,0.0020747881485095156,0.0031681101084242934
3,TSHZ3(+),0.021230351285553124,0.022697916506133377,-0.09643162808260902,-0.09643162808260902,-3.0746291483494455,0.002107644473677958,0.0032151095501589872
3,NFX1(+),0.025523087807043442,0.026421123091258585,-0.04988891281602865,-0.04988891281602865,-3.0694602086773126,0.0021444597045134576,0.0032680496481184416
3,ZNF350(+),0.019717529668967636,0.02118013958982365,-0.1032332790325138,-0.1032332790325138,-3.064578931734759,0.0021797664700719333,0.0033196771322898787
3,FOXJ3(+),0.017389158419120216,0.016481975185218663,0.07729896367024966,0.07729896367024966,3.0504564896044624,0.0022849378488167356,0.003474152637562598
3,ZBTB11(+),0.014765893480946653,0.01419867497683581,0.056512348943349056,0.056512348943349056,3.037943160867751,0.0023819887844135548,0.003618161511968921
3,IRF2(+),0.03245308748723806,0.03175382685055991,0.03142526687025424,0.03142526687025424,3.02922338437737,0.002451833175471506,0.003716959889055204
3,ZNF628(+),0.03513855952510989,0.03415751985243109,0.04085182340329955,0.04085182340329955,3.0269220825407337,0.0024705763276429743,0.0037441523790869872
3,PBX3(+),0.020507987358685097,0.01972802297096146,0.05593952607317033,0.05593952607317033,3.0153975944369518,0.0025664258694184415,0.0038868758276650347
3,ZSCAN9(+),0.014807542379508364,0.0162519082285949,-0.13427689926042805,-0.13427689926042805,-3.013060334759118,0.0025862749325080764,0.003914384835940051
3,ZBED1(+),0.017179173671990868,0.01814392105679546,-0.07882562015961302,-0.07882562015961302,-3.0091229511479978,0.0026200306273979216,0.003964183147968516
3,ASH1L(+),0.02700671290003083,0.025831040159780917,0.06421231283846038,0.06421231283846038,2.9930138382915414,0.002762372236585153,0.004172754159004239
3,CEBPD(+),0.04139347249699665,0.0406791500540808,0.025113744680192104,0.025113744680192104,2.9704143350989467,0.002973983369218099,0.004480750162185556
3,HES6(+),0.02575085383461095,0.02673984464076831,-0.05437081199811267,-0.05437081199811267,-2.970432314019545,0.0029738092993852874,0.004480750162185556
3,PRDM8(+),0.022603457179975386,0.020687710092276712,0.12776947945224174,0.12776947945224174,2.963087924954967,0.0030456955693484613,0.004582849342281699
3,RXRA(+),0.031448507058270535,0.03210430616097383,-0.029775288265876537,-0.029775288265876537,-2.9244422351280113,0.003450741188412242,0.005168878690801311
3,ETS2(+),0.01798459535873275,0.017298759572436057,0.05609310553835,0.05609310553835,2.918473233489235,0.003517500724461609,0.005263785716857015
3,ZNF780A(+),0.016511629324162204,0.01742082049708179,-0.07733008133349864,-0.07733008133349864,-2.903469824249601,0.003690525338109216,0.00551382766018569
3,SRF(+),0.0189790758889452,0.018272499109383885,0.054735781542908195,0.054735781542908195,2.901213469714461,0.0037172055578344886,0.005550118873719447
3,ZNF19(+),0.015510269973479396,0.015290161042601048,0.020620195095441943,0.020620195095441943,2.8917026207177368,0.0038316043270018537,0.005715414932216959
3,ZNF598(+),0.014607476684201067,0.01429915900090634,0.030776686400543846,0.030776686400543846,2.8846369049224383,0.003918653331937905,0.00583402074578576
3,ZNF384(+),0.03901852920114886,0.037908230248836654,0.04164829001381288,0.04164829001381288,2.8799623855667704,0.003977226183365687,0.005919325735896704
3,ZNF707(+),0.010234637740540446,0.010943588443946044,-0.0966258332775504,-0.0966258332775504,-2.8702897262846574,0.004100958514066581,0.00609761597241974
3,IRF4(+),0.026906321749341204,0.026240941567280653,0.03612569118794192,0.03612569118794192,2.8576145872625576,0.004268384884909096,0.006338442388236173
3,BAZ2B(+),0.015081048792859372,0.01449627416989013,0.05705461204523928,0.05705461204523928,2.852454637050724,0.0043383003920397555,0.006434037458820136
3,ZKSCAN4(+),0.021452496965408727,0.020355388519719412,0.07573481829189639,0.07573481829189639,2.8480677804246355,0.00439855554528907,0.006521318387445812
3,ZNF837(+),0.01761380603651028,0.01863486423795312,-0.08129761992722076,-0.08129761992722076,-2.8399323188537133,0.0045123106360482924,0.0066857042757398144
3,ZFP69(+),0.014912210589701179,0.013916653780848453,0.09968177098066831,0.09968177098066831,2.8078219666643935,0.004987779279118537,0.00736434671058665
3,ZNF441(+),0.018466745961759387,0.019476491881879377,-0.07680416720861977,-0.07680416720861977,-2.774021595938794,0.005536800254905161,0.008154228656954494
3,ZNF32(+),0.03263018184878543,0.03387840223855525,-0.054158807136615,-0.054158807136615,-2.76211056104214,0.005742902766392708,0.008449725483019997
3,PURA(+),0.01493951642858148,0.01548288102074244,-0.05154049577450276,-0.05154049577450276,-2.748482539228308,0.005987182372391962,0.008797994976197614
3,JRKL(+),0.012882846010607714,0.013617574985925938,-0.08001846417254267,-0.08001846417254267,-2.7385491855975133,0.0061710928794579826,0.009062512306380754
3,NR5A2(+),0.022934309510047747,0.027526391676462345,-0.26330802233302997,-0.26330802233302997,-2.7248762164821843,0.006432559845233946,0.009439727239195405
3,MYSM1(+),0.012785423362287652,0.013588577310101893,-0.08789447762765916,-0.08789447762765916,-2.720795001506274,0.006512513426580888,0.009548808354314464
3,ZNF599(+),0.01700534566577667,0.0182902031507083,-0.10508276149587066,-0.10508276149587066,-2.7168935757363513,0.00658977934171945,0.009659048609115446
3,ZNF586(+),0.019322946162814388,0.017373925851905704,0.1533912842285058,0.1533912842285058,2.715688988056237,0.006613801639713895,0.009691201456300013
3,HOXB2(+),0.019156736532976792,0.019721130573747997,-0.0418904487113086,-0.0418904487113086,-2.7020609662424047,0.006891112537446996,0.010075296737941863
3,ESRRA(+),0.03955101726651,0.04024853934804786,-0.02522162516356527,-0.02522162516356527,-2.693592894640406,0.00706864445682106,0.010321865294540655
3,ZMAT4(+),0.012644832979213762,0.01150914278770806,0.13576758573506564,0.13576758573506564,2.693044537562145,0.007080281024779247,0.01033236109333949
3,DBP(+),0.01769086117831398,0.017564455292489237,0.010345441992477285,0.010345441992477285,2.692532138325081,0.007091170081129628,0.010345001578783644
3,KLF16(+),0.009476859978188572,0.009090239327461986,0.06009083734854628,0.06009083734854628,2.6843337505320637,0.007267451738738312,0.010595515796120359
3,THAP3(+),0.03575920553191489,0.03476344056404495,0.040743809291760566,0.040743809291760566,2.677393887180956,0.007419735102208692,0.010810749545093907
3,ZNF74(+),0.013233005799248444,0.01440903506629246,-0.12283291799195353,-0.12283291799195353,-2.669483162117518,0.007596808199138786,0.011061810057993624
3,ZNF41(+),0.023575118653124793,0.024880226955850904,-0.07773461051565562,-0.07773461051565562,-2.6676223438355504,0.007639007102723291,0.011116286964959175
3,ZNF511(+),0.026212559997639606,0.026867884179075475,-0.035624455092868934,-0.035624455092868934,-2.666390787774538,0.007667051272568762,0.011153602618566207
3,ZNF235(+),0.014807338741758862,0.015465970978343395,-0.06278503216519844,-0.06278503216519844,-2.636941315833829,0.008365730273619839,0.01212443591917758
3,CLOCK(+),0.019265430616522333,0.019918708555692555,-0.048109676625250196,-0.048109676625250196,-2.632680311651932,0.008471404313995344,0.012273759525423696
3,ZNF37A(+),0.020994451030455167,0.02164638888317486,-0.04411830353428831,-0.04411830353428831,-2.625578638015436,0.008650182514191586,0.012521065060274204
3,MECP2(+),0.018596478387580526,0.018934974910151305,-0.02602406394183365,-0.02602406394183365,-2.6134788244524954,0.008962563747179332,0.012940972522737952
3,ZNF526(+),0.01800566768517149,0.01885451472875569,-0.066458917286151,-0.066458917286151,-2.5889735556764357,0.009626248654438344,0.013860485120851243
3,NR3C1(+),0.02466516191436046,0.02402586132554447,0.03788660392491615,0.03788660392491615,2.5819797555635327,0.009823534723379986,0.014131408730288026
3,ZNF333(+),0.012628688715170916,0.013256610356185899,-0.07000708146368946,-0.07000708146368946,-2.573664504786623,0.010062779690530226,0.014453188516546969
3,RUNX1(+),0.012075906002947666,0.011557965066454479,0.06324401239363357,0.06324401239363357,2.5487187524558945,0.01081194551592925,0.015486119926454323
3,ZNF101(+),0.0172109825949223,0.018111805011464383,-0.07360086253404603,-0.07360086253404603,-2.54835917404392,0.010823097478756266,0.015497314361536023
3,HOXB3(+),0.010318250516237443,0.011019140962050445,-0.09481336962154893,-0.09481336962154893,-2.5476130488390734,0.010846270427217352,0.015520926104258963
3,ZFP62(+),0.018451519464496545,0.01984445528186838,-0.10499633060196886,-0.10499633060196886,-2.5458241462395,0.010902009378602629,0.015595883450449403
3,TCF20(+),0.016196695107749386,0.015556067186502024,0.05822209052860419,0.05822209052860419,2.5424081513257426,0.011009153181540632,0.01573946338204255
3,HMG20B(+),0.021620239642183143,0.022246043299404345,-0.04116624380176262,-0.04116624380176262,-2.5398371656801255,0.011090409013099026,0.015850753804875377
3,ARHGAP35(+),0.029693073491712636,0.03037881985867225,-0.032939392175086735,-0.032939392175086735,-2.539100029935578,0.011113804203237525,0.015879304990476253
3,E2F5(+),0.013216587314739323,0.014780756720405505,-0.1613704171619242,-0.1613704171619242,-2.537904431715763,0.01115184328600657,0.01592875524707888
3,ZBTB16(+),0.032548894189419364,0.032225552945173,0.014403416485965647,0.014403416485965647,2.5358098874660113,0.011218762008353679,0.016019412704827186
3,ZNF652(+),0.026725671406699174,0.027158108313285585,-0.02315679987861608,-0.02315679987861608,-2.52822278297335,0.01146415809192477,0.016349712722441068
3,ETV3(+),0.014758438862942428,0.014119430972634446,0.06385817009065907,0.06385817009065907,2.5202221633069186,0.011728078534283355,0.016705588712586993
3,IKZF4(+),0.019126222537381596,0.01863622314822966,0.03744245467922769,0.03744245467922769,2.5177590511848935,0.011810408412205256,0.016812548904288512
3,ZNF195(+),0.012662559220191534,0.012149813305516517,0.05963486592699123,0.05963486592699123,2.5124912274494675,0.011988208563668666,0.017060425483529703
3,POU2F2(+),0.020232209993181552,0.020817966611043813,-0.041175242542906595,-0.041175242542906595,-2.5008408869014946,0.012389882981987841,0.017605079978994655
3,ZNF704(+),0.011842911818761558,0.0105603011710643,0.16537284570900235,0.16537284570900235,2.4886421892752613,0.01282319490190017,0.01817075665629234
3,PURB(+),0.01653046219822919,0.015471977356710602,0.0954694690045653,0.0954694690045653,2.4876803170232296,0.012857925367895678,0.018214413947506992
3,ZNF460(+),0.024169573057497815,0.022465106276210556,0.10550609749907366,0.10550609749907366,2.487194886167064,0.01287548447339398,0.018233727249669218
3,ZBTB42(+),0.022815644636927576,0.024692855159095597,-0.11407023922117339,-0.11407023922117339,-2.4837339439518096,0.013001290430843977,0.01840066851044189
3,E2F7(+),0.028214887230641462,0.027409313319023923,0.04179039690537945,0.04179039690537945,2.4812978002106827,0.01309049560379254,0.01852127690515271
3,ZNF529(+),0.013185829072312564,0.012229887390745748,0.10857715639997846,0.10857715639997846,2.4701328905188755,0.013506286769144627,0.019080593344081482
3,ZNF143(+),0.019953092308540536,0.020713919600892198,-0.053988220279274496,-0.053988220279274496,-2.4643256991654883,0.013727131066413791,0.019374817321024633
3,ZNF121(+),0.01712139886478136,0.01643575280312106,0.058963037771083186,0.058963037771083186,2.46218620761424,0.013809295140765092,0.019484865105970185
3,SAFB(+),0.02576407414515096,0.0252933603454191,0.02660202909724915,0.02660202909724915,2.4604602312367625,0.013875894933484371,0.0195728915779031
3,THAP11(+),0.03464681256338581,0.03569432885627026,-0.042972241244663985,-0.042972241244663985,-2.4588601073034764,0.013937891653178274,0.019642447429919017
3,ZNF468(+),0.026963476820338998,0.025780550120831077,0.0647234860450205,0.0647234860450205,2.4574667409570754,0.013992076607564807,0.019706851377240306
3,ZNF687(+),0.01307234682467995,0.01268924555449737,0.04291186659547172,0.04291186659547172,-2.4488728169108853,0.014330403928998531,0.020140613086292943
3,SP100(+),0.061294663345540526,0.06183910944524501,-0.012758072400777407,-0.012758072400777407,-2.442625142002829,0.014580873483208181,0.020474049978688635
3,E4F1(+),0.02174880339943986,0.023323710961091842,-0.10086131762041209,-0.10086131762041209,-2.4371235922996197,0.014804618374727185,0.02078194389562036
3,PRDM4(+),0.01564143510040961,0.016345629494025054,-0.06353204861932649,-0.06353204861932649,-2.430417454916296,0.015081440957438168,0.021151356656793564
3,ZNF24(+),0.023356867941780896,0.022684573229929974,0.042135307799532694,0.042135307799532694,2.416609643896477,0.01566580732384931,0.02195765691589621
3,CTCF(+),0.02665967813651,0.027187522138668412,-0.02828530676810513,-0.02828530676810513,-2.4133015225063117,0.01580873537540551,0.022131276618070704
3,ELK3(+),0.013536629744245255,0.012864502444040386,0.07347292636449686,0.07347292636449686,2.3964732528259067,0.016553701603307762,0.023111495024756405
3,ZNF519(+),0.03547278387996336,0.03642807766198058,-0.03833830744019633,-0.03833830744019633,-2.396131653334531,0.01656913779589443,0.02312609527101251
3,ZNF813(+),0.02048621941160201,0.02233082219505539,-0.1243825950436993,-0.1243825950436993,-2.395259675685493,0.016608598041737938,0.023174207841355578
3,ZNF766(+),0.020600385281044662,0.020160607304607937,0.031132220031093668,0.031132220031093668,2.3737658761097196,0.01760771119151195,0.024509385221628113
3,GZF1(+),0.02295218026167202,0.022194025520701276,0.04845983650656333,0.04845983650656333,2.3729208668415795,0.017648044474198966,0.02455816853884188
3,ZNF346(+),0.0275484972933755,0.028291107178651565,-0.03837501137476716,-0.03837501137476716,-2.372111815414637,0.017686737306178372,0.024604640547229273
3,ZNF26(+),0.015976630189187727,0.016724081812739447,-0.06596385670263102,-0.06596385670263102,-2.3649382260957466,0.01803307855438734,0.02504893836277787
3,ZFP57(+),0.013600406049304268,0.014367277250495893,-0.07913695146432242,-0.07913695146432242,-2.362223409085339,0.0181656912405793,0.02521806210773785
3,ZNF699(+),0.012660682071168595,0.01187039998031406,0.09298657355740118,0.09298657355740118,2.35967939182062,0.018290735010336876,0.025383620642128877
3,SOX13(+),0.011697506850429524,0.010380614553587547,0.1723092012223254,0.1723092012223254,2.348847092159889,0.018831638466792835,0.026087969185282646
3,SMAD4(+),0.020059764647548727,0.020947946887625316,-0.06250416944171164,-0.06250416944171164,-2.3463660011172656,0.01895748148393784,0.02623882642815592
3,HEY1(+),0.043778525575169494,0.040465729846420155,0.1135227474736128,0.1135227474736128,2.3417723869042915,0.01919241552758841,0.02653237206120481
3,ZBTB6(+),0.02621045552072652,0.024592782030485948,0.09190747596739121,0.09190747596739121,2.3244946442089187,0.020098998283621574,0.02774438247471685
3,ZNF382(+),0.014239129678461014,0.015038589634796429,-0.07880829874324219,-0.07880829874324219,-2.3141747437852516,0.020658138770149253,0.02846545671531987
3,KDM2A(+),0.026492145485246466,0.0258141238805559,0.03740405016594325,0.03740405016594325,2.3124757357886723,0.02075148095675714,0.028577942581180085
3,MBD6(+),0.02112469824240551,0.021930438843717696,-0.054003945908718584,-0.054003945908718584,-2.3092575090015006,0.02092929602125093,0.028804912598136466
3,ZNF107(+),0.01594768117103791,0.017092630850981824,-0.10002779560643706,-0.10002779560643706,-2.307765258591807,0.021012196202299178,0.028910441753459623
3,ZNF134(+),0.01550130190456572,0.014691528381542938,0.07740489336971779,0.07740489336971779,2.29913537670442,0.021497253209038433,0.02955156589404662
3,E2F1(+),0.057131947832043416,0.058675428747298045,-0.03845876065718319,-0.03845876065718319,-2.2939035108101913,0.02179604172095262,0.029926873719723596
3,ZNF740(+),0.014549136669027385,0.015657394105074936,-0.10591056702771869,-0.10591056702771869,-2.2912336411012806,0.02194990424853414,0.030129227315142164
3,ZBTB25(+),0.02148273308930906,0.02073386162927275,0.05118870622435795,0.05118870622435795,2.2792506905222316,0.022652167379545483,0.03103814674866925
3,ZNF787(+),0.031276338671182465,0.03205211040966514,-0.03534771525498786,-0.03534771525498786,-2.2729041315508827,0.02303195778032898,0.03153063480389865
3,ZSCAN25(+),0.019773090081648854,0.01881758288764284,0.07145701895111792,0.07145701895111792,2.270746661079036,0.02316231856527305,0.031699755372920836
3,ZNF574(+),0.022737404618259613,0.021776210467662264,0.06231466738071301,0.06231466738071301,2.2699376096520933,0.02321136877875934,0.03174904518786293
3,CAMTA1(+),0.048995290995451905,0.05032434808543863,-0.03861348095330967,-0.03861348095330967,-2.2602469714493814,0.023805927111605892,0.032542239974517176
3,ZNF250(+),0.017300813511785244,0.018335598990815494,-0.08380751507392814,-0.08380751507392814,-2.257496196597777,0.023977086880178442,0.03275693192894967
3,BCL11B(+),0.021584874745809186,0.022345013804730047,-0.049932212701237266,-0.049932212701237266,-2.2498551553433193,0.024458141446435072,0.03338468028759651
3,FOSL1(+),0.04261773015242576,0.04488612160162885,-0.07481568713804142,-0.07481568713804142,-2.220207915276025,0.026404657265044092,0.035872954956457974
3,ZNF142(+),0.015199959258764264,0.014894787563369254,0.029259907476396643,0.029259907476396643,2.2117488331343256,0.026984024296178393,0.03663864158308934
3,TET1(+),0.016152306879330596,0.0167665063165038,-0.053841872619961914,-0.053841872619961914,-2.2113982441826505,0.027008271331817036,0.0366608475559001
3,LCOR(+),0.019828679222060365,0.01913937363423662,0.05104496482758388,0.05104496482758388,2.193778901995902,0.028251308282773387,0.03829218761992483
3,ZNF576(+),0.010119697775607632,0.00929754083375281,0.12224510791809523,0.12224510791809523,2.1926731983790804,0.02833093309506261,0.038388910217784664
3,ZNF501(+),0.023012206271614245,0.024215934652462905,-0.07355737690799531,-0.07355737690799531,-2.1675836146835623,0.030190381542711923,0.04077764532302905
3,ZNF140(+),0.01676648806220252,0.018360863219170347,-0.13105334873061006,-0.13105334873061006,-2.162927074248493,0.03054678902226935,0.041223078154689466
3,ZNF66(+),0.024100562996525365,0.022750290873079906,0.08318185413530989,0.08318185413530989,2.143788513271152,0.032049836136932554,0.04313865223299094
3,IRF8(+),0.016604726713693684,0.016348861985302315,0.022403761477534097,0.022403761477534097,2.1418557793067894,0.032205089234452644,0.04332251360962425
3,ZNF518B(+),0.027310899043489933,0.0287585746593717,-0.07451536487753299,-0.07451536487753299,-2.1260882659417093,0.03349591077789456,0.044967776174370006
3,ZNF609(+),0.02307429452323351,0.022529893968434172,0.03444601398130042,0.03444601398130042,2.1248117625791996,0.03360232293995531,0.0450975989760452
3,ARID5B(+),0.0290815268288044,0.02977964650021615,-0.03422361217464341,-0.03422361217464341,-2.1174404051337232,0.034222488076149665,0.04589014350857829
3,ZNF138(+),0.01412254377173892,0.014590935393937063,-0.04707239885930439,-0.04707239885930439,-2.114977293011698,0.03443188267398906,0.04614063465718676
3,NFE2L1(+),0.017980903573461823,0.018627742331630854,-0.050987307781928434,-0.050987307781928434,-2.1125591281911698,0.03463852009354796,0.04638106827170086
3,PHF21A(+),0.013710760901542976,0.01403096973189074,-0.03330608185304554,-0.03330608185304554,-2.1111298040035713,0.03476115631608281,0.04651845897096071
3,SPEN(+),0.026584578616989235,0.026174177191886153,0.022445412597640685,0.022445412597640685,2.1108601201945905,0.034784336759979814,0.04652267326521919
3,ZNF524(+),0.02046968441986566,0.021247868854820978,-0.05382928413051398,-0.05382928413051398,-2.1013312922772673,0.035611894667475344,0.04752003755542171
3,ZNF789(+),0.03766185591905968,0.03845011567743048,-0.029883842241628218,-0.029883842241628218,-2.0793790302262263,0.037582526349481844,0.049905899054700734
3,MTERF4(+),0.01803676866372917,0.017593824632755103,0.03587175988206244,0.03587175988206244,2.0771676229925835,0.03778609100313937,0.050147540774166395
3,NCOA1(+),0.02582722591599485,0.024702771354302384,0.06421978643564775,0.06421978643564775,2.057966135793147,0.03959338426210745,0.05247111837303541
3,MESP1(+),0.026137781555255146,0.02661305820339298,-0.025997606681041084,-0.025997606681041084,-2.0448774815972763,0.04086693848531521,0.054035561988126715
3,TIGD7(+),0.015612160717329179,0.016616694557066606,-0.08996320021916016,-0.08996320021916016,-2.0243185858926367,0.04293738250401766,0.05664417544196592
3,L3MBTL3(+),0.06717096849713564,0.06881128746866622,-0.03480740609999848,-0.03480740609999848,-1.9996065595296917,0.04554276507726841,0.05993071269255835
3,ZNF846(+),0.026751835204537663,0.026362165092466305,0.02116900254006559,0.02116900254006559,1.9992290021971184,0.04558358194274284,0.05994783072594578
3,ZNF879(+),0.01077884300179247,0.012457852513775255,-0.20885305190764497,-0.20885305190764497,-1.9992559705780164,0.04558066543042804,0.05994783072594578
3,ARNTL(+),0.018269889556359473,0.01907927431468314,-0.06253838301433484,-0.06253838301433484,-1.9978446253110167,0.04573350760767433,0.06009395836991436
3,ZNF829(+),0.01225796731356027,0.013151283218416068,-0.10148380448369256,-0.10148380448369256,-1.9645296854415828,0.04946869719030795,0.06469090609487062
3,PLAGL1(+),0.014467006256350851,0.014078650849979153,0.039257316679084026,0.039257316679084026,1.95963941903873,0.05003795057569325,0.06538010701099722
3,ZNF587(+),0.0225670883963805,0.02201436083578246,0.03577533482973991,0.03577533482973991,1.9497600021697317,0.05120473093790719,0.06684822237396822
3,ZNF565(+),0.016356155933076214,0.01657775475527616,-0.019414902182811528,-0.019414902182811528,-1.942065024153478,0.05212922900243414,0.06801692941469285
3,POU2F1(+),0.01738683670805785,0.01679785040976605,0.04971884964304258,0.04971884964304258,1.9390715338737907,0.05249262834996337,0.06847185023464754
3,ZNF43(+),0.03869490671461141,0.03797350724273244,0.0271504280875078,0.0271504280875078,1.9372736418139185,0.052711902485677135,0.06871927786864168
3,TFEB(+),0.014373986406189485,0.015473194192695982,-0.10631081486395659,-0.10631081486395659,-1.935619581118836,0.052914310350027596,0.06894445205494479
3,NFE2L3(+),0.0280022347324375,0.029259987417463156,-0.06338718009783322,-0.06338718009783322,-1.927241404119831,0.05394955223855388,0.07021453352425967
3,CEBPB(+),0.08774648682972483,0.08750363273365236,0.003998452283044656,0.003998452283044656,1.927097572755041,0.053967471193114465,0.07021818030588703
3,RBAK(+),0.010428997873961085,0.010710500979534318,-0.03842542408362363,-0.03842542408362363,-1.9220005487653031,0.05460568870157843,0.07091939426954277
3,FOXD2(+),0.00827989485900304,0.00916991697336832,-0.14729620646491598,-0.14729620646491598,-1.9159776103647308,0.05536794563652913,0.07181907497393963
3,IKZF1(+),0.04544247609970149,0.04646809113498487,-0.032198933317971454,-0.032198933317971454,-1.9160764944280237,0.05535535973952472,0.07181907497393963
3,ZNF141(+),0.0187364651528292,0.018222334319406664,0.040141012422779315,0.040141012422779315,1.9156629792542532,0.055408007539498795,0.0718509757177476
3,STAT5B(+),0.01133835085492529,0.011026124329056535,0.040285039976185315,0.040285039976185315,1.915465211127667,0.05543320166914697,0.07186358407847827
3,ZNF326(+),0.015737937612469513,0.015438243522383311,0.027737872497663504,0.027737872497663504,1.897486290528944,0.05776378648611014,0.07467653443584236
3,ZNF850(+),0.012693402882158032,0.013139120502112089,-0.049789822193547245,-0.049789822193547245,-1.8742575251153937,0.06089493881805635,0.07848418168975353
3,CREB1(+),0.01913703594898291,0.01870273922124679,0.03311780861355965,0.03311780861355965,1.8716865394697761,0.061249982860601584,0.07891988082870856
3,BNC2(+),0.012826420593833612,0.01358636572708257,-0.08304096820372467,-0.08304096820372467,-1.8665805260197388,0.06196018917151469,0.07976859165789515
3,ZNF691(+),0.026810735007812465,0.02764996916179583,-0.04446709888930534,-0.04446709888930534,-1.844628263968698,0.06509163260146948,0.0836377962472547
3,CENPT(+),0.027701403715985815,0.02831928407645858,-0.031825708845534185,-0.031825708845534185,-1.8420572783230804,0.06546677198482856,0.0840965585922369
3,ZNF502(+),0.020115340466119326,0.021164498349687328,-0.0733501333229269,-0.0733501333229269,-1.8363489710329859,0.06630606142349943,0.08505707133724243
3,TCFL5(+),0.011194853055604505,0.010661041008273968,0.07048726653868399,0.07048726653868399,1.83403867973605,0.06664825270513516,0.0854724278893851
3,ZFP14(+),0.01510352096726281,0.014757573619259674,0.033429372083150916,0.033429372083150916,1.8245817675011216,0.06806416686408778,0.08714389610906498
3,FLI1(+),0.013146199251516558,0.013445283718162122,-0.032454439728342964,-0.032454439728342964,-1.8236468636299878,0.06820547684540335,0.08730075501430107
3,ZNF184(+),0.010889050562829227,0.011332946179771482,-0.05764478807506974,-0.05764478807506974,-1.8061353949668315,0.0708971932751326,0.09064614994852488
3,ZSCAN21(+),0.011123439161306686,0.011177687720375076,-0.007018862760677376,-0.007018862760677376,-1.796993113842381,0.07233671297584239,0.09237974699391611
3,USF1(+),0.019108906511751535,0.01865216857173421,0.03490184861454151,0.03490184861454151,1.794089518165687,0.07279888180542653,0.09292410167249415
3,THAP1(+),0.02396911849097999,0.024279685285680613,-0.018572868507236658,-0.018572868507236658,-1.7893970198894202,0.07355089893724949,0.09385822130866041
3,ZFP1(+),0.01070836350348809,0.010325325057010613,0.05255081269351499,0.05255081269351499,1.7892352096040318,0.07357694345100563,0.09386566941222772
3,ZNF439(+),0.013073355887718402,0.01410613978521458,-0.10969370947160859,-0.10969370947160859,-1.7669053902204177,0.07724407416657765,0.09821494565939305
3,ZNF606(+),0.012902102624542213,0.013504886821615053,-0.06587534698882914,-0.06587534698882914,-1.765970486349284,0.07740080046189773,0.09836572315882762
3,ZNF431(+),0.018574329691271756,0.01835745148364383,0.01694435981513464,0.01694435981513464,1.7612600091524184,0.07819440535759403,0.09929278646419472
3,ZNF281(+),0.015178640740136258,0.015621677564477342,-0.041506783738710015,-0.041506783738710015,-1.7457621795963192,0.08085228536997147,0.10249969037759755
3,FOXO3(+),0.019704043813021717,0.018757814019767474,0.07100002694020521,0.07100002694020521,1.7409438288758614,0.08169342505965017,0.1035377788273056
3,ZNF484(+),0.022873775690489047,0.02220548796099558,0.04277824932370048,0.04277824932370048,1.730048602993035,0.0836215919265038,0.10583713746556135
3,CARF(+),0.017065850568464092,0.017490416522980983,-0.035452323771213386,-0.035452323771213386,-1.723108739641928,0.08486886266250071,0.10738650696467333
3,ZNF461(+),0.025342453736151745,0.025931875340042883,-0.0331703238994237,-0.0331703238994237,-1.7220300044060046,0.08506408335559096,0.10757491619567656
3,ZNF607(+),0.015150683888080692,0.014684035385783249,0.04513441790300344,0.04513441790300344,1.709462738907497,0.08736526808426144,0.11021501093193764
3,ADNP(+),0.0247036606391858,0.02423116285896279,0.027861196316580402,0.027861196316580402,1.707395163038644,0.08774862880326646,0.11066858017680498
3,ZNF84(+),0.013170862315041814,0.01381731864687822,-0.06912786811633068,-0.06912786811633068,-1.702325107429804,0.08869444070486608,0.11180072647872537
3,ZBTB5(+),0.013818915519618545,0.012968185959111516,0.09166770970431168,0.09166770970431168,1.6966257896000088,0.08976743086325273,0.11299992313273954
3,HOXA3(+),0.010707055586261883,0.010867810654277867,-0.021499536302659997,-0.021499536302659997,-1.694270551001576,0.09021388387080471,0.11353115431587317
3,SP110(+),0.023980507043632915,0.02362484132538672,0.02155752289559265,0.02155752289559265,1.6879419709508254,0.09142236879766973,0.1149585552423324
3,TIGD1(+),0.010772849294022148,0.010162167922948117,0.08419165944983113,0.08419165944983113,1.6795188466503237,0.09305096894994545,0.11687986770483955
3,NR2C1(+),0.0159530735213764,0.01642516758340306,-0.04207368701725781,-0.04207368701725781,-1.6695315562577329,0.09501208190001961,0.11918204710385932
3,NFATC2(+),0.012718261999033413,0.013163979666871911,-0.04969416525419729,-0.04969416525419729,-1.6657200250908035,0.09576919156061874,0.12006690817788773
3,REXO4(+),0.015850377064681846,0.016076203693012513,-0.020409599915934808,-0.020409599915934808,-1.657251953488805,0.09746854673524204,0.12203272226016153
3,TIGD6(+),0.015214988858690355,0.014511349299651557,0.06831160198311179,0.06831160198311179,-1.6565867334266522,0.0976030563565833,0.12210239611535939
3,TFDP2(+),0.019181700889682338,0.01945020610744222,-0.020054788591875955,-0.020054788591875955,-1.6531887174334936,0.09829246197295224,0.1228655774661903
3,ZNF280C(+),0.009809353529298875,0.009497508928564316,0.046608892938104725,0.046608892938104725,1.6480467461422588,0.09934307898762275,0.12407867757394668
3,ZNF561(+),0.020309302464682568,0.021236684917734366,-0.06441788324293382,-0.06441788324293382,-1.6469859898269341,0.09956092557208433,0.12431733851675585
3,POU3F1(+),0.02605770831054321,0.026906079081083036,-0.046221956960161306,-0.046221956960161306,-1.6408821462836676,0.100821881797313,0.12582419154984387
3,ZNF283(+),0.01279442136649156,0.012625875457228283,0.01913147539997479,0.01913147539997479,1.6244673917770334,0.10427609426511793,0.1297862963187226
3,ZBTB39(+),0.014428931412055613,0.015030042365219726,-0.058884612127548884,-0.058884612127548884,-1.6136261026560033,0.10660855148790964,0.1326182971776487
3,ZNF800(+),0.01834387830479072,0.018101781409268033,0.019167007074507428,0.019167007074507428,1.612304651991997,0.10689566151435176,0.13293985213766102
3,ZNF570(+),0.025342844842558544,0.0249523674313864,0.022401779242360354,0.022401779242360354,1.5924918814922042,0.11127422583315641,0.13808944135586734
3,ZNF319(+),0.008312881080396644,0.008559153984022287,-0.0421196245114703,-0.0421196245114703,-1.589947864227485,0.11184655736778766,0.1387255698193254
3,GATAD2A(+),0.015502613569942517,0.015051634523867582,0.04259129155695621,0.04259129155695621,1.5825495384011101,0.11352417274863615,0.1406936452554469
3,PCGF6(+),0.03168935655808407,0.03148125589306302,0.009505270324858678,0.009505270324858678,1.5814708031651867,0.11377042962057404,0.14092363882335104
3,ZNF354A(+),0.019018927479183805,0.018523816542084737,0.03805451566583318,0.03805451566583318,1.573865719751927,0.11551849653664843,0.14297453141826058
3,MTERF1(+),0.018867127664900434,0.01869677366956151,0.01308546382855945,0.01308546382855945,1.5655774373559155,0.11744757552047884,0.14516870364359347
3,ZNF438(+),0.017673800617251056,0.017032035151616897,0.053361478424801774,0.053361478424801774,1.564076197485922,0.11779967506226673,0.14552646028303962
3,FOXN2(+),0.014646461529492593,0.01426105530403368,0.03847141650487197,0.03847141650487197,1.5401192857881236,0.12353127957808992,0.15192025248616034
3,MTF2(+),0.03277324845032375,0.032480021809614554,0.01296607674250466,0.01296607674250466,1.5342221998317422,0.12497499796579765,0.15353315671809842
3,AKAP8L(+),0.015129653051526765,0.01482828125185089,0.029027518064659006,0.029027518064659006,1.5266710531802785,0.12684282889017745,0.15558091898465126
3,ZNF568(+),0.015395605508578665,0.015978481160004807,-0.053611665854378744,-0.053611665854378744,-1.5196772530673752,0.1285921112885369,0.15751855404410706
3,ZNF764(+),0.019384818162522802,0.019816553320282135,-0.03177885366296974,-0.03177885366296974,-1.5134385676196183,0.13016829460550988,0.15936524207764718
3,NRL(+),0.016444387303632572,0.016914227144499572,-0.04064199942810234,-0.04064199942810234,-1.4876388165604506,0.13684617090784465,0.16723242932568755
3,PPARA(+),0.010714347684998767,0.011071111588997847,-0.04725606009301587,-0.04725606009301587,-1.4871893435454826,0.13696480977550599,0.16733338806081677
3,KIN(+),0.012092767620967344,0.01259346125698758,-0.05853038521433919,-0.05853038521433919,-1.4755929397593062,0.1400532016137477,0.17083695417433248
3,AHCTF1(+),0.01709005421048476,0.016197582733247187,0.07737844191497116,0.07737844191497116,1.4669091211101228,0.14240077895474437,0.17356379381915182
3,ZNF486(+),0.015374851265257103,0.015821999697589673,-0.04135949277503718,-0.04135949277503718,-1.466315816730365,0.14256226845917525,0.1737150411838586
3,HMBOX1(+),0.013245390171270336,0.012488101988483588,0.08493611063985651,0.08493611063985651,1.4637987678465436,0.14324893921730986,0.17441450135371017
3,NFYA(+),0.024725193468022606,0.024652203367694896,0.004265211815877686,0.004265211815877686,1.461623318454098,0.14384446078955895,0.1750936898237687
3,ZNF773(+),0.01281752644836388,0.0137604949467873,-0.10241448041915341,-0.10241448041915341,-1.4575690718590861,0.1449593597349295,0.176358361961432
3,SCMH1(+),0.016473592669465045,0.015987047998017104,0.04325164878734513,0.04325164878734513,1.4525799213929405,0.1463404242074703,0.1778522423976189
3,TFAP4(+),0.03513988443234878,0.03570028546485077,-0.022826163027419716,-0.022826163027419716,-1.4241192900851616,0.15441194326332267,0.18722095443960685
3,DPF3(+),0.027080138451664314,0.026623297113357657,0.024545863800360307,0.024545863800360307,1.4176288997490225,0.15629913809795856,0.18940539235862242
3,PLSCR1(+),0.0566022000112972,0.05772685151462468,-0.028384412094514186,-0.028384412094514186,-1.4176109208284238,0.15630438997495663,0.18940539235862242
3,ZFX(+),0.027181517483198567,0.02768454738342456,-0.026454933591717,-0.026454933591717,-1.4175030473048316,0.15633590404799963,0.18940539235862242
3,ZNF33A(+),0.011780567555004057,0.011367355613990134,0.05151236207039262,0.05151236207039262,1.4109047834451,0.1582726915371725,0.19160194219185986
3,TFE3(+),0.01798661936408545,0.01746147589268047,0.04274854631579829,0.04274854631579829,1.4096282800825908,0.15864947201843005,0.19200802436831882
3,MAX(+),0.016490249115438973,0.01632803071584231,0.014262391179767646,0.014262391179767646,1.4046481190767444,0.16012594027783955,0.19364358047137847
3,ZNF48(+),0.01772703149137025,0.01740615812958263,0.026353158269480002,0.026353158269480002,-1.4010433454967004,0.16120111164341822,0.19489306704416387
3,MGA(+),0.016408408095008768,0.016585565467925847,-0.01549292046408823,-0.01549292046408823,1.3994342321031148,0.16168280756035935,0.19542457484201645
3,ZNF708(+),0.024724601560614266,0.02420440798263471,0.030677463097229185,0.030677463097229185,1.397204845948873,0.16235197990213823,0.196080329340986
3,ZNF483(+),0.01879690309564984,0.01934943593747963,-0.04179651957711327,-0.04179651957711327,1.3960631844908542,0.16269546897928022,0.1964441001842362
3,ZBTB7B(+),0.015016678331165862,0.014656425612776998,0.03503241954539116,0.03503241954539116,1.3776797381786596,0.16830218981531198,0.2027395414139326
3,KCMF1(+),0.02172274466496023,0.022000089862568264,-0.018303016899330737,-0.018303016899330737,-1.3765830240221375,0.16864120236616187,0.20309525148841634
3,ZNF408(+),0.007037751730993457,0.007694708782381807,-0.12875208776691133,-0.12875208776691133,1.3679081948332537,0.17134081432974413,0.20618603175172578
3,ZNF155(+),0.013338048434443918,0.01276686350239193,0.06314345358030611,0.06314345358030611,1.3675576058815786,0.1714505941216785,0.20626470077575673
3,TBPL1(+),0.01625613188555533,0.01569882493186766,0.050327432249710605,0.050327432249710605,1.3643214001738084,0.17246643348319024,0.20737938998949487
3,CEBPG(+),0.01883576105065859,0.019411638882609484,-0.043447598614746,-0.043447598614746,-1.3443647983092257,0.17883045113761697,0.21431048646393985
3,ZNF410(+),0.014968282995562878,0.015487944544356046,-0.049236948789018284,-0.049236948789018284,-1.3357528953424374,0.18163005397167997,0.21744113420063235
3,ZNF493(+),0.014199323815345052,0.0142503992449501,-0.005180109685521684,-0.005180109685521684,-1.3300715564332408,0.18349469604953828,0.21956024295468968
3,MBD3(+),0.019596872870316095,0.02002194694633251,-0.030958810291757503,-0.030958810291757503,-1.3213158221016625,0.18639608051777978,0.22285966383657327
3,ZNF563(+),0.014496003849617845,0.014241467083766139,0.025557468754369275,0.025557468754369275,1.31966176140658,0.18694797229892557,0.22346199982720258
3,IRF9(+),0.026880374463815998,0.026528959208615886,0.018985158901376007,0.018985158901376007,1.3194819722005928,0.1870080331828209,0.22347628354365914
3,MYRF(+),0.017159799680771214,0.016718166135507705,0.03761610638879203,0.03761610638879203,1.3149153263685172,0.18853836123716383,0.22524709052125155
3,ZNF615(+),0.025253414866799564,0.025880085872141606,-0.035363914935096614,-0.035363914935096614,-1.3114633736135624,0.1897012601604534,0.22651988520444888
3,TFCP2(+),0.01254515409251738,0.012433931914698689,0.012847606346026063,0.012847606346026063,1.289079617468152,0.19737040878703904,0.23501295791227794
3,RELB(+),0.038740363314587765,0.03900985916578838,-0.010001305790179407,-0.010001305790179407,-1.2881447135970183,0.19769559296629413,0.23533983324665203
3,ZNF124(+),0.013501626584871928,0.01317051048176011,0.035821956477991995,0.035821956477991995,1.2750740383217465,0.20228303747502363,0.24049263093716017
3,LCORL(+),0.020903954218227647,0.020457460973109392,0.031148768932889342,0.031148768932889342,1.2700938773159003,0.20405119232229862,0.24240864151843405
3,RELA(+),0.024722012758364293,0.02504652281218449,-0.01881412246333477,-0.01881412246333477,-1.2609965434929464,0.20731009248882903,0.24609133135972677
3,ZNF790(+),0.012468442791973119,0.012564515889905635,-0.011073789011780532,-0.011073789011780532,-1.2490585402153942,0.21164366326242212,0.25110723265745866
3,ZNF3(+),0.02767988452320798,0.026902560830518625,0.041094414590548044,0.041094414590548044,1.2411388256916567,0.2145544688598583,0.2544308164038912
3,ZNF711(+),0.019847390445397677,0.020646759408384684,-0.056966026970674516,-0.056966026970674516,1.2402398796617204,0.2148866819596399,0.2546297545159508
3,NKX3-1(+),0.03566611627343665,0.034366068769261536,0.05356929879074684,0.05356929879074684,1.2317897869803205,0.2180276193673849,0.25809007671520845
3,TBP(+),0.013545220117231228,0.014175011156763652,-0.06556602762811452,-0.06556602762811452,-1.2316369661552313,0.21808472574966487,0.25809007671520845
3,TFDP1(+),0.03308826694729444,0.033659018527706815,-0.024673378522141843,-0.024673378522141843,-1.2317807975200212,0.21803097826878903,0.25809007671520845
3,HIC2(+),0.019368156173294876,0.019035939568175255,0.024960836617836404,0.024960836617836404,1.2255960488340605,0.22035072546186107,0.2605725864995786
3,ZNF420(+),0.015165174637934173,0.015349262511788649,-0.017407227012058324,-0.017407227012058324,-1.2231149577914366,0.22128627982474092,0.2616123109661292
3,NFYC(+),0.016937254122570283,0.01725468500720487,-0.026788132263183675,-0.026788132263183675,-1.2213710024933604,0.2219455811861124,0.2622582611573371
3,ZSCAN29(+),0.025709669694449554,0.026344416868871103,-0.03518616956289241,-0.03518616956289241,-1.217307766438049,0.22348714047444274,0.2639455294949877
3,GLYR1(+),0.013400726798980085,0.01379751870038281,-0.042097589275183055,-0.042097589275183055,-1.2161930733609283,0.2239113817158066,0.2643793513141641
3,ZNF443(+),0.013902029738278436,0.014323676046711035,-0.04310625602935005,-0.04310625602935005,-1.2081115485518021,0.22700435816899078,0.2676911002018183
3,LIN54(+),0.01938483345846827,0.018933487536256722,0.03398815967629296,0.03398815967629296,1.1984298998093896,0.2307496981297158,0.27169387777250437
3,CHAMP1(+),0.029747503289637583,0.02941746366459673,0.01609572277856244,0.01609572277856244,1.186258170564054,0.23552036017561429,0.27703015270086817
3,ZNF264(+),0.016434178171607743,0.016835621192019624,-0.03481763888682845,-0.03481763888682845,-1.1849816672015447,0.2360246954378219,0.277553091217388
3,ZNF514(+),0.03243429416950668,0.03307706299808996,-0.028311095102220258,-0.028311095102220258,-1.1771428578205014,0.23913849150620448,0.2810014598576031
3,EGR2(+),0.028668598828705753,0.02847791240791639,0.009628002097791315,0.009628002097791315,1.1745538932542854,0.24017323862529238,0.2821274910348489
3,ZNF213(+),0.011715514623646945,0.011945650611752862,-0.02806510057339923,-0.02806510057339923,-1.1704726782783752,0.24181080289611112,0.2839259806502619
3,GABPA(+),0.021154950168209334,0.021576989652433064,-0.028498310328290373,-0.028498310328290373,-1.166715083873242,0.24332544927703925,0.2854158363363251
3,ZFP82(+),0.02115440278507964,0.020943962167544995,0.01442356015761742,0.01442356015761742,1.1658520956845033,0.24367425006718113,0.2856806894401959
3,GMEB2(+),0.013068477599682405,0.013169514667936744,-0.011111093045949766,-0.011111093045949766,1.1539770186290466,0.24850959093088032,0.29120258574014607
3,HDX(+),0.021754312151966163,0.02266490654005853,-0.05915880841371948,-0.05915880841371948,-1.1476034912767994,0.2511322878626916,0.2939792029037809
3,ZNF485(+),0.04114840761011244,0.04061543581291882,0.01880847593290786,0.01880847593290786,1.147423702070812,0.25120654990921787,0.2939920444263837
3,ZNF664(+),0.020415158527826802,0.018537536425545603,0.13919123574407008,0.13919123574407008,1.1386140309774377,0.2548641736294046,0.2978973544309472
3,ZNF322(+),0.030691170920983623,0.031053025010302583,-0.016910125793185102,-0.016910125793185102,-1.1251478194489941,0.2605264005038239,0.30395598266860085
3,ZFP91(+),0.01600711389873151,0.015807083449776764,0.0181420086313545,0.0181420086313545,1.1205092579345235,0.2624968096649818,0.30581832979529483
3,ZNF200(+),0.01620773481423577,0.015805436141633482,0.03626162615966125,0.03626162615966125,1.111771502523544,0.2662364075703484,0.3097866014940552
3,KMT2B(+),0.022059070212449638,0.022472468786874523,-0.026786641261164378,-0.026786641261164378,-1.110728725128818,0.26668513392848847,0.3102310160525492
3,LEF1(+),0.013430686434952705,0.014022176777324645,-0.06217728157284205,-0.06217728157284205,-1.1053889857109973,0.26899107428737834,0.31260033526766884
3,ZFP69B(+),0.03145172227945196,0.031077212129747504,0.017281931459064988,0.017281931459064988,1.0804162649993707,0.27995685612669097,0.32437006652743317
3,ZNF337(+),0.01545230405677137,0.015598001827081662,-0.013539253407551988,-0.013539253407551988,1.071247015494022,0.2840583767153866,0.3287122969215174
3,ZNF273(+),0.022916794945728573,0.023514309600720543,-0.037133684060200386,-0.037133684060200386,-1.0697008283225318,0.2847539933826636,0.3293531621669503
3,ZNF512(+),0.0153840811239379,0.015556563673488557,-0.01608513863590501,-0.01608513863590501,-1.0592730543752724,0.2894754428582482,0.3342315267403836
3,BRF2(+),0.015999260848642786,0.015835107761752055,0.014878569224054035,0.014878569224054035,1.057097604982827,0.2904670441614413,0.33512653257076375
3,ZBTB18(+),0.009352011922693465,0.00882733647446143,0.0832985695157809,0.0832985695157809,1.0571515417446231,0.2904424314078311,0.33512653257076375
3,SGSM2(+),0.02264355751237003,0.022904754110117786,-0.016546437703678515,-0.016546437703678515,-1.0497981632197453,0.29381091992729014,0.33856405930594463
3,ZNF234(+),0.014354642346638309,0.01461291646989044,-0.02572675505260851,-0.02572675505260851,1.0408985975233773,0.2979226127086433,0.34287674331804957
3,TGIF2(+),0.00969988051027792,0.009397611615477142,0.045672825261251285,0.045672825261251285,1.0378242021009956,0.29935190710100523,0.34418059615944785
3,ZNF34(+),0.01105093315358084,0.010918873607628608,0.01734416068746759,0.01734416068746759,1.0234950023838132,0.30607386163628536,0.3511269664856867
3,ZNF777(+),0.01704511227371048,0.017399788906859295,-0.029711699435183928,-0.029711699435183928,-1.010235548442255,0.31238245169060785,0.35774568247112265
3,ZNF75D(+),0.01793165896118286,0.01756855476885237,0.029513448058062323,0.029513448058062323,1.0026933912510905,0.3160088195377948,0.36154211003769876
3,ZNF621(+),0.02140259158818892,0.021067345435326054,0.02277695798189012,0.02277695798189012,1.002082107950734,0.31630393850850125,0.3617015741930055
3,ZNF507(+),0.0337617360000607,0.033538911584190256,0.009553216986591269,0.009553216986591269,1.0011472040796003,0.3167556467103735,0.36212896356625274
3,ZNF93(+),0.01961632668115533,0.020118087341471413,-0.036438240207207234,-0.036438240207207234,-1.0003561315732565,0.3171381917223771,0.3624770916708764
3,ZBED5(+),0.016664817975739703,0.016712307567915502,-0.004105388953507878,-0.004105388953507878,-0.9998167639552948,0.31739919150418017,0.36268616101769174
3,ARID3A(+),0.012424821711128131,0.012515354756533507,-0.010474034859416169,-0.010474034859416169,0.98172098037268,0.32623732646743486,0.3720531258141996
3,ZNF577(+),0.027004422327217687,0.02675124431740869,0.013589687160388922,0.013589687160388922,0.9797343096465211,0.327217285531071,0.37289604791261644
3,ZNF844(+),0.016854326160620867,0.016797841124720114,0.004843120633136279,0.004843120633136279,0.9764082093357572,0.32886221494352663,0.3744949714176713
3,ZBTB45(+),0.0289280491513313,0.028506236642366456,0.02119144434121444,0.02119144434121444,0.9751317059732479,0.3294949330603044,0.3751235206041946
3,UBP1(+),0.016998830786963574,0.017463036359441603,-0.03886890660219272,-0.03886890660219272,-0.9729023198190062,0.33060185191212466,0.3762914977044398
3,MXD3(+),0.06071686041543784,0.0619205567617132,-0.02832125021744352,-0.02832125021744352,0.970061650364408,0.3320157630947068,0.3776889100001138
3,ZNF248(+),0.02415744372485702,0.02455249623142745,-0.02340190794954269,-0.02340190794954269,-0.9693964303022552,0.3323474327126815,0.3779079130845546
3,ZNF23(+),0.010008100665680671,0.00994732268775544,0.008788021996203927,0.008788021996203927,-0.9622767777451608,0.3359105908140537,0.38158588758407425
3,ZNF853(+),0.033447244213261965,0.03371507896013324,-0.011506626920776381,-0.011506626920776381,-0.9597597288613396,0.3371761546247142,0.38292988709823894
3,ZBTB17(+),0.01370758599879696,0.013597356083914486,0.011648367782516279,0.011648367782516279,0.9579618368014673,0.3380820028913192,0.38386480162067405
3,PRDM10(+),0.012018364130333135,0.012319301948020587,-0.03567996941900997,-0.03567996941900997,-0.9566403861374612,0.3387487970111067,0.38452789885547184
3,HIVEP3(+),0.03155724372539166,0.03080238554430166,0.03492911450705174,0.03492911450705174,0.9536648747783725,0.3402533054872131,0.3861413642775726
3,TCF7L2(+),0.010479734689496053,0.010853640600024507,-0.0505768441246395,-0.0505768441246395,-0.9358477644650378,0.34935157492378,0.3958863297196775
3,ANKZF1(+),0.026130733005360854,0.026541325307374103,-0.022492815861395597,-0.022492815861395597,-0.9282786388929753,0.35326305162857696,0.3998311098476462
3,ZNF257(+),0.010490062339685219,0.010789390559579318,-0.0405901209575197,-0.0405901209575197,-0.9168620243127862,0.35921494596184766,0.40587531597975735
3,ZNF414(+),0.018541744433487342,0.018608873408859448,-0.005213735096913764,-0.005213735096913764,0.9059847773505586,0.3649439097680268,0.41174750081916067
3,MTERF2(+),0.015760087727236704,0.016077011464307626,-0.028723683385539725,-0.028723683385539725,-0.8982897993343051,0.36903106937011665,0.4160556595204349
3,XBP1(+),0.06771373928203829,0.06770321387881219,0.00022426950968143966,0.00022426950968143966,0.8899655590970963,0.3734843795660294,0.4205660468082925
3,ZNF774(+),0.02538845324654325,0.025726968266938197,-0.01910895176295712,-0.01910895176295712,-0.8880777724342304,0.37449891815815795,0.42150411311961317
3,ZNF154(+),0.015207788672091174,0.01611851212158323,-0.08390818188866812,-0.08390818188866812,-0.8781623977240345,0.3798555948194181,0.42722257577147627
3,ZNF771(+),0.014094317491794088,0.014765741924575256,-0.06714022576676867,-0.06714022576676867,0.8461149717568105,0.39748860938197805,0.4458668414825617
3,PRDM15(+),0.014469980336042836,0.014497690021352858,-0.0027600862976794433,-0.0027600862976794433,-0.8396605392618689,0.40109874508995935,0.4496991723250932
3,SP1(+),0.027155499510685424,0.026950721163804234,0.010920522688837404,0.010920522688837404,0.8396605392618689,0.40109874508995935,0.4496991723250932
3,BAZ2A(+),0.013992492877697929,0.014075780341624284,-0.00856189152353799,-0.00856189152353799,-0.8375210477106207,0.4022997510903217,0.45082806847154266
3,ZNF490(+),0.012429569377932178,0.012675634275056885,-0.028281622555577174,-0.028281622555577174,-0.8362265654275127,0.40302745616956637,0.4513169078851581
3,THAP5(+),0.021782904280330233,0.02164939196615806,0.008869812008967694,0.008869812008967694,0.8290529761086222,0.40707443092280515,0.4549713021261862
3,HIC1(+),0.019390850307095916,0.01881714617854104,0.043328221578756015,0.043328221578756015,0.8211961878069801,0.41153452762754017,0.45951391366103944
3,ZNF500(+),0.020209843708556264,0.02040913432939285,-0.014156825069714217,-0.014156825069714217,-0.819128611938127,0.41271303918603663,0.46049773409059336
3,ZNF831(+),0.01622761413412185,0.016750826776962335,-0.04578139904368083,-0.04578139904368083,-0.8189038754306429,0.41284125866578525,0.4605301744722796
3,ZNF658(+),0.008228950810794776,0.00854470986407204,-0.05432300038358112,-0.05432300038358112,-0.8181937080669934,0.41324658732566566,0.46087164420833543
3,ZNF573(+),0.006691240405498571,0.0055347360771578116,0.27375910981654644,0.27375910981654644,0.8094739315766126,0.4182425915618465,0.46599588337845455
3,MTF1(+),0.02100690926541311,0.020818738634487615,0.012981252811068884,0.012981252811068884,0.8046016440943586,0.4210495930924337,0.4686737023518703
3,ZNF395(+),0.021608819102792817,0.02209090876203149,-0.03183253442553162,-0.03183253442553162,-0.8004305345154549,0.4234613957027408,0.470794203695364
3,ZNF282(+),0.01759949703741528,0.01847287695207103,-0.06987436441971924,-0.06987436441971924,-0.7849147260387568,0.43250356738306095,0.4798134871015806
3,KDM5B(+),0.012280837262947174,0.012312533862030609,-0.003718770206743039,-0.003718770206743039,-0.7823617193137381,0.43400202433952983,0.4812459782900731
3,E2F8(+),0.03310817625457309,0.03403006669890315,-0.039622434934556694,-0.039622434934556694,0.7800424385565028,0.4353658958236386,0.48264309930806715
3,NAIF1(+),0.02383354306883064,0.02385274147763978,-0.0011616526546415166,-0.0011616526546415166,0.7795120603988405,0.4356781359790197,0.4828740018187895
3,ZNF445(+),0.016128527613389957,0.016366886008709662,-0.02116511734803454,-0.02116511734803454,-0.7787119984321973,0.43614938659348024,0.48316572876859426
3,ZMAT1(+),0.010925478591627976,0.011454825088895143,-0.06825894476498555,-0.06825894476498555,-0.7776782104977707,0.4367587408259298,0.48361009562251345
3,ZFY(+),0.01448432410373175,0.014359166913194709,0.012520313768815385,0.012520313768815385,0.7719878821282748,0.44012160465072714,0.48721755328947275
3,MSANTD3(+),0.012832785704025022,0.012578789031678642,0.028841338524628158,0.028841338524628158,0.7689494445470906,0.4419233231660682,0.4888625472984965
3,ZNF397(+),0.02859809563433261,0.028990571737464086,-0.019664704895152815,-0.019664704895152815,-0.7677088990257788,0.4426601480529644,0.4895610446919094
3,ZBTB37(+),0.013823113992155762,0.014042314471367997,-0.02269808592833196,-0.02269808592833196,-0.7641310938266328,0.4447891243361416,0.49156447360013744
3,ARNT(+),0.017744579040962577,0.01714643325192381,0.049469843915712665,0.049469843915712665,0.7593307220267738,0.44765474404341543,0.4942610615834715
3,ZC3H8(+),0.01750203444953343,0.01735059867214575,0.0125371880313677,0.0125371880313677,0.7563821790485831,0.4494200895682332,0.49609228042881254
3,CREB3L4(+),0.03257373707182038,0.033049294184222075,-0.020910215947533766,-0.020910215947533766,-0.7436531032646871,0.4570863678828039,0.5041952455035915
3,ZNF446(+),0.017296923276216035,0.017293466733538175,0.0002883307593136906,0.0002883307593136906,-0.741810263903318,0.45820230098780734,0.5051862539967636
3,POGK(+),0.020022188501908754,0.020254338918172864,-0.01663132192308771,-0.01663132192308771,-0.733980443982574,0.4629606569296577,0.5097066251335056
3,ZNF2(+),0.01884756906940823,0.01894900562701197,-0.007743683833599111,-0.007743683833599111,0.7271394646947599,0.4671405250956463,0.513821392154695
3,MLX(+),0.0370373748167858,0.0369820681906112,0.002155936461055076,0.002155936461055076,0.720208590803952,0.47139657531925794,0.5180120871440627
3,ZNF211(+),0.02294562441817285,0.02414654300526391,-0.07359758672680417,-0.07359758672680417,-0.7191478344886274,0.4720498369427566,0.5186072593659188
3,MSANTD4(+),0.012681656221157451,0.01327063592273435,-0.0654943271980555,-0.0654943271980555,-0.7006295462719425,0.4835342344886776,0.5297208771697896
3,FOXJ2(+),0.019826688364929457,0.019743204237529722,0.006087573217338138,0.006087573217338138,0.698004623864529,0.4851743023903795,0.5312670048569809
3,MBD1(+),0.018269628308255063,0.01847072086473772,-0.015792888300082106,-0.015792888300082106,0.6925390320025171,0.4885988828244675,0.5343870522061812
3,ZNF81(+),0.013261996103543654,0.01351019870137223,-0.02675095504061126,-0.02675095504061126,-0.6925570109231158,0.48858759643802163,0.5343870522061812
3,ZNF69(+),0.016432988326052025,0.017192294315651203,-0.06516722466484749,-0.06516722466484749,-0.6852306007791362,0.493198416744579,0.5387833127419025
3,STAT3(+),0.03298605807746997,0.03318767372234262,-0.008791125250196711,-0.008791125250196711,-0.6745241535625965,0.4999781350858902,0.5454200181949178
3,ZNF625(+),0.012199254770226299,0.01176041073798726,0.05285456664085156,0.05285456664085156,0.6653099567557509,0.5058522634933482,0.5514395127731994
3,ZNF320(+),0.012725794582673202,0.012617505104754395,0.012329067893642355,0.012329067893642355,0.6616872042551082,0.5081717069192885,0.55357823138839
3,ZNF430(+),0.01087694267454665,0.01115689463000319,-0.036662428869997786,-0.036662428869997786,-0.6573722633114146,0.5109415816962699,0.556334657050908
3,ZNF721(+),0.017245482069996737,0.017411749239760167,-0.013842689602284651,-0.013842689602284651,-0.6542798889684343,0.5129315002116264,0.5583704753885644
3,CREBL2(+),0.01774822428108568,0.017983943529801014,-0.0190347200401938,-0.0190347200401938,-0.6501537266910272,0.5155929276287572,0.5610047198021966
3,ZNF793(+),0.018022714447275566,0.01796078473555356,0.004965930121500012,0.004965930121500012,0.6451106394630854,0.5188554895417337,0.5644224236349773
3,ZNF292(+),0.026440545925693105,0.02630830290566056,0.007233778400788809,0.007233778400788809,0.6437981782593787,0.5197063152485871,0.5650832945528295
3,ZNF496(+),0.013989585672699494,0.01374648801453344,0.025290150694823602,0.025290150694823602,0.6344491395480426,0.5257877490685674,0.5710273777001392
3,ZNF710(+),0.020142768678886806,0.02060741178388243,-0.03290131800884856,-0.03290131800884856,-0.6277250232441202,0.5301840899357222,0.5755328576189366
3,NFXL1(+),0.02189201619971747,0.02201143397368096,-0.007848305617936972,-0.007848305617936972,-0.6115709630861673,0.5408216543840827,0.5857114909335659
3,ZNF398(+),0.014964390235006718,0.014987948601772268,-0.0022694417172834584,-0.0022694417172834584,0.5960191967682718,0.5511624024818926,0.5959379328511153
3,ZNF557(+),0.024977904051051505,0.024907150215520747,0.004092459094240969,0.004092459094240969,0.5949494509926477,0.5518772606329907,0.5965719980545129
3,CHCHD3(+),0.025912249222851146,0.0255227662662468,0.021849545221141714,0.021849545221141714,0.5932774113769665,0.5529955133526532,0.597502712147726
3,RFX7(+),0.018501430925819407,0.018350441763578366,0.011822059873524571,0.011822059873524571,-0.590328868398776,0.5549701888435188,0.5994968667856151
3,ZNF512B(+),0.02037116161077319,0.019913371102700063,0.03279077356452583,0.03279077356452583,-0.582301280351446,0.5603637632332763,0.6049011573828883
3,ZNF83(+),0.016644595164000686,0.016416589348501584,0.019899350819566224,0.019899350819566224,0.574992849128065,0.5652961332099403,0.6095173024048683
3,TAL1(+),0.018137266043384434,0.017984478510576968,0.012204677319974818,0.012204677319974818,0.5695092783454545,0.5690105759201154,0.6129531830122764
3,CC2D1A(+),0.0123236339909814,0.012296152902697277,0.003220729992681767,0.003220729992681767,0.568052985776958,0.5699989900284798,0.613617316183802
3,ZBTB2(+),0.015539930990959147,0.016018773478582677,-0.04378358818604938,-0.04378358818604938,-0.5680170279357605,0.5700234056691293,0.613617316183802
3,NR1H3(+),0.026754037973229696,0.026607344028196978,0.007932146593388291,0.007932146593388291,0.5565464765937751,0.5778373315572783,0.6214527448676911
3,DOT1L(+),0.03360741023789039,0.03388080821815691,-0.011688915942266067,-0.011688915942266067,-0.5532743130448075,0.5800755875039255,0.6237155333230866
3,NFYB(+),0.02569865795856196,0.02592096815621336,-0.012426583233172054,-0.012426583233172054,-0.5518000415557122,0.5810853588148364,0.6245121452325115
3,ZNF714(+),0.016939035346853728,0.01702472722046957,-0.007279964692461209,-0.007279964692461209,-0.5428285601769494,0.5872478470909397,0.6304058816125294
3,ESR2(+),0.011966696798185596,0.01235173958356547,-0.04568926142883668,-0.04568926142883668,-0.5412913624657585,0.5883067730706286,0.631396710007641
3,ZSCAN2(+),0.043534564253710696,0.04351959047848648,0.0004963023543803851,0.0004963023543803851,-0.5346481513045303,0.5928931807006932,0.6360251326454319
3,ZNF429(+),0.019294569891884834,0.01873156116861156,0.04272373693208465,0.04272373693208465,-0.534144741527766,0.5932413968350817,0.6362517405446674
3,ZNF302(+),0.021787136594086095,0.021621936321724704,0.01098087276735872,0.01098087276735872,0.5325086597532822,0.5943737456855231,0.6372515394709962
3,ZNF275(+),0.02672375040932837,0.026671650311413626,0.002815395068318918,0.002815395068318918,0.5315377980409511,0.5950461557043474,0.6375984759507944
3,ZNF589(+),0.024202804653885183,0.02324439248946308,0.058291515814362656,0.058291515814362656,0.5144488340118648,0.6069382243794313,0.6488442007462506
3,ZNF417(+),0.011803960639478073,0.011520399063788827,0.035080319942305954,0.035080319942305954,-0.5057200680611846,0.6130531782635165,0.6550798281651792
3,HOXA4(+),0.013046456171519661,0.01323048541396836,-0.020208013574071277,-0.020208013574071277,0.497225028078288,0.619030373895654,0.6613146473655273
3,E2F4(+),0.0328187943796329,0.03278438699813403,0.0015133217826972059,0.0015133217826972059,0.49437536916339037,0.6210411057889915,0.6633101716233307
3,DMTF1(+),0.019898658938352697,0.01992253119549396,-0.001729751887012266,-0.001729751887012266,-0.49126501589981125,0.6232390199025246,0.6653517001717368
3,TMF1(+),0.01756924545967686,0.017251829222665903,0.026302892345669838,0.026302892345669838,0.4894491449193402,0.6245237501106085,0.6664169123050255
3,ZNF354B(+),0.030339654095388854,0.029974523801332482,0.01746780278526376,0.01746780278526376,0.48815466263623214,0.6254402950102962,0.6670884432428992
3,ZNF660(+),0.019386663455445544,0.018806810668653282,0.04380931544755191,0.04380931544755191,0.48536792994343003,0.6274153770812416,0.6687343796563486
3,ZNF354C(+),0.010386031879938215,0.010555925849936004,-0.02340856047108428,-0.02340856047108428,-0.48482856232546834,0.6277979601715908,0.6689886499190272
3,GLI1(+),0.019032873403657273,0.019152094541835078,-0.009008796076540279,-0.009008796076540279,-0.4825092815682331,0.6294442065625778,0.6705890686888014
3,PPARD(+),0.016156720445008422,0.016187084881247368,-0.00270881124223176,-0.00270881124223176,-0.47970456995483224,0.6314374779066396,0.6722500767536881
3,THAP9(+),0.009540119428050914,0.00968697702933182,-0.022039191599095065,-0.022039191599095065,0.47432887269581403,0.6352654053883825,0.6757059326835441
3,ZNF841(+),0.014608600743815812,0.014541807053492064,0.0066114401208818,0.0066114401208818,0.4745176513621006,0.6351308137650632,0.6757059326835441
3,GTF2IRD2(+),0.012717243143647423,0.012921394143517248,-0.02297577938787666,-0.02297577938787666,-0.4718028343516934,0.6370675276303074,0.6771575894377065
3,ZNF649(+),0.023094622973568006,0.023175298580618633,-0.00503093185457056,-0.00503093185457056,0.4615818179913193,0.6443812357136937,0.6838361525908401
3,ZNF641(+),0.01985486819609332,0.019883508649499653,-0.0020795738755761723,-0.0020795738755761723,0.45169341166202154,0.6514898651537148,0.6904335896963278
3,ZNF681(+),0.03458840046389521,0.03439771942247621,0.007975380725833817,0.007975380725833817,0.4492213100796971,0.6532720163276886,0.692164351241358
3,USF2(+),0.023980832778588895,0.02367844087196543,0.01830767054241132,0.01830767054241132,0.4408701014615902,0.659307039836412,0.697762861708848
3,TCF3(+),0.01683965751322723,0.016885955618500127,-0.0039610301296350335,-0.0039610301296350335,-0.43312118668354055,0.6649267316877653,0.7032296604484676
3,ESR1(+),0.03050332808310665,0.031033013640463597,-0.02483714678426091,-0.02483714678426091,-0.426594838506204,0.6696744578187095,0.7077674303908772
3,ZNF79(+),0.01611713871518622,0.015205954781725959,0.08395923274412828,0.08395923274412828,0.4130836796762635,0.6795453061877421,0.7178282862747478
3,ZNF718(+),0.02249443180431904,0.0224969603005009,-0.00016215762942642858,-0.00016215762942642858,0.4126252172009961,0.6798812227116199,0.717901404750051
3,ZNF682(+),0.021729404660878582,0.02148204522578792,0.016517294041755108,0.016517294041755108,0.40514598623192727,0.6853702055536559,0.7227116015429583
3,ZNF836(+),0.009809961381356508,0.009215052607447125,0.09025504551413158,0.09025504551413158,0.39598572618687783,0.6921155582408507,0.7288317315866587
3,ZNF594(+),0.017972468690073677,0.01682794896113702,0.09492923737201202,0.09492923737201202,0.39347766676335594,0.6939667158648058,0.730449896939049
3,AEBP1(+),0.024482384662909362,0.02507364603704438,-0.0344277088145603,-0.0344277088145603,-0.390843754895643,0.6959127305585235,0.7320005963415629
3,TIGD3(+),0.022346642620959065,0.02238789494106306,-0.0026607867250578784,-0.0026607867250578784,-0.383211703101485,0.7015628013410072,0.7374426821065804
3,ELF2(+),0.021276265089375395,0.021301675243229828,-0.00172197646470635,-0.00172197646470635,-0.38060475961467016,0.7034965490035454,0.7389736476982063
3,ZNF808(+),0.011500071380738204,0.011615886167404778,-0.014456403257201454,-0.014456403257201454,-0.37711684901851783,0.7060867703462765,0.7411916493239445
3,IRF7(+),0.06637669279370768,0.06751123510578745,-0.024450863455044512,-0.024450863455044512,-0.36312924879271125,0.7165083363706297,0.7507740181460806
3,IKZF2(+),0.01814671697188775,0.017796964135408475,0.028077401393709886,0.028077401393709886,0.35313296893982116,0.7239887574265691,0.7576573122966611
3,ZNF805(+),0.019102618287009675,0.019490308484191476,-0.028986529828449674,-0.028986529828449674,-0.3530430743368275,0.7240561483928695,0.7576573122966611
3,ZNF415(+),0.01876210855665331,0.018765721883077333,-0.0002778166384925572,-0.0002778166384925572,-0.35066985681779606,0.725836042003048,0.759177756159459
3,GTF2I(+),0.042960647094654955,0.04278871068936935,0.005785515654121136,0.005785515654121136,-0.3484224917429557,0.7275229135381716,0.7605995798750409
3,RUNX3(+),0.06979465900756311,0.07103316098974642,-0.025376047277236732,-0.025376047277236732,0.3478112084425991,0.7279819715003893,0.7609082487892233
3,FOXK1(+),0.014964155929688996,0.015036850061226709,-0.0069914763098629425,-0.0069914763098629425,-0.34590544285913444,0.729413778058255,0.7622332956311799
3,HOXA7(+),0.015372415177476798,0.01606548095151838,-0.06362032101775653,-0.06362032101775653,-0.3396847363319762,0.7340939576223598,0.7666066621303645
3,ZNF689(+),0.023691002975007005,0.02295952304314602,0.045246603377034095,0.045246603377034095,0.3221642782085205,0.7473282448195827,0.7793757739530673
3,ZNF821(+),0.012960858181047917,0.012931212123714465,0.0033037323613151442,0.0033037323613151442,0.3162222449506425,0.7518338243801381,0.7831953608983498
3,AEBP2(+),0.016077518246777958,0.015617795923020547,0.041853858113867985,0.041853858113867985,0.3118533672451527,0.7551519638221925,0.7854189144545642
3,ZBTB40(+),0.014828145659210647,0.01476656156033439,0.006004262561244068,0.006004262561244068,0.31023526439126764,0.7563820554376995,0.7865221955469252
3,ATF6(+),0.02357675622444372,0.023597226804412817,-0.0012520801895860982,-0.0012520801895860982,0.3051652087824277,0.7602403287140574,0.7898551842138162
3,ZNF212(+),0.014963395511511268,0.01530732376625276,-0.032784480772574724,-0.032784480772574724,-0.2974971991470723,0.766086946012336,0.7948344570532277
3,ZNF555(+),0.016710132587775473,0.016296520355250057,0.03615922636742747,0.03615922636742747,-0.29540265489732104,0.7676863054359377,0.7959604662388238
3,ZNF782(+),0.014655974747251591,0.014662136888161148,-0.0006064571802225321,-0.0006064571802225321,-0.2861255318683799,0.7747819770462383,0.8026008660525819
3,KLF7(+),0.018106511120424836,0.01795242516566479,0.01232983589880387,0.01232983589880387,-0.28466024983958393,0.7759044471977176,0.8032262440903495
3,NR1H2(+),0.03672260387539301,0.03679155483132412,-0.002706287615877136,-0.002706287615877136,0.2849569020294629,0.775677160761356,0.8032262440903495
3,ZNF780B(+),0.012664358262785114,0.012883865281737433,-0.02479150498966381,-0.02479150498966381,-0.2817206963216927,0.7781576836351487,0.8049662637252087
3,ZNF71(+),0.018582792795747618,0.018618926588070368,-0.0028025616797712795,-0.0028025616797712795,0.2714906905010192,0.7860136588379252,0.8120625990440753
3,ZNF544(+),0.028797137371689294,0.028906560665735336,-0.005471560152974187,-0.005471560152974187,-0.2695489670763571,0.7875072657705887,0.813243941641704
3,CENPA(+),0.042029351080082114,0.0430828444913211,-0.03571632243067978,-0.03571632243067978,0.2560288187861173,0.7979285845908559,0.8232737173310808
3,SETDB1(+),0.024476902742932266,0.024625549143797852,-0.008734882414505206,-0.008734882414505206,-0.2540781059011558,0.799435217429336,0.824461941598416
3,ZBTB41(+),0.019167735305813966,0.01856246004771325,0.04629196744469125,0.04629196744469125,0.24771356800920782,0.8043560332464582,0.8288912055035261
3,ZNF736(+),0.01630714155505243,0.016276012904783272,0.0027565876308699084,0.0027565876308699084,0.2430660170344379,0.8079542563281563,0.832139139832436
3,CAMTA2(+),0.017548353520357142,0.01704548570049363,0.041945964390425035,0.041945964390425035,0.23893985475703092,0.8111522208354326,0.8350625145790302
3,CEBPA(+),0.03322130827853557,0.03093692700654249,0.10277898588357395,0.10277898588357395,0.2216261542204605,0.824604920643516,0.8468807506438369
3,ZNF799(+),0.015088440229376639,0.01579730164214701,-0.06623447184503578,-0.06623447184503578,-0.21635833048503464,0.8287084444488091,0.8506852429756284
3,TERF2(+),0.02601517057143847,0.02584116979809392,0.009681785620191126,0.009681785620191126,0.19080129485394964,0.848681274176219,0.8702051665412429
3,ZNF865(+),0.012971574987658014,0.012988818335179269,-0.001916526717433528,-0.001916526717433528,-0.18742125778138968,0.8513303566098651,0.8719800455243272
3,MYBL2(+),0.047656394861209324,0.049029184465595135,-0.0409709458689074,-0.0409709458689074,0.1818477923957855,0.8557021768597471,0.8758784952652106
3,ZKSCAN5(+),0.018817568238054062,0.0186755556042413,0.010929038202938435,0.010929038202938435,-0.17942962757525724,0.8576003694283688,0.8770924470340505
3,ZNF280B(+),0.017799545360411152,0.017846416773033433,-0.003794044861228903,-0.003794044861228903,-0.17350557323797794,0.8622540475107272,0.8814194653801338
3,ZHX3(+),0.017418414348544662,0.01756590407620377,-0.012164532953489994,-0.012164532953489994,0.16867823305722077,0.8660497409322165,0.8849100410537056
3,BACH1(+),0.01777635718561016,0.01763591166208212,0.011443554328661176,0.011443554328661176,-0.16446217617682019,0.8693673203084041,0.8877140476659787
3,TGIF1(+),0.023674166889313335,0.023910175195142623,-0.014311043304963,-0.014311043304963,-0.1585381218395409,0.8740327836061401,0.8922818197473672
3,ELK4(+),0.027530043159552035,0.027647965616835826,-0.0061664565629045275,-0.0061664565629045275,-0.15559856832164967,0.8763494535113479,0.8944502772050562
3,ZNF624(+),0.01734751335197055,0.017027632692034774,0.02685100076361182,0.02685100076361182,0.15389956032507032,0.877688930784003,0.8954512427662906
3,ZKSCAN1(+),0.02724788944790185,0.02733662635006482,-0.004690722081565201,-0.004690722081565201,0.1522904469314846,0.8789578592820515,0.8963247544160547
3,ZNF614(+),0.018356646180673845,0.018093425950180663,0.020836891640112067,0.020836891640112067,0.14857779982784827,0.8818867917186052,0.8991141675884374
3,ZNF816(+),0.022316494893306487,0.024228277824963205,-0.11858140460519039,-0.11858140460519039,-0.12467482489184582,0.9007809886925635,0.9163661174938584
3,ZNF525(+),0.014698846109687278,0.014695890355157943,0.0002901371223988618,0.0002901371223988618,0.11936205385492313,0.9049885229569389,0.9196393981918577
3,TTF1(+),0.020617975806112045,0.02042438410382569,0.013610126084555498,0.013610126084555498,-0.11669218414601273,0.9071039841081627,0.9211994921114365
3,ZFP90(+),0.01661973703450796,0.01669206097898402,-0.006264540489455007,-0.006264540489455007,0.11708772039918465,0.9067905405025111,0.9211994921114365
3,THAP6(+),0.017351183425217874,0.017217599268382962,0.011150068572780426,0.011150068572780426,-0.10360352995014227,0.9174839862465693,0.9308819482931577
3,ZNF367(+),0.02734035743484559,0.02747570152582036,-0.007124212948820041,-0.007124212948820041,-0.1033877829029576,0.9176552080160106,0.9308819482931577
3,ZNF14(+),0.013513911909961181,0.013541390844066423,-0.0029305702489484556,-0.0029305702489484556,0.10257873147601504,0.9182973236022209,0.9311266247833042
3,SP140(+),0.028291918673301688,0.028325887282099536,-0.0017311284596958415,-0.0017311284596958415,-0.10079881833674145,0.9197101648951967,0.9323556778564358
3,ZNF224(+),0.023367336010638888,0.02357642016575724,-0.012851406878482869,-0.012851406878482869,-0.09759857047016873,0.9222510596875443,0.9341160427929881
3,ZNF610(+),0.015324529161304503,0.015239905805073783,0.007988762133432822,0.007988762133432822,0.08700898623752078,0.9306643692146945,0.9412009568914123
3,ZNF254(+),0.011989189540221079,0.012006014213220438,-0.002023143833645745,-0.002023143833645745,0.08576844071620889,0.9316504946641553,0.9417881496659415
3,ZNF552(+),0.011041914746850987,0.011068269340992015,-0.0034392890342665565,-0.0034392890342665565,0.08464475817878868,0.9325438148464119,0.9422810572028678
3,ZBED2(+),0.028007399310564066,0.028847562973103494,-0.04264141943172811,-0.04264141943172811,-0.08400650649753401,0.9330512586204214,0.9423838000199734
3,ZFP30(+),0.016189476306505687,0.01610512033008747,0.0075368780397353455,0.0075368780397353455,-0.08080625863096129,0.9355960306818107,0.9447486005471764
3,RBSN(+),0.015033681991771741,0.01521850103428488,-0.017627872710907957,-0.017627872710907957,0.0705043371278929,0.9437922486140113,0.9519902268864457
3,ZSCAN12(+),0.013386225831765687,0.01354066744609117,-0.01654959416048323,-0.01654959416048323,-0.06751983630850486,0.9461678709683841,0.9541792793417594
3,HES1(+),0.05191452075139334,0.05284285757896533,-0.025570360655088487,-0.025570360655088487,-0.06660291135796999,0.9468978279660318,0.9547081421537265
3,ZNF451(+),0.010030012948126993,0.010086366487313134,-0.008083082383146985,-0.008083082383146985,-0.0654522604396517,0.947813915433428,0.9554244004314829
3,NR1D2(+),0.01767128259840242,0.01757352560666951,0.008003101054101576,0.008003101054101576,0.05256137437036719,0.9580813931924549,0.9641005353940539
3,SMAD3(+),0.01785877168117745,0.017775326344461915,0.006756808418466027,0.006756808418466027,0.04689801438176939,0.962594510648447,0.9678033554030382
3,ZNF268(+),0.013188872673005335,0.011852948834243194,0.15407521782056502,0.15407521782056502,0.045630500479559404,0.9636047586173,0.9686094143642845
3,E2F3(+),0.016314723298031308,0.01647008780428081,-0.013673726301789018,-0.013673726301789018,-0.04168412740813967,0.9667505074564999,0.9707211645342504
3,ZNF543(+),0.011599658845804925,0.011696855347787286,-0.01203834288937988,-0.01203834288937988,0.02892808324334558,0.9769219478011868,0.9794522874026576
3,ZFPM1(+),0.026562545528236316,0.02666980041866551,-0.005813619496058884,-0.005813619496058884,0.008998449759660947,0.9928203727573173,0.9941044689497174
3,RFX2(+),0.01887503843874098,0.018953661576548465,-0.005997000600067943,-0.005997000600067943,0.0025440172647193285,0.9979701700915826,0.9986151314251188
4,EGR3(+),0.10045765127640859,0.05754853476737006,0.8037363375128497,0.8037363375128497,37.51593980152076,5.063573910998448e-308,2.1382091651443447e-305
4,NR4A1(+),0.17410827736969542,0.10331763276040486,0.7528982932812627,0.7528982932812627,37.235647160303564,1.8090386900515103e-303,6.002131939492332e-301
4,ATF3(+),0.15838814520417052,0.09255558942177226,0.7750723302950977,0.7750723302950977,37.053054842914236,1.6035534950679072e-300,4.655316240369018e-298
4,MXD1(+),0.05511561362531669,0.033115740349424064,0.734943946284914,0.734943946284914,35.38787989441858,2.623045611134608e-274,6.092023431860128e-272
4,JUN(+),0.16651191978122712,0.1061276827444172,0.6498244282598642,0.6498244282598642,32.76662566096747,1.760305140133661e-235,3.2706469503683417e-233
4,EGR1(+),0.1318386060247158,0.08253877949563113,0.675628876639841,0.675628876639841,31.148506603982057,5.313800383064119e-213,8.815215278333154e-211
4,KLF6(+),0.10506371965289121,0.08045904309658557,0.3849380780350226,0.3849380780350226,31.141347925140646,6.642531847713961e-213,1.0639503597459086e-210
4,FOS(+),0.15055655738533533,0.0985590929303856,0.6112446563060856,0.6112446563060856,31.132293760642003,8.808360089434033e-213,1.3638277538473693e-210
4,FOSB(+),0.168477139569445,0.11395970386447056,0.5640290654974266,0.5640290654974266,30.237900572026906,7.525595863680617e-201,1.0281291996116608e-198
4,TOPORS(+),0.04671676072910788,0.032448313984372285,0.5257967120894532,0.5257967120894532,27.928886194365436,1.1900294906624208e-171,1.3482163375919378e-169
4,DDIT3(+),0.043002910749557484,0.03071197211863498,0.48563314620902637,0.48563314620902637,27.420601593852094,1.5580466724932439e-165,1.6830527427281668e-163
4,JUNB(+),0.173924350184796,0.12195740915482625,0.5120825196056618,0.5120825196056618,26.707954195051254,3.804943522108098e-157,3.4654828745474737e-155
4,SNAI1(+),0.1444042358253914,0.0784509200272173,0.8802507816776204,0.8802507816776204,26.478085152871234,1.7333874713813567e-154,1.4910342230678522e-152
4,ERF(+),0.0421525296698359,0.02625910747905642,0.6828013111887161,0.6828013111887161,26.229279656892217,1.2320474787339015e-151,1.0405200979489041e-149
4,CSRNP1(+),0.08896498795140964,0.06455319567940271,0.46274915366677205,0.46274915366677205,26.046411297902313,1.4773768654425619e-149,1.2254313464251249e-147
4,TSC22D1(+),0.028762857847884328,0.018775714582637174,0.6153391847703955,0.6153391847703955,26.003256794346782,4.549467825585927e-149,3.707417201727479e-147
4,EGR2(+),0.03841348478779615,0.026531244379945144,0.5339204880792621,0.5339204880792621,25.912052649518973,4.8713645722980064e-148,3.77124807305404e-146
4,AHR(+),0.05109166567721152,0.03976047606106234,0.3617529321123614,0.3617529321123614,23.326407782541192,2.392536812556424e-120,1.3074509993323046e-118
4,ZFHX2(+),0.05563965782961966,0.033672832515942656,0.7245284468219229,0.7245284468219229,22.48770138614743,5.476388789913557e-112,2.764981079255269e-110
4,NKRF(+),0.0272482541916877,0.019446545716894713,0.4866498649132129,0.4866498649132129,22.059744891399504,7.701594739674032e-108,3.7656744806090404e-106
4,ZNF296(+),0.05775007631515192,0.03997747180396642,0.5306356037207849,0.5306356037207849,20.908853847536218,4.4478948163776763e-97,1.8954560937682852e-95
4,KLF5(+),0.09201699594066749,0.06275311121648343,0.5522133627859814,0.5522133627859814,20.676868486418506,5.5957433307595454e-95,2.3416421415655935e-93
4,ATF4(+),0.08964866224408606,0.07752932688095941,0.20953991322197085,0.20953991322197085,19.88271520435649,5.743968398984403e-88,2.2050192738250044e-86
4,MAFG(+),0.04633291296678533,0.03263815341232729,0.5054779394828225,0.5054779394828225,19.69489649932973,2.384838470790115e-86,9.00615829009763e-85
4,ETS1(+),0.06506645241856605,0.07314138480121024,-0.16877404270960997,-0.16877404270960997,-19.42341878655736,4.8922141860702815e-84,1.8035186424044808e-82
4,ZNF600(+),0.02597565292444438,0.01901585481109603,0.44995719962210906,0.44995719962210906,18.45935269795879,4.385659621124254e-76,1.4049233751808387e-74
4,KLF4(+),0.03016051825628851,0.021166377252072703,0.5108868338388795,0.5108868338388795,18.357898208363203,2.85442908208663e-75,8.958664247494862e-74
4,RFX1(+),0.036850994141914915,0.028980540338619024,0.3466190352748017,0.3466190352748017,18.331435020255377,4.644874352378692e-75,1.4480161991140283e-73
4,KLF13(+),0.06147182215320862,0.0734039828576267,-0.2559330909765894,-0.2559330909765894,-18.23367948810741,2.7890910611371862e-74,8.467534626785772e-73
4,GTF2B(+),0.04653396876698139,0.03963285727652642,0.23158725065514604,0.23158725065514604,18.166435754208937,9.518414721772283e-74,2.852453960169823e-72
4,SON(+),0.07046004307936668,0.07563393945858594,-0.10222840658330506,-0.10222840658330506,-17.620186232230747,1.7243636167076965e-69,4.767660118813839e-68
4,ZNF324(+),0.03290748891380805,0.02445078864411321,0.4285349280278305,0.4285349280278305,17.361111988710586,1.6254451113786787e-67,4.289882126337479e-66
4,CSRNP2(+),0.031497720512647896,0.02460530895372474,0.35627778022702683,0.35627778022702683,17.062766226816223,2.809311877697998e-65,6.904367022173121e-64
4,TGIF1(+),0.03029055071131947,0.022584040430443746,0.42356417505448646,0.42356417505448646,17.059490533156143,2.971352690362091e-65,7.226143061116184e-64
4,ZNF207(+),0.06862273545524593,0.07405774303921361,-0.10996394542742471,-0.10996394542742471,-16.575479190719452,1.048239922550308e-61,2.4104328912109808e-60
4,SNAPC4(+),0.031421932178874214,0.02404397228027575,0.3860966206971598,0.3860966206971598,16.31252196201796,8.040340839355665e-60,1.753398272244463e-58
4,ZNF514(+),0.0403597282102957,0.03148419242360683,0.35828878664711095,0.35828878664711095,15.97764669498171,1.829223905163883e-57,3.77633112866055e-56
4,ZBTB10(+),0.03047238116794207,0.024730014349990975,0.30123915140603263,0.30123915140603263,15.974463015188487,1.9250504415584157e-57,3.956574911964089e-56
4,AKNA(+),0.039701164447538316,0.04911254266958352,-0.306910186467795,-0.306910186467795,-15.953980728426309,2.67302042054082e-57,5.4696827548070965e-56
4,ZNF211(+),0.03492974041804647,0.021735176987962065,0.6844240528211772,0.6844240528211772,15.902857824001034,6.053888907392754e-57,1.2226223467321455e-55
4,GTF2I(+),0.040042503355171934,0.04337442154321454,-0.11531234414753368,-0.11531234414753368,-15.842662352303744,1.5798768542529871e-56,3.1631586155194505e-55
4,EGR4(+),0.024490784411575043,0.017110199672444013,0.5173823612154578,0.5173823612154578,15.499192990103127,3.512765898385095e-54,6.687212130327364e-53
4,MYBL1(+),0.03309278247216437,0.04216242816843191,-0.349441346065744,-0.349441346065744,-15.377881908039987,2.3036099787872523e-53,4.314624335268866e-52
4,HES1(+),0.06274996902456367,0.05066452600248366,0.3086387786652382,0.3086387786652382,15.284690263688082,9.672173964775755e-53,1.775780555983533e-51
4,HES4(+),0.02435417635904285,0.018815865388127323,0.37221953160454413,0.37221953160454413,15.169728138438016,5.610873406661571e-52,9.985634855916856e-51
4,YY1(+),0.03805025378122039,0.04124214042242148,-0.11621313001768714,-0.11621313001768714,-15.109679888927696,1.398173064740966e-51,2.450759956876146e-50
4,ZNF426(+),0.05000481637944968,0.043303701212819956,0.2075767161825089,0.2075767161825089,15.093485448361013,1.7874522398854807e-51,3.1096313311865386e-50
4,ZNF440(+),0.02844934084198934,0.021244844880484916,0.42128239931544864,0.42128239931544864,14.878485847064946,4.546733470642758e-50,7.62439601846051e-49
4,ZXDA(+),0.08107929308516323,0.055242576902879995,0.55355288333198,0.55355288333198,14.827970234160922,9.661025559295628e-50,1.608439559961584e-48
4,RUNX3(+),0.06424929804947042,0.07212723523872357,-0.16686342908759327,-0.16686342908759327,-14.827510164826643,9.7274554715809e-50,1.613715380910474e-48
4,IKZF1(+),0.04142902706168799,0.047258361006493305,-0.18992765117311405,-0.18992765117311405,-14.608130703468222,2.492636771187453e-48,3.885334832941516e-47
4,NR4A2(+),0.10800553864463884,0.09301363650637974,0.2155911482432132,0.2155911482432132,14.591384179700404,3.18665826616266e-48,4.901333657723693e-47
4,ZBTB33(+),0.06206794624360064,0.04626743427010314,0.42385130424002276,0.42385130424002276,14.566117171861706,4.613798151141889e-48,7.049701451333577e-47
4,SAFB2(+),0.0279061145394272,0.024592678464623374,0.18235238835445414,0.18235238835445414,14.411625889410239,4.3729343764417867e-47,6.407659362325584e-46
4,ZNF566(+),0.02340364618083422,0.01840543188278361,0.34660169295030535,0.34660169295030535,14.16933497520464,1.4183732531245123e-45,1.9549981485944685e-44
4,NKX3-1(+),0.044632106723525244,0.032588613922435346,0.45371390245371757,0.45371390245371757,14.168479246242876,1.4357612126321233e-45,1.9731097138095304e-44
4,IKZF4(+),0.022278107044194476,0.018011780014304302,0.3066858750786675,0.3066858750786675,14.126787763170357,2.5972394894618985e-45,3.466717651882333e-44
4,MYB(+),0.031571379811665856,0.017565417074474142,0.8458794454538573,0.8458794454538573,14.088381175144603,4.477071031053962e-45,5.891216696670157e-44
4,ZNF570(+),0.030973942725861993,0.023830876436431486,0.37822301284534193,0.37822301284534193,14.01195445733389,1.3172918105522492e-44,1.6996723500042214e-43
4,MXD4(+),0.04632329752284038,0.05185036303927688,-0.16261613183762502,-0.16261613183762502,-13.804776034720593,2.3851263358584485e-43,2.9078508740321504e-42
4,RORA(+),0.028472827603847305,0.032011091788722856,-0.16898610492524058,-0.16898610492524058,-13.787551038845123,3.0286794571336736e-43,3.654082098282055e-42
4,SP100(+),0.05855315425396182,0.06238081816036659,-0.0913555824089687,-0.0913555824089687,-13.700321893065498,1.0107521100654429e-42,1.2038316798087136e-41
4,DLX2(+),0.04394133583746378,0.033788127486783746,0.3790623195585756,0.3790623195585756,13.556228177568775,7.278361973239016e-42,8.347652189060551e-41
4,MAZ(+),0.04564193873209987,0.04904965985377287,-0.10388305531165322,-0.10388305531165322,-13.381585858275812,7.747647433133524e-41,8.548176324680574e-40
4,ASCL2(+),0.07209528625700225,0.10287265659762208,-0.5128827197614169,-0.5128827197614169,-13.18806229350397,1.0279355637941723e-39,1.0876448049712826e-38
4,GPBP1(+),0.08142650689977973,0.07092977455439411,0.1991071490408761,0.1991071490408761,13.070468571661817,4.8565451526492205e-39,4.904054833490355e-38
4,NFKB2(+),0.03800719994279679,0.031997568477842624,0.24831045843936764,0.24831045843936764,12.988116160825566,1.4290131107927235e-38,1.4122906169430215e-37
4,KLF10(+),0.03260729622445345,0.028101866472479715,0.21452885694190665,0.21452885694190665,12.894666877646467,4.82342887763084e-38,4.619551986926856e-37
4,ZEB2(+),0.05217591188817222,0.0611538865922304,-0.22906027721863698,-0.22906027721863698,-12.720024558353504,4.577163196514059e-37,4.193475946313176e-36
4,GZF1(+),0.026489320596825933,0.021495778513920663,0.3013574675693564,0.3013574675693564,12.695328036489315,6.2766405917330844e-37,5.628377519034783e-36
4,ZBTB43(+),0.031944191501641774,0.02842698909000196,0.16829231956692814,0.16829231956692814,12.540137448649741,4.502140036648976e-36,3.93831270625885e-35
4,ZNF3(+),0.032257723588777425,0.0259964062087637,0.31133242484576457,0.31133242484576457,12.161905247550871,4.958848177097508e-34,3.897436511441273e-33
4,DNMT1(+),0.055022076360366615,0.05926958546041438,-0.10728138179385423,-0.10728138179385423,-12.131246227114405,7.2143102126433454e-34,5.622562237873882e-33
4,BPTF(+),0.04821518050706426,0.05354549360947542,-0.15127771060436843,-0.15127771060436843,-12.049298677292322,1.9560712068222917e-33,1.4870623168067994e-32
4,ZNF791(+),0.020209505248701104,0.017539832498448014,0.204399022068402,0.204399022068402,11.916817111792845,9.673393746422672e-33,7.166333963657625e-32
4,HMGN3(+),0.06129753277453788,0.06646800077449269,-0.1168309526999218,-0.1168309526999218,-11.879533092942735,1.5120959070952435e-32,1.1148707124535565e-31
4,DRAP1(+),0.0805370331685266,0.08703622679582328,-0.11196368561561314,-0.11196368561561314,-11.613005726207227,3.5395073923749178e-31,2.457550349414274e-30
4,ZNF101(+),0.020346339032152824,0.017473824994659964,0.21957377179448015,0.21957377179448015,11.598412326923842,4.197939156579151e-31,2.9017005033199636e-30
4,KLF3(+),0.04273557135709758,0.05613243518558986,-0.3933972300837451,-0.3933972300837451,-11.573016499671546,5.6462015033806e-31,3.873944753796586e-30
4,TSHZ2(+),0.024227656976343083,0.017851543728239598,0.4406060312016937,0.4406060312016937,11.481711139590194,1.630218171832628e-30,1.0864222967234659e-29
4,CREBZF(+),0.03298490045824578,0.03570662550662261,-0.11438604241351048,-0.11438604241351048,-11.37064120090814,5.8555841332116405e-30,3.7987693154704007e-29
4,ETS2(+),0.02041727486126835,0.016820528968111148,0.27956722841809917,0.27956722841809917,11.277670389836693,1.6916650694152796e-29,1.0720033079718927e-28
4,CDC5L(+),0.04540623419070108,0.04893292971441113,-0.1079152697288743,-0.1079152697288743,-11.126510009365418,9.321398522588218e-29,5.704597646564199e-28
4,GTF3A(+),0.08127502552577473,0.0872897209809626,-0.1029996704588864,-0.1029996704588864,-11.06320446896839,1.8921433284493552e-28,1.1376595598859964e-27
4,ZNF433(+),0.02956060397975816,0.0221831758174813,0.4142098092549532,0.4142098092549532,11.057867664690734,2.0081483199310242e-28,1.2020423899587123e-27
4,REST(+),0.045946080463219074,0.049112955624797255,-0.09616185039551974,-0.09616185039551974,-11.00418677476686,3.647922772312375e-28,2.142174624196079e-27
4,STAT5A(+),0.020693519801088908,0.018252605035011395,0.18107666559699026,0.18107666559699026,10.99866594275549,3.878268488928687e-28,2.2688359107145782e-27
4,THAP2(+),0.02649787299461249,0.022086469202421324,0.2627137428384742,0.2627137428384742,10.935065957984524,7.834898649084211e-28,4.526505500621413e-27
4,FOXD1(+),0.028098724271751245,0.021012215879504942,0.41927630196162124,0.41927630196162124,10.933722555528423,7.951798410510353e-28,4.588335853021192e-27
4,HEY1(+),0.04960086681276276,0.03934137870895637,0.33431780804144934,0.33431780804144934,10.81911008297241,2.794778129861303e-27,1.5565640783220325e-26
4,PHF19(+),0.0657858541884025,0.0710049501918195,-0.11014220841712984,-0.11014220841712984,-10.795480921963751,3.615645952933146e-27,1.9993661251636265e-26
4,PA2G4(+),0.07277984566842798,0.07833108141074083,-0.10604588252335996,-0.10604588252335996,-10.743971559297682,6.326302459603559e-27,3.473484033671221e-26
4,IKZF3(+),0.04852323059099917,0.05161499543213268,-0.08911465759421959,-0.08911465759421959,-10.728292396385395,7.496870021976308e-27,4.096818970832936e-26
4,ZNF337(+),0.0183799907731221,0.015010700121030087,0.2921447568294135,0.2921447568294135,10.681668970049387,1.2402163055090129e-26,6.675324147264617e-26
4,ZNF703(+),0.029179101641047922,0.024177639781471916,0.2712620406441326,0.2712620406441326,10.649675748543505,1.749734582991603e-26,9.299218693359263e-26
4,MTERF1(+),0.021874374028921995,0.01809738734012554,0.27346028345077905,0.27346028345077905,10.618630269866241,2.4411674970316032e-26,1.2885480708763405e-25
4,ZNF292(+),0.023715304567587202,0.026854952606474185,-0.17936977174245528,-0.17936977174245528,-10.616550756475293,2.4961470286990148e-26,1.3145808331413745e-25
4,AHDC1(+),0.01695288090009065,0.013401231000539056,0.3391649082652137,0.3391649082652137,10.398928759973824,2.5073606394191027e-25,1.2563851316183098e-24
4,PIN1(+),0.06890390657620933,0.07411022788070352,-0.10508687945141973,-0.10508687945141973,-10.324848395767942,5.440468157184925e-25,2.6884015521408483e-24
4,CXXC5(+),0.04592795304369825,0.04958326857030212,-0.11048089017576918,-0.11048089017576918,-10.321462285467636,5.6358195928653e-25,2.776074444205654e-24
4,ZNF444(+),0.023405842887298255,0.028063162168635376,-0.26180885127970305,-0.26180885127970305,-10.226154322178042,1.5141316369648145e-24,7.295789889731912e-24
4,ZBTB7A(+),0.02675513108818136,0.028837539046031556,-0.10813245090770719,-0.10813245090770719,-10.18450884603895,2.3253112602770663e-24,1.1143857476755845e-23
4,THAP11(+),0.04017770058477341,0.0345754660972634,0.21664629367778523,0.21664629367778523,10.172105376786742,2.6413664505306496e-24,1.2596660331329432e-23
4,ZHX2(+),0.026544728283616908,0.031227043198478473,-0.23437058904741606,-0.23437058904741606,-10.147280035508954,3.407273896283001e-24,1.618280904727458e-23
4,TBX21(+),0.04353809135597487,0.053183812510152036,-0.2887090319158896,-0.2887090319158896,-10.145182119344634,3.4812847375183724e-24,1.6500579189564122e-23
4,THAP3(+),0.039287080749525576,0.03406992397992558,0.20555623746320498,0.20555623746320498,10.045475893219317,9.618229102213755e-24,4.449867946193515e-23
4,FOXJ2(+),0.024103789612415792,0.018888794959490085,0.3517293034985413,0.3517293034985413,10.031637007644152,1.1066638880769981e-23,5.104720715111873e-23
4,DEAF1(+),0.011766060441831205,0.009442684587701141,0.31736233610853165,0.31736233610853165,10.018368608043495,1.2657491255950634e-23,5.815434904440227e-23
4,ZNF222(+),0.02025985883946058,0.01609601224871851,0.331920795660905,0.331920795660905,9.922453353232651,3.3248156738589644e-23,1.505240624276305e-22
4,YBX1(+),0.08580736950013891,0.09128155971249446,-0.08922188411054265,-0.08922188411054265,-9.888242597535536,4.6817425668530575e-23,2.111329536216743e-22
4,KLF12(+),0.027832107078736738,0.03194182713500187,-0.19869669884318622,-0.19869669884318622,-9.778488457149527,1.3927491824725038e-22,6.15539481692177e-22
4,THAP4(+),0.02510147343129849,0.021405497564165876,0.22979067056447527,0.22979067056447527,9.594258292930153,8.452281813777268e-22,3.59861127635155e-21
4,MAFF(+),0.03674716234604573,0.03358542769341995,0.12979744312863256,0.12979744312863256,9.535314209822108,1.4943235578004799e-21,6.287258085129737e-21
4,TET2(+),0.029469869510609946,0.033017196569577724,-0.16397695118738337,-0.16397695118738337,-9.528726016955208,1.592251651613268e-21,6.693220743659394e-21
4,ZBTB1(+),0.042181881135910815,0.04751619077585264,-0.171795745847262,-0.171795745847262,-9.517279491918304,1.7777193330295597e-21,7.452623016175366e-21
4,YBX3(+),0.02364741401948174,0.020468275819625632,0.20829283614260205,0.20829283614260205,9.476259710073833,2.6356113429546786e-21,1.0989600258549805e-20
4,ATF5(+),0.019312841590496666,0.01716276142798738,0.17027874507583549,0.17027874507583549,9.415567363495521,4.705342344587567e-21,1.9307698931633612e-20
4,STAT4(+),0.0308899282144787,0.03506240053470938,-0.18278824924987652,-0.18278824924987652,-9.313800026752624,1.2333879489568761e-20,4.9303674895909555e-20
4,TCF12(+),0.020767365975809852,0.02364752798770573,-0.1873711258791029,-0.1873711258791029,-9.300770863205795,1.3943108059698677e-20,5.568850983430813e-20
4,ZNF90(+),0.07708732823034692,0.08443162845892663,-0.1312898119303002,-0.1312898119303002,-9.237318100621797,2.5275276426041715e-20,9.957901526629668e-20
4,GATA3(+),0.040825694129449405,0.03847370156098467,0.08560477469211619,0.08560477469211619,9.23542261496456,2.57268392994911e-20,1.0127217673401369e-19
4,CTCF(+),0.02566558621712713,0.027379948466511282,-0.09328451476303727,-0.09328451476303727,-9.234336851335659,2.5989084892402224e-20,1.0221786564369884e-19
4,ZNF7(+),0.01668958221101561,0.014395599094081099,0.21331999647542507,0.21331999647542507,9.227859075108984,2.760949622839515e-20,1.0831597126764821e-19
4,ESR1(+),0.036166610546492034,0.029893942790989766,0.2748051993989288,0.2748051993989288,9.182312211015194,4.21932452885878e-20,1.6400638022216764e-19
4,ZNF276(+),0.023376728864945854,0.02638106699360282,-0.17442984330049938,-0.17442984330049938,-9.148984788439899,5.747108143110123e-20,2.22090826329006e-19
4,BCL6(+),0.020340669593917355,0.017427357146674663,0.22301335836283637,0.22301335836283637,9.082145915555595,1.0645493027654363e-19,4.063131890998728e-19
4,ZNF562(+),0.033848971259684585,0.029463079870218508,0.2002037338371766,0.2002037338371766,9.032679260733731,1.67519101951012e-19,6.31595964742249e-19
4,ZNF669(+),0.016790619668774792,0.014287146737758553,0.23293763282369614,0.23293763282369614,8.940996643798268,3.856760935488323e-19,1.4217979797891475e-18
4,THYN1(+),0.04160516643312255,0.04427061614906392,-0.08958676059551877,-0.08958676059551877,-8.935144561866217,4.0664618744783494e-19,1.49672863763486e-18
4,ZBTB16(+),0.02980488287711434,0.032778270787507564,-0.13719103887808132,-0.13719103887808132,-8.89084908636167,6.064369668309373e-19,2.2076016543336236e-18
4,PRDM1(+),0.0738268538326936,0.08549265287961456,-0.21165476076613557,-0.21165476076613557,-8.865784509030055,7.596727189144301e-19,2.752480327111956e-18
4,TCF7(+),0.021025835581535347,0.018894570987633152,0.15419136586965737,0.15419136586965737,8.84590951378913,9.078580312329229e-19,3.2817124942232896e-18
4,FOXN3(+),0.02604598985150198,0.0288789463177182,-0.14895683303191967,-0.14895683303191967,-8.843572361570983,9.270591771092584e-19,3.3459128808644175e-18
4,IRF1(+),0.06436739069192735,0.06065019807892104,0.08581762798803746,0.08581762798803746,8.814219938043871,1.2052125192451951e-18,4.309632141565767e-18
4,CAMTA1(+),0.047119151806176485,0.05068348138142821,-0.10520205315860293,-0.10520205315860293,-8.763078630845227,1.899890414011862e-18,6.721242172951332e-18
4,ZNF655(+),0.026309998613201855,0.028849180079776757,-0.13291913944811848,-0.13291913944811848,-8.747436273479682,2.1825455135790397e-18,7.6977402510058e-18
4,NFE2L3(+),0.033736460264228836,0.02809791124736948,0.26384571402294127,0.26384571402294127,8.720917877051741,2.7595553602559955e-18,9.659483533073925e-18
4,EPAS1(+),0.028099889764183185,0.031146147208609753,-0.1484892365197115,-0.1484892365197115,-8.709324129827868,3.056919942810433e-18,1.0636249538842294e-17
4,RBCK1(+),0.06611113160690597,0.07040053058103792,-0.09069309146707812,-0.09069309146707812,-8.703876908909983,3.207349069943316e-18,1.1142959184657219e-17
4,E2F1(+),0.05529510252365593,0.05902410664935846,-0.09415259237066206,-0.09415259237066206,-8.673383513433857,4.194662225707115e-18,1.4475635986931315e-17
4,HIVEP3(+),0.02887394470771071,0.031348186487589934,-0.1186137611711335,-0.1186137611711335,-8.562065137311293,1.1086353100325974e-17,3.750627104953689e-17
4,IRF4(+),0.028436997511575742,0.02594286399887383,0.13243138606130428,0.13243138606130428,8.521266188747278,1.5781834800516287e-17,5.292896942122611e-17
4,REL(+),0.10044109326872797,0.0926905619802897,0.11585528379232918,0.11585528379232918,8.519536328050384,1.6019335680686023e-17,5.368673465857618e-17
4,SMYD3(+),0.02936331804186085,0.032837364553924754,-0.16132333812025515,-0.16132333812025515,-8.507592928132455,1.7758139350844817e-17,5.93428469673915e-17
4,KDM2B(+),0.028586027147640008,0.025796704379166743,0.1481233563948157,0.1481233563948157,8.487920363398612,2.1036764207355267e-17,7.019811044767617e-17
4,ZNF131(+),0.01495751527945951,0.013515971190292414,0.14620534598508322,0.14620534598508322,8.45989293955423,2.6762310270912796e-17,8.898420272612022e-17
4,BATF(+),0.0453319245023587,0.04057288506807906,0.16001151260147467,0.16001151260147467,8.450341900174562,2.904509859027298e-17,9.636748782272714e-17
4,IRF2(+),0.030602616620714538,0.0321323888915557,-0.07037322693332813,-0.07037322693332813,-8.435159612143298,3.307511018085016e-17,1.0958194492870827e-16
4,HINFP(+),0.03575079418878088,0.038331173950902984,-0.10054288973596757,-0.10054288973596757,-8.42827697490246,3.5079197181230353e-17,1.1605617585955483e-16
4,ZNF781(+),0.03486100425009664,0.02657799761504886,0.39138170112011744,0.39138170112011744,8.422700934570976,3.679027342523952e-17,1.2154396874839087e-16
4,ZNF24(+),0.025905161158479746,0.022183055903819807,0.2237814267646583,0.2237814267646583,8.415634269596424,3.907747155035294e-17,1.2882530543036864e-16
4,ZNF335(+),0.02801869963362376,0.025007807777964478,0.16401140044727527,0.16401140044727527,8.390091220157158,4.857651087309888e-17,1.5923633945345399e-16
4,ZBED2(+),0.0340222371664055,0.027634421234593205,0.300011602600142,0.300011602600142,8.276104441895766,1.2727037817402928e-16,4.0939813477726177e-16
4,E2F6(+),0.028565895484363002,0.024587994931341384,0.2163396553175387,0.2163396553175387,8.232765910606522,1.8293947130104763e-16,5.828215666621168e-16
4,ZNF277(+),0.01901592685880375,0.017415061099227754,0.12687271787004395,0.12687271787004395,8.114564897243119,4.875284385339333e-16,1.5249626915758385e-15
4,ZNF441(+),0.022181195182290853,0.01872137427260985,0.2446507496924395,0.2446507496924395,8.080317335999261,6.459845115172477e-16,2.0111247024112707e-15
4,VDR(+),0.03453297658253833,0.031466763536385486,0.13414588892960927,0.13414588892960927,8.042186789574076,8.824923237391465e-16,2.7273299027068102e-15
4,PHF20(+),0.02505955487040366,0.027304031306366144,-0.12375318050495795,-0.12375318050495795,-7.961269795060782,1.7028263483394501e-15,5.210558885399701e-15
4,ZNF22(+),0.04210662847397903,0.04455758357521741,-0.08162363150698877,-0.08162363150698877,-7.927721539205032,2.2320310162612434e-15,6.7851989990402325e-15
4,ZNF33B(+),0.014665256174329616,0.012936830178109527,0.1809180922719015,0.1809180922719015,7.9082330022049,2.6106784700544195e-15,7.920706396735976e-15
4,ZNF605(+),0.014832641446628927,0.01215021386522639,0.28779381114338487,0.28779381114338487,7.8773071415545495,3.3451193027554307e-15,1.0096217778621816e-14
4,ZNF12(+),0.02855326208586281,0.02515582457255235,0.1827630898934452,0.1827630898934452,7.845093086768213,4.32632452688182e-15,1.3006975681143077e-14
4,ZNF584(+),0.026857723743889447,0.02377375804486654,0.17596705531946633,0.17596705531946633,7.8017177499322266,6.107011761277823e-15,1.8207361765812252e-14
4,ZNF345(+),0.02427717966738727,0.02108624795782773,0.20329841344663796,0.20329841344663796,7.777895359803171,7.374102313388998e-15,2.1942796441826965e-14
4,TIGD3(+),0.02569931962831435,0.021716859984533033,0.2429146346510668,0.2429146346510668,7.776809596174268,7.437642065385272e-15,2.2117699995976048e-14
4,ZNF701(+),0.02243397345706209,0.01934926238592673,0.21340658946479046,0.21340658946479046,7.750134776172672,9.179506765941464e-15,2.712392425432449e-14
4,ZBTB2(+),0.017779357943303493,0.015565089427904176,0.19188934855684273,0.19188934855684273,7.72435249067958,1.1242334403359988e-14,3.309292985019464e-14
4,MBD2(+),0.03209492154146321,0.03360337110566408,-0.06626093586291742,-0.06626093586291742,-7.701072982364976,1.3492839442602392e-14,3.954210675765811e-14
4,FOXM1(+),0.05481212314758579,0.05833431958342966,-0.08984988772072966,-0.08984988772072966,-7.687086874602842,1.5052293228739743e-14,4.3918280180588005e-14
4,L3MBTL3(+),0.06426729769942814,0.06937215778446543,-0.11027194644778397,-0.11027194644778397,-7.678032710104198,1.615502472252224e-14,4.7017600147942237e-14
4,ZNF789(+),0.036153623581551844,0.03874221652061119,-0.09976624122832888,-0.09976624122832888,-7.653483410426978,1.956068837096903e-14,5.671622814179222e-14
4,ZEB1(+),0.025379986655156644,0.02828516281404601,-0.1563541589493889,-0.1563541589493889,-7.643674732220113,2.1110830895656405e-14,6.113454458249626e-14
4,ZNF844(+),0.01863082093243224,0.016443226189714066,0.18019784896884872,0.18019784896884872,7.606317102276518,2.8201685248935202e-14,8.106239355278714e-14
4,DACH1(+),0.019790878959967888,0.017575626260452157,0.17125958134128644,0.17125958134128644,7.589828217335897,3.2032987605319745e-14,9.18476712510557e-14
4,CHCHD3(+),0.024456550267197497,0.025818622596492515,-0.07819111488827155,-0.07819111488827155,-7.536496980106075,4.827641444350859e-14,1.3723619650556756e-13
4,ZNF700(+),0.020238879590199352,0.01792775306930718,0.17493473358137138,0.17493473358137138,7.474608453258632,7.74340627584069e-14,2.174614398505442e-13
4,MLXIP(+),0.024413089490744045,0.020927352271338417,0.22226507737069598,0.22226507737069598,7.47150758594558,7.928119723291045e-14,2.2251429676547979e-13
4,DNTTIP1(+),0.046010420189223286,0.04891744694320018,-0.08838847619893526,-0.08838847619893526,-7.463898039156577,8.399961187757086e-14,2.3547265972921947e-13
4,ZNF672(+),0.052865068791862174,0.05761161661267577,-0.12404497928608357,-0.12404497928608357,-7.433036588213026,1.0613252821833586e-13,2.9697927323745184e-13
4,ARID5A(+),0.034046725105672616,0.03161284768210676,0.10700503244309705,0.10700503244309705,7.413548051212895,1.2296446091033687e-13,3.4222284058029646e-13
4,MYBL2(+),0.045812781486467676,0.04938128300909962,-0.10821416075157836,-0.10821416075157836,-7.389017154309046,1.47918086515305e-13,4.101967235006517e-13
4,ZNF148(+),0.021779908104827758,0.023665141176514488,-0.1197656563942214,-0.1197656563942214,-7.363584521510008,1.7903634754202743e-13,4.95014187102808e-13
4,SETDB1(+),0.027592836574362224,0.024000562307567606,0.20122556011253093,0.20122556011253093,7.336477236334188,2.1928908972083398e-13,6.03792425461336e-13
4,ZNF331(+),0.0882890547163332,0.08188182008760507,0.10869142404364392,0.10869142404364392,7.330625154402137,2.29081581961442e-13,6.300082582657774e-13
4,NR3C2(+),0.008964589484574655,0.00677170814978991,0.4047176705256274,0.4047176705256274,7.260630205884668,3.85290957908777e-13,1.049663636062328e-12
4,JRKL(+),0.015342496785947216,0.013116747450646045,0.22612324492326277,0.22612324492326277,7.25789739403904,3.931535902248577e-13,1.0704562875700257e-12
4,ZNF660(+),0.02182058311553781,0.01832704860576533,0.25171517050805325,0.25171517050805325,7.207749836602441,5.68840092896297e-13,1.5353063518322484e-12
4,ZNF428(+),0.03773469026312556,0.03934590932836627,-0.060322217241414504,-0.060322217241414504,-7.176649149605065,7.14407084197706e-13,1.9203824688069122e-12
4,DPF3(+),0.024595685282566115,0.027125719979088674,-0.14125617319515704,-0.14125617319515704,-7.093818266661163,1.3046142930667943e-12,3.4767259846788637e-12
4,MYC(+),0.06331896977812321,0.0553576549479075,0.1938549501809095,0.1938549501809095,7.088315837423166,1.3575387544925203e-12,3.6115506956573635e-12
4,ZBTB20(+),0.03383908530004206,0.037356532383291174,-0.14266996753178188,-0.14266996753178188,-7.080108200499597,1.4404195110602057e-12,3.825470914165041e-12
4,FOXP1(+),0.023100837983976406,0.02497029992949258,-0.11226795913244181,-0.11226795913244181,-7.071182855414552,1.5361855179955198e-12,4.075146619696852e-12
4,CENPA(+),0.04343491571199733,0.04278897402883223,0.021616150187898073,0.021616150187898073,7.060858899553292,1.6547656001286667e-12,4.382204226110409e-12
4,KLF2(+),0.07941349265445903,0.08935524173195056,-0.17016821312804403,-0.17016821312804403,-7.033438767230161,2.0150442922198178e-12,5.321137428857904e-12
4,HHEX(+),0.01292716904255813,0.010852730103052521,0.2523483371268519,0.2523483371268519,7.000893462523143,2.5433529671472374e-12,6.701006541349358e-12
4,CREB3L4(+),0.029873554349877023,0.03358357185345583,-0.16888677460755266,-0.16888677460755266,-6.976611003059806,3.0238544110435345e-12,7.948955143914668e-12
4,ZNF765(+),0.021433252665434024,0.02467253089964726,-0.2030548985475452,-0.2030548985475452,-6.974761524335998,3.0639008982587545e-12,8.045121352409222e-12
4,ZFY(+),0.01562926248290383,0.014131694858967554,0.1453151889102662,0.1453151889102662,6.922690877082105,4.431440831231344e-12,1.1551090157727044e-11
4,ZNF785(+),0.02437107775240124,0.026658383793727952,-0.1294192601560713,-0.1294192601560713,-6.919525600062253,4.53158594736892e-12,1.1805505735013256e-11
4,ZBTB14(+),0.021198886045552024,0.018255789615340603,0.215634374556887,0.215634374556887,6.9115756019658825,4.792999775928751e-12,1.2465556528101371e-11
4,MZF1(+),0.031067356794512103,0.02870296882829536,0.11419953200505843,0.11419953200505843,6.884744358390631,5.789140118853724e-12,1.499752138989155e-11
4,ZNF641(+),0.021216004468917027,0.019610934566360073,0.11349468954985646,0.11349468954985646,6.810323542877382,9.737948967841178e-12,2.4976683023535213e-11
4,ZNF574(+),0.024202282067932734,0.02149487479336401,0.17115037347785989,0.17115037347785989,6.715604468335666,1.8728818824251507e-11,4.766869229514972e-11
4,BACH2(+),0.030991929773411805,0.03490214439532592,-0.17142308347631122,-0.17142308347631122,-6.6933371125564785,2.1813782068417025e-11,5.539913488671246e-11
4,GABPA(+),0.019909011183365466,0.02182106665905362,-0.1323000501559168,-0.1323000501559168,-6.6682173269047516,2.5892917445603997e-11,6.543667112885232e-11
4,ZNF576(+),0.01135108031255384,0.009061220436917723,0.3250522949992336,0.3250522949992336,6.664858820764502,2.6491989276849578e-11,6.687787510378603e-11
4,SATB1(+),0.020501160340610246,0.018862026365976718,0.12022088622066207,0.12022088622066207,6.619357963604139,3.60762287994796e-11,9.048276607644856e-11
4,E2F3(+),0.017859182397188544,0.016159314559964978,0.1443000224670432,0.1443000224670432,6.571142697371519,4.993057894050749e-11,1.2442464548211228e-10
4,MEF2C(+),0.02635368906166025,0.02938655916648705,-0.15715151155906518,-0.15715151155906518,-6.541109371229673,6.106415170346997e-11,1.5151868838815065e-10
4,GATAD2B(+),0.024145985529958967,0.026578370550779655,-0.1384693050596096,-0.1384693050596096,-6.531043054195611,6.53132185751627e-11,1.6197538722991498e-10
4,HIVEP2(+),0.03201020557815784,0.03562003007056138,-0.15415678751185896,-0.15415678751185896,-6.440556617529278,1.1903614017818202e-10,2.913186886868575e-10
4,GLMP(+),0.03371268125050556,0.03692497002566802,-0.13130537325432562,-0.13130537325432562,-6.395230586715941,1.6030525559403564e-10,3.8863147820161563e-10
4,ZNF443(+),0.01650315086081028,0.013798345793114848,0.258246159207323,0.258246159207323,6.3797906598574805,1.7733021741703328e-10,4.290098228656873e-10
4,ZFPM1(+),0.024769929467603563,0.027027024801466137,-0.12581293996717427,-0.12581293996717427,-6.329256644180085,2.463450795345995e-10,5.922737548852042e-10
4,TFEB(+),0.013324520104015447,0.01566977632761775,-0.2339009967316101,-0.2339009967316101,-6.308075052029801,2.825272150088963e-10,6.778610091509933e-10
4,HIC1(+),0.02032328688363232,0.01863760627368362,0.12491716258000123,0.12491716258000123,6.304026441888131,2.900109844123459e-10,6.947400838552587e-10
4,HOXA5(+),0.021577963253008457,0.019101083131832213,0.17590423742038033,0.17590423742038033,6.290629222873876,3.1618171920165723e-10,7.566533156577527e-10
4,ZNF446(+),0.014982469395909633,0.017756399367448345,-0.2450636204478048,-0.2450636204478048,-6.2715823524346535,3.5739718208068125e-10,8.53088340577988e-10
4,MBD4(+),0.027128350774512984,0.028347396098116474,-0.06341487367061499,-0.06341487367061499,-6.27033096384541,3.602814816502438e-10,8.590900832984509e-10
4,ZNF583(+),0.019031065366165136,0.016970313634399187,0.16534308918878196,0.16534308918878196,6.258111522326915,3.896671399251402e-10,9.267812928583083e-10
4,ZFP64(+),0.019039826337344096,0.01689864225798677,0.1721129741811193,0.1721129741811193,6.251707357193727,4.0598960139879554e-10,9.646146795383147e-10
4,ZNF407(+),0.020333782415539674,0.022426065310044124,-0.14129790781560128,-0.14129790781560128,-6.249554232709293,4.116257964780348e-10,9.770065532143443e-10
4,PLSCR1(+),0.05416112825662512,0.05820144662313468,-0.10379721786100646,-0.10379721786100646,-6.234077500304089,4.544480716152118e-10,1.07754532549906e-09
4,ZNF394(+),0.014515615859523065,0.01287380235975604,0.17316754466258277,0.17316754466258277,6.172630640017556,6.716299095473001e-10,1.5828112277256259e-09
4,THAP7(+),0.020056895696835306,0.01843057689470936,0.12199709455054339,0.12199709455054339,6.163926128212965,7.096305806009642e-10,1.6681346391151207e-09
4,EEA1(+),0.02035072383638419,0.02236553347699139,-0.13619705513864078,-0.13619705513864078,-6.094510867056689,1.097725759728489e-09,2.5520200970664818e-09
4,RXRA(+),0.030939700546373294,0.032198125903736816,-0.057517483145209755,-0.057517483145209755,-6.086947327201114,1.1508381039583582e-09,2.672821496443287e-09
4,ZNF485(+),0.038450367668695105,0.04116149795352403,-0.09829808988556012,-0.09829808988556012,-6.078813301371031,1.2107522868709588e-09,2.8063594673231556e-09
4,ASH1L(+),0.02461755173856509,0.026323109488644733,-0.09664262736012841,-0.09664262736012841,-6.071231358742084,1.2693316096625715e-09,2.937740571441278e-09
4,ADNP(+),0.022768727700914725,0.024623871274040705,-0.11300391303102199,-0.11300391303102199,-6.066557054305792,1.3068131677365206e-09,3.019973713500566e-09
4,DBP(+),0.018277994993334257,0.017448559272473407,0.06699990070834447,0.06699990070834447,6.056159487351048,1.3940978738579321e-09,3.2136896397370194e-09
4,TCF4(+),0.01982096661919966,0.021994766755164596,-0.15013297410289636,-0.15013297410289636,-6.0401122689713365,1.5400703285604467e-09,3.5466666713749503e-09
4,ZNF771(+),0.0163505805033182,0.01430635854389806,0.19268534108418725,0.19268534108418725,5.9846647128038235,2.168360617506411e-09,4.937272092312392e-09
4,SP3(+),0.019818562477728133,0.021264356601639577,-0.10158487718246902,-0.10158487718246902,-5.954760206075576,2.6045342978357535e-09,5.8871347024073354e-09
4,NFIC(+),0.02884492465737682,0.03033247028113272,-0.07254549850359901,-0.07254549850359901,-5.915764729301943,3.3033712183482957e-09,7.437789291918484e-09
4,ELK4(+),0.026385258135352405,0.02787549461084015,-0.07926530295655589,-0.07926530295655589,-5.899827927562458,3.6388086698010476e-09,8.181155019954436e-09
4,ZNF625(+),0.013942262650614878,0.011417123451041674,0.288265479370066,0.288265479370066,5.890148068769191,3.85849742888926e-09,8.662503894243892e-09
4,MTERF3(+),0.026964679760055378,0.024768988521159524,0.12253594019592143,0.12253594019592143,5.87110119832997,4.329098997925984e-09,9.69092281704395e-09
4,CLOCK(+),0.018340043484041963,0.020095874953218545,-0.13190232576168842,-0.13190232576168842,-5.832271346516676,5.467790468562905e-09,1.2169567190452657e-08
4,ZNF783(+),0.008606734913762487,0.007239156613159216,0.24964437491393826,0.24964437491393826,5.816196523976908,6.02016851340247e-09,1.3360574651101038e-08
4,SGSM2(+),0.02411640335602236,0.02260702191730863,0.09324380574047793,0.09324380574047793,5.784092885830799,7.290465282101194e-09,1.6148884709279947e-08
4,ZNF524(+),0.02220652614363673,0.020891076895338832,0.08809685733504509,0.08809685733504509,5.764420321096956,8.193897692805755e-09,1.8098266658622316e-08
4,ZNF639(+),0.020355694842807272,0.018862702250783136,0.10989609340133326,0.10989609340133326,5.7545196290232346,8.688850957438801e-09,1.916415607659223e-08
4,ZNF165(+),0.036766704855276416,0.03364392552656014,0.1280538328733079,0.1280538328733079,5.746919283620917,9.088408677224824e-09,2.0026403370829843e-08
4,KLF11(+),0.017832779648212588,0.016273194803274767,0.13203407677825044,0.13203407677825044,5.67973075804256,1.3490693147446562e-08,2.9447495145624662e-08
4,FOSL2(+),0.0677663583885009,0.07413350349721574,-0.12955644557067345,-0.12955644557067345,-5.666830413909328,1.4546318272227688e-08,3.167728475128814e-08
4,ZNF813(+),0.02534910244800087,0.02133590791925319,0.24865115131185458,0.24865115131185458,5.6554298958058515,1.5545667312011123e-08,3.3821838250253705e-08
4,TFDP2(+),0.018324899861967323,0.019618314783385105,-0.09839579929060951,-0.09839579929060951,-5.6245224379288725,1.860218750271211e-08,4.0339477567739375e-08
4,FOXD2(+),0.00682780076850442,0.009449557851010263,-0.4688258060233908,-0.4688258060233908,-5.619875737652638,1.9109485237946734e-08,4.1362329417643325e-08
4,ZFP69B(+),0.03481141954970579,0.030409807897944813,0.19502393714395772,0.19502393714395772,5.613416364199336,1.9837050339856032e-08,4.285725526913082e-08
4,EOMES(+),0.03676855936015275,0.03880046828806673,-0.07760141155746134,-0.07760141155746134,-5.600267582625593,2.1402118058103906e-08,4.6174100501575773e-08
4,FBXL19(+),0.02932149267935385,0.02433270392035987,0.26906189340266584,0.26906189340266584,5.590836161272838,2.2597873288560604e-08,4.870864103265151e-08
4,CUX1(+),0.018692497450843185,0.020813315349100664,-0.1550474458387557,-0.1550474458387557,-5.5805030040248935,2.3982401013978834e-08,5.166894838122991e-08
4,PPARA(+),0.01183184393371189,0.010843292019509536,0.12587209200797453,0.12587209200797453,5.520804407208627,3.37451242526023e-08,7.219995493014173e-08
4,NR1D1(+),0.019675175007273397,0.017158498754481156,0.1974531246623236,0.1974531246623236,5.517298678881407,3.442500873063494e-08,7.355297403578624e-08
4,ZNF10(+),0.03947600869607088,0.03654965730386721,0.11111824828633361,0.11111824828633361,5.508051285262365,3.628277146450676e-08,7.737992353197148e-08
4,REPIN1(+),0.03149304719936706,0.033000490916639535,-0.06745412783836431,-0.06745412783836431,-5.491709622508714,3.98061487039115e-08,8.458351360003153e-08
4,SOX4(+),0.017168989028845807,0.015994257660423936,0.1022510502785361,0.1022510502785361,5.491083928214092,3.9947445457378475e-08,8.484494016896343e-08
4,POU2F1(+),0.01574385844654325,0.017133578535690665,-0.12203734359663974,-0.12203734359663974,-5.45122352109201,5.0024447163025776e-08,1.059569343694732e-07
4,SPEN(+),0.0251393457240333,0.026468193626902427,-0.07431263309375388,-0.07431263309375388,-5.4474141470041655,5.110736984398863e-08,1.0820133679367692e-07
4,POU3F1(+),0.028902816004587616,0.02632678398895068,0.13467876033261816,0.13467876033261816,5.431495748038053,5.588364774205666e-08,1.1804435823640438e-07
4,MSANTD4(+),0.01446280057871267,0.012907274657486142,0.1641625200552182,0.1641625200552182,5.348996115014833,8.844344017928183e-08,1.848873895737012e-07
4,FOSL1(+),0.04981824945165916,0.04341854810077007,0.19836284017498274,0.19836284017498274,5.348370420720212,8.87496820479628e-08,1.8544411745964336e-07
4,ZNF274(+),0.023455176085086644,0.022159819019921614,0.08196022913582966,0.08196022913582966,5.332838479994894,9.668931049026547e-08,2.0158072137669798e-07
4,KDM2A(+),0.02479856183065281,0.026161051279913645,-0.07716405827300854,-0.07716405827300854,-5.311380846244041,1.087976955018696e-07,2.261142262220064e-07
4,ZNF75A(+),0.02535491700479133,0.02389729818877356,0.08541803114403869,0.08541803114403869,5.304645431190171,1.1289221047246793e-07,2.344140892465863e-07
4,ZNF582(+),0.02716171176137996,0.03017438387218067,-0.15174990502891272,-0.15174990502891272,-5.2911930038558035,1.2152103975569448e-07,2.521059534011616e-07
4,ZNF484(+),0.020696106857959324,0.022649114521198322,-0.1300952343921666,-0.1300952343921666,-5.240916627005606,1.5978089972203748e-07,3.295658433431901e-07
4,ZNF549(+),0.021610953843484545,0.019187850436388845,0.17156964214243708,0.17156964214243708,5.224565762865269,1.745642801637928e-07,3.5894248842887013e-07
4,ZNF708(+),0.022810861203358443,0.024593455465437,-0.10855353290765708,-0.10855353290765708,-5.217765938104599,1.8109410566093762e-07,3.718753849668679e-07
4,TFCP2(+),0.013739978701288763,0.01219631386510721,0.17193457164434112,0.17193457164434112,5.216974618849637,1.8186916924793917e-07,3.733019404139096e-07
4,ZNF595(+),0.01933409998810396,0.01763280908997464,0.1328852713177031,0.1328852713177031,5.206558649121521,1.9237491083551583e-07,3.9434309833670395e-07
4,ZBTB44(+),0.018705609018351957,0.020021480601830267,-0.09807772330349293,-0.09807772330349293,-5.200283303401932,1.989849900688516e-07,4.0753319174154127e-07
4,CENPBD1(+),0.024466942820986028,0.022055386136842013,0.14970282067464782,0.14970282067464782,5.144762136140934,2.678599862229009e-07,5.464249609158431e-07
4,MYSM1(+),0.012219079781646497,0.013692120037079678,-0.16421019278961108,-0.16421019278961108,-5.122163530441065,3.0204975661524074e-07,6.148208236099006e-07
4,ARHGAP35(+),0.028992647506729155,0.030510600842332064,-0.07362350731729808,-0.07362350731729808,-5.117875684245569,3.089961506851113e-07,6.284094220369273e-07
4,ZNF580(+),0.013917179413125265,0.015071696018887061,-0.11497491406794795,-0.11497491406794795,-5.115428115387195,3.130301464420984e-07,6.363348053494735e-07
4,TBP(+),0.015811860864941775,0.013714056398606582,0.20535179113824215,0.20535179113824215,5.0900322881349,3.580025502967103e-07,7.242690967457401e-07
4,TFE3(+),0.018934515125355787,0.01727825609372251,0.13206085724289532,0.13206085724289532,5.076193402559736,3.850713489474328e-07,7.77676702548185e-07
4,E4F1(+),0.02124703511559896,0.023404992889582688,-0.1395547838354766,-0.1395547838354766,-5.0668079881404084,4.04541977607385e-07,8.148731509047282e-07
4,ZBTB48(+),0.020135743339489993,0.018014691960801847,0.16058474110786328,0.16058474110786328,5.050282297653045,4.41157624985527e-07,8.87089683141893e-07
4,MTF2(+),0.03160984737501102,0.032716252924394285,-0.0496334513173893,-0.0496334513173893,-5.038762161522656,4.6855229849071014e-07,9.389238250601159e-07
4,ELK1(+),0.01345548634211485,0.015631852284404203,-0.21629418714392123,-0.21629418714392123,-5.022310082128777,5.105367081774684e-07,1.0204143758538473e-06
4,ZNF384(+),0.03640849058492749,0.038443683408778746,-0.07847163863838813,-0.07847163863838813,-5.0089128631145226,5.47383471428081e-07,1.0903071289808904e-06
4,ZNF92(+),0.021991865538343255,0.023883850706178284,-0.11906545949011872,-0.11906545949011872,-4.9904364786498085,6.024300935155816e-07,1.1958494805042207e-06
4,ARID5B(+),0.030848301272101742,0.029417837560663525,0.06849984298023833,0.06849984298023833,4.982688911060521,6.27067209196311e-07,1.2421011457214772e-06
4,TFDP1(+),0.03248332104647001,0.03377309605202566,-0.05617529959437462,-0.05617529959437462,-4.980848633723398,6.330604290292901e-07,1.25237039729176e-06
4,NFIL3(+),0.026980402726907132,0.025759074964406985,0.06683109482923268,0.06683109482923268,4.974094815896157,6.555322012821341e-07,1.2957221595555373e-06
4,NFATC3(+),0.019096312739277952,0.01983580819068189,-0.054813078404036084,-0.054813078404036084,-4.972291344105777,6.616616897292647e-07,1.306725573466171e-06
4,ZNF816(+),0.02715782131774009,0.023236861337119812,0.2249525245611488,0.2249525245611488,4.964875026437172,6.874532345232827e-07,1.3559321759493197e-06
4,ATF6(+),0.022632547624769475,0.023785820630853247,-0.07170280705702059,-0.07170280705702059,-4.957348292128339,7.146180272811159e-07,1.4083159680614269e-06
4,MESP1(+),0.025763121914562568,0.026682234652727177,-0.050572069765318396,-0.050572069765318396,-4.927480590946834,8.32966948989828e-07,1.6357048603045296e-06
4,ZNF432(+),0.01807639410764977,0.016703750802709298,0.11393481590140152,0.11393481590140152,4.89230368964773,9.966250431831641e-07,1.9483684030243256e-06
4,PBX3(+),0.018621240166754448,0.020114817578848882,-0.11130948949940593,-0.11130948949940593,-4.866530605541324,1.1357434238511526e-06,2.21381796214377e-06
4,ZNF721(+),0.016447091709508387,0.017569413858903274,-0.09523355712573402,-0.09523355712573402,-4.840987556102058,1.2919546362435146e-06,2.511983794621651e-06
4,ARID3B(+),0.01949479591720213,0.020830599168445926,-0.09561528085986415,-0.09561528085986415,-4.833276794059513,1.343038459288345e-06,2.6047656131082933e-06
4,JAZF1(+),0.01920829082645051,0.020848752047270845,-0.11823187210606166,-0.11823187210606166,-4.820118811099085,1.434727499209147e-06,2.779111440294615e-06
4,ZBED1(+),0.01955104785752893,0.017657863375292862,0.14693513879642428,0.14693513879642428,4.783258056036513,1.7247646463517851e-06,3.3174044647221704e-06
4,ZNF683(+),0.09044923224174217,0.0950766816575528,-0.07198329390155121,-0.07198329390155121,-4.691373008593967,2.713776927496449e-06,5.1725456824870765e-06
4,REXO4(+),0.015371031918698201,0.016169338019425293,-0.07304658859505737,-0.07304658859505737,-4.683938288151991,2.8141476695377176e-06,5.3572606250011055e-06
4,CEBPZ(+),0.028040772867524585,0.029524923616711513,-0.07440721082036933,-0.07440721082036933,-4.643709825562484,3.422081057204586e-06,6.487986330904204e-06
4,FLYWCH1(+),0.02208650288667786,0.02006334953907589,0.13860251668244758,0.13860251668244758,4.620430317247879,3.82944947935611e-06,7.242586657821308e-06
4,TFAP4(+),0.03397898471329021,0.03592567909530768,-0.08037267992501564,-0.08037267992501564,-4.601898724463052,4.186567744620682e-06,7.895496213464502e-06
4,NFATC2(+),0.014115198316246183,0.012879194876325918,0.1322069804114578,0.1322069804114578,4.592936573831263,4.370519274305024e-06,8.232385251073332e-06
4,ZNF551(+),0.021203698133348936,0.019709158928525983,0.10544968984838911,0.10544968984838911,4.588317477715084,4.468327418363936e-06,8.40639159914965e-06
4,STAT1(+),0.03555090588903946,0.037744057639788525,-0.08636320221412253,-0.08636320221412253,-4.587986227794403,4.475421553772239e-06,8.416329197276135e-06
4,TCFL5(+),0.011681477145128847,0.010570180517905363,0.14422268898991836,0.14422268898991836,4.579355327083296,4.664112653300596e-06,8.756994047930989e-06
4,MYNN(+),0.01714663969138267,0.01886674964549693,-0.13792001758817418,-0.13792001758817418,-4.553793874870659,5.268698264802377e-06,9.856263971005655e-06
4,MEF2A(+),0.0166504927208139,0.015928085140539554,0.06399202833831547,0.06399202833831547,4.457234522991821,8.302375810245947e-06,1.5358238008200884e-05
4,ZSCAN29(+),0.027877396533004646,0.02590318487501761,0.10596633788036414,0.10596633788036414,4.45048070516458,8.567829163637818e-06,1.5842980280691746e-05
4,LEF1(+),0.015186305497773082,0.013663890167804692,0.1524026416579109,0.1524026416579109,4.425379322286224,9.627296437299513e-06,1.776670319875099e-05
4,ZNF880(+),0.03751298131643803,0.03537084163111133,0.08482937470879373,0.08482937470879373,4.4209810594505,9.825378681911485e-06,1.8125053207894694e-05
4,SP140(+),0.027461822510039993,0.028491495163576273,-0.0531039573926927,-0.0531039573926927,-4.404271341229424,1.0614002618580605e-05,1.9541039303728462e-05
4,ZNF626(+),0.02200533170423283,0.023501561582059398,-0.09490349813992992,-0.09490349813992992,-4.399689050659988,1.0840610121339865e-05,1.9942429312326208e-05
4,ZNF395(+),0.023043692318082763,0.021798096136345063,0.08016976212531364,0.08016976212531364,4.387303984181151,1.147643411513929e-05,2.1087039740831485e-05
4,ARNTL(+),0.017706302099820995,0.019182190363316715,-0.11550451934360977,-0.11550451934360977,-4.380863013501221,1.182101742629029e-05,2.171159586600174e-05
4,ETV6(+),0.015827036715876174,0.017392611931208515,-0.13608343102488238,-0.13608343102488238,-4.352117881495361,1.3482873064483118e-05,2.4676101412342037e-05
4,AEBP1(+),0.027583579615396404,0.024446247022337955,0.17419668552013853,0.17419668552013853,4.337524482211976,1.4409648797151416e-05,2.6361882104280554e-05
4,NFE2L2(+),0.057478127279294904,0.0558166751913934,0.04231686616845389,0.04231686616845389,4.314760251551767,1.5977620673640782e-05,2.9172974854190815e-05
4,ZNF777(+),0.018865437115643872,0.017031428895043756,0.1475460411456748,0.1475460411456748,4.313830911496519,1.6044968194611724e-05,2.928443114497896e-05
4,ZNF711(+),0.022176641896870988,0.020171228964138997,0.13674193002640536,0.13674193002640536,4.3078684129242415,1.6483539523079524e-05,3.006126465830561e-05
4,ZFHX3(+),0.017416193555439306,0.018611222707325827,-0.09574348821295198,-0.09574348821295198,-4.298381783251373,1.720496240677069e-05,3.135231478205173e-05
4,RELB(+),0.04074760778509248,0.0386051467457694,0.07792216500504627,0.07792216500504627,4.290137340781063,1.7856265646039542e-05,3.2488191902018674e-05
4,BATF3(+),0.032935711379781046,0.029829232729523477,0.14292583772241918,0.14292583772241918,4.281948106630865,1.852641929359566e-05,3.36679255159436e-05
4,ZNF100(+),0.015270845689140292,0.01662754601316337,-0.12279529574622347,-0.12279529574622347,-4.264483874701569,2.003648129660109e-05,3.6355256102621904e-05
4,HOXB4(+),0.014558127141996008,0.016337235425223844,-0.16633909234655767,-0.16633909234655767,-4.241462005214162,2.2206848659165868e-05,4.0043017089217956e-05
4,ZNF140(+),0.016615938007479746,0.01837166575423109,-0.14491469412802085,-0.14491469412802085,-4.208226596505722,2.5738269865105502e-05,4.621347642961541e-05
4,ZBTB26(+),0.041100515654999725,0.03579802963300263,0.19927630716270256,0.19927630716270256,4.202972604708236,2.6343248127937398e-05,4.7263185613854464e-05
4,E2F4(+),0.03184028117104837,0.03298050630445187,-0.05076046919282575,-0.05076046919282575,-4.200037362355525,2.668709387367061e-05,4.784313046823619e-05
4,RBSN(+),0.016496062174861614,0.014923786886272236,0.14450800270687494,0.14450800270687494,4.192970697380973,2.7532501902049764e-05,4.926366384245807e-05
4,MGA(+),0.0183697639771894,0.01619114896095676,0.18212771340770073,0.18212771340770073,4.192676253007034,2.756827405504229e-05,4.930867654434788e-05
4,ZNF468(+),0.02444879069515033,0.026297812286033152,-0.10517967536402252,-0.10517967536402252,-4.1881767749177685,2.8120444844535176e-05,5.027693083251189e-05
4,ZNF587B(+),0.031053484278833365,0.03330302531347828,-0.1008980858863453,-0.1008980858863453,-4.185526775552312,2.8450552737245372e-05,5.084756347229887e-05
4,KMT2B(+),0.021099277406603025,0.022659421196906063,-0.10291741394154676,-0.10291741394154676,-4.183438060774677,2.871333468450813e-05,5.12974767729001e-05
4,DMTF1(+),0.019001826980162572,0.020101608500195937,-0.08117280723776901,-0.08117280723776901,-4.178156464817134,2.938814645894912e-05,5.2482868243682676e-05
4,ZNF853(+),0.032487799780881135,0.03390372443624048,-0.06154572381913717,-0.06154572381913717,-4.175984937559329,2.9669945258940525e-05,5.294540750202794e-05
4,IRF7(+),0.06380530997033981,0.06801177265286915,-0.09210800101038738,-0.09210800101038738,-4.174015840808607,2.9927693338059776e-05,5.3384844683290194e-05
4,RBPJ(+),0.04928467174494141,0.048279626920850284,0.02972448869860146,0.02972448869860146,4.165789801111668,3.102764920632722e-05,5.528324916125429e-05
4,ZFP69(+),0.01532748308180926,0.013845655221077087,0.14668747384950098,0.14668747384950098,4.163682683560663,3.131552501549319e-05,5.57747751905544e-05
4,ZNF773(+),0.014617272685328314,0.013389126591750306,0.1266122940364654,0.1266122940364654,4.156616018586111,3.2299618086798245e-05,5.746140406479428e-05
4,ZNF555(+),0.018346991296438343,0.01597415735200029,0.1998036547569347,0.1998036547569347,4.1538556025804265,3.2691952057827265e-05,5.813710463576097e-05
4,E2F7(+),0.026028012585958365,0.02785644354225449,-0.09794591939061538,-0.09794591939061538,-4.149411332811274,3.3333136986929105e-05,5.9231989787408456e-05
4,ZNF200(+),0.01757026012026097,0.015537802814590516,0.17735303117064644,0.17735303117064644,4.137835988360772,3.505968325136971e-05,6.227618688436417e-05
4,MYRF(+),0.017479401093267347,0.01665959392243078,0.06930251429389862,0.06930251429389862,4.134238246166696,3.561338869478952e-05,6.323554682236137e-05
4,ZNF85(+),0.02905435015289247,0.02807802998142549,0.04931246868846285,0.04931246868846285,4.11834745136064,3.8159904825235264e-05,6.77054079118479e-05
4,ZNF267(+),0.03489870246256225,0.033058574687931094,0.07814887103718736,0.07814887103718736,4.108133912139608,3.988688251021818e-05,7.069695135105608e-05
4,ZNF66(+),0.021515323827186992,0.023283690157449095,-0.11395516493280894,-0.11395516493280894,-4.1081063079795515,3.989164897548288e-05,7.069695135105608e-05
4,TP53(+),0.0423397434400218,0.04407154065662955,-0.05783480272976012,-0.05783480272976012,-4.106735301363394,4.012906472967324e-05,7.106347909619984e-05
4,JUND(+),0.08139422678818807,0.07910373091408048,0.04118072790799826,0.04118072790799826,4.105612732187749,4.0324456666780985e-05,7.13822794272857e-05
4,PRDM2(+),0.019012867987195623,0.020088761974526626,-0.07941248161632206,-0.07941248161632206,-4.09992627521604,4.132817740725245e-05,7.310334503301128e-05
4,ZXDB(+),0.017866745347358996,0.01524063546772006,0.22935378118440872,0.22935378118440872,4.082370029419887,4.4578743602799906e-05,7.858378141745941e-05
4,FOXO3(+),0.020111879360942324,0.018687705511274792,0.10595845065685343,0.10595845065685343,4.06264225636593,4.852036019259226e-05,8.530547808273696e-05
4,ELK3(+),0.013783331497758917,0.012823301383254987,0.10415689435990197,0.10415689435990197,4.050680453674631,5.1068908390065316e-05,8.96165770577459e-05
4,POU2F2(+),0.021450641056666737,0.02056718703533009,0.06067627008706214,0.06067627008706214,4.0426568444847755,5.284893788832736e-05,9.260027027207868e-05
4,CGGBP1(+),0.031132177165344697,0.03226043090094214,-0.05135923473443793,-0.05135923473443793,-4.033676291079615,5.491094999158874e-05,9.603213957489823e-05
4,ZC3H8(+),0.017953157125142977,0.01726220798560527,0.05662055659900605,0.05662055659900605,4.031707194328894,5.53731488651335e-05,9.676759837417047e-05
4,GLI4(+),0.01599977583008257,0.015041799558158165,0.08907450890022349,0.08907450890022349,4.024327682207031,5.713831313870467e-05,9.96274266251063e-05
4,ARNT(+),0.016272117710198698,0.017448168910791532,-0.10067361490813935,-0.10067361490813935,-4.0241804600200615,5.7174064789610266e-05,9.965235682842015e-05
4,CIC(+),0.014252939719323118,0.012892554414340665,0.14472136566048813,0.14472136566048813,4.0200030304647925,5.819739280565323e-05,0.00010139793307661637
4,ZNF184(+),0.011879594285913309,0.01112946197262216,0.09410170690458838,0.09410170690458838,4.019285322303315,5.837494375838649e-05,0.00010163103963931981
4,ZNF134(+),0.015666041432318947,0.014668386626507612,0.09493047481175738,0.09493047481175738,3.9653467935522424,7.328931402920308e-05,0.00012645945901398526
4,ZNF740(+),0.01677859422778976,0.015198081878865123,0.14273258226465513,0.14273258226465513,3.9638377661358017,7.375438498047375e-05,0.00012721467442788732
4,SMAD5(+),0.021631996960505807,0.0226950596777894,-0.06921142477442596,-0.06921142477442596,-3.926627358379177,8.614528731019785e-05,0.0001479278593552196
4,ZNF300(+),0.033284151757215726,0.031330112273814215,0.08728545937934647,0.08728545937934647,3.919652707271481,8.867665954965703e-05,0.00015221843444499517
4,MLX(+),0.035909097516240385,0.03720839339983573,-0.05127870210203733,-0.05127870210203733,-3.91289888944424,9.119472533133798e-05,0.00015630977828932284
4,ZNF615(+),0.02429735167322342,0.026063709685058938,-0.10124336168284222,-0.10124336168284222,-3.8998329203506676,9.625909224038653e-05,0.00016492935575676706
4,DOT1L(+),0.03292716713475996,0.034013546059078734,-0.04683102363828771,-0.04683102363828771,-3.8846322295460323,0.0001024849038406224,0.00017520882529984948
4,CREM(+),0.09424014616867997,0.09198783856753599,0.03489863699751901,0.03489863699751901,3.874069037630947,0.00010703306982641238,0.0001828498011561918
4,ZNF197(+),0.023814923332822476,0.022776236237984526,0.064336539406344,0.064336539406344,3.8604509853362377,0.00011317794266653278,0.00019313429231669537
4,ZNF627(+),0.04473353584809607,0.04253873588600315,0.07257963363730041,0.07257963363730041,3.8601013326421842,0.00011334001428785261,0.00019333983340693184
4,GTF2IRD2B(+),0.017442321080504825,0.018377206618899126,-0.07532545098111719,-0.07532545098111719,-3.852464181693124,0.00011693508588033747,0.00019917985842103687
4,ZBTB7B(+),0.015246009806451907,0.01461492188611655,0.060989586858066304,0.060989586858066304,3.8360121022992453,0.00012504824834817148,0.0002126873356196472
4,ZNF614(+),0.01929455609945109,0.017909031496179527,0.10750652726400321,0.10750652726400321,3.785588503262078,0.00015334524529571887,0.00025976975360999784
4,CEBPB(+),0.08483282936009925,0.08808930512864628,-0.054344192624503754,-0.054344192624503754,-3.7715287844064593,0.00016225043714512694,0.0002742551967027346
4,SNAPC5(+),0.03939601889973445,0.040646575048907826,-0.04508394444286176,-0.04508394444286176,-3.7686027434404337,0.00016416391224148466,0.00027728777176788954
4,ZNF473(+),0.018067781952848194,0.020446865499549497,-0.1784602778239747,-0.1784602778239747,-3.750025143722178,0.00017681684010175102,0.00029833426163190465
4,STAT3(+),0.03386117275354093,0.0330102092731697,0.03671965477182101,0.03671965477182101,3.743446152241964,0.00018151351549350743,0.0003059135018432303
4,SAFB(+),0.024830291067137036,0.02548581718489754,-0.037593438236834385,-0.037593438236834385,-3.7265524062871758,0.00019411672622957573,0.0003266928236726012
4,USF1(+),0.019765913783797908,0.018526298097109442,0.09344001546348905,0.09344001546348905,3.7022607454371537,0.00021368683895788175,0.0003587189616766754
4,NCOA3(+),0.01404387672138542,0.01350820183571961,0.05610559222654417,0.05610559222654417,3.7019110927431003,0.00021398160568087955,0.0003590840167585569
4,RARA(+),0.027086169944150425,0.02614100007788732,0.051242069688841846,0.051242069688841846,3.700843731887569,0.0002148837834153381,0.0003604677406877015
4,ZNF619(+),0.013812797606341555,0.015700108894898014,-0.18476900432369714,-0.18476900432369714,-3.69628904547819,0.00021877388356757177,0.0003665962082147803
4,DR1(+),0.03376336502457645,0.03451884975639247,-0.031925693266154166,-0.031925693266154166,-3.6851461662019105,0.00022857142679007648,0.000381911610589894
4,HMGA1(+),0.05332686022375885,0.05551824297130387,-0.05809952189294269,-0.05809952189294269,-3.6851461662019105,0.00022857142679007648,0.000381911610589894
4,ZNF367(+),0.028760970891477226,0.027189939852124614,0.08103941520080263,0.08103941520080263,3.667663531499243,0.00024477699808051016,0.0004085480259015342
4,MAFK(+),0.017918025369324728,0.018814839132389127,-0.07045929453518522,-0.07045929453518522,-3.6668170039241668,0.00024558841457899156,0.00040966690202243964
4,TBPL1(+),0.016397934363266642,0.015677213281176113,0.06484495238877754,0.06484495238877754,3.666780198377424,0.00024562375072820116,0.00040966690202243964
4,MTERF2(+),0.01676592664662996,0.01587200581492802,0.07904775832715892,0.07904775832715892,3.66477429607996,0.00024755679979107296,0.00041259466631845496
4,ZBTB25(+),0.021747113161555927,0.020690054256912747,0.07188647006239722,0.07188647006239722,3.663559713037459,0.00024873419625519744,0.0004144083004323501
4,ETV3(+),0.014689430442397209,0.014140970879066994,0.054897280221642156,0.054897280221642156,3.6580572837994616,0.0002541342549043848,0.00042325335748686537
4,AKAP8(+),0.015620743685325504,0.014786157163226859,0.07921598187386274,0.07921598187386274,3.614516322003134,0.00030090885973029175,0.0004979414511746367
4,MECP2(+),0.01816717551595894,0.019016736378052818,-0.06593553230696263,-0.06593553230696263,-3.6079465319096053,0.0003086300710175275,0.0005099917039759571
4,GPBP1L1(+),0.019956286020069477,0.02058407371729679,-0.04468527489318965,-0.04468527489318965,-3.571048971300291,0.00035555440254213385,0.0005846195397551192
4,BBX(+),0.0192267181715731,0.020256044536375827,-0.07523994949870594,-0.07523994949870594,-3.5386048818468145,0.0004022474496906724,0.0006590615180998848
4,ZNF133(+),0.042391670858220334,0.044576060703194996,-0.07248829501599595,-0.07248829501599595,-3.522649677333959,0.0004272557084035592,0.0006990499350244918
4,ZNF589(+),0.022582863613980514,0.023579986823938432,-0.062334471195504365,-0.062334471195504365,-3.4971526348281214,0.00047025268982392167,0.0007653552012025634
4,SRF(+),0.019036667102142923,0.01826953733105691,0.05934081495754669,0.05934081495754669,3.493536489860675,0.0004766678358800699,0.0007744393486054301
4,ZNF821(+),0.01376196472470508,0.012771349821164554,0.10777542925928676,0.10777542925928676,3.4799184375659653,0.0005015664519361512,0.0008131853993868839
4,NFIX(+),0.02313892590113707,0.02415306322054132,-0.06188427161676419,-0.06188427161676419,-3.4691528151437963,0.0005221023901330034,0.0008452999659002441
4,NR5A2(+),0.02964536019959951,0.026128572596517827,0.18217800703638085,0.18217800703638085,3.467358544740102,0.0005256002984076036,0.0008506666850534212
4,ZNF644(+),0.01871873601652961,0.019606142061380814,-0.06682265790088435,-0.06682265790088435,-3.46381601086614,0.0005325706408066525,0.0008607483042960686
4,LYL1(+),0.011878967532214646,0.010595949343793532,0.16489658242922758,0.16489658242922758,3.4586816370955673,0.0005428261204195476,0.0008767132577707923
4,ZNF879(+),0.01394658259309429,0.011803972219210843,0.24063920469124572,0.24063920469124572,3.438217753106761,0.0005855566177951105,0.0009427765995349354
4,ZNF480(+),0.02171246769929857,0.020908979909067912,0.054401021579829005,0.054401021579829005,3.410024704302038,0.0006495699532308127,0.0010433099698330308
4,ANKZF1(+),0.027367508992915724,0.02628899794196742,0.058004971767281165,0.058004971767281165,3.4075035243501794,0.0006556006187469864,0.001052268443013045
4,NFX1(+),0.025300677219993937,0.026454730230770707,-0.06434970173704366,-0.06434970173704366,-3.3923948474124006,0.0006928451952392517,0.001110512743922127
4,HBP1(+),0.029925030019163596,0.029134486287878576,0.03862482042082789,0.03862482042082789,3.3828990163528463,0.000717250006236357,0.0011484406339082656
4,BAZ2B(+),0.015214694685276031,0.014476626462716169,0.07173993313312231,0.07173993313312231,3.3816292249902316,0.0007205733184565249,0.0011533642536976424
4,NR3C1(+),0.023288206539345973,0.02430899416737503,-0.06189065798510423,-0.06189065798510423,-3.3683056170694616,0.0007563170790487096,0.001208910128073385
4,MBD6(+),0.023495778522511845,0.02144646547483286,0.13166166450330657,0.13166166450330657,3.3673854784009003,0.0007588453649933193,0.0012125341315424726
4,MBD1(+),0.019214903986799446,0.018279230549536903,0.07202042119287008,0.07202042119287008,3.3633000627124874,0.000770166016314316,0.0012293543456288651
4,ZNF786(+),0.013239737050263926,0.012012634152929259,0.14032191583596193,0.14032191583596193,3.3630608266586615,0.0007708337726476836,0.0012299975520262765
4,NFXL1(+),0.023456689476112083,0.021697053199663408,0.11250029484737675,0.11250029484737675,3.3455965947293653,0.0008210575491583294,0.0013087894014551956
4,ZNF28(+),0.013800105461613968,0.013011709843525872,0.08486872964587079,0.08486872964587079,3.334334097426173,0.0008550388950952097,0.0013615549083706715
4,VEZF1(+),0.017339740037745147,0.016719024638714077,0.052591581002134874,0.052591581002134874,3.3327698616896186,0.0008598603605329603,0.0013687633223699797
4,AKAP8L(+),0.014294238222900464,0.014999013753087837,-0.06943389890826068,-0.06943389890826068,-3.3289604876017744,0.0008717077022928106,0.0013871470630867095
4,TERF1(+),0.02886378280962685,0.0297596106376898,-0.0440952614997112,-0.0440952614997112,-3.3261632660493476,0.000880503374536087,0.00139970505637239
4,ZNF652(+),0.026394627845925365,0.027219080324963237,-0.04437399569380761,-0.04437399569380761,-3.3173667403779,0.0009087025219061186,0.0014425574894921126
4,SIX4(+),0.013409811698455315,0.014569225397421014,-0.11963518809929873,-0.11963518809929873,-3.3150847964798675,0.0009161532897132252,0.0014538886336583296
4,ZBTB42(+),0.02317222584232114,0.02459880637810794,-0.08619167788071214,-0.08619167788071214,-3.3115882695393344,0.0009276796855101276,0.001469863758572581
4,TAL1(+),0.018695172358223603,0.017874747465603396,0.06474290885201281,0.06474290885201281,3.310870561377856,0.0009300621888691054,0.001472941993623251
4,ZNF43(+),0.036914840782466346,0.03833825639249168,-0.05458378785599209,-0.05458378785599209,-3.3022948689868636,0.0009589720130342151,0.001516141933473087
4,ZNF814(+),0.02829213685228403,0.029562638241757314,-0.0633738777404578,-0.0633738777404578,-3.2968844536157222,0.0009776371208285591,0.0015451256979410197
4,SKI(+),0.02531303072504418,0.027274294290687066,-0.10766161245734877,-0.10766161245734877,-3.278684110751577,0.0010429230806468395,0.0016443916190103766
4,IKZF2(+),0.01710469165300878,0.01800960461669319,-0.07437440757467113,-0.07437440757467113,-3.2697403628931596,0.0010764623899427866,0.0016949721360285574
4,PRDM8(+),0.022463444437541218,0.020738911848637284,0.11523895606990281,0.11523895606990281,3.266703905286907,0.0010880741834300644,0.0017115152665196916
4,ZNF460(+),0.02426100784116219,0.022467459976810204,0.11080244669294287,0.11080244669294287,3.2631337672528886,0.0011018749730961474,0.0017314645636101504
4,ZNF577(+),0.027782712119395755,0.02659865228000009,0.06283429021911066,0.06283429021911066,3.2557358523576543,0.0011309891845849456,0.0017766130410541334
4,E2F8(+),0.032272583156107905,0.03418602146080297,-0.0830974720796971,-0.0830974720796971,-3.2494605066380653,0.0011562413210356342,0.0018132143606382582
4,NRL(+),0.017883122760315465,0.01662079041270595,0.10560968450149702,0.10560968450149702,3.2415565154751227,0.0011887886021786098,0.0018611132649543791
4,NR2C1(+),0.01695408217728256,0.016219248913722357,0.06392566887025612,0.06392566887025612,3.2347750934878245,0.0012173858369336171,0.0019020374075198962
4,GATAD2A(+),0.0144779676631605,0.015262024946273899,-0.07608728561425436,-0.07608728561425436,-3.233818149272521,0.0012214720424357406,0.0019072983601333038
4,ZNF610(+),0.014138943064348803,0.015478047791692692,-0.13054923287535775,-0.13054923287535775,-3.2280764839806975,0.0012462564790232398,0.0019412680566944832
4,ZNF234(+),0.012440929711167467,0.014992531363325543,-0.2691496689334297,-0.2691496689334297,-3.2222980131421313,0.0012716679249510734,0.001979523294704335
4,MAF(+),0.01710110654255249,0.017870609797153752,-0.06349918151741232,-0.06349918151741232,-3.2014108653657867,0.0013675637862847322,0.0021195641599241178
4,CENPT(+),0.027458229935693138,0.028360436459183104,-0.046641107001421475,-0.046641107001421475,-3.1551278903371456,0.001604277655728616,0.002473381380912759
4,ZNF19(+),0.016733535872330393,0.015048173325759176,0.15315394484744868,0.15315394484744868,3.154953063990119,0.0016052392733705316,0.0024739006054433042
4,ZNF397(+),0.02994375437699849,0.028716687203576056,0.0603657897020852,0.0603657897020852,3.1542813627620694,0.0016089388469888494,0.0024787797493410297
4,ZNF146(+),0.016296096557381203,0.015499941216113984,0.07226368507338862,0.07226368507338862,3.131369909914889,0.00173992852168806,0.0026770347741772236
4,ZHX1(+),0.015556569661718603,0.016776276482323067,-0.10889856591102037,-0.10889856591102037,-3.1292535909771977,0.0017525099020278404,0.002695499501628914
4,ZNF780B(+),0.011939484456255344,0.013026181869114731,-0.12567372172358987,-0.12567372172358987,-3.117659843753324,0.0018229306511931105,0.0028001034638862428
4,ZNF793(+),0.01881151905313575,0.017803773767371155,0.07943327492315459,0.07943327492315459,3.1170709550054445,0.0018265760382178708,0.0028038485451163287
4,RBAK(+),0.009761296325967879,0.0108406323584316,-0.15130424073190668,-0.15130424073190668,-3.1161600177235687,0.0018322281935844607,0.0028115956257680277
4,E2F5(+),0.015371134226262148,0.014330905646149639,0.10109383364346827,0.10109383364346827,3.0803666235165283,0.002067459297596669,0.003158996196492279
4,ZNF563(+),0.014670483054714207,0.014209653617962477,0.046044985084691736,0.046044985084691736,3.0799525611156757,0.002070335681281304,0.0031623509501978483
4,ZBTB4(+),0.022705146005262255,0.022022785512076953,0.04402235495377833,0.04402235495377833,3.054133470075841,0.0022571163744798876,0.003435224626297208
4,BACH1(+),0.0171502018550754,0.0177628434876036,-0.050636988056460566,-0.050636988056460566,-3.0522931927387185,0.0022710016027973024,0.0034552251703221324
4,ZNF280D(+),0.01679865316539469,0.015805566275973598,0.08791283943556932,0.08791283943556932,3.0511890263364445,0.002279370257239734,0.0034668221496000537
4,ZNF175(+),0.03021971534872855,0.03248284170380967,-0.10418777507539988,-0.10418777507539988,-3.038647536283952,0.0023764271001883086,0.003610894301725448
4,ZNF45(+),0.0188697004764232,0.01783546098826083,0.08132301319057345,0.08132301319057345,3.0359423285983813,0.0023978522374014095,0.003641066898571281
4,ZNF419(+),0.013095849282580101,0.013861951921351557,-0.08202079030930787,-0.08202079030930787,-3.0345253150487967,0.0024091453604387545,0.0036570196729535996
4,TET3(+),0.016642018573669815,0.016175482587614507,0.04102167659460773,0.04102167659460773,3.0311116005884338,0.0024365517173604253,0.0036974135011888843
4,ZBTB38(+),0.02114670281130855,0.02181977108689979,-0.04520322797357271,-0.04520322797357271,-3.0294737537583947,0.0024498018883467075,0.003715092971390942
4,ZNF124(+),0.012486459014432127,0.013377553727276486,-0.09944990868262671,-0.09944990868262671,-3.022637123450983,0.0025058252635640644,0.0037963334472456223
4,ZNF586(+),0.018992528632730207,0.017463611496030047,0.12108004866643081,0.12108004866643081,3.0089730642228454,0.002621323549531063,0.003964847895659976
4,ZNF181(+),0.019031578715015412,0.02080808624828881,-0.12874903623646647,-0.12874903623646647,-3.0062954606973316,0.0026445190099774326,0.003998629818146216
4,WIZ(+),0.02019215069129911,0.01922123566640571,0.07109349356223252,0.07109349356223252,2.992079318268057,0.0027708426090209647,0.0041841885302023344
4,ZNF25(+),0.019972871900126338,0.018739173811380523,0.091984440491051,0.091984440491051,2.9777987661319836,0.002903265327056975,0.004378463455902483
4,ZNF107(+),0.016168584283345274,0.017034585180362095,-0.07527344900056322,-0.07527344900056322,-2.9742654336447076,0.002936909031745359,0.004427764509074065
4,ZSCAN32(+),0.025434996856770135,0.026328226950632305,-0.04979544989367808,-0.04979544989367808,-2.9678980740582626,0.002998437417849513,0.004516128990243511
4,ZNF287(+),0.01390453401531884,0.015079689602873057,-0.11705132845329681,-0.11705132845329681,-2.9661314078146246,0.003015716056821577,0.004540681064484999
4,HOXA4(+),0.014076543952150468,0.013022239310724557,0.11231560486047903,0.11231560486047903,2.9652388733061197,0.0030244798595092954,0.0045524008254765646
4,ZNF195(+),0.011682443743105186,0.012352045622984724,-0.08040788979961927,-0.08040788979961927,-2.959561617721096,0.003080770861846115,0.004632625656612238
4,ELF1(+),0.053152537387020284,0.05190984961020734,0.03413025583241263,0.03413025583241263,2.9582366180383675,0.0030940452266737272,0.004651080931359049
4,ZNF611(+),0.013594993110127468,0.014343622985605018,-0.07733404760505358,-0.07733404760505358,-2.957813354250829,0.003098296626891849,0.004655965005471575
4,ZHX3(+),0.016278217519149367,0.01779215737915564,-0.12829871521192426,-0.12829871521192426,-2.956000681073763,0.003116564027432344,0.004681901651818641
4,SMAD3(+),0.017061390546954238,0.01793581307301891,-0.07210790866633546,-0.07210790866633546,-2.9479678704972216,0.003198703078883059,0.004800638384947272
4,ZNF598(+),0.014541341524970794,0.014316119681140447,0.022519861323142175,0.022519861323142175,2.9413796776303216,0.003267537578631828,0.004900778835242118
4,ELF2(+),0.02046608912905477,0.02146340272482154,-0.06864336655883035,-0.06864336655883035,-2.9290866250183405,0.0033995966491307253,0.005093911753294264
4,ESRRA(+),0.03945776723459152,0.04025874254019912,-0.02899278871507395,-0.02899278871507395,-2.921578293482879,0.0034826273106483905,0.005213278716713431
4,ZNF865(+),0.013788339379435596,0.012825256644289908,0.10446101051168209,0.10446101051168209,2.9183025998228005,0.0035194263167397434,0.005264971092191983
4,FOXC1(+),0.01712491460370154,0.016220616751196806,0.07826811343131394,0.07826811343131394,2.9127817678114316,0.003582248541887052,0.0053572261677609
4,THRA(+),0.018852544936224628,0.01818229294277092,0.05222513841081785,0.05222513841081785,2.8988784725294683,0.0037450001917656585,0.0055898219443288825
4,ZNF837(+),0.017353398320000664,0.0186745810272546,-0.10585765620096554,-0.10585765620096554,-2.8861713575166346,0.00389959775433892,0.005809375102278475
4,PHF1(+),0.0294467104582984,0.02829107220295516,0.05775962070926141,0.05775962070926141,2.8595057389017238,0.004243017409230149,0.00630480353994691
4,ZNF575(+),0.019096089225561993,0.018318369594063712,0.059986105568934016,0.059986105568934016,2.855475531533425,0.00429724339529261,0.006379257133631887
4,SMAD4(+),0.02159044895427968,0.020631054366228998,0.06557568696058746,0.06557568696058746,2.8261231080063145,0.004711515260691565,0.006978631500609796
4,CHAMP1(+),0.028814650757517497,0.029608030866574698,-0.03918600950907889,-0.03918600950907889,-2.8098734591195194,0.004956098189764037,0.007319897008411432
4,GMEB1(+),0.016412436684496934,0.01700758916318593,-0.05138920392403667,-0.05138920392403667,-2.8060824878050465,0.005014785303135414,0.007401867725790912
4,ZNF546(+),0.0141864117254788,0.015379534805343762,-0.11650213398299102,-0.11650213398299102,-2.8046654742554615,0.0050368825812172795,0.007429761698874012
4,ZNF354A(+),0.01811850248829493,0.01870989720723968,-0.046337909696952624,-0.046337909696952624,-2.7928508937511327,0.0052245768454975625,0.0077017326078502625
4,ZNF507(+),0.032663720856709884,0.03376121295961836,-0.04767759262713653,-0.04767759262713653,-2.785710617683096,0.005341052957265789,0.00786843989422759
4,PRMT3(+),0.01430408495117662,0.01508621000871841,-0.07680319934645118,-0.07680319934645118,-2.7608300680851943,0.005765466645459479,0.008480238305306928
4,ZNF665(+),0.024159750397101925,0.02333037354936544,0.05039614071110361,0.05039614071110361,2.755272430527083,0.005864328374803509,0.008622920323191612
4,ZNF568(+),0.0148761657165382,0.016075310643163844,-0.11184388518184304,-0.11184388518184304,-2.7446540302918843,0.00605747202978918,0.008898468557359502
4,ZNF599(+),0.018651221292800516,0.017945468729364915,0.055650492704682794,0.055650492704682794,2.724282160169934,0.006444142595921398,0.009451544792565486
4,ZNF620(+),0.015550903745362358,0.017657818804294532,-0.18330870746307326,-0.18330870746307326,-2.7128264337463435,0.00667120385986998,0.009766070573304775
4,GLYR1(+),0.014198386445724787,0.013633181722464376,0.0586046832046649,0.0586046832046649,2.7118786909177253,0.006690307212723078,0.00979095053657804
4,ZNF850(+),0.012314357329754467,0.013209532086069236,-0.10123801833475843,-0.10123801833475843,-2.7040207066882105,0.006850602001278658,0.010019221125925494
4,ZNF213(+),0.011389156461043843,0.012008135356243439,-0.07635124009941936,-0.07635124009941936,-2.6959326877915557,0.007019184933085679,0.010252866042195906
4,ZNF143(+),0.021160597198178907,0.020463205198799815,0.04834820628371375,0.04834820628371375,2.6931814731725567,0.007077373533398974,0.010331363941746774
4,HSF1(+),0.04012429631613515,0.041109139758772374,-0.034983090774761076,-0.034983090774761076,-2.681642934268796,0.007326160981072761,0.010677758944801687
4,PPARD(+),0.015678211585575582,0.016282418947567368,-0.054554041130931104,-0.054554041130931104,-2.6745026582007596,0.00748401829164117,0.010900992463052128
4,ZNF83(+),0.01588342810437703,0.016571583852610223,-0.06118917148718955,-0.06118917148718955,-2.6690554372828754,0.0076064894341407495,0.011072436045623248
4,ZKSCAN1(+),0.02660428040077995,0.027464273578270953,-0.045897750142673215,-0.045897750142673215,-2.65429641303915,0.00794739806372041,0.011543359601620172
4,ZNF737(+),0.01303275139090062,0.012341942379977457,0.0785722180939552,0.0785722180939552,2.645923151155241,0.008146832214957047,0.011825636137023587
4,SNAPC2(+),0.0237087842642616,0.0229611902095722,0.04622425734782232,0.04622425734782232,2.6397030137557653,0.008297870760967588,0.012029840725560065
4,ZNF138(+),0.014950355867217564,0.014419700871942432,0.05213858508230692,0.05213858508230692,2.628017252665035,0.00858841597523683,0.012439411351722818
4,NCOA1(+),0.02414876491833367,0.025052080411346125,-0.05298100790068924,-0.05298100790068924,-2.6274099611437847,0.008603760800174205,0.012457752156112589
4,ZNF487(+),0.020634229694594153,0.021777238114387816,-0.07778141154953228,-0.07778141154953228,-2.6240422536168495,0.00868930046377499,0.012569853831901222
4,THAP6(+),0.016493043890392252,0.01739084484536463,-0.0764703344102257,-0.0764703344102257,-2.6233245454553717,0.008707628180867398,0.01258852564585405
4,ZNF431(+),0.017707025407269098,0.018533538680139384,-0.06581648841272963,-0.06581648841272963,-2.616681144268358,0.008878923883189605,0.01282419198924618
4,ZNF182(+),0.040943455338242445,0.04278726015199415,-0.06354843781313745,-0.06354843781313745,-2.6059707301663027,0.009161429014046549,0.013219893684450519
4,SLC2A4RG(+),0.0220260005805084,0.022502704865457572,-0.030890866713338308,-0.030890866713338308,-2.6044985082966043,0.00920088214755493,0.01327270111037039
4,ZBTB11(+),0.015006551389426932,0.014157412266334287,0.0840348784073748,0.0840348784073748,2.5957203853985282,0.00943928465319999,0.01360815555993605
4,SCMH1(+),0.015359995854587876,0.016215659292680838,-0.07820985010581866,-0.07820985010581866,-2.5921870529112523,0.00953679031350254,0.01374019572153204
4,ZNF26(+),0.01713571447692845,0.016483213506959075,0.056008810742033024,0.056008810742033024,2.588304067729923,0.009644979964645717,0.013883152133802095
4,ZNF354B(+),0.030806101455198454,0.02988565596396273,0.043762908896276,0.043762908896276,2.579286708778021,0.009900457720479377,0.014237655142918486
4,ZNF358(+),0.014188881467162417,0.013507345025329937,0.07101672923364595,0.07101672923364595,2.5766827163459918,0.009975346850278195,0.014340911829013375
4,ZNF581(+),0.02483749971050544,0.025807959581491766,-0.05529613132246995,-0.05529613132246995,-2.573673862899796,0.010062507549322277,0.014453188516546969
4,HMG20A(+),0.01886455782008893,0.01957381579859847,-0.05324674122095394,-0.05324674122095394,-2.563441920905393,0.010364003901326373,0.014862858327156838
4,ZNF420(+),0.01588845640843774,0.015202376900558952,0.06368205950732998,0.06368205950732998,2.550808416986044,0.010747338610549923,0.01539833061258618
4,ZNF69(+),0.018032477041609457,0.016863201570962733,0.09671911565067631,0.09671911565067631,2.548103209300473,0.010831042196501996,0.015503910940755554
4,E2F2(+),0.037264249773290015,0.03822221160564499,-0.036619041948933846,-0.036619041948933846,-2.5424443564888204,0.011008012706640764,0.01573946338204255
4,FOXK2(+),0.02096043332174027,0.022070674402933317,-0.07446216808438558,-0.07446216808438558,-2.520949917191225,0.011703850880662439,0.0166761924357905
4,ZNF493(+),0.01469443217600093,0.014150759062413112,0.05439016460545213,0.05439016460545213,2.518667973293193,0.011779968075759796,0.016774356747978007
4,HMBOX1(+),0.013242493575595342,0.012497851874070499,0.08349465591000454,0.08349465591000454,2.5123374192534897,0.011993435378804776,0.017062636243353194
4,TIGD6(+),0.014183090722803353,0.014726249822151283,-0.05421812433917908,-0.05421812433917908,-2.4991702349063756,0.012448449583912826,0.01767748343542497
4,ZNF597(+),0.01455452086239487,0.013220909288559039,0.1386459325987331,0.1386459325987331,2.497109124288798,0.012521041886907768,0.017769703502806777
4,ZSCAN18(+),0.024494374689541108,0.025442463493863757,-0.054787903780086626,-0.054787903780086626,-2.492241590732108,0.01269396617635826,0.017993125690931987
4,ADNP2(+),0.015288688760603424,0.015049191528741453,0.022778692551413862,0.022778692551413862,2.4756606919246305,0.013298990021619385,0.018804812374557698
4,ZNF516(+),0.012454177862682369,0.013389930312739533,-0.10451865601600742,-0.10451865601600742,-2.4669745828934104,0.013626002927091463,0.019237928144784144
4,PURA(+),0.015723004832963888,0.015319603333451899,0.03749801343663922,0.03749801343663922,2.4599079179188585,0.01389726671350831,0.019597086789388617
4,BCL11B(+),0.022564524754222447,0.02213987871321373,0.027409073365687715,0.027409073365687715,2.458638126556244,0.013946511572296948,0.019648633986448078
4,ZNF699(+),0.010532777442685026,0.012305551020261424,-0.22442332251222408,-0.22442332251222408,-2.455298023189366,0.014076783232222634,0.019820144926848783
4,ZNF609(+),0.021871088430469834,0.022777127738643897,-0.05856080896501345,-0.05856080896501345,-2.4549391691086266,0.01409084304906274,0.019833929079665587
4,ZBTB6(+),0.025730348714883763,0.024708393004402925,0.058469824184844005,0.058469824184844005,2.4489306636029204,0.01432810269603229,0.020140613086292943
4,ZKSCAN4(+),0.019810563048018374,0.02069706100622948,-0.06315603115909887,-0.06315603115909887,-2.433003063250122,0.014974174208229721,0.021013607008225698
4,ZNF678(+),0.020568383690865222,0.02136837443977905,-0.05504873099861062,-0.05504873099861062,-2.424261745898788,0.015339545015382946,0.021506847750212433
4,BCL11A(+),0.024515306566664796,0.026433169672091285,-0.10866662570469117,-0.10866662570469117,-2.4133765054497065,0.015805483061491467,0.022131276618070704
4,GTF2IRD1(+),0.010729040665367317,0.011745088874807205,-0.130536534972381,-0.130536534972381,-2.4045891811649445,0.016190655247674334,0.022645466312992257
4,ZNF414(+),0.019348962762546815,0.01844661682830322,0.06889998100692477,0.06889998100692477,2.391854461992054,0.01676348819648571,0.023383304105908744
4,ZNF496(+),0.014262731376317492,0.013694802724353384,0.05862180258530303,0.05862180258530303,2.385192658031669,0.017070179139753824,0.02379681335658959
4,ZNF675(+),0.015258952525135637,0.014772072819360648,0.04678364689795587,0.04678364689795587,2.374813493850296,0.017557819366980143,0.024454593990891383
4,KLF16(+),0.009627226860762766,0.009064847828269097,0.08683747619775918,0.08683747619775918,2.369283460452242,0.01782258808629563,0.024786204090072816
4,THAP5(+),0.022047635682756,0.021598062485693154,0.029722055539191237,0.029722055539191237,2.368298912076881,0.017870091711365523,0.02484482969149741
4,ZNF48(+),0.01823158122352008,0.017309133877600046,0.07490615113412241,0.07490615113412241,2.358913497657554,0.018328527594369152,0.025421322984725207
4,ZNF624(+),0.01796900974899885,0.016907207085710647,0.08787254122072637,0.08787254122072637,2.351322353641922,0.01870681980001132,0.02592278579088681
4,ZNF141(+),0.018823014160684305,0.01821125051089885,0.047667673982068004,0.047667673982068004,2.3471909310200814,0.018915558986807017,0.02618860551228572
4,ZNF254(+),0.012276807275494931,0.01194828692367334,0.039131629111032885,0.039131629111032885,2.345148223175875,0.01901951679948619,0.026316847046057
4,ZBTB34(+),0.014379852273738522,0.0138318065514085,0.05605925384769522,0.05605925384769522,2.3429950986914414,0.01912963439606044,0.026461331676504093
4,ZNF263(+),0.028274098714976558,0.027324596065668946,0.04928086584772993,0.04928086584772993,2.336204475317458,0.01948058717632811,0.026922739492426084
4,ZNF501(+),0.025023526564465617,0.02379909375068084,0.07237848183777004,0.07237848183777004,2.3327447539236665,0.01966154578907197,0.02715666969677053
4,ZNF687(+),0.013898537649422336,0.012528646648071445,0.14970250247867659,0.14970250247867659,2.316145452342818,0.02055032831460161,0.028342124412507264
4,RREB1(+),0.02612672647760618,0.026929741496228614,-0.04367400462148573,-0.04367400462148573,-2.312464897668572,0.02075207757294304,0.028577942581180085
4,RFX7(+),0.017798108616612934,0.018492934665605736,-0.05525024695361743,-0.05525024695361743,-2.310587814784707,0.020855632941383935,0.028712037644554943
4,ATF1(+),0.010681414224432086,0.010246960821423953,0.059906587789232406,0.059906587789232406,2.3015336502860624,0.021361485601590798,0.02937362362918569
4,ZNF718(+),0.021808498213684514,0.022634116399184917,-0.05360855879015499,-0.05360855879015499,-2.2979451094786727,0.02156491342775918,0.02962704018690961
4,ZBTB41(+),0.01911567778012807,0.018580201281614563,0.040990221507180805,0.040990221507180805,2.290160736342643,0.02201200058684472,0.030205536994355603
4,ZFP91(+),0.01617982827339312,0.015774962892485523,0.03655968178465057,0.03655968178465057,2.2880628201783226,0.022133863029157878,0.030363790245256452
4,ZNF37A(+),0.02106745844581732,0.021623892599236954,-0.037609970148904576,-0.037609970148904576,-2.274794420577667,0.02291826509976323,0.03138423979610855
4,ZNF346(+),0.02732297626543043,0.028327218568222092,-0.05207430591343803,-0.05207430591343803,-2.2643232425294375,0.023554241069982117,0.03220766846336972
4,ZNF230(+),0.015046871304367118,0.015523008675731644,-0.0449446667955237,-0.0449446667955237,-2.2578822718495073,0.023953000160527826,0.03273365276424
4,ZNF224(+),0.02301861293985955,0.023643632824203065,-0.03865081787825794,-0.03865081787825794,-2.24549720537067,0.024736231441334175,0.03373452584996983
4,ZNF322(+),0.030380792907500304,0.031110718652409577,-0.034252196967188266,-0.034252196967188266,-2.235504499430093,0.025384246566389768,0.03456752427466446
4,ZFP1(+),0.00976359842257925,0.010518916570935913,-0.10750124342201638,-0.10750124342201638,-2.2310050213408275,0.02568079640303592,0.03493039510749688
4,ZNF333(+),0.013283172959224737,0.0131181095366987,0.01803997711048998,0.01803997711048998,2.2205522460659695,0.02638130328060238,0.03585171262094736
4,GFI1(+),0.01737419150384213,0.016729666072068904,0.05453719222554794,0.05453719222554794,2.1876388858915266,0.028695916965313765,0.03884947079681796
4,PHF21A(+),0.013466803729576718,0.0140758835191426,-0.06381800016999072,-0.06381800016999072,-2.1760819442143946,0.029549133772893633,0.039946369724997356
4,MTERF4(+),0.017953358006209393,0.01761587070332856,0.027377925257028247,0.027377925257028247,2.1714812508715875,0.029894812916341072,0.040390170446888966
4,TFAP2E(+),0.015458661215828777,0.015786171296896943,-0.030245925976428466,-0.030245925976428466,-2.1652243079253695,0.03037051167566063,0.04100901939925687
4,ZNF891(+),0.020996497800553942,0.020138058903455627,0.06022407516667573,0.06022407516667573,2.1631263917610495,0.03053145973156588,0.041214365141855135
4,ZNF74(+),0.013553560447608363,0.014330682722601403,-0.0804354467369726,-0.0804354467369726,-2.151799484751058,0.031413150458421885,0.042367620174033005
4,PRDM15(+),0.013370365542909069,0.014717277422768666,-0.13847189035281024,-0.13847189035281024,-2.1480361175966416,0.031710886362127516,0.04273196029941465
4,ZNF302(+),0.020978605043963136,0.021785643164848847,-0.05445895296025411,-0.05445895296025411,-2.146711117913913,0.03181628710491201,0.04284913122711403
4,ZNF706(+),0.042573704870256364,0.043044663690351447,-0.015871752818732817,-0.015871752818732817,-2.1362031343189414,0.03266286009433959,0.04391287558269388
4,ZNF41(+),0.023891916218622473,0.024801062914582127,-0.05387938237563403,-0.05387938237563403,-2.1329826489789765,0.032926149579694274,0.04424123945550475
4,NR1H3(+),0.02592454543228926,0.026775018962587924,-0.046568902282026065,-0.046568902282026065,-2.1271857753670393,0.03340465055223081,0.044871197748731086
4,FOXN2(+),0.014588914253795158,0.014277231930115339,0.031156219102025835,0.031156219102025835,2.119309388364153,0.03406432875474477,0.04570445033673872
4,XBP1(+),0.0667045131108681,0.06790518657299068,-0.025737395869614262,-0.025737395869614262,-2.1148927227550582,0.03443909157297449,0.04614063465718676
4,TCF7L2(+),0.010168144246657813,0.010911430783526153,-0.10178387885237351,-0.10178387885237351,-2.1032161630510138,0.035446878033130354,0.0473542561012052
4,NME2(+),0.039785555558719904,0.03998303678641689,-0.0071433067679578625,-0.0071433067679578625,2.102231614675653,0.0355329916837804,0.047442008154975554
4,ZNF483(+),0.017847454151091662,0.01953263469481565,-0.13016826011785615,-0.13016826011785615,-2.102296024382452,0.03552735262926158,0.047442008154975554
4,ZNF502(+),0.020456641382543484,0.0210835331324293,-0.04354734921676666,-0.04354734921676666,-2.102084392488683,0.035545883818787545,0.04744558343053682
4,ZNF770(+),0.027016875544128797,0.02604920374639517,0.052621563192431414,0.052621563192431414,2.096793595144455,0.03601185081949391,0.04803993310067467
4,ZNF467(+),0.01388422104949367,0.015424102807979451,-0.15174032300744714,-0.15174032300744714,-2.0950821372209303,0.03616369155292027,0.04822242831314392
4,ZNF846(+),0.02706007725203996,0.026305235488485727,0.04081599108904045,0.04081599108904045,2.095017727514131,0.036169416629277376,0.04822242831314392
4,ZNF236(+),0.017634634498872294,0.0170761707708313,0.046427176143764674,0.046427176143764674,2.0913187700665143,0.03649949833079947,0.04860670004201936
4,ZNF800(+),0.01779570321543251,0.018214348158703243,-0.03354642051797297,-0.03354642051797297,-2.0902146036642404,0.03659852627662222,0.04869669279716706
4,AEBP2(+),0.015026946378106922,0.01583347741666402,-0.07542626694587919,-0.07542626694587919,-2.088383527713803,0.03676325217138599,0.048901863211938124
4,ZNF76(+),0.012926072701571052,0.012696669156987406,0.025833938897545386,0.025833938897545386,2.0881534930466628,0.036783990964156195,0.048915441748784864
4,LCORL(+),0.01994612742318481,0.02065443325126414,-0.050342799550888086,-0.050342799550888086,-2.0779951621457444,0.03770980473564026,0.050060601028022005
4,ZNF217(+),0.0163610265202701,0.01701054439427794,-0.05616604103210802,-0.05616604103210802,-2.0660517622278167,0.03882359229726039,0.05149502747594931
4,ZBED4(+),0.016252838483946843,0.016814181595841558,-0.04898685643130658,-0.04898685643130658,-2.0629416935280793,0.039118168195020085,0.05187093670164667
4,ZNF780A(+),0.016487421808495044,0.017414651927354887,-0.07893581539123931,-0.07893581539123931,-2.0627852699544236,0.03913303414441142,0.0518758400687189
4,ATF7(+),0.021670514798954345,0.02106305683537333,0.041018597461987695,0.041018597461987695,2.0573472504232253,0.039652835309156496,0.052504965795619134
4,MSANTD3(+),0.011897088517947919,0.012769004303715284,-0.10203746607524587,-0.10203746607524587,-2.057411660130025,0.03964664448708123,0.052504965795619134
4,NFE2L1(+),0.017793036401077385,0.018657482713974757,-0.06844161662341791,-0.06844161662341791,-2.0271298965476676,0.04264913012929725,0.056327895777817945
4,ZNF717(+),0.022923302736374374,0.02211306021680265,0.05191622401409383,0.05191622401409383,2.026780243853614,0.0426848917615532,0.05635910239693422
4,ZNF671(+),0.018648472726412256,0.01976106328530707,-0.0836030904719127,-0.0836030904719127,-2.023881807047646,0.04298231426250788,0.05668735086580042
4,ZNF736(+),0.015761625305272257,0.016385493114742567,-0.0560027772599771,-0.0560027772599771,-2.021553856216185,0.04322246320398187,0.05697172008583876
4,ZBED3(+),0.010891935884807668,0.011734703106446876,-0.10752093682152357,-0.10752093682152357,-2.007208894373312,0.044727424966704704,0.058888573971185756
4,EBF4(+),0.00876621398787917,0.00971339768134831,-0.14802211669015544,-0.14802211669015544,-1.9961304248038325,0.045919728115953296,0.06032158854598502
4,ZNF552(+),0.011088924025943537,0.011058548337770473,0.003957370619250393,0.003957370619250393,1.9951182722684149,0.046029981925739864,0.06043224026146457
4,STAT2(+),0.018797845659628044,0.019569751000393945,-0.058058066344849425,-0.058058066344849425,-1.99107886351343,0.04647221777263276,0.060995606542492
4,ZFP14(+),0.015328801582673938,0.014716706830193,0.058790032066398636,0.058790032066398636,1.9903795581253234,0.04654913999805935,0.061079309404233235
4,ZNF658(+),0.009596240591348741,0.008267428146483529,0.2150307025480666,0.2150307025480666,1.9755929297215409,0.04820090006135777,0.06306850162957939
4,POU5F2(+),0.05443808502769708,0.05352587258399529,0.024379907741308365,0.024379907741308365,1.9678913690656816,0.04908053809921179,0.06420137974397037
4,ZFAT(+),0.012388345532367723,0.013519839141845468,-0.1260944489409083,-0.1260944489409083,-1.9472066517964202,0.05150996454762985,0.0672278126787695
4,HES6(+),0.025952151535920325,0.026687608674471605,-0.04031588934260298,-0.04031588934260298,-1.9293559616263283,0.05368668684188672,0.06989200122773649
4,ZNF280B(+),0.017363319966632,0.017933094250955236,-0.04658160992370341,-0.04658160992370341,-1.922822977079542,0.05450228543501312,0.07081485757919886
4,MNT(+),0.022732297462936663,0.023471079189063902,-0.04614067684372654,-0.04614067684372654,-1.917762214402454,0.05514116896354782,0.07156488679398704
4,KLF7(+),0.017691193570527813,0.018037354617196633,-0.02795637942023686,-0.02795637942023686,-1.91246221567154,0.05581693453736975,0.07234086521375069
4,ZNF618(+),0.012192435952402436,0.012023021801068597,0.02018685139493176,0.02018685139493176,1.9121677712976004,0.05585467845883697,0.07236959036019464
4,TRERF1(+),0.010984055335441244,0.01156984227893808,-0.07495839236868117,-0.07495839236868117,-1.9052483285100184,0.05674779871196459,0.07346530797577355
4,ZNF787(+),0.03125718331208091,0.03204654708389549,-0.035981139977945234,-0.035981139977945234,-1.903205620665812,0.05701372003841735,0.07378900239020579
4,PRR12(+),0.019573390912849015,0.02005206584886528,-0.034857163662254394,-0.034857163662254394,-1.9030215929320995,0.05703772773389397,0.07379951123229457
4,PATZ1(+),0.012589266467683793,0.01354134897348169,-0.10517723288605312,-0.10517723288605312,-1.9012181211417192,0.057273448494220884,0.07406324283286636
4,NR2C2(+),0.02501139220824356,0.024285973485379888,0.042462045824264834,0.042462045824264834,1.8906365264532625,0.0586728808371799,0.0758157081699745
4,ZNF569(+),0.018349634198855717,0.017476240124619707,0.07035646545697492,0.07035646545697492,1.8884465964220862,0.05896602085689192,0.07614600135675924
4,ZNF845(+),0.018913448060005958,0.019474415469048597,-0.04216762264585483,-0.04216762264585483,-1.8878853118342638,0.05904134881906163,0.07622208595456956
4,NFATC1(+),0.0164502808738869,0.015687648726184503,0.06848307609337968,0.06848307609337968,1.8790151750693314,0.06024242119416573,0.07768629829175454
4,THAP1(+),0.023904769881061678,0.02428879412311161,-0.022992346987459788,-0.022992346987459788,-1.8769448630650682,0.06052565117598221,0.07802987779973282
4,ZNF511(+),0.026358030506829076,0.026830854268796354,-0.025650413355427733,-0.025650413355427733,-1.8572538955578533,0.0632750404152073,0.08143878158177831
4,AHCTF1(+),0.01566870851539748,0.01649265947388114,-0.07393777898302015,-0.07393777898302015,-1.8567018123567163,0.06335358952762242,0.08151729178831195
4,ZNF775(+),0.009447163096931404,0.010402394632105946,-0.1389625907141482,-0.1389625907141482,-1.8528464313354438,0.06390437299812322,0.08215771175651325
4,SP2(+),0.01702934188861622,0.01646868408584206,0.04829739667580492,0.04829739667580492,1.8305882769429425,0.06716201964082848,0.08606002240873056
4,ZNF681(+),0.034706997851140224,0.034376309043731235,0.013811925169787806,0.013811925169787806,1.8259507780533928,0.06785767647292146,0.08690347593513101
4,ZXDC(+),0.016266145310932845,0.017256250029218653,-0.08524657302147419,-0.08524657302147419,-1.815037933444254,0.06951808019825029,0.08890734650905083
4,ZNF160(+),0.00832080956993067,0.008903349243977919,-0.09762423530331829,-0.09762423530331829,-1.7972424515942755,0.07229713784542136,0.09235979243453857
4,ZNF461(+),0.025125329016417543,0.02596816253892841,-0.04760144470441851,-0.04760144470441851,-1.7723987075431165,0.07632839619743328,0.09710912088114972
4,ZNF544(+),0.02833480187493362,0.02899770267694665,-0.03336349233609305,-0.03336349233609305,-1.7696934998575458,0.07677821332404992,0.09765465522733074
4,ZNF264(+),0.01696541601498249,0.016724512250912066,0.020632668976667913,0.020632668976667913,1.7668042644382629,0.07726101430342781,0.09821494565939305
4,NFYC(+),0.01748273674210952,0.017141744476368622,0.028417103186572177,0.028417103186572177,1.762221973868827,0.07803180086270943,0.09914051285757257
4,ZNF682(+),0.02099953970352263,0.021631013676832584,-0.04274356745271271,-0.04274356745271271,-1.7527077400359015,0.079652186451896,0.10106102323656295
4,HOXA9(+),0.03418918652273197,0.03304128945110376,0.04927010540635786,0.04927010540635786,1.750425796137869,0.08004486799876243,0.10153151607161427
4,ZNF710(+),0.02090587720844815,0.02044916336865706,0.031866758681173314,0.031866758681173314,1.7460275333021456,0.08080616762020099,0.10246919153585411
4,SETBP1(+),0.01384214200126247,0.014358767853136323,-0.052864740962020186,-0.052864740962020186,-1.740092638889924,0.08184275260755051,0.10369874136990512
4,ZKSCAN8(+),0.014164722230995028,0.014618479472551153,-0.04549094449361834,-0.04549094449361834,-1.71651868620138,0.08606715086950381,0.10875460168358139
4,MYPOP(+),0.017560238119431627,0.018158318854472427,-0.0483182293912414,-0.0483182293912414,-1.714006707636207,0.08652749397493954,0.10927683782316318
4,ZNF510(+),0.020523090401963526,0.021903594483421288,-0.09391964711846275,-0.09391964711846275,-1.710620597335901,0.08715117414293029,0.10997479051722663
4,ZFX(+),0.027777819726421345,0.027559195371182184,0.011399599425951463,0.011399599425951463,1.7049709459109337,0.08819984325306758,0.11120745708754042
4,ZBTB40(+),0.014491954895846156,0.01483454548071364,-0.033708501381049756,-0.033708501381049756,-1.70162164115737,0.08882631800369319,0.1119365835939107
4,RFX2(+),0.018485072568812204,0.019030702644418862,-0.041968119721919536,-0.041968119721919536,-1.7011799745964604,0.08890919698759266,0.1120106373765576
4,ZNF430(+),0.010819025796238963,0.011165087858995053,-0.045424002830845536,-0.045424002830845536,-1.6970577533613052,0.08968574227102645,0.11292769662480831
4,KLF9(+),0.015854326670078828,0.016480394865205972,-0.055874198221394,-0.055874198221394,-1.6891445608116769,0.09119173012321256,0.11469959014955926
4,SP1(+),0.026515511587013353,0.027081198562010814,-0.030455006182809333,-0.030455006182809333,-1.6862921309391363,0.09173954595843839,0.11532616805871349
4,KIN(+),0.012610691451366592,0.01248381321887267,0.014588703336822023,0.014588703336822023,1.6696928293582878,0.09498015319603047,0.11917417925325811
4,ZNF354C(+),0.010619027548273466,0.010507269343689982,0.015263867312503926,0.015263867312503926,1.65684769354517,0.09755027171429721,0.12206923817696944
4,ZNF774(+),0.025170608883729184,0.025766437809074283,-0.03375298203989247,-0.03375298203989247,-1.6569397074120262,0.0975316654265779,0.12206923817696944
4,ZNF202(+),0.014125713162027593,0.016217554111524698,-0.19923253293016768,-0.19923253293016768,-1.6563600200508324,0.09764893240616297,0.12212689580684627
4,RUNX1(+),0.011349904187137966,0.011709437562054559,-0.04499165808945173,-0.04499165808945173,-1.65460255519388,0.09800514486665422,0.122539407242425
4,L3MBTL4(+),0.01381220780611845,0.013561498512498738,0.02642734147027992,0.02642734147027992,1.6392270380422183,0.10116598478519731,0.12615194612811853
4,ZNF587(+),0.023158978301552943,0.021902676244318128,0.08046444354083938,0.08046444354083938,1.6383161007603424,0.10135577069129564,0.12635468461112945
4,ZNF500(+),0.019769416639998896,0.020494806384592775,-0.0519880578917066,-0.0519880578917066,-1.6322615883212082,0.10262439139935654,0.12783327917672596
4,ZNF281(+),0.015671551089129484,0.015517730431905219,0.014230406958175757,0.014230406958175757,1.629832422236206,0.10313691932131587,0.12843726280094162
4,ZNF776(+),0.016715462912871813,0.01579432503224295,0.08177701894792559,0.08177701894792559,1.627274436737605,0.10367882462760945,0.12907749675562744
4,ZNF362(+),0.021470876540448755,0.020654983750958898,0.05589116198379869,0.05589116198379869,1.601381734604286,0.10929239576611913,0.13581144417699928
4,ZNF260(+),0.01827362683070308,0.018008328024558623,0.021098756894004162,0.021098756894004162,1.5997530891609322,0.10965336933236101,0.13622356259663465
4,STAT6(+),0.017094676346632674,0.01689126527568862,0.017269707192163825,0.017269707192163825,1.59021125116795,0.11178719524500814,0.138688974869942
4,SP140L(+),0.022477984275356463,0.02309082097013057,-0.038806798892942765,-0.038806798892942765,-1.5781206290630525,0.11453789984930131,0.1417986526652464
4,HOXA1(+),0.023975933517537785,0.023309119955535813,0.040692450814547636,0.040692450814547636,1.572526185958199,0.11582857113918454,0.14332011532805333
4,IKZF5(+),0.024273419449111305,0.023834654612216937,0.026316637805800732,0.026316637805800732,1.5651650766097074,0.11754420787667133,0.14524949337247628
4,ZNF571(+),0.018879428985571593,0.01967760528457408,-0.059739525294035915,-0.059739525294035915,-1.563600840873153,0.11791133728992,0.14562567447797883
4,CXXC1(+),0.025949109242088608,0.025506288066482218,0.024832056303574657,0.024832056303574657,1.5631959798589858,0.11800650542743082,0.14570447041744183
4,NFYA(+),0.02518245044399063,0.02456163586397167,0.03601202277698314,0.03601202277698314,1.562975146578531,0.11805844071330154,0.14572985838779848
4,RORB(+),0.014049686185290185,0.014693903796407455,-0.0646798230092318,-0.0646798230092318,-1.5519794894892218,0.12066713133091896,0.1487128747763647
4,TSHZ3(+),0.02286939851359024,0.02235233522057948,0.03299285828237132,0.03299285828237132,1.5422536237625273,0.12301197380932079,0.15133762555942135
4,SP4(+),0.008493006545783615,0.009085707093826704,-0.09732342338977108,-0.09732342338977108,-1.5378369581534324,0.12408848457402902,0.1525247448654048
4,ZNF830(+),0.029331671777188737,0.029794459260179696,-0.022584762689401565,-0.022584762689401565,-1.533880361878618,0.12505908806144606,0.15359583925050688
4,PBX4(+),0.015688414939231458,0.016101651652243868,-0.03750908163098914,-0.03750908163098914,-1.5321505011817227,0.1254853000385164,0.15407856692543187
4,CREB1(+),0.018387479981251124,0.01885790963722931,-0.036445992171161234,-0.036445992171161234,-1.5283779326406206,0.1264187305442072,0.1551169914214988
4,CAMTA2(+),0.016230453315890524,0.017315155342232984,-0.0933320302449807,-0.0933320302449807,-1.5228478992425665,0.12779676311580315,0.15662690360762682
4,ZNF684(+),0.023903574748221284,0.02451121554865632,-0.036215642445832204,-0.036215642445832204,-1.5204463373176211,0.1283988360516707,0.15732329028225017
4,ZNF219(+),0.021785891498338296,0.02129351111327492,0.03298029214517824,0.03298029214517824,1.5179803656858764,0.12901934843098176,0.15800023028260224
4,KAT7(+),0.022946901521577558,0.02338956489395427,-0.027565660613232734,-0.027565660613232734,-1.5057609241673804,0.13212855780549174,0.16172256943518026
4,ZNF559(+),0.03537781219747656,0.036581162238910864,-0.048256078128328016,-0.048256078128328016,-1.5015466890653688,0.13321422019712398,0.16287971908808657
4,ZNF273(+),0.02260925773421161,0.023568581293181082,-0.059951286874533716,-0.059951286874533716,-1.4857755122862257,0.1373385093685286,0.1677458259313214
4,ZNF256(+),0.0166099336121752,0.01728599006148797,-0.057556926422590894,-0.057556926422590894,-1.4846529431105808,0.13763578308055657,0.16806472460809288
4,ZNF630(+),0.022798500119953713,0.02373514911038372,-0.058086195973340374,-0.058086195973340374,-1.4779727363768247,0.13941507580340415,0.17014793145213145
4,MTF1(+),0.021281552281726054,0.02076608872949924,0.03537387182159672,0.03537387182159672,1.4759668340793606,0.13995279594094462,0.17075932155127077
4,HDX(+),0.022179213968550483,0.02256889911130403,-0.025127808591682645,-0.025127808591682645,-1.4684493011572137,0.1419822181253804,0.17309905595600839
4,ZSCAN2(+),0.044594079576646024,0.04330786874249248,0.04222300948254695,0.04222300948254695,1.4644190937889145,0.14307947424736947,0.17429954311015766
4,ZNF121(+),0.01665469061572835,0.01653739745159699,0.010196343180359996,0.010196343180359996,1.4639498230679482,0.1432076587208965,0.17440995667502995
4,RXRB(+),0.020342552658601333,0.02015285707390066,0.013516340217818671,0.013516340217818671,1.4612630181557487,0.14394327470429222,0.17516806680676902
4,TMF1(+),0.016983848889117893,0.017372752366327123,-0.03266289624561972,-0.03266289624561972,-1.454858853022561,0.1457083410975577,0.17722315904638794
4,ZNF726(+),0.01104992662995423,0.011681457630665094,-0.08018350980450674,-0.08018350980450674,-1.4491171877307376,0.14730485885015307,0.1789775227201049
4,BHLHE40(+),0.02798557950413318,0.028348826250923092,-0.018605380412931236,-0.018605380412931236,-1.4326835111102303,0.15194830377090146,0.18442640998584722
4,ZNF2(+),0.018657926090167053,0.01898570585205857,-0.02512500199073895,-0.02512500199073895,-1.430447574145626,0.15258860232429927,0.1851551875121134
4,ZNF282(+),0.01941000153861198,0.01810019964416131,0.10079461679440682,0.10079461679440682,1.429371011903409,0.15289762558111922,0.18548171084468498
4,ZNF564(+),0.016739420322131167,0.016528310539775656,0.018310302397144453,0.018310302397144453,-1.4255156308821366,0.154008205038079,0.18678018600571197
4,NR1H2(+),0.03645733021838397,0.036843774584262426,-0.01521195408661706,-0.01521195408661706,-1.415863376248927,0.15681550961176308,0.18993690799130103
4,ZNF782(+),0.01415878636150196,0.014761499943358717,-0.060141711334145094,-0.060141711334145094,-1.4070300450307371,0.15941847979052248,0.1928884705983269
4,ZNF75D(+),0.017138573592648955,0.017731568941576965,-0.049073151006659294,-0.049073151006659294,-1.4061651146822893,0.15967510053272616,0.19314865676419607
4,ZBTB37(+),0.013777966003881096,0.014048689607212221,-0.028072643789324163,-0.028072643789324163,-1.3918477569994732,0.16396850475949953,0.19792975691472853
4,ZNF714(+),0.01709967483896408,0.016991561615347137,0.009150441082477059,0.009150441082477059,1.3897314380617818,0.16461044452605778,0.19860143242169825
4,TCF20(+),0.015213322287817169,0.015760499590972827,-0.05097802066770006,-0.05097802066770006,-1.3809349123903345,0.16729897416366302,0.20163563440327315
4,ZNF136(+),0.014202418623835604,0.014101547570487177,0.010283136523518316,0.010283136523518316,1.3786989754257302,0.16798758554502535,0.20241305703155452
4,ZNF382(+),0.015774602600085345,0.014721813794614331,0.09964822523618057,0.09964822523618057,1.3670960268151702,0.17159520849535737,0.2063852261680308
4,ZNF746(+),0.019543803077855162,0.02023817216066566,-0.05036776204097463,-0.05036776204097463,-1.360250195121073,0.17375076322241023,0.20871845207659712
4,ZNF93(+),0.020399375459302833,0.01995540139241519,0.03174568401970008,0.03174568401970008,1.3596245008264514,0.17394878079368603,0.2088914391899358
4,MAX(+),0.016161083991159644,0.016395828164080237,-0.020804804874621153,-0.020804804874621153,-1.3532755440133772,0.17596761908858405,0.2110430133401686
4,ZNF490(+),0.012793149014284792,0.012599938564736983,0.021954724011395154,0.021954724011395154,1.3392342279311296,0.18049443292350242,0.21619304820259638
4,ZNF543(+),0.01212682178300718,0.011590245735535697,0.06529033606566595,0.06529033606566595,1.3376423880345183,0.18101303971698057,0.21675833191167176
4,ZNF169(+),0.016298141580511825,0.016042827088506725,0.02277906915747415,0.02277906915747415,1.3253585368092229,0.18505226235515027,0.22136692213228765
4,RELA(+),0.025308394888376613,0.024925316652323084,0.022004177919256393,0.022004177919256393,1.310654720885611,0.18997444272827646,0.22678778886477619
4,XPA(+),0.021957252429733235,0.021710832885475633,0.016282463920938423,0.016282463920938423,1.3098265960839057,0.19025450367489738,0.22706376402104275
4,ATF2(+),0.011434069532673962,0.011822483860582433,-0.04819419945810331,-0.04819419945810331,-1.308961665735458,0.19054733628707166,0.22729645019348946
4,ZNF696(+),0.04533501816223619,0.044600446237006715,0.023567717687696266,0.023567717687696266,1.307388228612218,0.19108089313968957,0.22787438989315997
4,FAM200B(+),0.020821972678769195,0.020638116051736686,0.01279547526912373,0.01279547526912373,1.3021526395881033,0.192864211473595,0.22994205911058746
4,ZNF628(+),0.03372511666658101,0.0344520885639763,-0.03076801018096615,-0.03076801018096615,-1.2849828520327466,0.19879827639907666,0.23653124843076617
4,HOXA10(+),0.021604610917333428,0.021968437429035224,-0.02409300697766377,-0.02409300697766377,-1.2724137578201973,0.20322614841347642,0.24155206227753273
4,HIF1A(+),0.01574558348307128,0.015540224999583284,0.01893982711273907,0.01893982711273907,1.2713647997380373,0.2035988992339306,0.2419332020827853
4,TRPS1(+),0.017197532314675884,0.017096867642286993,0.008469536277701322,0.008469536277701322,1.2579675807237827,0.20840348097771044,0.24732605241222919
4,CEBPD(+),0.0408056419375031,0.040805366428296755,9.740738754197139e-06,9.740738754197139e-06,1.2405585571146,0.21476886962065855,0.2546200610995301
4,GTF2IRD2(+),0.013471676619252547,0.012768035231936115,0.07739286923923343,0.07739286923923343,1.222468630890682,0.2215304594647437,0.2618343471281767
4,ZNF486(+),0.016024896355923617,0.015686575826160384,0.030784558766863517,0.030784558766863517,1.215070715995448,0.2243391213861573,0.2648170822970014
4,ZNF829(+),0.013069427221220188,0.012978173409464827,0.010108566393444708,0.010108566393444708,1.2101939810520723,0.22620446715393416,0.2668155789563292
4,PREB(+),0.021579483293998822,0.021207670170381086,0.02507418155977439,0.02507418155977439,1.2071759262191908,0.2273643995132808,0.2680476232840582
4,TBX19(+),0.00929056825785072,0.009706362699032125,-0.06316392206094637,-0.06316392206094637,-1.2060165514968033,0.22781110858543052,0.2684380008572615
4,ZNF573(+),0.005276128497780979,0.005831763430700158,-0.14445246971263664,-0.14445246971263664,1.2006613444457757,0.22988259461624694,0.27074154462283645
4,CC2D1A(+),0.012053260543774763,0.012350560381097957,-0.03515303508061499,-0.03515303508061499,-1.1975880812927804,0.23107741837771956,0.27201079786226745
4,HIVEP1(+),0.01616497822105474,0.01624713176402612,-0.007313485952840095,-0.007313485952840095,1.177142600077345,0.23913859436320883,0.2810014598576031
4,CREB3(+),0.026612644297430432,0.026946041426128615,-0.01796147805288745,-0.01796147805288745,-1.165972116641009,0.24362571922616894,0.2856806894401959
4,ZNF257(+),0.011506022634751631,0.010582573712283497,0.12069866478169636,0.12069866478169636,1.1556941677131778,0.2478062746093499,0.2904517147515595
4,ZNF607(+),0.014545324650511502,0.014810758227459251,-0.02609000096736484,-0.02609000096736484,-1.1516731617315643,0.2494554047917299,0.29223716399939104
4,ZNF71(+),0.018889753588869882,0.0185570968584509,0.025632853441620987,0.025632853441620987,1.1482778500445725,0.25085388003983966,0.29372731857450346
4,CREBL2(+),0.0176594612226047,0.017998841641607376,-0.027462731845941068,-0.027462731845941068,-1.1458762881196272,0.2518463437310734,0.294592361276967
4,MXD3(+),0.060686858452128366,0.06191198069909381,-0.02883447526607524,-0.02883447526607524,1.1325894857455998,0.257386686069381,0.3006188475716054
4,NFIA(+),0.019863693407572866,0.02099303508587118,-0.07977685759388045,-0.07977685759388045,-1.1289917435515244,0.2589013166544145,0.30223589240003906
4,ZBTB24(+),0.020691904969700272,0.020195401425118064,0.035039646332715814,0.035039646332715814,1.1248879250897406,0.2606365293797712,0.30395598266860085
4,ZNF212(+),0.014703890146813108,0.01535505995588048,-0.06251624799556381,-0.06251624799556381,-1.1249063278631117,0.2606287302414594,0.30395598266860085
4,SCML4(+),0.0169960993361796,0.01756191563488073,-0.04724653751627105,-0.04724653751627105,-1.1242346266350618,0.26091350339582076,0.30420261628353096
4,TTF1(+),0.020276824618490265,0.02049495868741369,-0.015437339317986734,-0.015437339317986734,-1.1223391409778252,0.2617182700324949,0.30498779836952805
4,ZBTB49(+),0.016582398436545215,0.01667694013723907,-0.008201919085625434,-0.008201919085625434,1.118667787690265,0.2632818923396548,0.30665606567645354
4,MBNL2(+),0.018366715078636846,0.01832996962709064,0.0028892253332775814,0.0028892253332775814,1.116689489552858,0.264127113351721,0.30748632619517396
4,POGK(+),0.020765907209390103,0.02010278389443612,0.04682159448475257,0.04682159448475257,1.1124568516774753,0.2659417723344709,0.3095213060620439
4,ZNF688(+),0.019967869444771955,0.019644636589679812,0.023544926111549718,0.023544926111549718,1.1035683121391717,0.2697804433257771,0.3134392594417795
4,ELF4(+),0.025154382483818936,0.025647367856763185,-0.02800099786347682,-0.02800099786347682,-1.0959403625767974,0.2731048739860149,0.3170637689740163
4,ZNF691(+),0.027056501227445327,0.02759065300663843,-0.028204309961023587,-0.028204309961023587,-1.0908703985130237,0.2753299140533333,0.31932770306560126
4,ZNF827(+),0.01695060687415576,0.017154541842421395,-0.01725366801740778,-0.01725366801740778,1.0770683184846022,0.2814497455240763,0.3260184708128016
4,LIN54(+),0.018474820749610033,0.01912095576185458,-0.04959426884789212,-0.04959426884789212,-1.0728172778358482,0.2833531070864872,0.3280596167539215
4,TCF3(+),0.01662933044019742,0.016927460374877617,-0.02563545912341823,-0.02563545912341823,-1.071363458739521,0.2840060364910565,0.3287122969215174
4,ZMAT1(+),0.010965071575053708,0.01144049624134432,-0.061234396835260656,-0.061234396835260656,-1.0639839466176584,0.2873359719610882,0.33209146299060827
4,UBP1(+),0.017700954352838586,0.017316990235360527,0.031638938502855915,0.031638938502855915,1.0538256157167398,0.29196276346546357,0.3366849643240016
4,ZNF451(+),0.009841300980658373,0.010123426453842257,-0.040776722611513355,-0.040776722611513355,-1.0515620745920788,0.2930005155959944,0.33771399378247985
4,STAT5B(+),0.01105914479035721,0.0110857465254433,-0.003466100215579678,-0.003466100215579678,-1.0473754436501241,0.2949264528271369,0.3396809752992936
4,TRAFD1(+),0.038695782123188804,0.03933910978488735,-0.023787990431713292,-0.023787990431713292,1.0474398533569236,0.29489675892810974,0.3396809752992936
4,ZNF707(+),0.010644224481556788,0.010853085883818846,-0.02803446177915879,-0.02803446177915879,1.0450198886586068,0.29601377750558955,0.340848784460452
4,NFAT5(+),0.025270273878992194,0.025688045975174125,-0.02365585103046042,-0.02365585103046042,-1.0430047849744573,0.2969460766299472,0.34183755289866286
4,ZNF326(+),0.015610197442540046,0.015467420775246312,0.01325613979693906,0.01325613979693906,1.0392506192067266,0.2986881941614391,0.34358758342741075
4,NAIF1(+),0.023425501180592355,0.023934117367460803,-0.03098868843335653,-0.03098868843335653,-1.0382568694446803,0.2991504827776522,0.3440341650166364
4,KDM5B(+),0.012368772719207298,0.012294562933060261,0.00868190794515764,0.00868190794515764,1.0366006198412696,0.29992202431204595,0.3447507554886052
4,ZNF189(+),0.01807193173521195,0.018554580427074842,-0.03802464957705021,-0.03802464957705021,-1.033058085967308,0.30157671656936147,0.3463956104017517
4,ZNF528(+),0.02056664082574269,0.020827719058240712,-0.018198674828175148,-0.018198674828175148,-1.0268103444077759,0.30450977746010277,0.3495916748151699
4,ZNF529(+),0.01223598857472738,0.01243143169984089,-0.022861791123825234,-0.022861791123825234,-1.0264054833936087,0.3047004944453616,0.3497241899428477
4,ZNF667(+),0.017288038228465554,0.017107212210859722,0.015169489035471821,0.015169489035471821,1.0252645114445926,0.30523839607248426,0.3502550271138067
4,ZFP62(+),0.01938351008285266,0.019641189061260205,-0.019052424553425575,-0.019052424553425575,-1.0225224982122796,0.3065336698898822,0.3515676287996303
4,HIC2(+),0.01866666361051712,0.019180261138957422,-0.039158270443056205,-0.039158270443056205,-1.0122169451243912,0.31143433587800184,0.35692388111357476
4,ZSCAN30(+),0.011535337724331176,0.012139739287036697,-0.07367718943678322,-0.07367718943678322,-1.0103306608538403,0.3123368961550441,0.35774568247112265
4,CREB3L2(+),0.014946028462249749,0.014798599525171563,0.014301521872414865,0.014301521872414865,1.0022242391838139,0.3162353034155392,0.3617015741930055
4,ZNF680(+),0.019854432191363496,0.019724840186130094,0.009447490604642747,0.009447490604642747,0.9968138238126727,0.31885488699847,0.3641703836016457
4,ZNF319(+),0.008414940901229163,0.008535759717900809,-0.020566422929909404,-0.020566422929909404,-0.9849808405349725,0.3246334821822897,0.3704969348247508
4,ZNF646(+),0.013509575817090502,0.01401772985449232,-0.05327034594372412,-0.05327034594372412,-0.983057750717679,0.325579016427641,0.37148477801679985
4,ZNF275(+),0.02649433165094116,0.026718164981968374,-0.012137191432828352,-0.012137191432828352,-0.9805089666057638,0.3268349457349974,0.3726431818701676
4,ZNF606(+),0.013089200292347192,0.013460167725402653,-0.04031942826672569,-0.04031942826672569,-0.979883272311142,0.3271437409538329,0.37289604791261644
4,HSF2(+),0.021155294828019127,0.021507585779215695,-0.02382679883109845,-0.02382679883109845,-0.9771780646255713,0.3284810055582308,0.3741525921574257
4,ZNF341(+),0.02331380521837128,0.022627713091841258,0.043093711170147514,0.043093711170147514,0.9699457746906783,0.33207352173099347,0.3776889100001138
4,SETDB2(+),0.01172319785482262,0.011911046407710412,-0.0229339983771156,-0.0229339983771156,-0.9687219902614916,0.3326839177044264,0.3781054068355911
4,ZBTB39(+),0.015020704111540226,0.014904408525227725,0.011213317799038842,0.011213317799038842,0.9500983836098079,0.34206226445897836,0.3880994671255385
4,ZBTB18(+),0.009292208279198048,0.008845650888815549,0.07105317926882529,0.07105317926882529,-0.9481292868590865,0.34306364043541515,0.3891405640592194
4,ZNF766(+),0.020469341997302912,0.02019214156031408,0.019670795882282703,0.019670795882282703,0.9372072408632621,0.348651965887398,0.39518994181233863
4,ARID2(+),0.02265965795829355,0.02283906448205845,-0.011377472523445691,-0.011377472523445691,0.9352933524326543,0.34963714020591197,0.39611329664791733
4,ZNF154(+),0.015517139112109179,0.016045613405241414,-0.04831634716181434,-0.04831634716181434,-0.9349344983519153,0.3498220569081436,0.3962261532158808
4,ZNF548(+),0.01715736799310868,0.016898601547851087,0.021924392996588184,0.021924392996588184,0.9317140130119502,0.35148434260887274,0.398011889668019
4,ZNF836(+),0.009376727437793825,0.009308903589448251,0.01047323997450705,0.01047323997450705,-0.930168180048767,0.3522840142143755,0.39882019157342774
4,ZNF677(+),0.01622280367507201,0.015524583548901627,0.06346859983391452,0.06346859983391452,0.9264232156677219,0.35422608383867527,0.4007258059986962
4,ZNF174(+),0.015058699624065584,0.0152219144316118,-0.01555262108332162,-0.01555262108332162,0.921840925098286,0.3566115569526812,0.4033261948003906
4,ZNF561(+),0.020603539414197618,0.0211666071632154,-0.038897839080876705,-0.038897839080876705,-0.9179395371435853,0.35865052109760853,0.4054348188119717
4,HOXB3(+),0.011159944092032076,0.010842314642628125,0.041657016454021006,0.041657016454021006,0.9168997804481109,0.35919515903735455,0.40587531597975735
4,ZNF14(+),0.013510949886209876,0.013541650485943886,-0.003274481426473018,-0.003274481426473018,0.9133572465741494,0.3610546833682525,0.40775565384039214
4,ZNF250(+),0.01808434061477207,0.018166362582392594,-0.006528584049429261,-0.006528584049429261,0.9069530814409617,0.36443160901474736,0.4112693935552725
4,ZBED5(+),0.016772914331572634,0.016690113209918405,0.007139641151863208,0.007139641151863208,0.9042846793021335,0.3658444685065748,0.4126633210813599
4,LCOR(+),0.019339124099163666,0.019245631973408336,0.0069914078456529884,0.0069914078456529884,0.8965923200329599,0.3699364976434243,0.4169752563828454
4,PRDM4(+),0.016070326638845014,0.01625132357211065,-0.01615796778363515,-0.01615796778363515,-0.8773062135399119,0.38032033821047095,0.4276417262134199
4,IRF9(+),0.02695432550448015,0.02651842454945804,0.023521739672874888,0.023521739672874888,0.8649027442877035,0.3870921712309796,0.43494028431734405
4,ZNF383(+),0.012944813972615207,0.012643089328325223,0.03402520211924591,0.03402520211924591,0.8642586472197106,0.3874458213976254,0.4352323676885055
4,ZNF235(+),0.015471564338317506,0.0153251499908876,0.01371788096980087,0.01371788096980087,0.8490579564150754,0.3958490436733403,0.44434963940615413
4,ZNF283(+),0.012820749412841701,0.012622650895866078,0.022465668680528898,0.022465668680528898,0.8486438940142228,0.39607947465479565,0.44450088421636286
4,SNAI3(+),0.014336488474355388,0.014619749152221093,-0.028226856577967013,-0.028226856577967013,-0.8482666371601126,0.3962894933901985,0.4446291538158145
4,TSHZ1(+),0.014255278710872305,0.014485363557186173,-0.023099646285761923,-0.023099646285761923,-0.8391756671147255,0.4013707397708429,0.44989553239275226
4,GLI1(+),0.018847917742868717,0.019187641936463294,-0.025772273189209067,-0.025772273189209067,-0.8369581329234924,0.402616101926654,0.4510737562588779
4,MEF2D(+),0.027084579832925407,0.02738248344367044,-0.015781586372939773,-0.015781586372939773,-0.8339860850240389,0.40428882512728614,0.452316458106552
4,ZNF81(+),0.01355230824892115,0.013449130602237881,0.01102567855722036,0.01102567855722036,0.8339492794772965,0.40430956599750356,0.452316458106552
4,ETV1(+),0.014344562462060676,0.014848906801976753,-0.04985275453738851,-0.04985275453738851,-0.8306091761104184,0.4061944492852557,0.45409704378580334
4,ZBTB17(+),0.01347340203637932,0.013645527732510121,-0.018314012146639958,-0.018314012146639958,-0.8228524071344454,0.4105919300846279,0.45868194209790686
4,TERF2(+),0.025494490253896544,0.02594741296652077,-0.02540521133586836,-0.02540521133586836,-0.8225395599871346,0.4107698812266094,0.4587704011295024
4,ZFP57(+),0.01459304139033305,0.014159463567933224,0.04351397916045329,0.04351397916045329,0.8076793204898671,0.4192752111412118,0.46703437787792057
4,ZNF266(+),0.017696341783744362,0.017780018721010014,-0.006805687944062537,-0.006805687944062537,0.8054433835252628,0.4205638652291591,0.4683575051521084
4,ZNF248(+),0.02325322803436235,0.024728555384584,-0.08874695143967234,-0.08874695143967234,-0.8049281058708684,0.4208611684286766,0.46857625296049926
4,PKNOX1(+),0.018323468322121894,0.01830854930979931,0.0011751241945726094,0.0011751241945726094,-0.8032718562674578,0.4218176210626168,0.4693036766073904
4,ZNF519(+),0.03656306392248061,0.036198453289797074,0.014458916204011844,0.014458916204011844,0.8025725508793511,0.42222183898618426,0.4696409104623625
4,ZNF557(+),0.02519587811991534,0.024864412212622908,0.019105410178912638,0.019105410178912638,0.797254149375066,0.4253034432557977,0.4727290006994928
4,THAP9(+),0.009491918140258508,0.009694838878852084,-0.030517260246439065,-0.030517260246439065,-0.7962788023863908,0.4258700035557801,0.47313230483535
4,ZNF44(+),0.014282957244332598,0.01420001979064934,0.008401775050085533,0.008401775050085533,0.7963524134798757,0.4258272289281414,0.47313230483535
4,MBD3(+),0.01970359854431898,0.019995454273052264,-0.021212918061436183,-0.021212918061436183,-0.7893777623721799,0.4298912491123914,0.47737146835454414
4,FLI1(+),0.013496503383026572,0.013371601055367154,0.013413469772256794,0.013413469772256794,0.7889176930378993,0.4301601139472778,0.47755586263984356
4,RFX8(+),0.009730748418548797,0.010524560504800957,-0.11313730183538534,-0.11313730183538534,-0.7856143952177637,0.4320934284159841,0.4795747258375752
4,ZNF84(+),0.013522153498840925,0.013739231989070618,-0.022976430012081276,-0.022976430012081276,-0.7854579716441082,0.4321851027677266,0.4795747258375752
4,ZNF317(+),0.028551536156400936,0.02891285542583137,-0.018142726492471842,-0.018142726492471842,-0.778207278935844,0.43644682636649157,0.48337994956422353
4,ZNF32(+),0.03374474863960227,0.03364037325031709,0.0044692943559637155,0.0044692943559637155,0.7716374888423153,0.44032916402345135,0.48733118105526124
4,IRF8(+),0.0162385479977901,0.016425196184985783,-0.016487964574072176,-0.016487964574072176,-0.7689874894768584,0.44190073739251434,0.4888625472984965
4,ZNF79(+),0.015247990188813952,0.01539081869168186,-0.013450878772354196,-0.013450878772354196,-0.7616999912218516,0.44623908058558504,0.49281515200191217
4,RLF(+),0.021296774629111843,0.021737320701348116,-0.02953917367962213,-0.02953917367962213,-0.7530322849640028,0.45143051362206665,0.4981930947432881
4,ZNF841(+),0.014381269351133196,0.01458808218655663,-0.020599211553634377,-0.020599211553634377,-0.7333413174567879,0.4633502808379928,0.5100147048560371
4,ZNF268(+),0.012814300354863202,0.011944040994310746,0.10146368098254487,0.10146368098254487,0.7307097208647021,0.4649564766996792,0.5115402260232141
4,ZNF320(+),0.01265587022159615,0.012632801334885946,0.0026321173084069885,0.0026321173084069885,0.7232289934892975,0.4695392088275291,0.5162152958589047
4,ZNF142(+),0.014644622661828473,0.015009550434034607,-0.035509742876747886,-0.035509742876747886,-0.7171836824368488,0.4732607663471544,0.5198146747889648
4,ZNF808(+),0.011745564894095062,0.011565384977250594,0.02230280863798346,0.02230280863798346,0.713981599870255,0.4752385573779869,0.521740273935417
4,FOXK1(+),0.015028098393738963,0.01502318126105278,0.00047212116185567246,0.00047212116185567246,0.7090496566067657,0.4782936624448735,0.5247222631215015
4,ZFP82(+),0.020956031718289327,0.020986184763026466,-0.0020743612130998406,-0.0020743612130998406,-0.7090680593801368,0.47828224288349563,0.5247222631215015
4,FOXP4(+),0.022162067697538746,0.022458930072100907,-0.019196709928824142,-0.019196709928824142,-0.7087000039127123,0.4785106624205506,0.5248363699984552
4,BNC2(+),0.013074610924998068,0.013527524919406363,-0.049129879943162535,-0.049129879943162535,-0.7040349008631057,0.48141103912926986,0.5277682975585222
4,ZNF621(+),0.02084686755986706,0.021182549986266345,-0.02304565111848022,-0.02304565111848022,-0.7033447968616846,0.48184089984898215,0.5281149079279194
4,CASZ1(+),0.028535990869170996,0.028781213726677312,-0.012344773237993783,-0.012344773237993783,-0.6996826449608101,0.4841255171768587,0.5302435810626052
4,HMG20B(+),0.021933299327363848,0.022175853039934492,-0.015866754666833575,-0.015866754666833575,-0.6956156320457685,0.48666957388423715,0.5327787345492061
4,ZNF512(+),0.01542092596423686,0.015547105985812637,-0.011756658435643315,-0.011756658435643315,-0.6858621621590172,0.49280003255027094,0.5384747473996726
4,RFX5(+),0.015821102963318803,0.015543193633277956,0.025567216453373145,0.025567216453373145,0.6798444552666253,0.49660295483436045,0.5422474671381298
4,PRDM10(+),0.012353052703962364,0.01224871995319408,0.012236616797638895,0.012236616797638895,0.667919458122069,0.5041850059927302,0.5497510217925426
4,ZNF33A(+),0.011294018352410392,0.011469669345563718,-0.02226491836195667,-0.02226491836195667,-0.6634107786461179,0.5070675045200728,0.5526345749638053
4,TET1(+),0.01642944182919306,0.016703641528238194,-0.02387918740539864,-0.02387918740539864,-0.6510073093939095,0.515041768503697,0.560536320220167
4,SREBF1(+),0.0413448045866416,0.04257144091099506,-0.04217986983749125,-0.04217986983749125,-0.6380885624873068,0.5234160314424408,0.5685845336880583
4,BRF2(+),0.01634836923056992,0.01576727393731762,0.05221348031550123,0.05221348031550123,0.6259427320622957,0.5313525047018012,0.5766664449392211
4,FOXJ3(+),0.016506158796056655,0.01666956086706311,-0.014211673597156384,-0.014211673597156384,-0.6169805814305073,0.5372475341054228,0.5826558010552624
4,ZNF117(+),0.017277670502121697,0.01746413974392786,-0.015486862449340243,-0.015486862449340243,-0.6165389148695978,0.5375388964197549,0.5828357081862189
4,ZFP30(+),0.01617401212928888,0.01610923469485737,0.005789640896810249,0.005789640896810249,0.6159316233483472,0.5379396491586131,0.5831341120984266
4,ZFP90(+),0.01696359504580372,0.016622413552231687,0.029312072050351717,0.029312072050351717,0.6148734638795015,0.5386382886085591,0.5837552147892574
4,ZNF649(+),0.02300075478996336,0.023193095256345952,-0.01201416328537211,-0.01201416328537211,0.6119934298469042,0.5405421045187802,0.5855452601421953
4,MXI1(+),0.01370733152060634,0.013725638714175165,-0.0019255442734445309,-0.0019255442734445309,-0.5988630510465324,0.5492642125689062,0.5940238107992013
4,ZNF408(+),0.007915012320936783,0.007511301082313887,0.07552875817602125,0.07552875817602125,0.5854198250988496,0.5582654615953966,0.6029163146037241
4,ZSCAN9(+),0.015534708433287369,0.016088984116355363,-0.050578067550840565,-0.050578067550840565,-0.5764484730803755,0.5643120884641253,0.6085975507118323
4,ZNF226(+),0.015529271880741706,0.015465435429998241,0.005942734304397276,0.005942734304397276,0.5612937892091684,0.5745972748336536,0.6181112416865033
4,IRF5(+),0.03583447443635186,0.03630079677654154,-0.018653018684997493,-0.018653018684997493,-0.5483750423025657,0.583434409794718,0.6267467237503388
4,ZNF512B(+),0.021317133041950015,0.01972972054257949,0.11164289504355643,0.11164289504355643,0.5454029944031122,0.5854763814398724,0.6287948651533427
4,ZNF689(+),0.02236748301186935,0.023233085070899214,-0.054777816151741716,-0.054777816151741716,-0.5372229616396009,0.5911136122967007,0.634262584688883
4,PLAGL1(+),0.013895762395213045,0.0141976025069764,-0.031002335270014465,-0.031002335270014465,-0.532401435016339,0.5944479915022232,0.6372515394709962
4,ETV7(+),0.029585735920306902,0.029596807755363143,-0.0005397970476993121,-0.0005397970476993121,-0.5294385885035712,0.5965012351732177,0.6390102023476929
4,ZNF664(+),0.018562698879051383,0.018930765879339666,-0.028326294723712602,-0.028326294723712602,0.5273406723392511,0.5979570347161929,0.6404220489409075
4,ZNF525(+),0.014712307795124618,0.01469323381150281,0.0018716161692976588,0.0018716161692976588,0.5244514369199681,0.5999645885281013,0.6422759884104703
4,IRF3(+),0.02535676474665862,0.025520735774070005,-0.009299238186494765,-0.009299238186494765,-0.5222247013420493,0.6015138893966214,0.6434896398542853
4,RFX3(+),0.015719720486612628,0.016108509428714418,-0.03524743570511034,-0.03524743570511034,-0.521230951580003,0.6022058950197373,0.6440815985186921
4,ZNF692(+),0.024659708884866162,0.024858873552991722,-0.011605155182318772,-0.011605155182318772,-0.4904615145033082,0.6238073566893605,0.6658054163194117
4,NR4A3(+),0.05649287643818984,0.05790541658875778,-0.03562934648856884,-0.03562934648856884,-0.48768269572425266,0.6257746105253524,0.6672917965771952
4,BAZ2A(+),0.014093021169120692,0.014054666093426529,0.003931740984411228,0.003931740984411228,0.4863760988148954,0.626700533484007,0.6681257695738381
4,ZMAT4(+),0.011843860412705028,0.011683090219128325,0.019717468300048592,0.019717468300048592,-0.4801283572553632,0.6311361254851864,0.6720832881427535
4,ZSCAN25(+),0.018747278186804568,0.019034316214656424,-0.021921588622178512,-0.021921588622178512,-0.4787021423190929,0.6321505415370241,0.6728550104123459
4,ZNF410(+),0.01541724395590983,0.015391859383673075,0.0023773624300050763,0.0023773624300050763,0.4720679425187649,0.6368782934949118,0.6771113923744255
4,ZBTB5(+),0.013221871260403067,0.013097896928622059,0.01359118830911728,0.01359118830911728,0.47147905377088556,0.6372986742255193,0.6772483051424244
4,ZNF799(+),0.015386027454465835,0.015729200066492026,-0.03182451224979142,-0.03182451224979142,-0.4676880824564124,0.6400076648077642,0.6799715468966296
4,ZBTB45(+),0.028815027546539782,0.02853394900506057,0.014141973412637206,0.014141973412637206,0.4657281870923765,0.6414100736599251,0.6811499296182789
4,ZNF805(+),0.01932505794808931,0.019441125722719232,-0.008639018790741996,-0.008639018790741996,-0.46506568725101227,0.6418844171855829,0.6814978555033216
4,ZNF155(+),0.012802979840258598,0.012880794124852709,-0.008741909767331973,-0.008741909767331973,-0.4636302709280564,0.6429126627196009,0.6824335736591742
4,NFYB(+),0.02603213760344765,0.025851580107529568,0.010041317661253012,0.010041317661253012,0.4563795782197922,0.6481170483745492,0.6874865699245903
4,ZNF251(+),0.016070867772668748,0.016096808409341315,-0.0023268347678551756,-0.0023268347678551756,0.45417124541524473,0.6497055774523072,0.6886997734518409
4,NFKB1(+),0.03762390506420517,0.03830146769310541,-0.02575007890037096,-0.02575007890037096,0.44850319121690624,0.6537900835841595,0.6925552880840183
4,USF3(+),0.017185170045320802,0.01771659518765654,-0.04393724077543386,-0.04393724077543386,-0.4460556223585328,0.6555570677689997,0.6942687140417245
4,SKIL(+),0.025791077431430064,0.026148819398101632,-0.019873766966228917,-0.019873766966228917,0.44121569296189955,0.6590568533294996,0.6976570382214051
4,ZNF415(+),0.018712997680589753,0.018775500301830037,-0.004810664886532243,-0.004810664886532243,0.4129306302903207,0.6796574387591692,0.7178282862747478
4,SREBF2(+),0.016203093849777354,0.016272151039221208,-0.006135664819208971,-0.006135664819208971,-0.40820111753391486,0.683126027783043,0.7208360742962823
4,RARG(+),0.01991841610677783,0.02032505572105674,-0.029156375749182797,-0.029156375749182797,-0.4079066731599752,0.683342193377676,0.7209004061411095
4,ZNF227(+),0.020037820088008914,0.020120528727029297,-0.005942650016609376,-0.005942650016609376,-0.3950615373468574,0.6927974736173518,0.7293844662177241
4,ZNF540(+),0.01607437262268713,0.016114503956617284,-0.003597348463114825,-0.003597348463114825,0.3911969549388993,0.6956516589386903,0.7318917227112608
4,ZNF565(+),0.0164616275712599,0.01655397692250777,-0.008070867852787184,-0.008070867852787184,-0.38437872740485896,0.7006977648666552,0.73686690464243
4,HOXA7(+),0.01642485067692551,0.015846601002141664,0.051706827055260064,0.051706827055260064,0.38349539428303997,0.7013524845483502,0.7373884768508571
4,ZNF16(+),0.011421748995956557,0.011871232874354922,-0.05568618211956138,-0.05568618211956138,0.3819311585464855,0.702512427926314,0.7381068146839467
4,ZNF567(+),0.011511620846807135,0.01153566268068254,-0.00300990301401007,-0.00300990301401007,-0.37851744408612253,0.7050462375628062,0.7404340432917103
4,ZNF518B(+),0.028594513217287867,0.028484320842697936,0.005570337478282421,0.005570337478282421,0.37796536088498567,0.7054563265256928,0.7406972506129844
4,HOXB7(+),0.01969540392661944,0.01951146410138499,0.013536965357366343,0.013536965357366343,0.3718556401257377,0.7100003345112678,0.7449630796938872
4,SRCAP(+),0.027038877387944513,0.027099855253678837,-0.003249891312835447,-0.003249891312835447,0.3690032102531972,0.7121253319418277,0.7465182051161791
4,ZNF654(+),0.023258964552863724,0.023106757979446203,0.00947201665310465,0.00947201665310465,0.35591883838625343,0.7219013474117906,0.7559133811379096
4,ZBTB21(+),0.020416410110584215,0.02074301889166233,-0.02289666050835341,-0.02289666050835341,-0.3556980051057987,0.7220667391546067,0.755916160327507
4,ZNF623(+),0.016467258070472595,0.016904861874223673,-0.037837871223956876,-0.037837871223956876,-0.34025807824733756,0.7336621843551535,0.7663280517943981
4,ZNF429(+),0.018943294258238066,0.018808634187164847,0.010292148686941328,0.010292148686941328,-0.33278655225861864,0.7392954099675775,0.7715181261063575
4,ZNF526(+),0.018970681400770188,0.01865123266476757,0.024500516280057935,0.024500516280057935,-0.33293377444558847,0.7391842740845533,0.7715181261063575
4,ZSCAN16(+),0.04747821561314043,0.04745858307409411,0.0005966867836478796,0.0005966867836478796,-0.3244316931480807,0.7456112285607637,0.7777597477351779
4,PCGF6(+),0.031319817545636806,0.03155768374144866,-0.01091551032445171,-0.01091551032445171,-0.3192053055106517,0.7495708340365479,0.7815390626486566
4,ATF6B(+),0.04676760732761528,0.04573889529057417,0.03208809893517004,0.03208809893517004,-0.31822995852197655,0.7503105094361456,0.7821250937677904
4,ARID3A(+),0.012353480365684738,0.012528526693568081,-0.020299215782606742,-0.020299215782606742,-0.31778829196106706,0.7506455323565101,0.7821329066388492
4,CENPB(+),0.019287189251484163,0.019207742437295564,0.005954949215102922,0.005954949215102922,0.31436537611401844,0.7532435499758801,0.7840406299229532
4,FOXO4(+),0.017533255034266143,0.015653194078389096,0.16363677302988283,0.16363677302988283,0.3142641608604767,0.7533204157903424,0.7840406299229532
4,SOX13(+),0.010536730966331006,0.010628716959735137,-0.0125401134888218,-0.0125401134888218,-0.3144665913675602,0.7531666866071393,0.7840406299229532
4,ZFP37(+),0.013042043292200524,0.01262479069074849,0.046910440833988876,0.046910440833988876,0.31231346688312644,0.7548023064703885,0.7852310668656113
4,PBX2(+),0.01870303991522263,0.01902654938787852,-0.024741161208780955,-0.024741161208780955,0.3021459345955224,0.7625408170410326,0.7918459731569106
4,ZNF23(+),0.010063537808603872,0.009936971264958351,0.018259469635822242,0.018259469635822242,0.3019435040884389,0.7626951310880555,0.7918459731569106
4,TIGD7(+),0.0164722720931247,0.01643250763370633,0.0034869106143630476,0.0034869106143630476,-0.3005909002456536,0.7637264712882359,0.7927395439405264
4,ZGPAT(+),0.03058185028181825,0.03277586754047893,-0.09995826815781479,-0.09995826815781479,-0.2960730193830169,0.7671743181620321,0.7956072131865682
4,ZSCAN21(+),0.012050100607348511,0.010991698494973641,0.13263084383750035,0.13263084383750035,0.2940579156988673,0.7687136482716802,0.7968477786703759
4,ZNF506(+),0.022708661858390877,0.022801272144688915,-0.0058716226361364325,-0.0058716226361364325,-0.2848473276265672,0.7757611113030762,0.8032262440903495
4,USF2(+),0.023669084914599316,0.02374445233350959,-0.004586550374033955,-0.004586550374033955,0.28008100932341895,0.7794153542209727,0.8057832896408677
4,TIGD1(+),0.010228489218706586,0.01027843513342253,-0.007027563732950643,-0.007027563732950643,-0.2788112179608041,0.7803897050226154,0.8066110769537269
4,RUNX2(+),0.01245521296065606,0.012661529694209096,-0.02370202248678922,-0.02370202248678922,0.2618254581391598,0.7934560107895557,0.8192049722421619
4,ZNF513(+),0.014555903425927086,0.014073610718600853,0.04861186788722586,0.04861186788722586,-0.2546391751376949,0.7990017989222495,0.824197947144981
4,GMEB2(+),0.013228127064825694,0.01313636124182043,0.01004310198087457,0.01004310198087457,0.24810619059090863,0.8040522459463793,0.8288554554862254
4,HOXB2(+),0.019921649300841917,0.019561313352510004,0.026333854308861614,0.026333854308861614,0.24760011432319984,0.8044438222626256,0.8288912055035261
4,ZNF318(+),0.013663037460406988,0.013711726762430687,-0.005132017426129204,-0.005132017426129204,0.24142598385715253,0.8092249760514159,0.8332631376100259
4,ZNF91(+),0.02185997035568032,0.02163662970845993,0.014815652746157707,0.014815652746157707,-0.23826990822398678,0.8116717590628012,0.8354122137927569
4,KCMF1(+),0.021986981700430726,0.021943883875976167,0.0028306765147612404,0.0028306765147612404,0.23567511717864348,0.8136847796787936,0.8372985825449704
4,TGIF2(+),0.009497005168283999,0.009441847082980421,0.00840352009399152,0.00840352009399152,0.23481938821688134,0.8143489188190672,0.8377963959943671
4,ZNF704(+),0.010384683671175388,0.010867478887895183,-0.06556001595991741,-0.06556001595991741,-0.23272147205256125,0.8159776946624828,0.8391003745200869
4,ZNF253(+),0.016743041028259246,0.01680665311640765,-0.0054708664836831105,-0.0054708664836831105,0.22993345188682004,0.8181434818002419,0.8411413176100317
4,ZNF462(+),0.02166922355160587,0.02219947214458326,-0.0348779113026304,-0.0348779113026304,-0.22328084931312078,0.8233169310906681,0.845898505842989
4,NCOA2(+),0.01793040553677919,0.018007199069369727,-0.0061656758883836945,-0.0061656758883836945,0.19058832241913257,0.8488481398489498,0.8702051665412429
4,ZNF764(+),0.01944958341236217,0.01979837206783619,-0.02564255279307291,-0.02564255279307291,0.18810394801401667,0.8507951662756889,0.8716240730812913
4,ZNF280C(+),0.009622057172125041,0.009538744558456418,0.012545971843259441,0.012545971843259441,0.17972148474342187,0.8573712256897488,0.8770924470340505
4,ZNF790(+),0.01236445319984885,0.012584150387655433,-0.025409374920821338,-0.025409374920821338,-0.1742098541187388,0.8617005414898309,0.8810475490249317
4,CEBPG(+),0.019315493916936922,0.019308718575911085,0.0005061462674081373,0.0005061462674081373,0.16913068866827963,0.8656938465734276,0.8847410159149772
4,ZNF350(+),0.020621279419593685,0.020981677807165842,-0.024996201377599316,-0.024996201377599316,0.16665551564984932,0.867641109292128,0.886341093613797
4,ZKSCAN5(+),0.018878260060207392,0.01866513697653041,0.016379705974251944,0.016379705974251944,0.1538655881568452,0.877715717613546,0.8954512427662906
4,ESR2(+),0.011914875525178246,0.012357441068391293,-0.052616142307345515,-0.052616142307345515,0.14645847187492556,0.8835594709970432,0.9006218439283006
4,CEBPA(+),0.03366898458818771,0.03087505501829372,0.12497850064686589,0.12497850064686589,0.14150812583806496,0.8874685411487109,0.9044079362956915
4,ATMIN(+),0.014568314742847777,0.014958417766450115,-0.03812358234201915,-0.03812358234201915,0.14097444541029933,0.8878901303129103,0.9044407138823396
4,ZSCAN12(+),0.014090790655510716,0.013397884232843235,0.07274736927109274,0.07274736927109274,0.1253044838846979,0.9002825025374646,0.9160596329214726
4,HOXA3(+),0.011197205768087014,0.01076783391510243,0.05641068861861829,0.05641068861861829,0.11667358317359151,0.9071187248477309,0.9211994921114365
4,PURB(+),0.015353217399199749,0.01572024429756799,-0.0340826190404595,-0.0340826190404595,0.11364632695402435,0.9095181616260826,0.9234342865034215
4,CARF(+),0.017346708332059372,0.017429103585003825,-0.006836443600491333,-0.006836443600491333,0.10670848139307104,0.9150202538505764,0.9288175435174667
4,ZNF445(+),0.016219256545588125,0.016345853762988957,-0.011217040867640242,-0.011217040867640242,-0.10363521824007581,0.9174588380202525,0.9308819482931577
4,SP110(+),0.023322679200950103,0.02376071391492002,-0.026844654738759348,-0.026844654738759348,-0.10286230175848418,0.9180722577819055,0.9311016675539194
4,ZNF34(+),0.01078671064854465,0.010973317316004047,-0.024744737396264434,-0.024744737396264434,0.09792115710830922,0.9219948997787674,0.9340602637889583
4,KMT2A(+),0.028384391414402157,0.02842822284903375,-0.002226104343840763,-0.002226104343840763,-0.09688140041283479,0.9228205796359525,0.934285438624455
4,ZNF831(+),0.016076705779960322,0.01677467247633924,-0.06131277516191626,-0.06131277516191626,0.08475397276119491,0.9324569862300849,0.9422810572028678
4,NRF1(+),0.01459916333480588,0.014574822690349867,0.0024073592658353424,0.0024073592658353424,0.08407307014645944,0.9329983357318885,0.9423838000199734
4,NR1D2(+),0.017438399880664056,0.01762128596241603,-0.015051545102861129,-0.015051545102861129,-0.06184251991401487,0.9506882422747852,0.9576983052193401
4,ZNF417(+),0.011508861859364493,0.011582852678060192,-0.009245441096039999,-0.009245441096039999,-0.055079500700088234,0.9560751274206741,0.9624986924293523
4,ZNF438(+),0.016980619481023394,0.017178442994718737,-0.01671018789559531,-0.01671018789559531,0.05421457035164047,0.9567642122953243,0.9629836979657165
4,FOXO1(+),0.014932031319560843,0.015134807628825563,-0.01945989681947807,-0.01945989681947807,0.0508008558912775,0.959484208856911,0.9648850725569066
4,ZNF592(+),0.010027072086265585,0.010521846921634808,-0.06948756010671911,-0.06948756010671911,0.04329252435581609,0.9654683503369468,0.9700628352401293
4,ZNF398(+),0.014729148900106629,0.015034711582948501,-0.029623121377134104,-0.029623121377134104,-0.010195136447660836,0.9918655989494122,0.9933625931694738
4,ZNF439(+),0.013846327487941758,0.013939038715985468,-0.00962769500402174,-0.00962769500402174,0.0070298594278094565,0.9943910298961852,0.995462571954263
4,ZNF594(+),0.0174867024451335,0.016938962051686445,0.04591278092921165,0.04591278092921165,-0.00011961802691298815,0.99990455862336,0.99990455862336
5,E2F8(+),0.0863189765157258,0.03276944250954691,1.3973266023510096,1.3973266023510096,19.14150144563109,1.1393895676076792e-81,4.1026856911144726e-80
5,MYBL2(+),0.10934956599536089,0.04751911576865598,1.2023675812596468,1.2023675812596468,18.949494000843494,4.4584968143681335e-80,1.5455013210999984e-78
5,FOXM1(+),0.11526684690271961,0.05654356134386195,1.027542953165465,1.027542953165465,18.400527920989475,1.3009117450709406e-75,4.138859627297616e-74
5,MXD3(+),0.1293920813149481,0.060291348488034004,1.1017264130994304,1.1017264130994304,18.187998379758742,6.424383149744263e-74,1.9377441383481886e-72
5,TFDP1(+),0.05163966962290084,0.03317973694946833,0.6381773065613795,0.6381773065613795,17.64905134227201,1.0347981366147729e-69,2.895564665407e-68
5,DNMT1(+),0.09839970642256972,0.05772796716617247,0.7693835777854316,0.7693835777854316,17.47824361031955,2.098643451160892e-68,5.7342346062602016e-67
5,CENPA(+),0.09659214656763168,0.04177293216293743,1.2093374617975257,1.2093374617975257,17.430810462880213,4.815858322541105e-68,1.2930440409366146e-66
5,PHF19(+),0.12479040008764682,0.06899131642458362,0.8550202510866132,0.8550202510866132,17.3075326807088,4.1272585161552e-67,1.0770289779517362e-65
5,E2F1(+),0.09780842387127628,0.0575779510473435,0.7644422636364632,0.7644422636364632,17.026805889741304,5.1964271278390865e-65,1.2571564587923206e-63
5,HMGA1(+),0.0960100964001521,0.05429798661104867,0.8222874123857804,0.8222874123857804,16.890459791438644,5.288922964794213e-64,1.2598485728958522e-62
5,PA2G4(+),0.11715437725678295,0.07657404911202702,0.6134834004933379,0.6134834004933379,15.988165164332438,1.5451531353570238e-57,3.204123354345257e-56
5,HMGN3(+),0.10161788877138464,0.06485263211455254,0.6479173537369801,0.6479173537369801,15.931777800284657,3.8135845961980705e-57,7.7693423023421215e-56
5,YBX1(+),0.12960016091084473,0.08954819892526888,0.5333311836645945,0.5333311836645945,15.91391776823862,5.0736736432064614e-57,1.0291359857071622e-55
5,PIN1(+),0.10732529158474587,0.072529249145936,0.5653552672054706,0.5653552672054706,15.502169007762678,3.353763020674136e-54,6.410793922235128e-53
5,ARID5B(+),0.01486347018465307,0.029965820159161844,-1.011546829626455,-1.011546829626455,-15.481259701952686,4.6429163234897944e-54,8.802590335759221e-53
5,KLF9(+),0.0070946436259993455,0.016570284365986312,-1.2237961222645277,-1.2237961222645277,-15.327343978629129,5.021010338667111e-53,9.366503222132018e-52
5,AKNA(+),0.026434362364819993,0.04798574560888125,-0.8601913583837826,-0.8601913583837826,-15.319551390121239,5.660684359808986e-53,1.0517551540525096e-51
5,MAF(+),0.007687286861074619,0.017952784143833847,-1.2236610787116036,-1.2236610787116036,-15.09830963813634,1.661380655962513e-51,2.901170355994689e-50
5,CAMTA1(+),0.07582970717389272,0.04955075348154711,0.6138561461147952,0.6138561461147952,15.036259337098352,4.248904686052359e-51,7.3096897284123e-50
5,RUNX1(+),0.004421097132073278,0.011800786158096209,-1.4164064338607762,-1.4164064338607762,-14.976967902799185,1.0384783032289657e-50,1.7604860286491043e-49
5,DRAP1(+),0.12026307572702796,0.08523501333395765,0.4966756601293597,0.4966756601293597,14.952041299808105,1.510471565925701e-50,2.551323790445411e-49
5,STAT6(+),0.007594111672840829,0.0171204403353084,-1.1727665830933338,-1.1727665830933338,-14.934810482983204,1.9562948439101982e-50,3.2923875181024895e-49
5,ZNF207(+),0.09069582804482884,0.07278476266783823,0.31739972827880614,0.31739972827880614,14.81617921321401,1.1515058612712727e-49,1.8967179878032132e-48
5,PRDM1(+),0.04789744671535032,0.08429442802590544,-0.8154885054464792,-0.8154885054464792,-14.730896350164919,4.0825471562387604e-49,6.584524840530917e-48
5,KLF3(+),0.02315832765174706,0.05454295497192005,-1.2358617526082345,-1.2358617526082345,-14.68859372683637,7.628046148545329e-49,1.2176039298966686e-47
5,GTF3A(+),0.11854678921298219,0.08561216915123046,0.4695687989239592,0.4695687989239592,14.688109715127805,7.682720569689532e-49,1.2221314056920507e-47
5,ZEB2(+),0.0339532347972754,0.06019547794302801,-0.8261060634829,-0.8261060634829,-14.547988325498341,6.01458807470101e-48,9.100248080451528e-47
5,ZNF565(+),0.0050220085224122035,0.016779595503921715,-1.7403713546843154,-1.7403713546843154,-14.52649820563807,8.232251705685703e-48,1.2415197783412366e-46
5,L3MBTL3(+),0.10099847159731801,0.0678416912832492,0.5740894123252557,0.5740894123252557,14.482065930791837,1.5729733266045115e-47,2.3418144557942166e-46
5,PRDM10(+),0.005087335000734533,0.012416340648844728,-1.287257873054934,-1.287257873054934,-14.454065853451372,2.363141479662074e-47,3.506962355600746e-46
5,MAZ(+),0.06298245650442606,0.048178245689221466,0.3865681591707559,0.3865681591707559,14.432115922467965,3.249568562089166e-47,4.791824117747357e-46
5,FOXO3(+),0.006654318363070856,0.01918186070901547,-1.5273797361670773,-1.5273797361670773,-14.42645298547776,3.5276190206294316e-47,5.185376693298642e-46
5,ELK3(+),0.004149234088463916,0.013168179132667978,-1.6661386709580583,-1.6661386709580583,-14.34567143131832,1.1339745882688765e-46,1.630746737618864e-45
5,NR1D2(+),0.007911878832332905,0.01779335813538753,-1.169246477452055,-1.169246477452055,-14.341266924770382,1.2082932890077631e-46,1.7322599776052654e-45
5,ZNF276(+),0.014154840970115214,0.02612572635951766,-0.884175560893413,-0.884175560893413,-14.311597007035369,1.8521075429838276e-46,2.6470890883568858e-45
5,ZNF808(+),0.004724775856155824,0.011739198460484164,-1.3130159292630819,-1.3130159292630819,-14.187448003788537,1.0957421579013836e-45,1.5218151665155732e-44
5,TRPS1(+),0.008828955726442057,0.017287020750428476,-0.9693744624093481,-0.9693744624093481,-14.16126297035519,1.5910867619977136e-45,2.1737052969057e-44
5,CARF(+),0.006446453440447741,0.01764492018777749,-1.4526751868838,-1.4526751868838,-14.154002794726722,1.76422587835788e-45,2.403175719933241e-44
5,THYN1(+),0.06099875392962471,0.04346700406580202,0.4888591000993348,0.4888591000993348,14.1523571549176,1.806006718833376e-45,2.452895090345331e-44
5,NFXL1(+),0.0070579549988225914,0.022302819186513945,-1.6599038090254776,-1.6599038090254776,-14.148291456565659,1.9134992743251487e-45,2.5837802701279983e-44
5,KLF2(+),0.0527090741030892,0.08843051105211207,-0.7464928657947627,-0.7464928657947627,-14.143451339480013,2.0497957227212908e-45,2.7597974295769263e-44
5,ZNF44(+),0.006158643634123876,0.01438241576439234,-1.2236213315643933,-1.2236213315643933,-14.134884332238418,2.3151407496481865e-45,3.1080430006115107e-44
5,SOX4(+),0.007398553931861244,0.016374027869879036,-1.146093924528813,-1.146093924528813,-14.118524736488933,2.9204111072590966e-45,3.886908192899285e-44
5,ZNF37A(+),0.012178224007590879,0.021726884552995714,-0.835177511925929,-0.835177511925929,-14.110296537443334,3.281950237141166e-45,4.343207650005902e-44
5,ZNF90(+),0.05448472247505254,0.08380866845189103,-0.6212477077410137,-0.6212477077410137,-14.090694063246465,4.332821637771349e-45,5.717601280524976e-44
5,ZNF14(+),0.004610277960888236,0.013723335594498039,-1.5737053371088348,-1.5737053371088348,-14.087596388311653,4.5270941758430505e-45,5.940212555590669e-44
5,FOXP1(+),0.015398193456083571,0.024852520239398018,-0.6906310228379405,-0.6906310228379405,-14.077770950627789,5.202501843835215e-45,6.80721720129988e-44
5,SATB1(+),0.010929681976577982,0.019306934508573223,-0.8208676356370979,-0.8208676356370979,-13.99781221637291,1.6074324736058336e-44,2.062575646380966e-43
5,ZNF790(+),0.004391541095869712,0.012718216595063767,-1.53409695898927,-1.53409695898927,-13.98508270843766,1.9225321606936097e-44,2.4600996932291506e-43
5,ZNF600(+),0.007497028898991485,0.0204411532615762,-1.4470856031085464,-1.4470856031085464,-13.964221803798525,2.577048871957727e-44,3.2795594548612716e-43
5,ZNF394(+),0.004950706464214652,0.01331897289028954,-1.427776331211605,-1.427776331211605,-13.959236483200309,2.7637876875267235e-44,3.507593936765473e-43
5,NFIL3(+),0.01640429209548163,0.026162659191374622,-0.6734358143484279,-0.6734358143484279,-13.930147379515574,4.154972418715032e-44,5.2588138651039026e-43
5,ZSCAN29(+),0.010437085216044672,0.02656276869313718,-1.3476865816759132,-1.3476865816759132,-13.903575136715375,6.025485981054168e-44,7.58492747479583e-43
5,ZNF611(+),0.006304820408438706,0.014384470145400872,-1.189984770221631,-1.189984770221631,-13.899993450071996,6.334716202402712e-44,7.952636962205568e-43
5,ZNF571(+),0.008954322510043853,0.01976620065042136,-1.1423793165446665,-1.1423793165446665,-13.894911327132068,6.800768163761819e-44,8.514708388321738e-43
5,PBX4(+),0.008209523562043698,0.016196497989344947,-0.9803114172586735,-0.9803114172586735,-13.869694317115849,9.668796522089587e-44,1.2008438461258324e-42
5,ZNF277(+),0.01031106906097678,0.01783612260483697,-0.7906080424100682,-0.7906080424100682,-13.861853327437103,1.0785309681729729e-43,1.3323873263732605e-42
5,TFCP2(+),0.00452467836703053,0.01261952158349,-1.4797698648806692,-1.4797698648806692,-13.852899110828657,1.2217954501883693e-43,1.5053686647546353e-42
5,ZNF91(+),0.01287264747146312,0.021858038072098296,-0.7638550697011077,-0.7638550697011077,-13.846461755104746,1.3363431006836765e-43,1.6421464821893325e-42
5,ZNF773(+),0.003182078748566642,0.013811706540321754,-2.117849793163983,-2.117849793163983,-13.830029557598976,1.6795148939186755e-43,2.058402818536213e-42
5,NCOA1(+),0.014755353962328086,0.02511385922046689,-0.767245173135126,-0.767245173135126,-13.827343292616444,1.7434131753678082e-43,2.1310932104167025e-42
5,NCOA3(+),0.006867729264002093,0.013738316096581174,-1.0003000066020147,-1.0003000066020147,-13.797044159660297,2.655182833649123e-43,3.2201891024282446e-42
5,KDM2B(+),0.013678440312766538,0.026524922102107548,-0.9554447272092533,-0.9554447272092533,-13.73799473121541,6.0117904077932825e-43,7.21570192356584e-42
5,ETV3(+),0.007349057420755253,0.014376429750287306,-0.9680742157019417,-0.9680742157019417,-13.71268091885748,8.524875919991772e-43,1.0205682641330356e-41
5,RUNX3(+),0.05284562515475619,0.07119027929890955,-0.42989621182405613,-0.42989621182405613,-13.672459545875757,1.4829662135443378e-42,1.7617335196709588e-41
5,FOXJ3(+),0.008689629262816993,0.016808755187651996,-0.9518462742696664,-0.9518462742696664,-13.670136289674648,1.531081537914147e-42,1.8142535060232685e-41
5,FOXO1(+),0.008771032743435644,0.015233480548369654,-0.796426909317772,-0.796426909317772,-13.639691953205931,2.3254078146687666e-42,2.727656388670813e-41
5,ZNF250(+),0.008175097793578027,0.01836149574446133,-1.1673755950269857,-1.1673755950269857,-13.583014182133011,5.0504472808108096e-42,5.864831904841553e-41
5,ZNF326(+),0.00937493742177807,0.015619213720075732,-0.7364408021415147,-0.7364408021415147,-13.572462726886302,5.832878472883314e-42,6.739731469289302e-41
5,ZNF793(+),0.00790397194843849,0.01818242170740889,-1.2018945291057674,-1.2018945291057674,-13.567767813313225,6.218715950128467e-42,7.167725952443357e-41
5,RUNX2(+),0.005649207456521829,0.012773172499027801,-1.1769963652163216,-1.1769963652163216,-13.488051084912628,1.8389763861337922e-41,2.0834256862418205e-40
5,ZNF10(+),0.019010150058295105,0.037414642713314024,-0.9768330409338588,-0.9768330409338588,-13.467577389640343,2.426991806474366e-41,2.7429140975847762e-40
5,KLF13(+),0.05064165298250793,0.07185002423225573,-0.5046641386286175,-0.5046641386286175,-13.461720847966712,2.627253792340563e-41,2.9548653427171707e-40
5,GLYR1(+),0.006828935767040072,0.013871747943760483,-1.0224168131003668,-1.0224168131003668,-13.454363869996529,2.9022619636494477e-41,3.2562818408578945e-40
5,ZBTB10(+),0.0124782160964571,0.025963500425253968,-1.0570731427922102,-1.0570731427922102,-13.442747588990978,3.395894092571672e-41,3.800946520480823e-40
5,NFE2L2(+),0.03680111242258011,0.05649732200672784,-0.6184330945502369,-0.6184330945502369,-13.38907069051116,7.00517524453889e-41,7.76588043219168e-40
5,ZNF407(+),0.014769535006514735,0.022230283906304205,-0.5899019345374782,-0.5899019345374782,-13.360610802047558,1.0271780616384772e-40,1.130626089173158e-39
5,ZNF669(+),0.005028417798132786,0.01490688364217509,-1.567802066851178,-1.567802066851178,-13.343186380539231,1.2979098641802915e-40,1.4218847450748712e-39
5,KMT2A(+),0.019784370641436136,0.028601656680421726,-0.5317375188778307,-0.5317375188778307,-13.321889865362387,1.7268028270996816e-40,1.8828636459807562e-39
5,ZNF683(+),0.1294487230939097,0.09356998825458464,0.46826295257376926,0.46826295257376926,13.319324603306994,1.7871692379159887e-40,1.944122039840695e-39
5,ADNP2(+),0.007713016259159969,0.015243468952940374,-0.9828241043574169,-0.9828241043574169,-13.30567547312547,2.1454536300298054e-40,2.3175888631368478e-39
5,PURA(+),0.008787682646649952,0.015524938986102965,-0.8210328521879725,-0.8210328521879725,-13.26351805330949,3.7679600681571855e-40,4.051429286247715e-39
5,ZKSCAN1(+),0.01725270718484126,0.027531641711325987,-0.6742678509956095,-0.6742678509956095,-13.2384946479767,5.259240141528322e-40,5.6288411192163725e-39
5,ZNF141(+),0.009393399217408394,0.018499878142253807,-0.9777964623763747,-0.9777964623763747,-13.229008018488832,5.9669692862660405e-40,6.371625824070289e-39
5,ZNF829(+),0.00449313278384166,0.013171269121048285,-1.5516005489701261,-1.5516005489701261,-13.206283668771722,8.07119580766096e-40,8.59878544187733e-39
5,ZNF646(+),0.005095696346758052,0.01411797865334482,-1.4701821492097196,-1.4701821492097196,-13.185301761205444,1.0662648496266556e-39,1.1256364151172308e-38
5,HIVEP2(+),0.024080194755185406,0.03524729892158011,-0.5496656255192732,-0.5496656255192732,-13.154760622395015,1.5978875666044114e-39,1.6679073588488744e-38
5,ZNF644(+),0.011424554469883646,0.01962636392189062,-0.7806549591584128,-0.7806549591584128,-13.140337073479788,1.933634729956664e-39,2.0003860402335641e-38
5,PPARA(+),0.004816510968279284,0.011137622494392315,-1.2093807727197177,-1.2093807727197177,-13.130366432283356,2.2058654050211603e-39,2.2769432902940644e-38
5,MYBL1(+),0.023508293196643566,0.04100956629550494,-0.80279066314056,-0.80279066314056,-13.12005698289093,2.527448297780191e-39,2.585902498499777e-38
5,SP4(+),0.0032523121160802867,0.009106933247694297,-1.4854993084520292,-1.4854993084520292,-13.120153785232644,2.5242219183059445e-39,2.585902498499777e-38
5,ZNF235(+),0.0071456059720395445,0.015521238317945496,-1.119115287357395,-1.119115287357395,-13.117007709126973,2.6312052902939337e-39,2.685347511603745e-38
5,ZNF33B(+),0.006245440887632275,0.013370962001317295,-1.0982278182639778,-1.0982278182639778,-13.094355961166148,3.546699512525025e-39,3.5891980905618175e-38
5,YBX3(+),0.010790089437338873,0.02121175832235345,-0.9751573274011054,-0.9751573274011054,-13.04629359850568,6.671491981964417e-39,6.678681089703603e-38
5,SKIL(+),0.014226399939498646,0.026337451283299083,-0.8885450668713232,-0.8885450668713232,-13.022141414248303,9.156647593725218e-39,9.127173406191767e-38
5,ZNF511(+),0.037463378091168516,0.026527891806898768,0.4979709501150608,0.4979709501150608,12.993052310563568,1.339752641623522e-38,1.3268978721409937e-37
5,ZNF717(+),0.009480000470694187,0.02251530170266573,-1.2479466857958772,-1.2479466857958772,-12.94402192448597,2.5397722883209614e-38,2.4994157371294207e-37
5,PPARD(+),0.01045949105510111,0.016301468117624566,-0.6401891969733311,-0.6401891969733311,-12.93279285284727,2.9394384062420923e-38,2.8866155173349933e-37
5,BACH2(+),0.02331701553668586,0.034479248370898996,-0.5643451622768365,-0.5643451622768365,-12.932357242309562,2.956143072850297e-38,2.8968954796180655e-37
5,HES4(+),0.008892925613248765,0.01996589385995474,-1.1668075488701486,-1.1668075488701486,-12.923693432726255,3.308694564648376e-38,3.235555000587728e-37
5,ZBTB7A(+),0.0213685753378622,0.028639512656883838,-0.42251620068038104,-0.42251620068038104,-12.920353751937158,3.4554911249501805e-38,3.3720076208810057e-37
5,BACH1(+),0.010661074445146636,0.017807220140845247,-0.7401094194764518,-0.7401094194764518,-12.915900844218363,3.661337488159611e-38,3.5653904889940026e-37
5,ZNF607(+),0.006369018713479,0.01494225578798463,-1.2302548179727095,-1.2302548179727095,-12.914255204409244,3.7404578256530866e-38,3.6348172803679053e-37
5,L3MBTL4(+),0.004811932188325218,0.013787262090331733,-1.5186475793236542,-1.5186475793236542,-12.912633765185552,3.820076627763139e-38,3.7044375649185346e-37
5,ZNF675(+),0.007100317214043428,0.015015466263934924,-1.080493782334887,-1.080493782334887,-12.910818721278435,3.9112020930487756e-38,3.784902858794076e-37
5,FLI1(+),0.007607515471944484,0.013513480142002852,-0.8289019105699061,-0.8289019105699061,-12.906656220584779,4.1284254744130734e-38,3.978534508018408e-37
5,LEF1(+),0.005348921474373881,0.014096945372879161,-1.398062486359151,-1.398062486359151,-12.900557673056865,4.46851645019989e-38,4.297362093411696e-37
5,ZNF33A(+),0.005586428545366546,0.011562901509804312,-1.049505174305792,-1.049505174305792,-12.884682089015945,5.490126594716969e-38,5.2472506239630295e-37
5,ZNF569(+),0.00877697940854124,0.01780690358720143,-1.0206401592797567,-1.0206401592797567,-12.870790952980139,6.572562354606744e-38,6.268901876211154e-37
5,ZFPM1(+),0.015171186277764008,0.026891079733885416,-0.8257937438124735,-0.8257937438124735,-12.866918859311621,6.910420822576435e-38,6.57764441001384e-37
5,RBCK1(+),0.09124096233404938,0.06923453720635199,0.39818976143086665,0.39818976143086665,12.844267111350796,9.262495441982103e-38,8.798423584459483e-37
5,NFAT5(+),0.01743105502413964,0.025789756168021864,-0.5651382142408362,-0.5651382142408362,-12.834683679521216,1.0483025678349732e-37,9.93748046447643e-37
5,ZHX2(+),0.021279571635916556,0.030638499160829464,-0.5258764980362832,-0.5258764980362832,-12.823599811395086,1.2095187296384938e-37,1.1442392055337685e-36
5,TBPL1(+),0.008466917950578065,0.01595073880866282,-0.9137143548748341,-0.9137143548748341,-12.82340620671166,1.212543410902362e-37,1.144769134886478e-36
5,ZNF844(+),0.007950406679446817,0.016993186617818998,-1.0958557560328461,-1.0958557560328461,-12.82176056690254,1.2385586483626934e-37,1.1669584019563308e-36
5,ZNF821(+),0.0055801026278789355,0.013090400382685718,-1.2301455147583786,-1.2301455147583786,-12.821324956364831,1.2455374156085514e-37,1.171158156984154e-36
5,PRDM2(+),0.012237240803591794,0.020070004377555063,-0.713762582863927,-0.713762582863927,-12.818953298992865,1.2842243051085223e-37,1.2050953327735528e-36
5,ZNF266(+),0.010043495635694687,0.01792768476711452,-0.835927636992528,-0.835927636992528,-12.80932146599243,1.454004221106015e-37,1.3589234621805712e-36
5,BNC2(+),0.004608823577910767,0.013637103329307336,-1.565066576747747,-1.565066576747747,-12.79642255395918,1.716796354480459e-37,1.6013090495103878e-36
5,RLF(+),0.015576524250484931,0.02179128823841484,-0.4843781145709748,-0.4843781145709748,-12.787831346132158,1.9175022421889854e-37,1.784929441877322e-36
5,BCL11B(+),0.014230149964285357,0.022377662937731906,-0.6531084703508458,-0.6531084703508458,-12.78095837987054,2.0947230692397447e-37,1.9421135043150925e-36
5,ZNF184(+),0.004354736802886868,0.011398876674363036,-1.3882340221934824,-1.3882340221934824,-12.75811302722629,2.8092390799732393e-37,2.5942177985041146e-36
5,STAT4(+),0.026151582694145303,0.03453891423026468,-0.40132445639877024,-0.40132445639877024,-12.754386137070343,2.946869658357156e-37,2.7159145958470215e-36
5,ZNF780A(+),0.006776163980079463,0.017479513678403013,-1.3671242230548784,-1.3671242230548784,-12.735824288046889,3.738764390983373e-37,3.4389228903203497e-36
5,ZNF382(+),0.0035144567157911117,0.015135489613614635,-2.106561438217867,-2.106561438217867,-12.712349720181503,5.0494049257431855e-37,4.589918958919197e-36
5,ZNF512(+),0.009121957063758327,0.0156600965004716,-0.7796777520979787,-0.7796777520979787,-12.705597756847027,5.5047195051629825e-37,4.994027754195713e-36
5,ZNF345(+),0.009050582367115811,0.021881072707312113,-1.273600842022813,-1.273600842022813,-12.704000518208762,5.618263441280064e-37,5.087102082796471e-36
5,ZEB1(+),0.019315920650429204,0.027978535364162574,-0.5345299762952539,-0.5345299762952539,-12.702064471374504,5.7590173492254445e-37,5.204403810729998e-36
5,SKI(+),0.018953963063063416,0.02711469794018908,-0.5165755443619807,-0.5165755443619807,-12.69911199995226,5.980443058748932e-37,5.394011263667726e-36
5,MTERF2(+),0.007635059018112322,0.016196487045239513,-1.084969618198558,-1.084969618198558,-12.69582072033402,6.2372641894517314e-37,5.614746542636297e-36
5,SCML4(+),0.011811631363792237,0.017585976988311897,-0.5742172095929023,-0.5742172095929023,-12.69553031330888,6.260444365476868e-37,5.6247125875512674e-36
5,ZNF460(+),0.008635652458443789,0.023062101810359413,-1.4171468089222148,-1.4171468089222148,-12.667844843578983,8.912960117984033e-37,7.977013438927905e-36
5,TMF1(+),0.010192676822985766,0.017456837821128186,-0.776259205071168,-0.776259205071168,-12.664456761619032,9.306235165269273e-37,8.31297352743765e-36
5,SP100(+),0.07175055859799062,0.06153344098619387,0.22161938912474385,0.22161938912474385,12.662181906588778,9.57992062731429e-37,8.541023284812836e-36
5,KLF12(+),0.022261878153554286,0.03144511420327552,-0.49826054355498567,-0.49826054355498567,-12.646935537768991,1.1632414921601591e-36,1.0351066534643561e-35
5,TCF12(+),0.016080147425241956,0.023315819717671337,-0.5360284903409706,-0.5360284903409706,-12.638174925843972,1.300373528603106e-36,1.1549206578128925e-35
5,ZBTB37(+),0.0064010483677956614,0.01416266876246064,-1.1457129087009534,-1.1457129087009534,-12.627042656546985,1.4980311442199997e-36,1.327930279561431e-35
5,ZNF251(+),0.006412096289581132,0.016295068763914063,-1.3455673081655526,-1.3455673081655526,-12.571986324697756,3.0106351104393954e-36,2.6535863544574937e-35
5,TGIF1(+),0.01100301555938283,0.02413769699839667,-1.1333889898375153,-1.1333889898375153,-12.566129783024124,3.2421039869183346e-36,2.852191859703724e-35
5,ZNF354C(+),0.003301150011550725,0.010677089681008535,-1.6934775501659227,-1.6934775501659227,-12.558143589832808,3.586490222393508e-36,3.1491960459391005e-35
5,TET3(+),0.011625160926359224,0.016350091466111553,-0.4920479831510338,-0.4920479831510338,-12.539388136125927,4.544910642096214e-36,3.968253746717465e-35
5,HBP1(+),0.01896834654387252,0.02948175011445441,-0.6362282164183759,-0.6362282164183759,-12.535080431919702,4.798743522234325e-36,4.1820194485513016e-35
5,SMAD4(+),0.010794542935737677,0.021000150722560847,-0.9600974596778041,-0.9600974596778041,-12.506668944626957,6.86428480638247e-36,5.948619948814659e-35
5,IRF1(+),0.04802180189816052,0.061546972724034775,-0.35799835272030384,-0.35799835272030384,-12.498343943239647,7.622259475815777e-36,6.580928487948752e-35
5,FOXN3(+),0.019064644517292336,0.028602292140201272,-0.5852311110177685,-0.5852311110177685,-12.492971413274578,8.15499606230684e-36,7.001840426878978e-35
5,ZBTB14(+),0.00605410668009649,0.019011918351386194,-1.650917946155303,-1.650917946155303,-12.454928092981397,1.3146992759176073e-35,1.1205097498417039e-34
5,ESR1(+),0.012279415963322242,0.0313298890732117,-1.3512976457485426,-1.3512976457485426,-12.45352445902656,1.338032727979355e-35,1.1383080625392133e-34
5,ZNF831(+),0.0059820397209299605,0.016881770264512243,-1.4967566457219745,-1.4967566457219745,-12.427871838472633,1.8448041126113597e-35,1.5637071355984975e-34
5,NCOA2(+),0.011345107609962806,0.018133551472102293,-0.6765911650069014,-0.6765911650069014,-12.410689422818589,2.28675203297289e-35,1.9312660351198316e-34
5,TFAP4(+),0.0536129521881858,0.035224294442399336,0.6060107559704643,0.6060107559704643,12.345735051529214,5.13629808407304e-35,4.298757585679149e-34
5,BAZ2B(+),0.008562819755278957,0.014725971759434235,-0.7822049067871297,-0.7822049067871297,-12.342734178936112,5.33141182880822e-35,4.45403020590183e-34
5,CDC5L(+),0.060454781875199086,0.04809172592344785,0.330067749880971,0.330067749880971,12.327149001920331,6.469544766759364e-35,5.395158966175447e-34
5,TFDP2(+),0.01322522949787538,0.019532023977715057,-0.5625486612383597,-0.5625486612383597,-12.306530103135477,8.353812984148604e-35,6.91683802341716e-34
5,TCF4(+),0.013862845098089115,0.021795063450545292,-0.6527779909342538,-0.6527779909342538,-12.293848996371084,9.77390291561433e-35,8.063903915280384e-34
5,ELF2(+),0.013007028821655917,0.02147067383504145,-0.7230759789114224,-0.7230759789114224,-12.284120361028934,1.1023754213596318e-34,9.078960695417535e-34
5,ZNF706(+),0.05581315008379608,0.042697318760540066,0.38645958960245863,0.38645958960245863,12.280974284923264,1.1460967143517899e-34,9.422334934803653e-34
5,ZNF701(+),0.009063625416050491,0.020089389946820805,-1.148273523736525,-1.148273523736525,-12.276085766666762,1.2174747625072749e-34,9.973845276624853e-34
5,ZFP30(+),0.010413333875529198,0.016239456339208105,-0.6410712575377131,-0.6410712575377131,-12.267179951229172,1.3590475655324773e-34,1.1114042151229502e-33
5,NRF1(+),0.008409118660329071,0.014707995514736973,-0.8065740601343476,-0.8065740601343476,-12.26529230556577,1.3910938097699625e-34,1.1356117304712612e-33
5,ZBED4(+),0.009784690586413116,0.01686577434567301,-0.7855003598762107,-0.7855003598762107,-12.247722680544873,1.7277977254739904e-34,1.4080035850573132e-33
5,ZBTB24(+),0.008011674350630969,0.020534855508554436,-1.3578989997176814,-1.3578989997176814,-12.24709346532374,1.7412523125945472e-34,1.4164828357270878e-33
5,ZNF350(+),0.008815508950876783,0.02117495869184933,-1.2642432906161147,-1.2642432906161147,-12.234799567926197,2.0260434703637528e-34,1.6452748111607748e-33
5,NFIA(+),0.00866679149218033,0.02105882670100616,-1.2808550590124959,-1.2808550590124959,-12.229064029179707,2.174294863606909e-34,1.762582834459702e-33
5,SP140L(+),0.013116455331833346,0.02319527994414899,-0.8224533201846046,-0.8224533201846046,-12.225893752488608,2.2608137609887463e-34,1.8295261184307886e-33
5,JAZF1(+),0.014951195905659102,0.020693039682171427,-0.46888467084451624,-0.46888467084451624,-12.212631831673937,2.6613858161964102e-34,2.142484768844424e-33
5,ZFP64(+),0.007562369716686523,0.01745835684302375,-1.207007384632283,-1.207007384632283,-12.209921366105975,2.7515497479426556e-34,2.2112367784072032e-33
5,CIC(+),0.005006504771463966,0.013289063384228049,-1.4083635866718738,-1.4083635866718738,-12.208445130394853,2.801926654579266e-34,2.24783235069442e-33
5,MGA(+),0.009003030832651445,0.016712277652012393,-0.8924256266625473,-0.8924256266625473,-12.207162499367156,2.846439972505743e-34,2.2796058055670993e-33
5,MXD4(+),0.03801804451877255,0.05119937996728592,-0.42944200129425647,-0.42944200129425647,-12.20629127829174,2.8770753756073734e-34,2.300174719396945e-33
5,GATAD2B(+),0.016603468038804314,0.026373236352381285,-0.6675899729937566,-0.6675899729937566,-12.171587638787654,4.40431565262737e-34,3.503090103844886e-33
5,FOXJ2(+),0.00540792848894741,0.02005826726942457,-1.8910488099122371,-1.8910488099122371,-12.1694821878554,4.519403831664356e-34,3.588483897107852e-33
5,MEF2A(+),0.010663155944192532,0.016161186494028784,-0.5998985815586162,-0.5998985815586162,-12.168393161511128,4.580099421911529e-34,3.6304712994503505e-33
5,TRERF1(+),0.005278912863010051,0.011601819745904353,-1.1360382036305463,-1.1360382036305463,-12.165440690088884,4.748755915352382e-34,3.751355650818336e-33
5,NFATC2(+),0.006626219107148772,0.013220363982248125,-0.9965039745116532,-0.9965039745116532,-12.16316583505863,4.882899787225384e-34,3.8442490697732046e-33
5,TBX21(+),0.02857529776974022,0.05205753750311537,-0.8653385140820994,-0.8653385140820994,-12.146177024088011,6.0111259955796775e-34,4.7085464164363575e-33
5,GATAD2A(+),0.008561028313126927,0.01526884738897484,-0.834735084060908,-0.834735084060908,-12.138190830896695,6.6275221428355145e-34,5.1739227484825156e-33
5,MBNL2(+),0.012448396256059023,0.01845930711590559,-0.5683884737220496,-0.5683884737220496,-12.122363648026631,8.04062424722235e-34,6.235175230108148e-33
5,POU3F1(+),0.01611936179693114,0.026978720680111465,-0.7430272765340691,-0.7430272765340691,-12.122412049197488,8.035876230622104e-34,6.235175230108148e-33
5,NFATC1(+),0.006543142515487258,0.016008783302409884,-1.2908079347769736,-1.2908079347769736,-12.11157018692564,9.172132087336165e-34,7.100758924279415e-33
5,DNTTIP1(+),0.06250640147963091,0.048138423863887614,0.37681503521644066,0.37681503521644066,12.105471639397726,9.879986709982133e-34,7.636029661874709e-33
5,LCOR(+),0.012224825537293997,0.019408466167487256,-0.6668721877060794,-0.6668721877060794,-12.09951829538238,1.062327017640017e-33,8.196858798900131e-33
5,ZNF627(+),0.025253575263129435,0.04327392172645804,-0.777010196842219,-0.777010196842219,-12.077108553275837,1.3954083239191246e-33,1.0731244477821743e-32
5,HIVEP1(+),0.010177444197882336,0.016360174759627855,-0.6848127943634938,-0.6848127943634938,-12.06897715657195,1.5403695509203538e-33,1.1826473659545526e-32
5,ANKZF1(+),0.0166398107600282,0.026674442326143924,-0.6808190505946381,-0.6808190505946381,-12.0685899472051,1.547633761831854e-33,1.1862638322952085e-32
5,NFKB1(+),0.02663219883934471,0.03843038289790923,-0.5290757870396551,-0.5290757870396551,-12.060168143476075,1.7143256307890698e-33,1.3118686252084397e-32
5,KDM2A(+),0.018625021283176144,0.026086925805301153,-0.48608484450156025,-0.48608484450156025,-12.054650409998438,1.833086005567533e-33,1.400441528924538e-32
5,E2F6(+),0.01180413622902263,0.025532383617085954,-1.1130356876380634,-1.1130356876380634,-12.050536310475637,1.9269207394157522e-33,1.469712123905775e-32
5,ZNF618(+),0.005847780163196096,0.012181079137012463,-1.0586808388999163,-1.0586808388999163,-12.050124900523357,1.9365626450738767e-33,1.4746448338308453e-32
5,NFATC3(+),0.014724548449047723,0.019816944229683577,-0.42851109883316474,-0.42851109883316474,-12.041775698550618,2.142926705407678e-33,1.6264533572906318e-32
5,PBX2(+),0.010425601165898628,0.019151496869568817,-0.8773265182655575,-0.8773265182655575,-12.019898369323496,2.7931478865483e-33,2.116504393640596e-32
5,ZNF254(+),0.007144892655993579,0.012104707926035508,-0.7605839445764982,-0.7605839445764982,-12.018252729514376,2.8493286057166735e-33,2.1555588556276788e-32
5,ZNF592(+),0.0032342693698838437,0.010590167604304214,-1.7112133668929705,-1.7112133668929705,-12.016534487948972,2.909185774690174e-33,2.19726307698144e-32
5,SETBP1(+),0.006790527052298613,0.014429243992653105,-1.0874001407373526,-1.0874001407373526,-11.995915589164118,3.732665869678935e-33,2.810086380009506e-32
5,TCF7(+),0.010680419426078329,0.01942911483482516,-0.8632518107049003,-0.8632518107049003,-11.976482519065247,4.7192543025647045e-33,3.541346726237973e-32
5,PHF21A(+),0.008016108852971012,0.01409906017223841,-0.8146249151882102,-0.8146249151882102,-11.961284551416318,5.667829023696056e-33,4.232647237149225e-32
5,ZNF837(+),0.006921089967750544,0.01869574389205951,-1.4336385813233243,-1.4336385813233243,-11.958695088775496,5.847356547424862e-33,4.359706446675519e-32
5,ETV6(+),0.010347287918276552,0.017273661370853535,-0.7393211779449335,-0.7393211779449335,-11.956008823792963,6.039564572079152e-33,4.495797666235202e-32
5,ZBED5(+),0.009517016504890187,0.016854315295759068,-0.8245366750275244,-0.8245366750275244,-11.916997480082653,9.652479664811574e-33,7.162263265662902e-32
5,RORA(+),0.023727566884089064,0.03158239136924265,-0.41255623020071086,-0.41255623020071086,-11.898459831644626,1.2055146725462082e-32,8.916585436269327e-32
5,ASH1L(+),0.01802573140574128,0.026206542297553825,-0.5398691924943639,-0.5398691924943639,-11.89623337778523,1.2381026248281104e-32,9.143063103857825e-32
5,ZNF740(+),0.005543604752228648,0.015669054766707376,-1.4990216788841961,-1.4990216788841961,-11.86871731215333,1.720858039164182e-32,1.2647762012527888e-31
5,HMBOX1(+),0.005536587282888489,0.012770236078089402,-1.2057161608775702,-1.2057161608775702,-11.857802848125196,1.9605235235784997e-32,1.43864640869228e-31
5,ZNF605(+),0.004897990592153739,0.012758410094949817,-1.3811864676553773,-1.3811864676553773,-11.855237586069805,2.021500399166443e-32,1.4763945525358693e-31
5,NR4A3(+),0.03322669189559088,0.05818152400520361,-0.8082184051481272,-0.8082184051481272,-11.843814909747678,2.3167006086704612e-32,1.6840491904967594e-31
5,MZF1(+),0.01787276829057298,0.029331926354083358,-0.7147086817706108,-0.7147086817706108,-11.828955750294744,2.765608894426705e-32,2.007227080408132e-31
5,EEA1(+),0.016110242955600446,0.022153610421237847,-0.45956356138026627,-0.45956356138026627,-11.826971302289628,2.8317595378535066e-32,2.052031677586511e-31
5,IRF4(+),0.017923128430096216,0.026535083050204647,-0.5660785604063598,-0.5660785604063598,-11.817581475143475,3.166701990482507e-32,2.2911730133631226e-31
5,HIF1A(+),0.01136560119444276,0.015662531022074443,-0.4626433332869956,-0.4626433332869956,-11.786362719941055,4.589366845487342e-32,3.2999394732645048e-31
5,ZNF703(+),0.012040143196965433,0.02528266549646832,-1.070295958378304,-1.070295958378304,-11.782297021589113,4.8162413116518003e-32,3.457718839663464e-31
5,KCMF1(+),0.015748526813576757,0.022080868875744418,-0.48758003770174363,-0.48758003770174363,-11.773003996784672,5.377490756885029e-32,3.8428376254970703e-31
5,SMYD3(+),0.026320219549957415,0.03238262561111474,-0.2990484317194832,-0.2990484317194832,-11.77000312419157,5.572244969262914e-32,3.969797221200343e-31
5,TP53(+),0.0585820600531523,0.043473202411378045,0.43033254402684323,0.43033254402684323,11.760661698216273,6.224455084542585e-32,4.427656028744304e-31
5,ATF6B(+),0.01961070066600013,0.04646072625070731,-1.2443705811370132,-1.2443705811370132,-11.759112860748866,6.339690319642928e-32,4.495856722861283e-31
5,ZNF665(+),0.011401566405022356,0.023721132766497136,-1.056940796744611,-1.056940796744611,-11.74304367202452,7.667637554794274e-32,5.429295189332226e-31
5,ZNF148(+),0.017910832533771348,0.02346478199537858,-0.38966463926249506,-0.38966463926249506,-11.731427391018968,8.796266807154658e-32,6.209522692892612e-31
5,BBX(+),0.012678482483089793,0.020239477424226875,-0.6747899218521626,-0.6747899218521626,-11.706887997394741,1.1751406617877686e-31,8.270497536369977e-31
5,ZNF782(+),0.007282656838020241,0.014815457017999962,-1.0245662581820374,-1.0245662581820374,-11.695900931610323,1.337600794548513e-31,9.399630394368899e-31
5,ZNF169(+),0.004979141783361608,0.01631780237951095,-1.7124775697844323,-1.7124775697844323,-11.652364078424934,2.2318014298855853e-31,1.5659694322988738e-30
5,ZBTB34(+),0.007246693399552074,0.014062867246554051,-0.95649591404971,-0.95649591404971,-11.650113423980109,2.2915361716466756e-31,1.6054578457464265e-30
5,ZNF155(+),0.00539269631645899,0.013024258873126247,-1.2721224260550017,-1.2721224260550017,-11.622839364202491,3.1547422580470854e-31,2.1969681842022058e-30
5,AKAP8L(+),0.011518986168105193,0.014951920361368535,-0.3763170161867979,-0.3763170161867979,-11.616474610234865,3.398733920775997e-31,2.3633411769467825e-30
5,MXI1(+),0.00439138630675041,0.013917863780073906,-1.6641892095740174,-1.6641892095740174,-11.6088756264104,3.714679946410676e-31,2.5753266195638197e-30
5,E2F4(+),0.04411430957799807,0.03255349207528759,0.4384343819047273,0.4384343819047273,11.606261963184151,3.829953808292858e-31,2.6512869507481854e-30
5,ZNF563(+),0.006272996044875615,0.014454158157426076,-1.2042578971529374,-1.2042578971529374,-11.597743357113414,4.23087718465195e-31,2.920122514518322e-30
5,MEF2C(+),0.016514982745969943,0.029139869088229693,-0.8192188958486967,-0.8192188958486967,-11.573494370514325,5.614832748633437e-31,3.8581210232843665e-30
5,ZNF395(+),0.013016196468385227,0.022193820882148597,-0.7698500845292474,-0.7698500845292474,-11.563959339855602,6.274741529070217e-31,4.298845782084241e-30
5,PRMT3(+),0.008891851852317936,0.015082758684589371,-0.7623444428124047,-0.7623444428124047,-11.560619659066505,6.523632314651496e-31,4.4587290409950225e-30
5,ZNF639(+),0.010845601733693607,0.01928451748532775,-0.830332892204477,-0.830332892204477,-11.56057125789565,6.527310544406061e-31,4.4587290409950225e-30
5,ZNF217(+),0.010397282495172857,0.01703842328256792,-0.7125852772066223,-0.7125852772066223,-11.54866456986496,7.497636289107812e-31,5.099051326926177e-30
5,ATF2(+),0.007096087631505218,0.01185530381634238,-0.7404368225874578,-0.7404368225874578,-11.527368054688115,9.603488100896129e-31,6.512146310753652e-30
5,IKZF2(+),0.013623971830007485,0.017947408747352355,-0.39762817969776265,-0.39762817969776265,-11.51594537836599,1.0965034602783015e-30,7.370851769888148e-30
5,GTF2IRD2(+),0.005441949148505475,0.013041077752418964,-1.260867567800081,-1.260867567800081,-11.512702499918607,1.1385363562470292e-30,7.642343027120593e-30
5,KMT2B(+),0.012885299661842878,0.022598501012296907,-0.810500942817569,-0.810500942817569,-11.497891741636527,1.351769209350043e-30,9.060559851992712e-30
5,TSHZ3(+),0.010554686497658837,0.022687208085146772,-1.103995279635498,-1.103995279635498,-11.482742175158455,1.610889947464687e-30,1.0750838801686022e-29
5,ZNF490(+),0.008198920084612892,0.0127249153592618,-0.6341501938269799,-0.6341501938269799,-11.470496678931768,1.8559098568372977e-30,1.2332905987137692e-29
5,NFKB2(+),0.018639324295444296,0.033299685702918025,-0.8371589654979191,-0.8371589654979191,-11.450216588342911,2.3455871335918693e-30,1.5542442561389777e-29
5,ZNF786(+),0.00424141249313456,0.012384061483620834,-1.545867613240039,-1.545867613240039,-11.443513026179291,2.5341227599994336e-30,1.674395479402186e-29
5,ARID2(+),0.0168004722213831,0.022934908702642524,-0.4490433571977072,-0.4490433571977072,-11.440003941292197,2.6387354411101046e-30,1.7410406426074484e-29
5,ZNF84(+),0.006327394223087706,0.013857404388524093,-1.130973539953745,-1.130973539953745,-11.432792166834583,2.8673774484102652e-30,1.8865394118789918e-29
5,BATF(+),0.025157705039114072,0.04170525436714523,-0.7292288135473368,-0.7292288135473368,-11.405009894762973,3.9473240415884965e-30,2.5897344877370856e-29
5,FOXK2(+),0.015864068170812352,0.02201164896625506,-0.47250441877255783,-0.47250441877255783,-11.404138673687557,3.98703982597843e-30,2.6121015503060375e-29
5,ZNF606(+),0.005718587611944946,0.013559055819093876,-1.245525797999021,-1.245525797999021,-11.400097175921042,4.1765263686071695e-30,2.728546410995823e-29
5,ZNF384(+),0.05131525867462058,0.03782801959690331,0.43993261806376055,0.43993261806376055,11.397023701571657,4.3265857025136994e-30,2.822611037665187e-29
5,ZNF260(+),0.00667747564687262,0.01829059326074566,-1.4537270185107647,-1.4537270185107647,-11.38833569140292,4.780330566147873e-30,3.114254625491847e-29
5,ZNF213(+),0.004595169738225533,0.012057946180151416,-1.3917939423561048,-1.3917939423561048,-11.372363305020288,5.741173684241121e-30,3.7297554913706305e-29
5,ZNF721(+),0.011090071983984715,0.017514040377227327,-0.6592431651353031,-0.6592431651353031,-11.369967447062892,5.900959219943001e-30,3.822866886560005e-29
5,ZNF398(+),0.006754413993037815,0.015156002460431525,-1.1659866476118455,-1.1659866476118455,-11.35960959649961,6.644088429406399e-30,4.292321384505246e-29
5,SP140(+),0.022393423829447954,0.028443907475013627,-0.3450445296850438,-0.3450445296850438,-11.359077183620188,6.68470133229432e-30,4.312560790070433e-29
5,ZNF281(+),0.008534160901832651,0.015690050533900626,-0.8785287055181934,-0.8785287055181934,-11.349977763499172,7.41815640880586e-30,4.7593006241579034e-29
5,ZNF718(+),0.012848047515049248,0.022698429105698716,-0.8210432739863402,-0.8210432739863402,-11.34823532134834,7.567456096563896e-30,4.8483908370399025e-29
5,ZNF551(+),0.010039169579745285,0.020165827723574174,-1.006272614097505,-1.006272614097505,-11.345282849926097,7.827273620290688e-30,5.007945725378822e-29
5,AHCTF1(+),0.007599923704998802,0.016538560872277386,-1.1217767584500933,-1.1217767584500933,-11.323405520698975,1.0049075803427702e-29,6.411807294906824e-29
5,ZNF3(+),0.013180957436317732,0.027329989726325273,-1.0520296924615238,-1.0520296924615238,-11.30375464533125,1.2572516658764641e-29,8.010883385454288e-29
5,ZNF586(+),0.005481111722090747,0.01797452430737972,-1.7134129608434798,-1.7134129608434798,-11.295865254481646,1.375427229665485e-29,8.739889851978356e-29
5,HOXB3(+),0.0049745039961165485,0.011019157802973661,-1.147389215531446,-1.147389215531446,-11.273600715887673,1.771730782889701e-29,1.1212111017060845e-28
5,FOXD2(+),0.0021477218385577445,0.009156261238874098,-2.0919509558150096,-2.0919509558150096,-11.257386323650756,2.1298200730940045e-29,1.34051683462353e-28
5,IKZF1(+),0.03523740764314948,0.046518038720204755,-0.4006824701700003,-0.4006824701700003,-11.215664514372484,3.4161087683487305e-29,2.1443007066188993e-28
5,BCL6(+),0.00888608825385215,0.01810181564841363,-1.0265139521885551,-1.0265139521885551,-11.194029190999645,4.361534260624463e-29,2.723027774274278e-28
5,HOXA5(+),0.009258896628481098,0.019728505304002036,-1.0913693896065113,-1.0913693896065113,-11.189189073914,4.6062700089391714e-29,2.8719629787278456e-28
5,CREM(+),0.06550303953700849,0.09292533261267086,-0.5045100869435875,-0.5045100869435875,-11.178105205787869,5.21924272688076e-29,3.241093912615124e-28
5,ZNF175(+),0.015459017388524024,0.03245402209718803,-1.069948615662979,-1.069948615662979,-11.155695463681326,6.716555917699146e-29,4.1542479677380205e-28
5,CXXC5(+),0.061414925465580146,0.04871369614467327,0.33426185386144797,0.33426185386144797,11.151774968841952,7.01920337431257e-29,4.335664850223656e-28
5,ZBTB6(+),0.011112104857221894,0.025166816160409323,-1.1793905228004875,-1.1793905228004875,-11.13783543163529,8.209028213621542e-29,5.057153322582502e-28
5,ZNF570(+),0.012731053481025883,0.0252785902246045,-0.9895641454211788,-0.9895641454211788,-11.136286594167883,8.353001715493147e-29,5.139032181253731e-28
5,ZBTB7B(+),0.007325106125630158,0.014874860067162545,-1.0219544301363983,-1.0219544301363983,-11.125880342433744,9.387454633576319e-29,5.737464049073948e-28
5,MXD1(+),0.023073543326718952,0.037069274101125635,-0.6839842697711181,-0.6839842697711181,-11.125589935408604,9.418076482762578e-29,5.74861567180449e-28
5,ZNF292(+),0.017540153017239102,0.02651566026415239,-0.5961833118502428,-0.5961833118502428,-11.123266679207495,9.666645639891559e-29,5.8848714282170765e-28
5,ZNF485(+),0.057698914347801604,0.0403541043858614,0.5158287464912021,0.5158287464912021,11.10826231624199,1.1436330166755974e-28,6.94402008164464e-28
5,PHF20(+),0.021082359113278312,0.027052325864043065,-0.35971630874166266,-0.35971630874166266,-11.107391095166573,1.1548432667313205e-28,7.002933386379874e-28
5,CSRNP2(+),0.01591545073171193,0.02595993879703502,-0.7058589317468764,-0.7058589317468764,-11.101244146467803,1.2370966644763037e-28,7.491934819416468e-28
5,IKZF3(+),0.06118133346920382,0.050888720579927695,0.26574562631085563,0.26574562631085563,11.092144726346788,1.3696399882038512e-28,8.273052984664356e-28
5,ZMAT1(+),0.0033942771510909932,0.011527985714857482,-1.7639638785838176,-1.7639638785838176,-11.065645085302874,1.8413317543160013e-28,1.1093367054212485e-27
5,REST(+),0.058448250155944764,0.048378735512943215,0.27278676662856516,0.27278676662856516,11.063152425003766,1.8932418510051135e-28,1.1376595598859964e-27
5,NR2C1(+),0.009693949993111762,0.01648084061031967,-0.7656332228159258,-0.7656332228159258,-11.062910419149484,1.898358327730623e-28,1.1392602625721891e-27
5,ZNF273(+),0.012986624387811256,0.02362679916115715,-0.8633976636052918,-0.8633976636052918,-11.05898992431011,1.9831822404003543e-28,1.188629871827051e-27
5,HOXB4(+),0.008228905889155978,0.01620419701316927,-0.977594915904168,-0.977594915904168,-11.057392685671847,2.0188084988094739e-28,1.2068681437541836e-27
5,GLI1(+),0.008210974779587724,0.01935954764440991,-1.2374197325472764,-1.2374197325472764,-11.046381419302001,2.2822992972026023e-28,1.3591384917315498e-27
5,HINFP(+),0.04989495337300037,0.03765011266091012,0.406239710193448,0.406239710193448,11.043985561344606,2.3440016718856423e-28,1.3940957446746233e-27
5,ZNF746(+),0.010685682538526583,0.02031992932910535,-0.9272162587303435,-0.9272162587303435,-11.039798860065522,2.4558228430840208e-28,1.4587336452845623e-27
5,ZNF81(+),0.007788729019424544,0.013585143316067558,-0.80256987556958,-0.80256987556958,-11.037257798595556,2.526255132955494e-28,1.4986532685285146e-27
5,ZNF800(+),0.011809125942255728,0.018277157428358913,-0.6301394811747107,-0.6301394811747107,-11.033966518977318,2.620467771400164e-28,1.5525603058869593e-27
5,TET2(+),0.025065418316543357,0.03258001151992633,-0.3782887892628252,-0.3782887892628252,-11.020075382941512,3.058028748616291e-28,1.8048975269787384e-27
5,USF3(+),0.009271970787260107,0.017802893448539133,-0.9411637363600799,-0.9411637363600799,-11.018574946644963,3.10942652621167e-28,1.8329043419103055e-27
5,MECP2(+),0.015254406710951553,0.0189509149075908,-0.31304141137959707,-0.31304141137959707,-11.015767678735287,3.207902308064408e-28,1.886165344425212e-27
5,ZNF630(+),0.011168170820174414,0.02383876617330109,-1.0939165860448588,-1.0939165860448588,-10.999045074204378,3.86199872488905e-28,2.2621669706317322e-27
5,E2F5(+),0.003696077283448652,0.014730462841309015,-1.9947356408289014,-1.9947356408289014,-10.994301759460445,4.070517015312226e-28,2.3783083693239356e-27
5,ZNF383(+),0.004859813904245363,0.012857311600402639,-1.4036158540160044,-1.4036158540160044,-10.959477117029218,5.984412769836181e-28,3.479048475079983e-27
5,ZFY(+),0.007109531785443453,0.014533467263677593,-1.031552369473292,-1.031552369473292,-10.916158069112683,9.64916081537213e-28,5.553946962503538e-27
5,POU5F2(+),0.027204464032523596,0.05423192404321682,-0.9952989233579044,-0.9952989233579044,-10.914996441012129,9.77331286790226e-28,5.604572626099506e-27
5,ZNF707(+),0.003200572636048155,0.010977693131085299,-1.7781726411258951,-1.7781726411258951,-10.910253126268195,1.0296923489225574e-27,5.890296749686304e-27
5,THAP2(+),0.01179918019616899,0.02305237412501612,-0.9662286543304371,-0.9662286543304371,-10.901540915514031,1.1332170025920432e-27,6.474530107060321e-27
5,ZNF160(+),0.004134408833905838,0.008904028223025155,-1.1067769209402631,-1.1067769209402631,-10.888763006407924,1.3039936390617283e-27,7.41831778963451e-27
5,ZNF846(+),0.01644394455095304,0.026640044819772925,-0.6960400638035432,-0.6960400638035432,-10.882422453025727,1.3979757522700472e-27,7.938383092046906e-27
5,ZNF451(+),0.0061974084251741725,0.010157582235969026,-0.7128200000691614,-0.7128200000691614,-10.876711114864666,1.488365632375054e-27,8.420777542487364e-27
5,CEBPZ(+),0.02181248692438159,0.029433788624456572,-0.432318969770252,-0.432318969770252,-10.872887422367004,1.5520962183315446e-27,8.770665370012197e-27
5,ARNTL(+),0.010644151210831263,0.01910973884936117,-0.8442470922199158,-0.8442470922199158,-10.850864889627314,1.9754711938612964e-27,1.1109035950951237e-26
5,ZFP57(+),0.0068772734741343175,0.014385634925059829,-1.064720167369404,-1.064720167369404,-10.850332476747893,1.9870124215815105e-27,1.1160426479136779e-26
5,ZNF704(+),0.004618375449952171,0.010916105562534554,-1.2410007043245377,-1.2410007043245377,-10.848686836938771,2.0231097436307443e-27,1.1349450192228028e-26
5,FOXP4(+),0.012280680621190684,0.02262142023609095,-0.8812989347812382,-0.8812989347812382,-10.830826804892737,2.459246321240759e-27,1.3762890556823285e-26
5,ZNF300(+),0.01548274564744437,0.031994242569271955,-1.0471509285277962,-1.0471509285277962,-10.813499185726123,2.971159050732987e-27,1.652818418042482e-26
5,SRCAP(+),0.01585745934886562,0.027324751883354384,-0.78504671390991,-0.78504671390991,-10.81284576991956,2.992403955990236e-27,1.6586773717869507e-26
5,TIGD7(+),0.007380008673782548,0.01662871753364118,-1.1719823813598949,-1.1719823813598949,-10.812918371675845,2.990035991600053e-27,1.6586773717869507e-26
5,ZNF816(+),0.005249908126369831,0.02428044772104015,-2.2094307282469696,-2.2094307282469696,-10.813015174017558,2.986881596045309e-27,1.6586773717869507e-26
5,ZNF440(+),0.010906284162390431,0.022687080090507853,-1.056711221816475,-1.056711221816475,-10.807400638198208,3.1754045482078302e-27,1.7580159864630958e-26
5,SON(+),0.08257220298426085,0.0746083788128724,0.14631853435722225,0.14631853435722225,10.76713086404563,4.9209781316976075e-27,2.708287135276705e-26
5,SOX13(+),0.003588885183249171,0.010760389357660927,-1.5841223400532334,-1.5841223400532334,-10.751618288786133,5.823088566278259e-27,3.2009759041849126e-26
5,ZNF708(+),0.016075675168949744,0.024468392571606722,-0.6060399660599161,-0.6060399660599161,-10.741187836466565,6.52000486594578e-27,3.5756106968498404e-26
5,DEAF1(+),0.004438573610220823,0.009942739755905892,-1.163547142777275,-1.163547142777275,-10.736831731089483,6.83498493904832e-27,3.743927481353708e-26
5,ARNT(+),0.010119865613967306,0.0174014196045392,-0.7820148140175711,-0.7820148140175711,-10.713211959711527,8.824592357063388e-27,4.794179122638531e-26
5,ADNP(+),0.017953301625597374,0.02444780676945337,-0.4454558432689814,-0.4454558432689814,-10.70251530095225,9.905231149542926e-27,5.374976482433048e-26
5,ZNF549(+),0.007524378676182272,0.019844236725849087,-1.399075591910904,-1.399075591910904,-10.697650983281175,1.0439102490893108e-26,5.658066635962484e-26
5,NR3C1(+),0.01914648141098597,0.024243339649587504,-0.3405091461930108,-0.3405091461930108,-10.692351055072391,1.1053295196174494e-26,5.97701468989878e-26
5,NKX3-1(+),0.013783788727514245,0.035031401940157775,-1.3456761680026827,-1.3456761680026827,-10.691189426971837,1.1192627205562088e-26,6.045320159283243e-26
5,BAZ2A(+),0.008537418980750862,0.014176653124923076,-0.7316450213915018,-0.7316450213915018,-10.68581689700677,1.1860028399091324e-26,6.398354461530685e-26
5,CUX1(+),0.014468218400083287,0.020585233907522125,-0.5087225313063884,-0.5087225313063884,-10.68552648998163,1.1897207432349046e-26,6.410966185993192e-26
5,ZNF431(+),0.011322627453081211,0.018543808147314798,-0.7117287167479038,-0.7117287167479038,-10.674781430051496,1.335714918934402e-26,7.172711905722886e-26
5,PCGF6(+),0.04411442128048064,0.03125443189839533,0.49718956611421217,0.49718956611421217,10.67211936565439,1.3745484711713302e-26,7.372722457957077e-26
5,RBAK(+),0.0032399342350730026,0.010816040048341847,-1.7391356523156916,-1.7391356523156916,-10.668682882523582,1.4263383699170187e-26,7.641685961089449e-26
5,ZNF22(+),0.05471587134879608,0.04392795753649008,0.31681994578752704,0.31681994578752704,10.667714859106452,1.4412731525215272e-26,7.712803909519002e-26
5,ATF6(+),0.017931976223626914,0.023712090786279658,-0.4030883651858325,-0.4030883651858325,-10.663939567779648,1.501014866772701e-26,8.022387821720408e-26
5,MBD1(+),0.00999838310885511,0.018611734894429875,-0.8964457627712132,-0.8964457627712132,-10.663842765437934,1.5025785586430043e-26,8.022387821720408e-26
5,ZNF226(+),0.00935479257730597,0.015604176366779608,-0.7381545776878647,-0.7381545776878647,-10.645353518170765,1.8328721074369902e-26,9.729932501765509e-26
5,TSHZ1(+),0.008927432394764042,0.014562525722118741,-0.7059433267077538,-0.7059433267077538,-10.643853081874214,1.8626390308030282e-26,9.876664723835691e-26
5,ZNF280C(+),0.004144943823665392,0.009665797927447173,-1.2215360863484335,-1.2215360863484335,-10.643127064311368,1.87721394711055e-26,9.942598385779367e-26
5,RXRB(+),0.011339055017738738,0.02036958316860923,-0.8451159887802592,-0.8451159887802592,-10.606777784998163,2.7714236381162585e-26,1.456251447856337e-25
5,ZNF836(+),0.003446050767344934,0.009443137439186613,-1.4543220466256443,-1.4543220466256443,-10.60080024039739,2.954412656076176e-26,1.5488991859451285e-25
5,MAFK(+),0.010855493272565133,0.018828809321413283,-0.7945164313964946,-0.7945164313964946,-10.591821823203516,3.2520020546034266e-26,1.702993184175075e-25
5,ZNF236(+),0.009906294955651653,0.017321241604139847,-0.8061248029232458,-0.8061248029232458,-10.582238391373936,3.6024732891213604e-26,1.8844018499964774e-25
5,ZNF711(+),0.00511509754510768,0.02082754231803014,-2.02565873881879,-2.02565873881879,-10.581730179079942,3.622070172376186e-26,1.8925214792674225e-25
5,SGSM2(+),0.015388712856556125,0.023014909289912983,-0.5806961585787618,-0.5806961585787618,-10.578559902388845,3.7467254128412095e-26,1.955453881196339e-25
5,PBX3(+),0.017679348744105077,0.019911646236919208,-0.17154736365493245,-0.17154736365493245,-10.566120801478734,4.278271383872617e-26,2.2228826149986917e-25
5,RXRA(+),0.039622930008602494,0.031828618476762285,0.3160110205939126,0.3160110205939126,10.538725738773975,5.72695956981459e-26,2.9590352838474715e-25
5,ZBTB17(+),0.006036121739799378,0.01377548361117112,-1.1904090252715933,-1.1904090252715933,-10.519413671602246,7.030974759675804e-26,3.6207181550658656e-25
5,ZBTB44(+),0.013882559750022562,0.01992604973367161,-0.5213820927512135,-0.5213820927512135,-10.51878445638111,7.078081608379385e-26,3.640940096447646e-25
5,ZNF12(+),0.014847552946579136,0.025949637638061955,-0.8054891739863228,-0.8054891739863228,-10.478466281057676,1.0848881039683506e-25,5.549895641996684e-25
5,ZNF510(+),0.011572850974209898,0.021884889371073676,-0.9191907159293684,-0.9191907159293684,-10.46924585800952,1.195919325514439e-25,6.104445348367658e-25
5,ZNF827(+),0.010716102831526408,0.01725458012477162,-0.6871989860182365,-0.6871989860182365,-10.465930377805853,1.2385377929264448e-25,6.315047253724848e-25
5,ZNF138(+),0.007500910506349196,0.014654785398267759,-0.9662341132652671,-0.9662341132652671,-10.46404273214245,1.263471252442704e-25,6.435113999557412e-25
5,AKAP8(+),0.008890739726299203,0.015051540650132665,-0.7595357358302071,-0.7595357358302071,-10.462203487649905,1.288243736938221e-25,6.554098749264005e-25
5,SMAD3(+),0.015024106825878054,0.017847960079148652,-0.24847995047107221,-0.24847995047107221,-10.434711622603432,1.7213562341056625e-25,8.719410804166634e-25
5,ZNF620(+),0.007060948735362336,0.017521080860261995,-1.3111577067982234,-1.3111577067982234,-10.426483423557833,1.877070837174014e-25,9.497814856942585e-25
5,ZNF333(+),0.005173643081285127,0.013312451564518046,-1.3635236717393626,-1.3635236717393626,-10.422877536329027,1.949635684095197e-25,9.843541035458904e-25
5,ZNF432(+),0.006227859141194938,0.017156543766218463,-1.4619505798937737,-1.4619505798937737,-10.416682186459399,2.0808590312362826e-25,1.0494669055475062e-24
5,ZNF420(+),0.008548216511714392,0.015458369638868302,-0.8546927393140983,-0.8546927393140983,-10.413221502743163,2.1579313984121255e-25,1.0859795607393634e-24
5,ZNF624(+),0.008153424521214746,0.01727107011669585,-1.0828793433770745,-1.0828793433770745,-10.409567214343499,2.242387413354815e-25,1.126042111895472e-24
5,HOXA7(+),0.004341064657989301,0.016185771902171662,-1.89860511026731,-1.89860511026731,-10.401581021152182,2.4385313729492295e-25,1.223215791290407e-24
5,ZNF813(+),0.009354163062000206,0.022269516008166446,-1.2513896311972554,-1.2513896311972554,-10.396982909920819,2.5590788019225264e-25,1.2809182149709198e-24
5,PRDM8(+),0.008902192689037716,0.02128005873164105,-1.257269404778872,-1.257269404778872,-10.394587051963423,2.624211734045424e-25,1.312105867022712e-24
5,ZNF776(+),0.006962458872512246,0.016135887385847213,-1.212603997027553,-1.212603997027553,-10.370773675902043,3.367868649821659e-25,1.6731283292429526e-24
5,ZNF358(+),0.006919892174310049,0.013761168735833723,-0.9917814365721953,-0.9917814365721953,-10.35944780192163,3.791445222745775e-25,1.8815451986809964e-24
5,CEBPG(+),0.012344536474309878,0.019455612524506137,-0.6563136932731573,-0.6563136932731573,-10.346911898669806,4.322020294056376e-25,2.1425596868614586e-24
5,HSF1(+),0.05129028667685153,0.04072850089556924,0.3326469140300916,0.3326469140300916,10.339167711332772,4.685894099383725e-25,2.3179955369155913e-24
5,ELF1(+),0.04054142249740651,0.05235920835211903,-0.3690465662466311,-0.3690465662466311,-10.3146767188794,6.048451926465263e-25,2.9761715252575365e-24
5,IRF8(+),0.012503386351092202,0.016475509794860274,-0.3980041991088787,-0.3980041991088787,-10.300495175818456,7.009952401335271e-25,3.4419903704230795e-24
5,SP1(+),0.03652612675375393,0.02678728809879463,0.4473802309576542,0.4473802309576542,10.285200405827814,8.217095477965123e-25,4.0304549625288275e-24
5,CEBPA(+),0.01582334622593424,0.03166544550418952,-1.000854606818617,-1.000854606818617,-10.279924678204459,8.679540565668779e-25,4.25279176450754e-24
5,JRKL(+),0.00664753386711352,0.013630851573838669,-1.035984457407857,-1.035984457407857,-10.273922933018257,9.237040184245971e-25,4.521185632858012e-24
5,ZNF516(+),0.007883860601776795,0.013345934614528767,-0.7594260931659408,-0.7594260931659408,-10.266009341583226,1.0026688793993296e-24,4.897367975615023e-24
5,ZNF514(+),0.02005952925634668,0.03323349176975525,-0.7283501031306414,-0.7283501031306414,-10.263565082454974,1.0283842956760476e-24,5.017694383839539e-24
5,FOXN2(+),0.00795683714993594,0.014462534495722693,-0.8620533416330177,-0.8620533416330177,-10.259934994640739,1.0677859601224769e-24,5.2044761645004254e-24
5,MTF2(+),0.03855080213772691,0.03240589199982389,0.25050472591590545,0.25050472591590545,10.248125108951763,1.2066127207366721e-24,5.856547636177473e-24
5,STAT5A(+),0.013281478960888516,0.018771969699753813,-0.4991641978923735,-0.4991641978923735,-10.244059410599819,1.2584290181785358e-24,6.101673057869832e-24
5,ARID3A(+),0.004799972391667092,0.012660479058454499,-1.3992337962437176,-1.3992337962437176,-10.230724888028863,1.4443417084035045e-24,6.966736485497692e-24
5,STAT3(+),0.02687107527973695,0.033283479688156606,-0.30875220671202075,-0.30875220671202075,-10.206887311382054,1.8469493278466675e-24,8.881034811436616e-24
5,RELB(+),0.025602331239136647,0.039241809227164554,-0.6161163564882346,-0.6161163564882346,-10.184332365762943,2.3295340387362598e-24,1.1143857476755845e-23
5,ZBTB5(+),0.005959895624666128,0.013268370373278656,-1.1546320856733814,-1.1546320856733814,-10.1843807669338,2.3283751514837093e-24,1.1143857476755845e-23
5,FOSL2(+),0.05317839883492216,0.07348863730696889,-0.46668085325212166,-0.46668085325212166,-10.182057510732688,2.384651125645396e-24,1.1395786500640807e-23
5,TIGD3(+),0.009835730097692882,0.02264313279985275,-1.2029694420845074,-1.2029694420845074,-10.171602857827692,2.6550312337477627e-24,1.264884110847011e-23
5,ATF5(+),0.010599352949138819,0.01766596133687705,-0.7369960083895916,-0.7369960083895916,-10.142368550630389,3.5830479987898044e-24,1.694832785578273e-23
5,ZNF526(+),0.010062546602887221,0.01888532579129674,-0.9082701401587948,-0.9082701401587948,-10.142416951801245,3.5812727257170886e-24,1.694832785578273e-23
5,RFX3(+),0.010757720147958129,0.01615433246391994,-0.5865487272222151,-0.5865487272222151,-10.130461862599697,4.047331550346681e-24,1.9105543751382453e-23
5,KDM5B(+),0.008325491458497264,0.012390251766873944,-0.5735981032175553,-0.5735981032175553,-10.084771157311195,6.451533760776188e-24,3.0178624691646924e-23
5,SETDB1(+),0.012797759295633726,0.024846247802022416,-0.9571367054532125,-0.9571367054532125,-10.068314759219998,7.627376505263779e-24,3.5535771180491726e-23
5,MAFF(+),0.023952753460364046,0.03432499646002052,-0.519068044593427,-0.519068044593427,-10.058537722706992,8.424024400801025e-24,3.9208009360441646e-23
5,NR5A2(+),0.005174249596915335,0.027165486068250876,-2.3923530815215424,-2.3923530815215424,-10.055706254211888,8.669753195514984e-24,4.023077282034675e-23
5,TBP(+),0.004514609042578587,0.01426352637239923,-1.6596575217323217,-1.6596575217323217,-10.055464248357605,8.691082040659876e-24,4.028949708469573e-23
5,RBSN(+),0.00942323049094306,0.015306428114770588,-0.6998439607246026,-0.6998439607246026,-10.048663883852273,9.312139660595016e-24,4.312551218690314e-23
5,UBP1(+),0.012093404329570704,0.017491638696391917,-0.5324449922785505,-0.5324449922785505,-10.044646586671186,9.69947340290025e-24,4.4785341905041415e-23
5,FLYWCH1(+),0.008005284555673897,0.020659940256438664,-1.3678113811230947,-1.3678113811230947,-10.021946437539505,1.2207475841207143e-23,5.625369571667379e-23
5,ZNF69(+),0.006992997725639237,0.017268715201414382,-1.3041776859837628,-1.3041776859837628,-10.013597235566765,1.3283285817039144e-23,6.096923183808975e-23
5,ZBTB1(+),0.03575612702879878,0.046854639423260645,-0.3900014196693173,-0.3900014196693173,-9.994744979518172,1.6070033614751888e-23,7.368737032628087e-23
5,ZFP69(+),0.005717760084637766,0.014267889351233399,-1.319249790192688,-1.319249790192688,-9.989445051309389,1.695281574843957e-23,7.765860863067239e-23
5,ZKSCAN8(+),0.006667883815047128,0.01470765462244663,-1.141266213869063,-1.141266213869063,-9.977078552155563,1.9203776795099436e-23,8.77967945012174e-23
5,ZNF692(+),0.013204589022083713,0.02506887676207243,-0.9248579044621054,-0.9248579044621054,-9.970011981210519,2.062039606018478e-23,9.418066833781544e-23
5,ATF1(+),0.00543345397572316,0.010421618441662313,-0.9396377163728814,-0.9396377163728814,-9.955733635807862,2.380604783740824e-23,1.0862386267658278e-22
5,RFX7(+),0.013387490737115452,0.018481549697305404,-0.4652001268471215,-0.4652001268471215,-9.94711822739541,2.5959155025528392e-23,1.1821595597409743e-22
5,MSANTD4(+),0.007651054225628663,0.013281952628329334,-0.795736725111453,-0.795736725111453,-9.94658581451599,2.609836500975278e-23,1.1873350192977635e-22
5,PATZ1(+),0.005488778918639277,0.013547865859911364,-1.3035083156638094,-1.3035083156638094,-9.945399985830006,2.6411085902018958e-23,1.2003864385017423e-22
5,ZNF43(+),0.04961231568153571,0.03786012084719669,0.3900192722995574,0.3900192722995574,9.944262558314879,2.671452799304548e-23,1.212991031551283e-22
5,ZNF583(+),0.009094655633792494,0.017485775662820866,-0.943090801931977,-0.943090801931977,-9.934146713605879,2.9569668588395535e-23,1.3400108350546073e-22
5,E2F3(+),0.011642238086413495,0.016543084721830238,-0.5068598099268866,-0.5068598099268866,-9.915463861655283,3.5659615149865006e-23,1.6128423794656568e-22
5,ZNF805(+),0.01096326935914919,0.019598794378463,-0.8380867626877019,-0.8380867626877019,-9.90728406378054,3.87023818223061e-23,1.7487603459592592e-22
5,ZFP14(+),0.008532430371632118,0.014950277353854506,-0.8091435351481346,-0.8091435351481346,-9.88017940810092,5.07419813835857e-23,2.286096057485505e-22
5,STAT5B(+),0.005445295400658474,0.011199259180342857,-1.0403209458692946,-1.0403209458692946,-9.878485367120945,5.160702074023132e-23,2.3228160013408383e-22
5,GMEB2(+),0.005751373301283523,0.013306523010523968,-1.2101551162885902,-1.2101551162885902,-9.874734276379568,5.357476546998851e-23,2.4090492314433365e-22
5,ZNF76(+),0.006774180640286559,0.01285964453589855,-0.9247323003442758,-0.9247323003442758,-9.854962398084703,6.524111048815955e-23,2.91950826799134e-22
5,ZNF430(+),0.006305370848583991,0.011207904280601663,-0.8298633098760227,-0.8298633098760227,-9.818516316429784,9.371259568203269e-23,4.169492403668983e-22
5,ZNF595(+),0.010401546013813864,0.01807362182004927,-0.7970876051953482,-0.7970876051953482,-9.811498146655598,1.0046575360116712e-22,4.461409421390261e-22
5,ZBTB38(+),0.017174923066387668,0.02180244930250936,-0.34418656302700706,-0.34418656302700706,-9.802495528876296,1.098378696174027e-22,4.872940824955449e-22
5,BATF3(+),0.013320977901578617,0.030703286345259966,-1.2046930268326634,-1.2046930268326634,-9.78490170326997,1.3072224332209394e-22,5.793939124342809e-22
5,ZNF610(+),0.006923993047328635,0.015429205779452648,-1.15598750488393,-1.15598750488393,-9.782360641800006,1.3404695686782566e-22,5.935635030038611e-22
5,GTF2IRD1(+),0.004145041283210917,0.011731251661273652,-1.500898348622696,-1.500898348622696,-9.781804028335157,1.3478632833574918e-22,5.962690429710047e-22
5,ELK1(+),0.006751389482560811,0.015447377294584468,-1.1941054387886147,-1.1941054387886147,-9.777351120616363,1.408484650081059e-22,6.213116049028033e-22
5,DDIT3(+),0.022757917585443613,0.032969787511777274,-0.5347760163629156,-0.5347760163629156,-9.775632879050958,1.4325914954092286e-22,6.313460622557748e-22
5,ZNF131(+),0.012268369804190766,0.013787365311741679,-0.16840321991654358,-0.16840321991654358,-9.770986366648737,1.4998465477599813e-22,6.603589776630438e-22
5,CEBPB(+),0.0721335054742543,0.0878691118040675,-0.28468657121057855,-0.28468657121057855,-9.762806568773994,1.6259216738172419e-22,7.145133561855335e-22
5,CTCF(+),0.035063023192331844,0.026927456416936953,0.3808724221313513,0.3808724221313513,9.760870521939736,1.6572648853866873e-22,7.275988083762913e-22
5,ZFX(+),0.019206083949467698,0.02777120284515364,-0.5320262536012196,-0.5320262536012196,-9.721617172375144,2.438770135207764e-22,1.0656714278494886e-21
5,ZNF174(+),0.004747351365952803,0.015413346361257537,-1.6989851691507603,-1.6989851691507603,-9.711017315957578,2.7062242454547798e-22,1.1803203399190096e-21
5,HOXB7(+),0.009527015946065627,0.019751709216559547,-1.0518811153334058,-1.0518811153334058,-9.697126179921773,3.1011020508767785e-22,1.3500111552317372e-21
5,POU2F1(+),0.015584707367146695,0.016929524948710934,-0.11941041783001552,-0.11941041783001552,-9.64896701491959,4.965335957952585e-22,2.1494860694025868e-21
5,ZNF506(+),0.01717127079667982,0.02290333445998579,-0.41556081923108484,-0.41556081923108484,-9.64693416574362,5.064726762107499e-22,2.1884330986036588e-21
5,ZNF28(+),0.007589673105046846,0.013259327188072136,-0.8048978362715037,-0.8048978362715037,-9.638463960843739,5.500485061015402e-22,2.3745123706706825e-21
5,PLAGL1(+),0.010140324460246567,0.014231150663438248,-0.4889484601375955,-0.4889484601375955,-9.63802835030603,5.523872059440966e-22,2.3801842037201565e-21
5,ZNF496(+),0.0051668608793955,0.013969904627922379,-1.4349620515689125,-1.4349620515689125,-9.637592739768321,5.547357452871411e-22,2.388088542037785e-21
5,CREB3L2(+),0.010473026662317877,0.014914207519161038,-0.510008844139042,-0.510008844139042,-9.625879656421057,6.217265592515233e-22,2.6715262421122346e-21
5,RARA(+),0.018668883256934676,0.02645819578544752,-0.5030790327895048,-0.5030790327895048,-9.610584886430415,7.213803728437308e-22,3.088305835814866e-21
5,ZSCAN2(+),0.024843194105044743,0.043913137988237566,-0.8218019327620322,-0.8218019327620322,-9.604292734219074,7.668256608344093e-22,3.276821706141519e-21
5,ZNF283(+),0.005842161051546205,0.012798255179865567,-1.1313729681905602,-1.1313729681905602,-9.599888227671135,8.003116376290752e-22,3.4167716514586895e-21
5,ZNF34(+),0.005039312034728069,0.01106574768288449,-1.1348020815386763,-1.1348020815386763,-9.598073183764019,8.145281264423016e-22,3.474272862556924e-21
5,GFI1(+),0.008576585958747614,0.017009956444914376,-0.9879039832178546,-0.9879039832178546,-9.589094766570144,8.88612025444436e-22,3.776397857446848e-21
5,ZBTB25(+),0.013607531143254857,0.021018135272203052,-0.6272293038412847,-0.6272293038412847,-9.581592585087392,9.555988440247537e-22,4.0536590232830875e-21
5,CGGBP1(+),0.03832092722295223,0.03194162395947597,0.26269479842888593,0.26269479842888593,9.57873691600686,9.823895300668898e-22,4.163503072226919e-21
5,HOXB2(+),0.012988456597904876,0.019760177884944885,-0.6053658890174358,-0.6053658890174358,-9.572928775504085,1.0391929312425144e-21,4.396221462314644e-21
5,HIC1(+),0.012815315563533575,0.019046276942877968,-0.5716399747859433,-0.5716399747859433,-9.560731680448256,1.1692709187735146e-21,4.937512197911796e-21
5,CENPBD1(+),0.009524087819786569,0.0227279689115293,-1.2548158466515473,-1.2548158466515473,-9.548123175440146,1.3206706292230049e-21,5.5667105923238274e-21
5,ZNF443(+),0.004621674303778645,0.01445062303879543,-1.6446439839117368,-1.6446439839117368,-9.52372898532849,1.6707382458129728e-21,7.016798509766057e-21
5,LIN54(+),0.013507519690741477,0.01912848666676479,-0.501959924204175,-0.501959924204175,-9.518332254777993,1.759804958815026e-21,7.384186118966392e-21
5,CREB3(+),0.03505880152106692,0.02671953473305457,0.39188177942330993,0.39188177942330993,9.512717718958644,1.8574524768625187e-21,7.779861816976013e-21
5,ZNF562(+),0.019214328107091005,0.030423837263630002,-0.6630195708456962,-0.6630195708456962,-9.497858559505708,2.14250761507739e-21,8.965718803634664e-21
5,ZNF710(+),0.011953773730006048,0.02070466033930803,-0.792489344707579,-0.792489344707579,-9.497761757163996,2.1444997614554707e-21,8.965977850549649e-21
5,NR1H2(+),0.02910601630581518,0.036939949227125374,-0.3438644792725363,-0.3438644792725363,-9.484112626982473,2.444540531431356e-21,1.0202058192721158e-20
5,ZNF587(+),0.010939630970807995,0.02234586799577555,-1.0304439459180754,-1.0304439459180754,-9.471625124901506,2.7552324449397188e-21,1.1478075970174882e-20
5,TERF2(+),0.034540800957004035,0.02569051023857379,0.4270659792659746,0.4270659792659746,9.458605209941116,3.1207808765998944e-21,1.295444787471538e-20
5,ZNF561(+),0.010867732584216432,0.021286325624992292,-0.9698759014915348,-0.9698759014915348,-9.4547331162726,3.23847044389133e-21,1.343097786774574e-20
5,ZHX1(+),0.009879040155084319,0.016713077933250647,-0.7585346075658783,-0.7585346075658783,-9.452651865925771,3.303531719868871e-21,1.368858594004541e-20
5,ZNF493(+),0.00898651234815147,0.014351340928787282,-0.6753522608166271,-0.6753522608166271,-9.42322395404504,4.374457845350834e-21,1.8025140544121186e-20
5,ZNF480(+),0.014868365660730319,0.02117211037374236,-0.5099189769848423,-0.5099189769848423,-9.422304331798768,4.412950381336229e-21,1.8156027033929834e-20
5,ZNF619(+),0.0063622055287201485,0.015574390833983485,-1.2915767181651372,-1.2915767181651372,-9.417464214713121,4.621131879838777e-21,1.899571467420453e-20
5,ZBTB39(+),0.009508571523731106,0.015037116710180536,-0.6612273825334254,-0.6612273825334254,-9.411656074210345,4.883804347839482e-21,2.0022304674063898e-20
5,NRL(+),0.008265463225005185,0.0170104359094581,-1.0412524417566689,-1.0412524417566689,-9.40679175653927,5.115114857653855e-21,2.0933663888812473e-20
5,SETDB2(+),0.005268923406515531,0.012018084409924341,-1.189626693376477,-1.189626693376477,-9.395780490169425,5.679516201448747e-21,2.3202596970738283e-20
5,NFIX(+),0.015447337510061235,0.024162689942330135,-0.6454228419175273,-0.6454228419175273,-9.395102873777436,5.716193614799925e-21,2.3331915062166654e-20
5,AHDC1(+),0.007036464524492229,0.014138757334362642,-1.0067325901140511,-1.0067325901140511,-9.395006071435722,5.7214523327901954e-21,2.3332876282537714e-20
5,HHEX(+),0.005343380620039865,0.011321000771411998,-1.0831766627613013,-1.0831766627613013,-9.384938627897577,6.295309279581735e-21,2.5605701929647248e-20
5,ZNF597(+),0.005105706765580457,0.013617658123319453,-1.41529585531101,-1.41529585531101,-9.38176835120648,6.487538701934293e-21,2.636449454985546e-20
5,ZNF487(+),0.01331175352045632,0.021759909250493613,-0.708971871783706,-0.708971871783706,-9.378646475686237,6.6825035575497256e-21,2.713306732938678e-20
5,ZNF71(+),0.009419669745125961,0.018804921019556036,-0.9973617858929352,-0.9973617858929352,-9.367635209316392,7.417575732613852e-21,3.0087788032836737e-20
5,ZNF222(+),0.008199182481534603,0.016969768481195698,-1.049414816598354,-1.049414816598354,-9.36122205417791,7.881969918999592e-21,3.1864012422761625e-20
5,REL(+),0.07016230025806004,0.09448080434921584,-0.42932519463027524,-0.42932519463027524,-9.348686150926087,8.874319731390371e-21,3.5813392834325175e-20
5,THAP9(+),0.00357258197896828,0.009788432918821737,-1.4541105365284583,-1.4541105365284583,-9.34217619344589,9.437409508949755e-21,3.8052749278708e-20
5,ZNF462(+),0.011152313396377051,0.022340434455351083,-1.0023141687219332,-1.0023141687219332,-9.340699957734769,9.569933829826963e-21,3.855363628755094e-20
5,ZNF74(+),0.008822342604741433,0.014313726182140062,-0.6981655320092551,-0.6981655320092551,-9.333802790887724,1.0213899574709886e-20,4.111227341813468e-20
5,ZNF543(+),0.003999500902053343,0.011840399906580458,-1.5658256872364458,-1.5658256872364458,-9.316668776404535,1.2005028309712144e-20,4.811333606437697e-20
5,RFX8(+),0.004863164818880932,0.010507967147428302,-1.111516043424072,-1.111516043424072,-9.291524368144602,1.5209420285595517e-20,6.058984324750529e-20
5,ZNF417(+),0.0055902712852389826,0.011695670979043032,-1.0649842954342332,-1.0649842954342332,-9.273325527902571,1.8043073263091542e-20,7.175520146152416e-20
5,ZNF419(+),0.005898833840001581,0.01389824214372665,-1.2364006043492368,-1.2364006043492368,-9.25868417371849,2.0696694515184246e-20,8.195749874086175e-20
5,ZNF467(+),0.0061451086289838665,0.01535626865224055,-1.321317145209481,-1.321317145209481,-9.255901106394244,2.1243090028006232e-20,8.404953422494799e-20
5,ZBTB11(+),0.008236222066655148,0.014425811297092046,-0.808597748273661,-0.808597748273661,-9.25498148414797,2.1426754303869973e-20,8.470406275870299e-20
5,JUND(+),0.06567627001369038,0.07977446884968616,-0.28055490025761937,-0.28055490025761937,-9.249124942474339,2.263380043783735e-20,8.939966244366878e-20
5,IKZF4(+),0.012464605000975838,0.018853801975400025,-0.5970182761454917,-0.5970182761454917,-9.245010842951539,2.3521686009756302e-20,9.282772431207989e-20
5,ZNF124(+),0.00817344286640767,0.013334837581178038,-0.7061843724673651,-0.7061843724673651,-9.232281335016289,2.6492814229647158e-20,1.040229265399079e-19
5,ZNF501(+),0.013056504487259004,0.02423224927038711,-0.8921595655042663,-0.8921595655042663,-9.232281335016289,2.6492814229647158e-20,1.040229265399079e-19
5,ZNF473(+),0.00975433087959882,0.02026581884657627,-1.0549335759701473,-1.0549335759701473,-9.215074718776815,3.110615867860567e-20,1.2172544824104746e-19
5,ZNF428(+),0.04551431440791544,0.03894266541138288,0.22496871188095463,0.22496871188095463,9.201256184497295,3.537892792151987e-20,1.3809673966005025e-19
5,REPIN1(+),0.02630728567117679,0.032884062821461356,-0.32192614180920104,-0.32192614180920104,-9.192447171401419,3.840040427137823e-20,1.4963915926220796e-19
5,ZNF548(+),0.009321679035062131,0.01710119589094507,-0.8754354024297524,-0.8754354024297524,-9.18586461216494,4.08234409305726e-20,1.5881480998535154e-19
5,ZNF275(+),0.03635795086189538,0.026478344635013078,0.45745794556617625,0.45745794556617625,9.179959669320452,4.312529164095316e-20,1.6748911343831727e-19
5,EPAS1(+),0.027610636590163256,0.030701801146413868,-0.15309913865732258,-0.15309913865732258,-9.177588011948485,4.4085508857452693e-20,1.7107534556630555e-19
5,ZBED2(+),0.013108295191980545,0.029025328804693853,-1.14683228286453,-1.14683228286453,-9.15846954946018,5.263852071600773e-20,2.0409509910338555e-19
5,ZBTB49(+),0.007563290122728937,0.016851576956983583,-1.1557976329208424,-1.1557976329208424,-9.153266423593111,5.523753963047397e-20,2.138153096529597e-19
5,TCFL5(+),0.0061860298613264295,0.010851020846355214,-0.8107449724263318,-0.8107449724263318,-9.15314542066597,5.529946721939389e-20,2.138767903697624e-19
5,TOPORS(+),0.025231187009493176,0.03502718950206704,-0.4732671384185542,-0.4732671384185542,-9.148644111776319,5.765258433022877e-20,2.2242213805142244e-19
5,ZNF280D(+),0.010164769059346473,0.016092590822058536,-0.6628191208193679,-0.6628191208193679,-9.146756466112917,5.86685836505408e-20,2.2596647682981927e-19
5,TSC22D1(+),0.012341971814990055,0.020609712810447923,-0.7397514495861223,-0.7397514495861223,-9.144868820449515,5.970227735701136e-20,2.297573142695259e-19
5,ZNF567(+),0.006877054686165044,0.011629063649916439,-0.7578721296769919,-0.7578721296769919,-9.137705447162757,6.379140889351381e-20,2.45290640985407e-19
5,CXXC1(+),0.018946817019359512,0.025718907708906866,-0.4408738497206338,-0.4408738497206338,-9.132236114855978,6.709878130659689e-20,2.5758168526375417e-19
5,ERF(+),0.017334598516991744,0.029150210734163042,-0.7498518563623325,-0.7498518563623325,-9.115198902714502,7.852629687869084e-20,3.009526806943226e-19
5,ZNF546(+),0.007171196681892848,0.015348297339250935,-1.0977927206217548,-1.0977927206217548,-9.105518668543208,8.585521530104106e-20,3.284987438824841e-19
5,ESR2(+),0.00672273173611247,0.012400055433172371,-0.8832269852649847,-0.8832269852649847,-9.08100347550441,1.0757838852236574e-19,4.102640514666576e-19
5,ZNF331(+),0.05935293748699466,0.08344350742512036,-0.4914803603906416,-0.4914803603906416,-9.075945553149909,1.1269469685703063e-19,4.294231885979551e-19
5,ZBTB41(+),0.010499049341653124,0.0188404312254529,-0.8435732233587105,-0.8435732233587105,-9.06621691780776,1.2322099905333993e-19,4.683809661233748e-19
5,ASCL2(+),0.05541735315541329,0.09862885572792665,-0.8316719781007215,-0.8316719781007215,-9.060021567938133,1.3042476448941784e-19,4.95358161122932e-19
5,ZNF781(+),0.012304108721827361,0.028286101859956187,-1.2009531482885383,-1.2009531482885383,-9.059198748033573,1.314122994011339e-19,4.987010871881266e-19
5,ZNF101(+),0.012385426477916761,0.01806908242299328,-0.5448796620687913,-0.5448796620687913,-9.04279075111323,1.5272202847876635e-19,5.77682265703477e-19
5,ZNF414(+),0.01151281969435836,0.018745260305429477,-0.7032845929242506,-0.7032845929242506,-9.033739732163072,1.6590299401730956e-19,6.265198432604901e-19
5,PURB(+),0.010009232637288855,0.015777308702632553,-0.6565197048596831,-0.6565197048596831,-9.032190894695665,1.6826857069050472e-19,6.339071458697441e-19
5,ZNF341(+),0.01375988565840236,0.022930033913491174,-0.7367699651197538,-0.7367699651197538,-9.020284206664975,1.8760196221067584e-19,7.04455225924486e-19
5,SP3(+),0.016366158505123737,0.021120853923528287,-0.3679524151872405,-0.3679524151872405,-9.014234060307917,1.9825094238518684e-19,7.432410229049176e-19
5,ZNF322(+),0.039901185926451324,0.030802558276042138,0.37338143807920743,0.37338143807920743,9.004118215598917,2.1740582666930484e-19,8.130837881472793e-19
5,KLF16(+),0.0039252165656814995,0.009268097458256573,-1.2395007490873517,-1.2395007490873517,-9.001988564081232,2.216656540525626e-19,8.283483210572432e-19
5,ZBTB33(+),0.025733221165291507,0.049385687467078734,-0.940460907881396,-0.940460907881396,-8.999157095586128,2.2745724423016317e-19,8.493077969848134e-19
5,ZNF660(+),0.008641897782165947,0.01912417281437728,-1.1459771844766176,-1.1459771844766176,-8.994316978500482,2.377056135948993e-19,8.868615061432187e-19
5,KIN(+),0.007364227880411657,0.012612540904923218,-0.776252691171563,-0.776252691171563,-8.988097428045426,2.5154700042067745e-19,9.377494518090263e-19
5,ZFHX2(+),0.020336426318121555,0.037689681704975705,-0.890103399227068,-0.890103399227068,-8.984176933206053,2.60678030950159e-19,9.702319341053595e-19
5,ZNF197(+),0.01670514428565765,0.023080024746201886,-0.4663523034043236,-0.4663523034043236,-8.978078385678138,2.7553675812867234e-19,1.0247143646979047e-18
5,ZXDC(+),0.009946290232127305,0.017240756482276246,-0.7935925817619238,-0.7935925817619238,-8.966994517552008,3.047152777040653e-19,1.1296109057744479e-18
5,ZNF181(+),0.010215192588547539,0.02072748542940542,-1.0208286301218938,-1.0208286301218938,-8.938607230844692,3.9410593079761913e-19,1.4517224810110554e-18
5,TCF7L2(+),0.004286862683039015,0.010923591115720855,-1.349452903259126,-1.349452903259126,-8.932411880975064,4.1682034902240194e-19,1.5329616161591901e-18
5,ZNF566(+),0.013034035946551486,0.019368309214520516,-0.5714141021411099,-0.5714141021411099,-8.932266677462495,4.1736794304858105e-19,1.5337611514720402e-18
5,EGR2(+),0.019347910848236814,0.02870338885358014,-0.5690432586114033,-0.5690432586114033,-8.930354831213664,4.246445583270266e-19,1.558036313924991e-18
5,ZNF134(+),0.00863990722443974,0.014964301541512667,-0.7924371461871219,-0.7924371461871219,-8.927547563303989,4.355568864080949e-19,1.5956419314625689e-18
5,ZBTB2(+),0.009828628044814821,0.016061905558068162,-0.7085810517044384,-0.7085810517044384,-8.907073868031706,5.239714750196198e-19,1.9118990584965706e-18
5,ZNF865(+),0.00662247720873758,0.01311893658274303,-0.9862077936896692,-0.9862077936896692,-8.874862888826728,7.001962026749276e-19,2.5449228180164623e-18
5,ZNF552(+),0.006134169040348757,0.011166770554619112,-0.8642720818992843,-0.8642720818992843,-8.868183527248537,7.434872198061379e-19,2.6980454187496178e-18
5,TCF20(+),0.012711767808922348,0.015731196423270158,-0.3074636981258412,-0.3074636981258412,-8.86307720372318,7.7835640232199e-19,2.817977777697306e-18
5,ZSCAN30(+),0.005797579436244824,0.012169621503524658,-1.0697615807372265,-1.0697615807372265,-8.838997621222088,9.658117598548912e-19,3.480368987219527e-18
5,ZFP37(+),0.005712907941055095,0.012840434727644005,-1.1683967198609535,-1.1683967198609535,-8.83747298434011,9.790790607415874e-19,3.522712809562102e-18
5,E4F1(+),0.016259990082234842,0.023187331749507736,-0.512010409425939,-0.512010409425939,-8.826631122068262,1.0787586051752323e-18,3.8723599080671976e-18
5,ZNF853(+),0.04255456961046137,0.03348176013595658,0.3459386787003085,0.3459386787003085,8.824549871721434,1.0990095050478497e-18,3.942007066368542e-18
5,ZNF529(+),0.006558617137122648,0.012521077950631036,-0.9328951012460788,-0.9328951012460788,-8.818185117753808,1.1632981690104813e-18,4.162958393723949e-18
5,ZNF16(+),0.005058549372294599,0.01193732179834088,-1.2386834010057068,-1.2386834010057068,-8.808504883582515,1.2682604144320258e-18,4.5281088585985856e-18
5,GZF1(+),0.014751873574994953,0.02248658366905447,-0.6081662621468517,-0.6081662621468517,-8.79308911066473,1.4550297858191046e-18,5.182985701786611e-18
5,ZNF700(+),0.011714702245411282,0.018451023729270075,-0.655380534022166,-0.655380534022166,-8.736798548958664,2.3980957739613547e-18,8.432365533724824e-18
5,KLF4(+),0.013472282855860383,0.02285778731533151,-0.7626913764687012,-0.7626913764687012,-8.733071658802716,2.4784795537833755e-18,8.701842424281013e-18
5,CREBZF(+),0.029750065627481368,0.035368165977993186,-0.2495585511361382,-0.2495585511361382,-8.732248838898157,2.4965819986221795e-18,8.75877899063446e-18
5,ZNF282(+),0.008640376367829009,0.018521036351881456,-1.0999986768464214,-1.0999986768464214,-8.731014609041317,2.5239807103017193e-18,8.848219169321877e-18
5,ZNF212(+),0.007601648553088628,0.015406517939489417,-1.0191565041617434,-1.0191565041617434,-8.711871945967584,2.9889722585293795e-18,1.0415435964642886e-17
5,ZNF461(+),0.019991123455405765,0.02594983350601855,-0.37636571519687656,-0.37636571519687656,-8.709500288595617,3.0521732871340326e-18,1.062769484163237e-17
5,HOXA3(+),0.0035337667776086405,0.010992282526898777,-1.6372119804974188,-1.6372119804974188,-8.701901304771154,3.263693721290523e-18,1.1330237171445799e-17
5,ZNF19(+),0.0068222596425758526,0.015507091064094595,-1.18460639440232,-1.18460639440232,-8.69836801929863,3.3669109487430094e-18,1.1671120415605432e-17
5,ZNF528(+),0.014230871418579451,0.020921349209787006,-0.5559518539103139,-0.5559518539103139,-8.689365401519328,3.644696212565837e-18,1.2596438919172852e-17
5,SIX4(+),0.0073450494156791805,0.014523127940534295,-0.9835080103125331,-0.9835080103125331,-8.688978192152478,3.657138460792298e-18,1.2630043234483438e-17
5,HOXA4(+),0.006645309130270513,0.013335085564659878,-1.004818754784695,-1.004818754784695,-8.666834656485644,4.442994486149664e-18,1.5309873433356965e-17
5,HIC2(+),0.017423657313946957,0.01912963105358877,-0.13476155709810153,-0.13476155709810153,-8.637672951044625,5.736956946502661e-18,1.966654244760506e-17
5,TBX19(+),0.0032412972692617407,0.009770909347702667,-1.5919211973839154,-1.5919211973839154,-8.634551075524383,5.895811463905949e-18,2.0196197824368093e-17
5,PRR12(+),0.014946428559672277,0.020077464020183036,-0.4257762351821218,-0.4257762351821218,-8.623878617350533,6.47237234079916e-18,2.2154878056751733e-17
5,LCORL(+),0.01466961489259761,0.020659157515003163,-0.4939503956561127,-0.4939503956561127,-8.608971056726741,7.371925776977264e-18,2.515987893758956e-17
5,ZNF641(+),0.01384550649662466,0.020004698979764503,-0.5309210564735056,-0.5309210564735056,-8.60664780052563,7.522813335925375e-18,2.5637173841066303e-17
5,SCMH1(+),0.013572035011537973,0.01612538802778778,-0.24869680306187084,-0.24869680306187084,-8.58598050056992,9.006494538635062e-18,3.0536618344496243e-17
5,DBP(+),0.03476242119967218,0.017227360223280568,1.0128268750293468,1.0128268750293468,8.550744448186414,1.22297128483149e-17,4.134426214004564e-17
5,ZNF211(+),0.012323416520821032,0.02417725400121505,-0.9722480568503495,-0.9722480568503495,-8.541814432163397,1.3213049689548052e-17,4.460364520926649e-17
5,ZNF783(+),0.0020239538601513527,0.00758099605643492,-1.9052104905708793,-1.9052104905708793,-8.536345099856616,1.3853418882948573e-17,4.6663619079982684e-17
5,AEBP2(+),0.01006751305582035,0.015816908205323846,-0.6517602226662236,-0.6517602226662236,-8.535691684050054,1.3931942153180675e-17,4.689410963878568e-17
5,MTERF1(+),0.011775212789840383,0.018872364420227748,-0.6805220049212739,-0.6805220049212739,-8.532255200919245,1.4352201876563087e-17,4.8238768246480126e-17
5,MYRF(+),0.012542428515802395,0.01688524873286799,-0.42894668629648575,-0.42894668629648575,-8.529254328326145,1.4729404284929856e-17,4.947077577982587e-17
5,ZNF154(+),0.006898576005126601,0.01614711333025335,-1.2269056545563295,-1.2269056545563295,-8.527221479150173,1.4990469474577157e-17,5.0311221610846025e-17
5,TGIF2(+),0.00466439078264081,0.009551211444733485,-1.0339949106838042,-1.0339949106838042,-8.510644078131834,1.729698272520319e-17,5.784340155404523e-17
5,ZNF337(+),0.009985008185322247,0.01568917406998425,-0.6519338380872063,-0.6519338380872063,-8.484725251138197,2.1622902266911807e-17,7.205048854361932e-17
5,ZNF671(+),0.009067879833265124,0.019795529741845,-1.1263374113138886,-1.1263374113138886,-8.472673359594937,2.3982437549723313e-17,7.985549994155182e-17
5,ZNF766(+),0.015819964432388436,0.02033080606265271,-0.3619210388822599,-0.3619210388822599,-8.45457132169462,2.801145358710279e-17,9.307095987989445e-17
5,NR4A2(+),0.0738056000493883,0.09596654785530903,-0.37880130653427363,-0.37880130653427363,-8.449053588216984,2.936736610991818e-17,9.736717743081368e-17
5,ZFAT(+),0.0047525315878919425,0.013510785895998073,-1.5073432781227363,-1.5073432781227363,-8.427490866600428,3.5315583574636474e-17,1.1675507879301525e-16
5,ARID3B(+),0.01765188912166005,0.020669827801658654,-0.22770376759733274,-0.22770376759733274,-8.419577275165397,3.778451681396281e-17,1.2473992935384311e-16
5,ZNF253(+),0.008866008935823308,0.016962004978336675,-0.9359499130934905,-0.9359499130934905,-8.41500336451946,3.928836356474704e-17,1.2942868706258864e-16
5,USF2(+),0.018747825186044936,0.023836193828580782,-0.34643062014276066,-0.34643062014276066,-8.361157061941643,6.210609795153061e-17,2.0287118494012636e-16
5,ELF4(+),0.016926973197172894,0.025745977928647388,-0.6050230206802187,-0.6050230206802187,-8.342256404722194,7.288620152786735e-17,2.375834428750483e-16
5,CREBL2(+),0.011379338785784104,0.018079622431750837,-0.6679477723287393,-0.6679477723287393,-8.342111201209626,7.297577920005887e-17,2.3770862158784953e-16
5,TSHZ2(+),0.00908564997763103,0.019119914283749016,-1.0734143401556253,-1.0734143401556253,-8.32848627161353,8.188256387524452e-17,2.6634769551856496e-16
5,LYL1(+),0.004869215949121081,0.010934105423392456,-1.1670736359252458,-1.1670736359252458,-8.31507914728629,9.16910571199071e-17,2.976275054660856e-16
5,ZNF24(+),0.015460978747455507,0.02295706351562002,-0.5703064342600179,-0.5703064342600179,-8.300461993687637,1.0370731219236544e-16,3.354599339370038e-16
5,ETS1(+),0.06380259251783647,0.07196283352438858,-0.17363694419529935,-0.17363694419529935,-8.290055741953498,1.1319540766020134e-16,3.6589608112848663e-16
5,HMG20B(+),0.029711437219187547,0.02197688246403461,0.4350316297204422,0.4350316297204422,8.282940769837598,1.2017019895091937e-16,3.876323431437642e-16
5,ZNF257(+),0.0024707711775157496,0.010909460357577866,-2.142545976636177,-2.142545976636177,-8.276939024651396,1.2638189749059882e-16,4.0682183911561434e-16
5,E2F2(+),0.04785576871134344,0.03785760631257674,0.33810964084170925,0.33810964084170925,8.261934661685892,1.4333015819872186e-16,4.582027424866229e-16
5,MBD3(+),0.028022663836402308,0.01977780637406537,0.5027116629192635,0.5027116629192635,8.260434225389341,1.451434848286387e-16,4.636805275302798e-16
5,ZNF484(+),0.015877415731916682,0.022458514350973433,-0.5002863557146717,-0.5002863557146717,-8.22403654490528,1.9676609736797385e-16,6.264417561852218e-16
5,SP2(+),0.009288362366638303,0.016714346854842185,-0.8475907487352295,-0.8475907487352295,-8.179483267131905,2.8506365267539694e-16,9.01375538922545e-16
5,ZNF513(+),0.005433002285267531,0.014336499077901747,-1.399871042178529,-1.399871042178529,-8.173868731312556,2.9865475395790233e-16,9.437083892071131e-16
5,ZNF23(+),0.004928270792013939,0.010063325401808978,-1.0299535350818039,-1.0299535350818039,-8.158864368347052,3.381891416321843e-16,1.065731725157053e-15
5,ZNF100(+),0.012271640779976657,0.016487854357951175,-0.4260754787682898,-0.4260754787682898,-8.148772724223479,3.676361472057054e-16,1.1569579293838087e-15
5,WIZ(+),0.011106782164393255,0.019556254361926307,-0.8161891167055759,-0.8161891167055759,-8.135123594041955,4.115182997855374e-16,1.2941790809098316e-15
5,ATMIN(+),0.007940082153435958,0.015038914343034816,-0.9214744974172173,-0.9214744974172173,-8.121426062689576,4.607374829142009e-16,1.4431056022498065e-15
5,ZSCAN16(+),0.029716259411481875,0.04783322146268257,-0.6867604131311236,-0.6867604131311236,-8.118304187169334,4.727426906816586e-16,1.4797101066147603e-15
5,ZNF202(+),0.006220354676630476,0.01607083164579994,-1.369375698049848,-1.369375698049848,-8.097225477261343,5.622680041997166e-16,1.7575604841909042e-15
5,ZNF599(+),0.010505453893107343,0.01822125469012874,-0.7944837506930786,-0.7944837506930786,-8.078155415943897,6.575377304231014e-16,2.045721873955329e-15
5,ZNF574(+),0.014338800844092656,0.022105309291532788,-0.6244685085855786,-0.6244685085855786,-8.053228812952819,8.063794941597691e-16,2.500422396777121e-15
5,TERF1(+),0.024543480296145476,0.029716340665078438,-0.2759166205072295,-0.2759166205072295,-8.045436224444927,8.593874776383558e-16,2.6612365557534415e-15
5,ZNF441(+),0.014092418244007034,0.019406949769269734,-0.46165415862092196,-0.46165415862092196,-8.045339422103215,8.600670907201977e-16,2.6615667131214644e-15
5,RARG(+),0.01123796460055827,0.02044603185971933,-0.8634400551186555,-0.8634400551186555,-8.043814785221235,8.708411044277179e-16,2.69311380164231e-15
5,MYSM1(+),0.008683100203470169,0.01354630049882732,-0.6416167071818227,-0.6416167071818227,-8.022300464775537,1.037829001321199e-15,3.2010064482981203e-15
5,ZNF609(+),0.01909696065973599,0.022699976768186397,-0.249347761870647,-0.249347761870647,-8.019783603891002,1.0593161827665955e-15,3.2629467300734987e-15
5,HES6(+),0.03635615712924462,0.02636013129286034,0.46384214263983564,0.46384214263983564,8.007586508835171,1.1698145348900818e-15,3.596153881247141e-15
5,ZNF684(+),0.01681001303177893,0.024568987602927764,-0.5475175406888291,-0.5475175406888291,-7.987790429954878,1.3737872752601421e-15,4.2176086540537745e-15
5,ZNF7(+),0.010432430220709188,0.014868868911875386,-0.5112195923100584,-0.5112195923100584,-7.982466301160667,1.4343797528820385e-15,4.400722557554207e-15
5,ZNF83(+),0.015833390331191015,0.01646993937931692,-0.056865035224289706,-0.056865035224289706,-7.981691882426964,1.4434097382179316e-15,4.423738071991344e-15
5,NKRF(+),0.01506497091417996,0.020865736087501457,-0.4699379017728912,-0.4699379017728912,-7.957684901682157,1.752880594163963e-15,5.353142905911643e-15
5,ZNF507(+),0.025949314636719813,0.033737951148479044,-0.3786759157189932,-0.3786759157189932,-7.952844784596511,1.822766597399805e-15,5.562911199028971e-15
5,SMAD5(+),0.01747005703257784,0.022623519602404454,-0.3729390538931777,-0.3729390538931777,-7.911364981172521,2.54581949986606e-15,7.728974886848266e-15
5,ZNF681(+),0.023723738805513775,0.03465550611398229,-0.5467531755909277,-0.5467531755909277,-7.90330618622492,2.716013258445265e-15,8.218815365132415e-15
5,RORB(+),0.014359880433342078,0.014591277431669457,-0.023062455014816567,-0.023062455014816567,-7.882130673975216,3.2184517754399747e-15,9.726550746206039e-15
5,ZNF75D(+),0.012121935313035221,0.017748062226814174,-0.5500414298671332,-0.5500414298671332,-7.843724344900612,4.373766516343996e-15,1.3141103149041307e-14
5,ZNF2(+),0.010756421133463532,0.01910214883420571,-0.8285367345194516,-0.8285367345194516,-7.8026559514289024,6.06176473845953e-15,1.8084070141390184e-14
5,ZNF775(+),0.004843818802585178,0.010356183287153951,-1.0962754424697854,-1.0962754424697854,-7.797428624976404,6.318135139065864e-15,1.88247195131244e-14
5,HDX(+),0.014135734524881904,0.022679075254308602,-0.6820149259065649,-0.6820149259065649,-7.779592793515797,7.275836124350876e-15,2.1664268460006296e-14
5,ZNF230(+),0.007651833948203645,0.01560671368427098,-1.0282892126381262,-1.0282892126381262,-7.76257978195975,8.321898805630162e-15,2.4699821055688246e-14
5,ZNF468(+),0.017894728835404505,0.026159046192507487,-0.5477752306825235,-0.5477752306825235,-7.760643735125491,8.449937680699956e-15,2.504783696672067e-14
5,ZNF525(+),0.00849646091404196,0.014826160675211461,-0.8032110426153031,-0.8032110426153031,-7.75531960633128,8.812125978328459e-15,2.607154469384439e-14
5,ZNF559(+),0.024908804701385817,0.03662067696622609,-0.5560026497324299,-0.5560026497324299,-7.74861604416766,9.289945052604485e-15,2.7432800234804726e-14
5,ZNF655(+),0.022323972504741437,0.028553681395711225,-0.355082974003615,-0.355082974003615,-7.744719749913714,9.579289120306822e-15,2.8269249024031248e-14
5,ZNF324(+),0.018209877306297167,0.026020339619480803,-0.5149185667436394,-0.5149185667436394,-7.726133700304832,1.1086219069224236e-14,3.2674801761768135e-14
5,ZMAT4(+),0.003208795637269633,0.011887789573644135,-1.8893763408838398,-1.8893763408838398,-7.724367057568571,1.124104894689663e-14,3.309292985019464e-14
5,TFEB(+),0.010421429735185823,0.015380553730816161,-0.5615541823266426,-0.5615541823266426,-7.701739510193174,1.342262994123071e-14,3.9410945687115456e-14
5,ZC3H8(+),0.013125087916560292,0.017466354613014667,-0.41225142228015144,-0.41225142228015144,-7.692494886559589,1.4429324988650074e-14,4.220668423947078e-14
5,ZNF555(+),0.005636976605809048,0.016594234457002845,-1.5576884207730506,-1.5576884207730506,-7.689905423918768,1.4724382932100813e-14,4.304264236602157e-14
5,ZNF274(+),0.017323095235851287,0.02248144917282061,-0.37603828748147644,-0.37603828748147644,-7.6802009891620475,1.588391804300185e-14,4.6257554426171535e-14
5,ZNF614(+),0.010846660710734958,0.018292580708633783,-0.7540076119371595,-0.7540076119371595,-7.677127514812661,1.6269546415359374e-14,4.732125428888184e-14
5,ZNF195(+),0.007729564496862596,0.012334845584247314,-0.6742805489759635,-0.6742805489759635,-7.659920898573189,1.860476378433481e-14,5.40457334448e-14
5,PRDM15(+),0.006608230900899778,0.014657794195278547,-1.149331890787126,-1.149331890787126,-7.652079908894441,1.9775428030925536e-14,5.730309619691149e-14
5,KLF6(+),0.06960183346661035,0.08487285191369952,-0.2861778418926415,-0.2861778418926415,-7.641625255989445,2.144967152839552e-14,6.207708675974903e-14
5,ZNF791(+),0.014407390598570415,0.018059642792073515,-0.32596027251497267,-0.32596027251497267,-7.639689209155187,2.1774670075112486e-14,6.297841998686021e-14
5,ZNF426(+),0.0354125958545113,0.044609065415606136,-0.3330743130935063,-0.3330743130935063,-7.623668421601697,2.4656623063965072e-14,7.118086645874317e-14
5,MAX(+),0.013829732428648732,0.016409586672584586,-0.2467656399113838,-0.2467656399113838,-7.6194575197371845,2.547440278139339e-14,7.340483928013169e-14
5,ZNF841(+),0.008278233080199073,0.014684939755259769,-0.8269424965355658,-0.8269424965355658,-7.595450538992378,3.067233737650895e-14,8.805501057718423e-14
5,ZNF770(+),0.016237784867548878,0.026419183389739413,-0.7022310038828398,-0.7022310038828398,-7.591965654690713,3.150885470020831e-14,9.040063624611958e-14
5,ZNF92(+),0.01594351687792703,0.023728090093697765,-0.5736260517689882,-0.5736260517689882,-7.587464345801061,3.262263385474288e-14,9.348065037339955e-14
5,KAT7(+),0.018896971107091372,0.023408261289268175,-0.3088627524922988,-0.3088627524922988,-7.5786553327051855,3.491547012041232e-14,9.99891237418713e-14
5,ZNF879(+),0.0035159404934259238,0.012341992710123085,-1.8115924956413807,-1.8115924956413807,-7.5631669580311165,3.933721575163765e-14,1.1237476455495503e-13
5,ZBTB4(+),0.01707290186927403,0.022242479638744893,-0.38160931900480294,-0.38160931900480294,-7.561327713538571,3.989756231954514e-14,1.1383548954194542e-13
5,ZNF142(+),0.010246296852039462,0.015047138056448885,-0.554386474922194,-0.554386474922194,-7.557746026895193,4.1011381427176773e-14,1.1686985688910191e-13
5,ZNF594(+),0.00910288850503026,0.017196149939152455,-0.917689204922278,-0.917689204922278,-7.55394653498296,4.222635744948855e-14,1.2025838770869058e-13
5,ZNF182(+),0.02888338692095848,0.042764498051527156,-0.5661736649315066,-0.5661736649315066,-7.547654382771619,4.431670753323938e-14,1.2605701561046965e-13
5,ZNF564(+),0.0048447877035983165,0.016808735686049455,-1.794705646646164,-1.794705646646164,-7.524736428371084,5.282678048985632e-14,1.4998801673311894e-13
5,POGK(+),0.014251691338688465,0.020338064540951505,-0.5130492190554021,-0.5130492190554021,-7.510167675943288,5.905167784875339e-14,1.6725307537040213e-13
5,ZNF224(+),0.018338591495559345,0.0236483027139282,-0.366853788209152,-0.366853788209152,-7.500874651138847,6.339339093592784e-14,1.7911332171373775e-13
5,CSRNP1(+),0.05251865694553127,0.06895882260582167,-0.39290511289277985,-0.39290511289277985,-7.4979221797166025,6.483737227973972e-14,1.830818202063167e-13
5,ZNF234(+),0.005607491859054011,0.014754767710592804,-1.395753522676628,-1.395753522676628,-7.486378500467336,7.080002538228909e-14,1.9943366761718182e-13
5,BHLHE40(+),0.02362179032266973,0.028385941971997786,-0.2650582948083778,-0.2650582948083778,-7.485192671781353,7.144224940604539e-14,2.0112075666126112e-13
5,GTF2B(+),0.033509480191480166,0.040935258092119925,-0.2887746763560235,-0.2887746763560235,-7.476916071564897,7.60869721043234e-14,2.1380761368698258e-13
5,CENPB(+),0.023151818625483187,0.019138722053865586,0.2746310114427121,0.2746310114427121,7.466025808122192,8.265314259137808e-14,2.318380720633763e-13
5,EGR4(+),0.0108157742595062,0.018497764606916555,-0.7742139350393878,-0.7742139350393878,-7.445866720460475,9.631000037562588e-14,2.698190300028843e-13
5,ZNF625(+),0.004895280883166542,0.011983271498010869,-1.2915581043542013,-1.2915581043542013,-7.430378345786407,1.0828748992765597e-13,3.0282684570377004e-13
5,ZNF568(+),0.008834603772256013,0.016022798683372263,-0.8588887531804941,-0.8588887531804941,-7.427982487829012,1.102665525057265e-13,3.081757740006616e-13
5,TAL1(+),0.012380419929285116,0.01812932758331443,-0.5502651296675006,-0.5502651296675006,-7.420044695808552,1.1708081662847488e-13,3.2663086681036985e-13
5,E2F7(+),0.040328079669916694,0.02728433082213197,0.5637120319880912,0.5637120319880912,7.415688590431469,1.209944966218099e-13,3.369421083982656e-13
5,GLI4(+),0.011049671142111115,0.015288347789566763,-0.46842903391244795,-0.46842903391244795,-7.4068795773355935,1.2930577675883687e-13,3.5944065412615037e-13
5,ZFP69B(+),0.019718768415970703,0.03138249602553142,-0.6703906278138625,-0.6703906278138625,-7.3948518863777615,1.4156598172040556e-13,3.9305079802228556e-13
5,ZNF540(+),0.009443860280225971,0.01624727357316054,-0.7827489758355491,-0.7827489758355491,-7.381396360879664,1.5663792211308038e-13,4.3360139941314564e-13
5,KLF10(+),0.023197799641015173,0.028971114369441504,-0.3206271970724143,-0.3206271970724143,-7.35489671983575,1.9107479658485315e-13,5.275369025942858e-13
5,ZNF799(+),0.008259461641528902,0.0158271286795528,-0.9382798115768932,-0.9382798115768932,-7.340134362724529,2.133795324809662e-13,5.882183551181531e-13
5,EGR1(+),0.06473822206111812,0.09129988527601249,-0.4959952962713563,-0.4959952962713563,-7.338730728769692,2.1562893270169117e-13,5.940666621585738e-13
5,TIGD6(+),0.006885266021854224,0.014797918966714682,-1.1038098906010207,-1.1038098906010207,-7.328711686402404,2.3237569033819047e-13,6.383116981791216e-13
5,ZNF433(+),0.012958712070570382,0.02363152125447825,-0.8667901140034325,-0.8667901140034325,-7.298944966325678,2.900329107599343e-13,7.938732295108396e-13
5,SNAPC2(+),0.033683289343668904,0.02286401281555644,0.5589543812934131,0.5589543812934131,7.289458336837811,3.1120365064976806e-13,8.508186917411258e-13
5,ZNF577(+),0.0198526724156394,0.026941300160329792,-0.44048623132143616,-0.44048623132143616,-7.260659640178215,3.85207118106878e-13,1.049663636062328e-12
5,ZSCAN12(+),0.006341047828622302,0.013663465498346817,-1.1075301585876298,-1.1075301585876298,-7.251124609519491,4.133251928347499e-13,1.1227459185481949e-12
5,EBF4(+),0.0020622587522145562,0.009712347278384771,-2.2355940976051296,-2.2355940976051296,-7.235200624307714,4.648414569328351e-13,1.2604720183613654e-12
5,ZNF584(+),0.01689925389858248,0.024442373190211697,-0.5324247886242568,-0.5324247886242568,-7.233216176302599,4.716876544368082e-13,1.2782900553436256e-12
5,ZNF680(+),0.016301418449212905,0.019818533614225867,-0.28185270048226924,-0.28185270048226924,-7.229053675608943,4.863711873182157e-13,1.317314381978491e-12
5,KLF11(+),0.011560090667890276,0.01663719749463009,-0.5252596833273782,-0.5252596833273782,-7.227650041654106,4.914230813560571e-13,1.3294468333715116e-12
5,FAM200B(+),0.02665083563362888,0.020543570480121644,0.37549380874595034,0.37549380874595034,7.221067482417626,5.158104674050581e-13,1.3937984997652674e-12
5,ZNF736(+),0.01563278261204293,0.016295091326387904,-0.05986283521551342,-0.05986283521551342,-7.204127072617864,5.841686930128922e-13,1.5757628217449968e-12
5,ZBTB16(+),0.028940053333047135,0.03235265862520786,-0.16081668673820618,-0.16081668673820618,-7.191542768195183,6.406325981964857e-13,1.727068147778686e-12
5,MYNN(+),0.013860769002437613,0.018678826474553423,-0.43039649041265177,-0.43039649041265177,-7.162211658656166,7.9385722416277e-13,2.1327164871232308e-12
5,DACH1(+),0.015135619840648012,0.018003624157741704,-0.25033957911126836,-0.25033957911126836,-7.156258314640821,8.290885019049879e-13,2.2235081358826032e-12
5,ARHGAP35(+),0.03686375538872199,0.03011936021664582,0.2915119149000828,0.2915119149000828,7.126830402760091,1.0270651249820565e-12,2.7449467810941616e-12
5,MAFG(+),0.02448198378946405,0.03513906501890076,-0.5213553215299869,-0.5213553215299869,-7.121312669282454,1.0690396306086087e-12,2.853844301251142e-12
5,SP110(+),0.020674440342941646,0.02375076750018901,-0.2001258493192156,-0.2001258493192156,-7.087577053195498,1.3648031791330403e-12,3.6287983784046777e-12
5,ZNF678(+),0.019449262868519324,0.021272414086054296,-0.1292682817609436,-0.1292682817609436,-7.068410189536338,1.567187256596818e-12,4.155014159185056e-12
5,ZNF696(+),0.03821003399052541,0.04485917066022147,-0.23145140198605899,-0.23145140198605899,-7.046629662650929,1.8330331717075127e-12,4.848769409214918e-12
5,ZHX3(+),0.011832265394210506,0.01765927771495993,-0.5776999789164837,-0.5776999789164837,-7.022743684833264,2.1755310294470756e-12,5.7416713816941284e-12
5,DOT1L(+),0.04005333349323076,0.033702297686663295,0.2490753592162416,0.2490753592162416,7.018363378870754,2.2448210572639135e-12,5.9211776325899365e-12
5,TET1(+),0.01270623172939909,0.016740639949351908,-0.3978184163205706,-0.3978184163205706,-6.975286336808501,3.052484661505606e-12,8.019678310347025e-12
5,ZNF576(+),0.004330924268757343,0.009549842521658261,-1.1408018156141595,-1.1408018156141595,-6.943244761701521,3.8319464176604705e-12,1.0010906136126482e-11
5,FOXK1(+),0.012272153667108385,0.015081589341616537,-0.2973999971761635,-0.2973999971761635,-6.936468597781617,4.0202255806345075e-12,1.0485091421699768e-11
5,ATF3(+),0.07652704040191738,0.10409273089546449,-0.44382780825464674,-0.44382780825464674,-6.91807615285616,4.57818188344497e-12,1.1920210116929307e-11
5,CC2D1A(+),0.008499807852745801,0.012380559077272322,-0.5425742785084363,-0.5425742785084363,-6.897166847046168,5.304986373538198e-12,1.3766291455354711e-11
5,ZNF136(+),0.009226244607006173,0.014220737861640078,-0.6241808212250465,-0.6241808212250465,-6.87974242553784,5.996087683944985e-12,1.5524987342209843e-11
5,ZNF557(+),0.01860686139641894,0.02505176589422539,-0.4290775600983422,-0.4290775600983422,-6.879258413829276,6.016493521650934e-12,1.5569143402823727e-11
5,ZNF780B(+),0.008634498993098092,0.012933181162174906,-0.5828927470087106,-0.5828927470087106,-6.87824198924129,6.0595675727418474e-12,1.567187715778724e-11
5,MTERF3(+),0.019458721080649905,0.025253724581491006,-0.3760792719928561,-0.3760792719928561,-6.8760639365527485,6.152889368692772e-12,1.5904380143337743e-11
5,ZNF891(+),0.015224920654461118,0.02038694459028792,-0.421210840095439,-0.421210840095439,-6.851911752295373,7.286950692793757e-12,1.878351052609711e-11
5,FOSB(+),0.09426493924315542,0.12364825005586283,-0.39144863635192356,-0.39144863635192356,-6.850266112486254,7.371273672087468e-12,1.8990330674900882e-11
5,ZBED1(+),0.011623602736572099,0.01810627771540188,-0.6394326419059442,-0.6394326419059442,-6.837052592842439,8.083907013390375e-12,2.0803184530303763e-11
5,CEBPD(+),0.03578219192051107,0.040910534473892896,-0.19323061461980034,-0.19323061461980034,-6.835213348349893,8.188307475202524e-12,2.106018173993119e-11
5,ZNF117(+),0.011186454246210684,0.017563785771956532,-0.6508509762284181,-0.6508509762284181,-6.82403267788205,8.851973254272293e-12,2.2741933498946238e-11
5,THAP6(+),0.01235675681601952,0.01734342949353093,-0.48908903230155665,-0.48908903230155665,-6.818611746746126,9.192445886336593e-12,2.3590558642007445e-11
5,JUN(+),0.08756006004162921,0.116790903848614,-0.4155830625865675,-0.4155830625865675,-6.797896045619559,1.0615800709757105e-11,2.721324188566322e-11
5,ZNF263(+),0.020078049055371836,0.02763780846290925,-0.4610241100042189,-0.4610241100042189,-6.768710139593111,1.2993556340203921e-11,3.323517026445331e-11
5,ZNF318(+),0.00805431677709562,0.01382183601965131,-0.7791150738432369,-0.7791150738432369,-6.767790517346838,1.3076389858739242e-11,3.3428635604757176e-11
5,TCF3(+),0.012154462379895346,0.016976617876228346,-0.4820629555049596,-0.4820629555049596,-6.704626989379152,2.019214900943178e-11,5.133690867477319e-11
5,ZNF346(+),0.022276511683219685,0.028282966762201413,-0.3444101105695433,-0.3444101105695433,-6.682798061322887,2.3442251146161573e-11,5.940494084774714e-11
5,FOXO4(+),0.005181628682097379,0.016192235921898432,-1.6438244859863442,-1.6438244859863442,-6.6704799633399166,2.5496818492865872e-11,6.447072504048012e-11
5,ZNF438(+),0.012473455826746025,0.017243244810214626,-0.4671700266949142,-0.4671700266949142,-6.656177417351832,2.810409792674356e-11,7.083208620169497e-11
5,SNAI3(+),0.012103375581306024,0.014624211809612417,-0.2729493850825323,-0.2729493850825323,-6.6510468932410465,2.910155357363552e-11,7.326651292657832e-11
5,NR2C2(+),0.020348170720843887,0.024491814108280174,-0.267400522709553,-0.267400522709553,-6.616343253736962,3.681928837647656e-11,9.224681472962978e-11
5,CENPT(+),0.03440196998014945,0.028080489316064213,0.2929230962248152,0.2929230962248152,6.579171154519197,4.7307795914797945e-11,1.1801541999153408e-10
5,SAFB2(+),0.021860865870727084,0.025213643945672014,-0.2058540819998972,-0.2058540819998972,-6.522880592813129,6.896976978250256e-11,1.7095228422610694e-10
5,ZNF652(+),0.022574864538487133,0.02717598660022062,-0.2676150703799639,-0.2676150703799639,-6.509812276681883,7.524477780758699e-11,1.8620777459576002e-10
5,ZNF79(+),0.00809242871386972,0.015519250914731473,-0.9394141807781823,-0.9394141807781823,-6.492896067467549,8.420178117077942e-11,2.078200178205475e-10
5,JUNB(+),0.10196121727244543,0.13121828513895173,-0.3639482666345195,-0.3639482666345195,-6.4917102387815655,8.48673711948529e-11,2.092404135881591e-10
5,ZNF486(+),0.010730859655685196,0.01584785204994041,-0.5625216175919303,-0.5625216175919303,-6.483191632710828,8.980231660364757e-11,2.2105551702381714e-10
5,ZSCAN18(+),0.02014530973619503,0.02539199667517861,-0.33392984234145706,-0.33392984234145706,-6.458119826207179,1.0601178976201038e-10,2.6040442276284414e-10
5,BPTF(+),0.046555766594353204,0.0527847923156437,-0.1811624576407135,-0.1811624576407135,-6.438275346156029,1.2083864465313262e-10,2.955742519293318e-10
5,ZBTB40(+),0.011765999578716895,0.014840468326665773,-0.33491270527845407,-0.33491270527845407,-6.430918368185846,1.26835267737468e-10,3.097527963409773e-10
5,FBXL19(+),0.01340913032440073,0.025410169194946368,-0.9221902594260707,-0.9221902594260707,-6.409525050667289,1.4597366277449313e-10,3.553708928655768e-10
5,ZNF248(+),0.018800254555392654,0.024601584698590855,-0.3879990348088771,-0.3879990348088771,-6.404636532410787,1.507280198261401e-10,3.6636925802847763e-10
5,TFAP2E(+),0.007503325095729711,0.01590378106033266,-1.083767727510068,-1.083767727510068,-6.399457607129144,1.559298649227502e-10,3.786169485447855e-10
5,EGR3(+),0.05010080993075762,0.06500557603891118,-0.3757295418856518,-0.3757295418856518,-6.398731589566298,1.5667297465964338e-10,3.8022255344516376e-10
5,ZNF814(+),0.03759282066940188,0.02917840712709745,0.36555602934332754,0.36555602934332754,6.378790307173435,1.7849223201921594e-10,4.3159626118129e-10
5,ZNF41(+),0.01871018630231905,0.0247738326991869,-0.40499313885677724,-0.40499313885677724,-6.363447136011935,1.9727531101805857e-10,4.765178469468966e-10
5,ZNF410(+),0.009935882707920982,0.0155103572041338,-0.6425118119901764,-0.6425118119901764,-6.3333658083246425,2.398699365000638e-10,5.770045857290503e-10
5,ZNF85(+),0.04948034600311214,0.027796263938029055,0.831964580896412,0.831964580896412,6.328259484799285,2.479419441981214e-10,5.958046201760341e-10
5,ZBED3(+),0.006740744751846916,0.011695812190932606,-0.795012057769849,-0.795012057769849,-6.31874865472599,2.6368974488936707e-10,6.33318958123635e-10
5,HOXA1(+),0.012319730323764131,0.023652558878131825,-0.9410255393552626,-0.9410255393552626,-6.275937819103448,3.475330637762024e-10,8.303966467286318e-10
5,ZNF319(+),0.003310783579782031,0.008624546164895901,-1.381275566434654,-1.381275566434654,-6.271436510213796,3.577321666948679e-10,8.534493653300778e-10
5,RFX5(+),0.01885164077985961,0.01552124450784292,0.28044584079525997,0.28044584079525997,6.244331854534177,4.256155040557264e-10,1.009695616107686e-09
5,ZNF654(+),0.019605632075185293,0.023205925512552485,-0.24322507133489918,-0.24322507133489918,-6.177828645777394,6.498919338775515e-10,1.533137650005702e-09
5,ZFP1(+),0.006690640538364779,0.010470511001299929,-0.6461155340898368,-0.6461155340898368,-6.1705926707343535,6.803448561592803e-10,1.602536438569907e-09
5,DPF3(+),0.026250261484704416,0.026713544018052877,-0.025239592547790828,-0.025239592547790828,-6.168390417460384,6.898863500852437e-10,1.6241875804084931e-09
5,ZNF512B(+),0.00780653935044148,0.0202493452313774,-1.3751200987052834,-1.3751200987052834,-6.131653928780327,8.697012961803171e-10,2.033096386893595e-09
5,ZFP90(+),0.011796899232743047,0.016781451816919254,-0.5084597941439274,-0.5084597941439274,-6.123377328563872,9.1612393226937e-10,2.1373157535867524e-09
5,ZNF219(+),0.017856134104202094,0.02144922667640941,-0.2645058533254905,-0.2645058533254905,-6.09753110332652,1.0771916505506707e-09,2.506791190785504e-09
5,ZNF764(+),0.015106645858695533,0.019837208963900625,-0.3930256610791992,-0.3930256610791992,-6.085818019979256,1.1589802496329627e-09,2.6903864365542788e-09
5,ZNF296(+),0.03145885652508925,0.04317983222807736,-0.4568913931997404,-0.4568913931997404,-6.052760020284291,1.4238490561572092e-09,3.280644278695554e-09
5,DMTF1(+),0.017268222748392327,0.019973770618846805,-0.20998708918706493,-0.20998708918706493,-6.029866266469183,1.6409541242022321e-09,3.7733821321383006e-09
5,ZNF146(+),0.011439332674621083,0.015720387981425242,-0.4586338961570676,-0.4586338961570676,-6.015878328091665,1.789139215158152e-09,4.103976125634378e-09
5,MYB(+),0.007024975915808924,0.02016917753227165,-1.5215869360833336,-1.5215869360833336,-6.013845478915694,1.8117321451798171e-09,4.151699957750494e-09
5,ZNF771(+),0.009804360467718714,0.014748406573680805,-0.5890636114581322,-0.5890636114581322,-5.968566183579471,2.3934755718664067e-09,5.43386805049827e-09
5,ZNF121(+),0.013980025310833501,0.016610874150371314,-0.2487610083362168,-0.2487610083362168,-5.9659283197677935,2.4324705964908064e-09,5.517004844091697e-09
5,NFE2L3(+),0.0206874278720918,0.02921241690570921,-0.4978274230483699,-0.4978274230483699,-5.962879046003836,2.4783187848153477e-09,5.618248294517955e-09
5,ZNF621(+),0.01655811989992713,0.02122220864475315,-0.35803591895463355,-0.35803591895463355,-5.959394161702171,2.5317476955737737e-09,5.730978579892875e-09
5,ZNF589(+),0.014880615479285556,0.023592375594363318,-0.6648864606307823,-0.6648864606307823,-5.94489801103066,2.766290365663321e-09,6.240611339730999e-09
5,PRDM4(+),0.01238032713326884,0.01630153538450403,-0.3969583889107514,-0.3969583889107514,-5.913655055242812,3.3459824423511457e-09,7.530081610814473e-09
5,ZNF688(+),0.024018532571015876,0.019608102566862472,0.29269806192143305,0.29269806192143305,5.90779851356918,3.4670969806032454e-09,7.798869479371464e-09
5,IKZF5(+),0.018810598950047643,0.02401445204761284,-0.35235708689845147,-0.35235708689845147,-5.891487318990552,3.827350352880419e-09,8.600891334847386e-09
5,AEBP1(+),0.013336986346857291,0.02521256454305194,-0.9187101121478746,-0.9187101121478746,-5.879992040912141,4.102862099226647e-09,9.19777724464661e-09
5,ZXDB(+),0.0080708135231689,0.015837524552647617,-0.9725607613388179,-0.9725607613388179,-5.879653232716146,4.111268525109354e-09,9.212176700015894e-09
5,ZNF575(+),0.027102044583865,0.018266884066346314,0.569171104636805,0.569171104636805,5.874546909190789,4.24001407565806e-09,9.496077811683553e-09
5,ZSCAN32(+),0.02118421523229286,0.02628388975072435,-0.3111890974101684,-0.3111890974101684,-5.858284115783017,4.6767405510135166e-09,1.0433938453149752e-08
5,ZNF699(+),0.005007917564886113,0.01215662485762468,-1.2794598484019621,-1.2794598484019621,-5.788489627407995,7.1022133538711745e-09,1.574691218555208e-08
5,IRF3(+),0.022071974267749955,0.025565008410877436,-0.2119548118778257,-0.2119548118778257,-5.7787125908949895,7.527438700154953e-09,1.6649977505818932e-08
5,DLX2(+),0.0227519296515347,0.03574669911351446,-0.6518210957702762,-0.6518210957702762,-5.772081630487654,7.829816587827037e-09,1.73023301857548e-08
5,ZBTB21(+),0.0186481802466028,0.020731284110956948,-0.1527746188131682,-0.1527746188131682,-5.759884535431825,8.417149451817052e-09,1.857370983548228e-08
5,ZNF615(+),0.01932929457167238,0.025904088555991023,-0.4223908169027568,-0.4223908169027568,-5.724261273681467,1.0388477120578894e-08,2.284776336415197e-08
5,ZNF682(+),0.02637758486565479,0.021424232890558358,0.30006891611551967,0.30006891611551967,5.707804875590269,1.144425081480977e-08,2.5098463189231058e-08
5,ZNF107(+),0.01264404330957421,0.01697911310937942,-0.4253031916670105,-0.4253031916670105,-5.695220571167589,1.2321252632318733e-08,2.6983601356492464e-08
5,ZFHX3(+),0.01511485694592112,0.018481052349218707,-0.2900795670480214,-0.2900795670480214,-5.693816937212751,1.2423028162018994e-08,2.7193669091695676e-08
5,ARID5A(+),0.02764270905052823,0.03211006700902471,-0.2161266583364137,-0.2161266583364137,-5.692510105599626,1.2518518671989494e-08,2.7389787673759395e-08
5,ESRRA(+),0.04473499942211996,0.04002877726449452,0.16036644671095077,0.16036644671095077,5.667438299095978,1.449482249527059e-08,3.159476794487653e-08
5,ZNF200(+),0.010411315722266928,0.015990917865153255,-0.6191003026497718,-0.6191003026497718,-5.633678482423594,1.7640576564971938e-08,3.830784391972634e-08
5,GTF2IRD2B(+),0.014378643779540437,0.01830181047515055,-0.3480587456772405,-0.3480587456772405,-5.6204407621943515,1.9047089348312783e-08,4.1246494183176165e-08
5,AHR(+),0.03468078415575267,0.04179483333278803,-0.2691880814056947,-0.2691880814056947,-5.615842650962987,1.9560660667717147e-08,4.229947337129709e-08
5,ZNF664(+),0.012395263759087083,0.019004907614099505,-0.6165830006756817,-0.6165830006756817,-5.545201142097977,2.9361644112516403e-08,6.29662220233789e-08
5,TFE3(+),0.013230116196472724,0.017644792472196243,-0.41541670232688954,-0.41541670232688954,-5.529252956300772,3.2159733718877566e-08,6.88808530262627e-08
5,ZKSCAN4(+),0.013445738184151354,0.020697969509938595,-0.622340244594353,-0.622340244594353,-5.529228755715344,3.2164170121413085e-08,6.88808530262627e-08
5,CHAMP1(+),0.03433917075696028,0.029374023950762787,0.22531427943486038,0.22531427943486038,5.493920101575553,3.931083954388531e-08,8.364583127867487e-08
5,PHF1(+),0.023522908142800794,0.028587493800462868,-0.28131770496985503,-0.28131770496985503,-5.483368646328844,4.173021532697739e-08,8.855041123518044e-08
5,IRF7(+),0.08543185440060401,0.06693146974194851,0.3520893988225983,0.3520893988225983,5.441066023000294,5.2962679438263975e-08,1.1202716119796729e-07
5,CAMTA2(+),0.010276758747665085,0.01727788256622684,-0.7495410512253008,-0.7495410512253008,-5.438645964457471,5.368701630986041e-08,1.135075970684122e-07
5,ZNF677(+),0.01065634287393732,0.015745267702331672,-0.5632058349365535,-0.5632058349365535,-5.40524915656651,6.471836546545456e-08,1.3639601070192216e-07
5,ETV1(+),0.006971104459437901,0.014927950964442748,-1.098556890861826,-1.098556890861826,-5.400965652945714,6.628311727569493e-08,1.395671259046251e-07
5,ZNF689(+),0.012467937335811027,0.023311083755568708,-0.9027932154658871,-0.9027932154658871,-5.398230986792323,6.73011848897937e-08,1.4164658079433247e-07
5,ZNF582(+),0.023219403009767985,0.029807312573242695,-0.3603354143148006,-0.3603354143148006,-5.397940579767185,6.741018378171144e-08,1.4181173173281233e-07
5,USF1(+),0.014912694451664894,0.01881284707565701,-0.33517722831483965,-0.33517722831483965,-5.381774588701125,7.375508770240869e-08,1.548090295425614e-07
5,ZFP91(+),0.013927755840088204,0.015882509515864625,-0.18947605354687314,-0.18947605354687314,-5.355734758780348,8.520943192423076e-08,1.7836764816946908e-07
5,RFX1(+),0.025288415301726184,0.03039699975988107,-0.26545229107359186,-0.26545229107359186,-5.28836032894815,1.2341767444266824e-07,2.5592638294026517e-07
5,ZNF524(+),0.02654270830203997,0.020996633523249285,0.33815753696938616,0.33815753696938616,5.228294475915277,1.710808701575512e-07,3.5193562527981635e-07
5,GATA3(+),0.043103635905908086,0.038777012037486146,0.15260792499583434,0.15260792499583434,5.2215667131662284,1.774156914571369e-07,3.6464419770725705e-07
5,ZNF777(+),0.011697616778941903,0.01745511567293615,-0.5774352454106693,-0.5774352454106693,-5.218832047012838,1.8005494456873645e-07,3.699050055381604e-07
5,POU2F2(+),0.01756064966032337,0.020780429269603065,-0.2428792254470687,-0.2428792254470687,-5.1210374812973525,3.0385923721157004e-07,6.182330954217008e-07
5,ZNF691(+),0.023428970597359076,0.027586857173186916,-0.23568753038961265,-0.23568753038961265,-5.108985589754092,3.238930524166282e-07,6.578413766835322e-07
5,FOS(+),0.08661029460666057,0.10765675289673561,-0.3138283930619119,-0.3138283930619119,-5.106662333552983,3.278989263725382e-07,6.653955932723635e-07
5,ZNF446(+),0.008288394200073993,0.01748254178403596,-1.076750336706776,-1.076750336706776,-5.073894740883156,3.8975470783954225e-07,7.867929673683936e-07
5,STAT2(+),0.017325977259835486,0.019485363788720254,-0.169454128543855,-0.169454128543855,-5.049306946088072,4.434157843058805e-07,8.9085913412665e-07
5,NR1D1(+),0.012624097939885982,0.017681615126840904,-0.4860697278356402,-0.4860697278356402,-5.047128893399531,4.48498792130593e-07,9.002925192076942e-07
5,ZNF445(+),0.013957952913437903,0.016374284840202247,-0.23034451188618316,-0.23034451188618316,-5.026461593443821,4.996124861012077e-07,9.994401369251118e-07
5,GABPA(+),0.01768614775944329,0.021582254170184816,-0.2872256938831764,-0.2872256938831764,-4.9892410930552,6.061695634793718e-07,1.2022449284208719e-06
5,ZXDA(+),0.04179858743072597,0.059920157011710225,-0.5195872059934834,-0.5195872059934834,-4.94105772746759,7.769989717319327e-07,1.528657443326907e-06
5,THAP4(+),0.01788648610782892,0.02210802782509359,-0.3057003276685243,-0.3057003276685243,-4.93106288568573,8.178339864983627e-07,1.6069538355689065e-06
5,TIGD1(+),0.004696037944926836,0.010386760761666202,-1.1452296631069243,-1.1452296631069243,-4.927432797871495,8.331706565081845e-07,1.6357048603045296e-06
5,VDR(+),0.02705782273325465,0.03208076055734341,-0.24566258228416782,-0.24566258228416782,-4.912089626709996,9.011084241464643e-07,1.7654038630603395e-06
5,ETS2(+),0.014106722055676165,0.017489324091691915,-0.3100917234755094,-0.3100917234755094,-4.875401539200796,1.08587347803099e-06,2.1183882005266477e-06
5,IRF9(+),0.022188287895490044,0.026683212874389496,-0.26613402834104555,-0.26613402834104555,-4.865576101516933,1.141238865881686e-06,2.2235966996729996e-06
5,XPA(+),0.019020844405473372,0.021809056317652165,-0.19734604174464473,-0.19734604174464473,-4.82346708287181,1.4108405963599723e-06,2.7351229424424336e-06
5,ZNF765(+),0.01734302305082261,0.024274739355343303,-0.4851003856606971,-0.4851003856606971,-4.817416936514752,1.4542859972806177e-06,2.814649357236862e-06
5,MNT(+),0.019917410029749165,0.023419740603454507,-0.23369502779588658,-0.23369502779588658,-4.813399639333665,1.4838413529797778e-06,2.8682659528052716e-06
5,PLSCR1(+),0.0699503709658828,0.057268095580321116,0.2886000756339142,0.2886000756339142,4.808172312881167,1.5231645073634379e-06,2.941829162870341e-06
5,ZNF845(+),0.01504689295656476,0.019471620133450534,-0.37190729187401045,-0.37190729187401045,-4.775162714357058,1.7956200821014921e-06,3.450829657162363e-06
5,ZNF658(+),0.003815471017051983,0.008586698780908614,-1.1702422055234616,-1.1702422055234616,-4.771387423030254,1.829612321781634e-06,3.5147019167393257e-06
5,ZNF573(+),0.0019325798450853355,0.005818818765863448,-1.5901977929967064,-1.5901977929967064,-4.727269755794587,2.275588656118435e-06,4.357011256253145e-06
5,ZSCAN21(+),0.0041461092415882176,0.011315049691966613,-1.4484126658427572,-1.4484126658427572,-4.684120111976049,2.8116510505784636e-06,5.354702390298058e-06
5,ATF4(+),0.08445014289474244,0.07944665324880118,0.08811341686118167,0.08811341686118167,4.682329268654359,2.836333980067295e-06,5.397284447936331e-06
5,HSF2(+),0.018082505045690242,0.021519319352934874,-0.2510378798065146,-0.2510378798065146,-4.675262697709316,2.93577573487717e-06,5.584225343367918e-06
5,MLXIP(+),0.01765664265041832,0.021588913200448426,-0.29007955853692247,-0.29007955853692247,-4.6624605880177805,3.124509370681402e-06,5.938357621446445e-06
5,ZNF280B(+),0.015803364974511767,0.01788071392053154,-0.17817254844868366,-0.17817254844868366,-4.626425916315143,3.720298543153637e-06,7.041885384249651e-06
5,GPBP1(+),0.06455754164910919,0.07284919444601672,-0.17432737491727876,-0.17432737491727876,-4.617423298535841,3.885342167263555e-06,7.3453049926492526e-06
5,NR3C2(+),0.003240696923419202,0.007218731174628234,-1.1554409305778064,-1.1554409305778064,-4.5847767087931555,4.544718538869946e-06,8.543188026325739e-06
5,ZNF268(+),0.005567009239420646,0.01222557323388571,-1.1349275881247194,-1.1349275881247194,-4.577782739604396,4.699303865723286e-06,8.815939602699783e-06
5,GPBP1L1(+),0.01918861753851438,0.020506455833728284,-0.09582739005387486,-0.09582739005387486,-4.574491459986157,4.7737807842237e-06,8.95204349726245e-06
5,MBD6(+),0.01717910330390407,0.021884469495054598,-0.34925265952234436,-0.34925265952234436,-4.556776631452691,5.194461273685001e-06,9.725220724009202e-06
5,ZNF66(+),0.018443621645628853,0.023084083862447414,-0.3237764860210096,-0.3237764860210096,-4.527251917230248,5.975568865362339e-06,1.1142720746530735e-05
5,ZNF75A(+),0.020875098700314985,0.02420856493411007,-0.21373453159446282,-0.21373453159446282,-4.523186218878305,6.091560066735171e-06,1.1354452853123946e-05
5,DR1(+),0.03859201017648972,0.03430506060376172,0.16988077295277407,0.16988077295277407,4.496565574907249,6.9059887385991446e-06,1.2846743168118955e-05
5,ZNF354B(+),0.025598593100819647,0.03013199032591456,-0.23523144092052095,-0.23523144092052095,-4.493467899972436,7.007258813602332e-06,1.3024696754374881e-05
5,SRF(+),0.015298776525992694,0.018462237761304214,-0.27116113055366486,-0.27116113055366486,-4.480399583841191,7.450342574150373e-06,1.3837201622122543e-05
5,ZNF714(+),0.016061833631654667,0.017029414209558846,-0.08439220240461809,-0.08439220240461809,-4.41578402074781,1.0064453583230358e-05,1.8558708572491074e-05
5,ZNF25(+),0.014194344792230858,0.019044203858433608,-0.4240356953962523,-0.4240356953962523,-4.415300009039246,1.0086999806330767e-05,1.8592902420796195e-05
5,ZNF227(+),0.018283913723150875,0.020144890755210178,-0.1398390581690035,-0.1398390581690035,-4.374739827861529,1.2157739348860872e-05,2.2321225010062745e-05
5,ZNF598(+),0.028745967484097884,0.01405246534671421,1.032536277687452,1.032536277687452,4.370867734193012,1.2375374367363638e-05,2.2711819018729396e-05
5,RFX2(+),0.02005603859074942,0.01891640376113824,0.08439883207148498,0.08439883207148498,-4.255818151067196,2.082859501729827e-05,3.77188397096883e-05
5,TTF1(+),0.02213336238870721,0.020423554921795494,0.11598862586241894,0.11598862586241894,4.249864807051851,2.1389957703530315e-05,3.861498388375372e-05
5,SNAI1(+),0.06444829160458661,0.0899662124440898,-0.4812411646112151,-0.4812411646112151,-4.229996126415272,2.336953359389913e-05,4.207421842777576e-05
5,ZNF32(+),0.028956642481381523,0.033756150743304215,-0.22125606216285487,-0.22125606216285487,-4.222663349030518,2.41432301937853e-05,4.343350280795226e-05
5,ZBTB26(+),0.023063785228421684,0.03696676425918526,-0.680599437339306,-0.680599437339306,-4.216346996233749,2.4829161263403946e-05,4.461564954294442e-05
5,GTF2I(+),0.045260803216332364,0.04276800378045434,0.08173031539794312,0.08173031539794312,4.199672792873697,2.6730097731884888e-05,4.790173764066563e-05
5,RBPJ(+),0.05233611820248618,0.04836574870327972,0.11382118860706808,0.11382118860706808,4.173245753586068,3.0029072858311374e-05,5.3545122236797056e-05
5,MTF1(+),0.017899042874473,0.0209137965427409,-0.22457252722566548,-0.22457252722566548,-4.161048658530238,3.1678957317783406e-05,5.637883400042296e-05
5,NR4A1(+),0.0959138951642321,0.11551792207777811,-0.2683049534909419,-0.2683049534909419,-4.1038868757487545,4.062661740131785e-05,7.188976679204624e-05
5,ZNF483(+),0.014132793235946956,0.019358897340491225,-0.4539501219864928,-0.4539501219864928,-4.092827208208052,4.261452801835978e-05,7.529269024164365e-05
5,ZNF830(+),0.026279744454226314,0.029789267140935084,-0.1808413782940205,-0.1808413782940205,-4.034431195569728,5.473472514359709e-05,9.57599993566887e-05
5,ZNF502(+),0.026173665971031178,0.020870342235995373,0.3266617349255353,0.3266617349255353,3.9687992078883623,7.223571606116147e-05,0.00012487342802534242
5,ZNF500(+),0.01690320633984811,0.020446540294087472,-0.2745597995682994,-0.2745597995682994,-3.927271003293516,8.591515683314218e-05,0.00014758724241492065
5,NR1H3(+),0.031103408710401424,0.026539725789899344,0.22891922529818767,0.22891922529818767,3.9129442567200026,9.117758768890583e-05,0.00015630977828932284
5,ZNF850(+),0.018122993767961858,0.012954388857468017,0.48438030869819465,0.48438030869819465,3.882983931959851,0.00010318238896397232,0.0001763363490572669
5,ZNF785(+),0.022838184676617506,0.026349134501960726,-0.20630758485013154,-0.20630758485013154,-3.8639622718132607,0.00011156246037828548,0.00019044749300152006
5,ZNF587B(+),0.03876097910256233,0.03280603579863594,0.24064373430449595,0.24064373430449595,3.85849293950648,0.00011408836305754792,0.00019454495095532674
5,STAT1(+),0.044433252508283214,0.03723089654296849,0.2551393864260072,0.2551393864260072,3.776017344367065,0.00015935589947143396,0.00026965688635512234
5,NFIC(+),0.03201756562055441,0.03004409324983285,0.09178223611906841,0.09178223611906841,3.7724356577236864,0.00016166166326238778,0.0002733594560807394
5,ZNF26(+),0.014884772107296183,0.016627690472061106,-0.15975065367434954,-0.15975065367434954,-3.703367186911512,0.0002127565891077097,0.0003572864629086448
5,NFYB(+),0.028079230521276664,0.025835684215610426,0.12013830466484643,0.12013830466484643,3.6963490171373246,0.00021872223570351584,0.0003665962082147803
5,HEY1(+),0.034860045130505495,0.04118085911638103,-0.24039948427493313,-0.24039948427493313,-3.68819341984801,0.00022585194197064138,0.0003777753944737592
5,ZNF264(+),0.016033936024163364,0.016779954972756844,-0.06561021749606197,-0.06561021749606197,-3.68628157359918,0.0002275545735867792,0.0003804863190462885
5,ZNF628(+),0.0297819957372071,0.03442612313769381,-0.20906328154157622,-0.20906328154157622,-3.684587532619204,0.0002290732942255576,0.0003826125320667799
5,ZNF626(+),0.027120684719111533,0.023171233026251372,0.22705877642094283,0.22705877642094283,3.6554984289344685,0.00025668278050558897,0.0004273446291929967
5,MSANTD3(+),0.008090982796125622,0.01271854194222632,-0.6525463643928143,-0.6525463643928143,-3.646665215253164,0.00026566568864135753,0.000441666830257375
5,ZNF302(+),0.02012350301763103,0.0216831059667423,-0.10768995771326868,-0.10768995771326868,-3.621327202309805,0.0002930955415788741,0.0004857041707577132
5,ZNF397(+),0.025621610230562746,0.02899024966474786,-0.1782066044580398,-0.1782066044580398,-3.568085914367694,0.0003595986028829094,0.0005908509056919398
5,ZNF165(+),0.028543484773957073,0.03428201874103076,-0.26429057931092675,-0.26429057931092675,-3.514699422913014,0.00044025198024963207,0.0007190472743528625
5,ZNF415(+),0.017743666688793444,0.018786458624277524,-0.0823889598778455,-0.0823889598778455,-3.498436629505242,0.000467994288659878,0.0007622136994478027
5,CREB1(+),0.016333738930906984,0.01883068781582766,-0.20523061175783344,-0.20523061175783344,-3.4974686060881126,0.00046969599096518926,0.000764717097102455
5,ZKSCAN5(+),0.014593908676906298,0.018786600398680717,-0.36433766883310065,-0.36433766883310065,-3.488659592992236,0.0004854489331707178,0.0007884301729293652
5,ZNF48(+),0.012612753671327992,0.017564374745509388,-0.47776890282343953,-0.47776890282343953,-3.483625871223164,0.0004946704519625371,0.0008028456496736495
5,MEF2D(+),0.024346128843741297,0.027395336306103357,-0.17023791291583984,-0.17023791291583984,-3.462377757217176,0.0005354250774292515,0.0008650606903161297
5,ZNF267(+),0.028299712154081075,0.03347127062920373,-0.24213593247351642,-0.24213593247351642,-3.4574892389606733,0.0005452340171628586,0.0008799902743994017
5,MBD2(+),0.03623408477212262,0.03329164799458876,0.12218716241855329,0.12218716241855329,3.4388547881809344,0.0005841804981272435,0.0009408871060336498
5,REXO4(+),0.01582484695737772,0.016040711858703732,-0.019546618897038594,-0.019546618897038594,-3.3633005604739936,0.0007701646275210526,0.0012293543456288651
5,ZNF335(+),0.022970891593048468,0.02556275172443437,-0.15423628380489918,-0.15423628380489918,-3.336341108306943,0.0008488893774057669,0.001352226048713919
5,ZNF667(+),0.015814650551264256,0.01716503032360228,-0.11821072110569697,-0.11821072110569697,-3.2221627462565436,0.0012722684650293059,0.001979794646586642
5,CREB3L4(+),0.03752243074868539,0.03286986609723197,0.19098770568869636,0.19098770568869636,3.2210979204977015,0.0012770050885573547,0.0019858348297117218
5,ELK4(+),0.03066105879000388,0.027563629946016938,0.15364161796626769,0.15364161796626769,3.2169838209749018,0.0012954590386994199,0.0020125107808557875
5,ZNF444(+),0.02279137876489603,0.02738102201443589,-0.26468808341269795,-0.26468808341269795,-3.2046415224065035,0.0013523079049740073,0.002096618898065509
5,HMG20A(+),0.017044119877037064,0.019506071881425,-0.19464916400962404,-0.19464916400962404,-3.167614626701308,0.001536951067398781,0.0023733835465649393
5,MBD4(+),0.029480736507569515,0.028116252318290687,0.06836825789090874,0.06836825789090874,3.132475376659515,0.0017333896652590795,0.0026678578512685305
5,NFE2L1(+),0.01574928338720814,0.01857125382790701,-0.23778502178480637,-0.23778502178480637,-3.1171564060834442,0.0018260466568442073,0.0028038485451163287
5,KLF5(+),0.05637832886745787,0.06786590063355294,-0.2675461519460731,-0.2675461519460731,-2.99455624030402,0.0027484438182923013,0.004153064910854828
5,ZNF787(+),0.034836603037231566,0.03185384509085916,0.1291364165249757,0.1291364165249757,2.99182157415063,0.00277318293969466,0.004186361636295644
5,ZNF320(+),0.008808916888001546,0.012716749949075847,-0.5296934076073945,-0.5296934076073945,-2.9865942476981315,0.002821038673836108,0.004255837817463047
5,THRA(+),0.016129364602517213,0.018339301481295315,-0.18524907260971019,-0.18524907260971019,-2.929480866087504,0.003395287158826113,0.005089096112535429
5,MYPOP(+),0.015544604427538153,0.01811125052520059,-0.22047224609656682,-0.22047224609656682,-2.898262110885084,0.003752368497351594,0.005599020774236478
5,SAFB(+),0.024230545081993925,0.025400545817689656,-0.06803263630533864,-0.06803263630533864,-2.865639721727827,0.0041616757618862755,0.00618591485246776
5,ZSCAN9(+),0.01415933250778982,0.016035053870397647,-0.1794759324481177,-0.1794759324481177,-2.821546255077588,0.004779274477198802,0.007072229992541712
5,ZNF737(+),0.009758223490710326,0.012513556768282438,-0.358801446544677,-0.358801446544677,-2.8174805567256453,0.004840204516811021,0.00715327711759058
5,PREB(+),0.019039470347041804,0.021316310294125135,-0.16296438574999572,-0.16296438574999572,-2.6661300954574814,0.007672999404109399,0.011158760874166613
5,THAP3(+),0.03135363891876292,0.0350144912309588,-0.1593192274695927,-0.1593192274695927,-2.6173901164050215,0.008860501115928062,0.012801563820679892
5,MLX(+),0.03883080803612949,0.03695335965037043,0.0714961925826352,0.0714961925826352,2.613324418053079,0.008966614337869437,0.012942797886700911
5,ZNF140(+),0.017479139189950654,0.01809159882329746,-0.04968577028190591,-0.04968577028190591,-2.535495335315884,0.01122884239347579,0.016023954813423977
5,ZNF687(+),0.008002309588559213,0.012856463551832627,-0.6840054357175893,-0.6840054357175893,-2.508947293101113,0.012109155100998553,0.017221991868995187
5,KLF7(+),0.020183804530836708,0.01793353447632378,0.17053827735249824,0.17053827735249824,2.5005012887866602,0.01240176817845189,0.017616578956852914
5,ETV7(+),0.03248569802400096,0.029534467339301106,0.13740510756837865,0.13740510756837865,2.448470030115961,0.01434643646548888,0.02015704700005924
5,SNAPC5(+),0.04208854057746596,0.04040361088786648,0.05894325057689933,0.05894325057689933,2.4125563613404646,0.015841088035447325,0.02216988669016355
5,ZNF189(+),0.017523890514044304,0.018494025053828685,-0.07773613773882126,-0.07773613773882126,-2.401520894385191,0.016327076616437036,0.022829401229184237
5,THAP1(+),0.02539850169875678,0.02420022754090288,0.06972277723620525,0.06972277723620525,2.398423219450377,0.01646582813559752,0.023002638102210673
5,ZNF439(+),0.01181220932390676,0.013967772143694424,-0.24182308295650587,-0.24182308295650587,-2.3422778612568784,0.0191664397322826,0.0265043502698579
5,THAP7(+),0.017729443747841682,0.018721975201686166,-0.07858537239663997,-0.07858537239663997,-2.3188032933914933,0.02040570455110565,0.028151023950070016
5,ZNF774(+),0.028563584071900162,0.025606518268144286,0.1576659076293493,0.1576659076293493,2.3021532906168694,0.021326529038611663,0.029334239675555575
5,IRF5(+),0.04037668856403785,0.03613615275755329,0.16007967319852143,0.16007967319852143,2.294457504450692,0.021764233339952713,0.0298920354417742
5,ZBTB43(+),0.03236781362806154,0.02894298647557111,0.16134611909183835,0.16134611909183835,2.2341980467343934,0.025470044910119255,0.0346741965438171
5,ZNF672(+),0.05339364631049315,0.05689224042025525,-0.09156381832888101,-0.09156381832888101,-2.2046733325119505,0.027477025748073602,0.0372753459695683
5,ZNF519(+),0.03838821281676178,0.03621466782621708,0.08408925162265493,0.08408925162265493,2.203560105582252,0.027555295546432775,0.03737061250019861
5,VEZF1(+),0.01845585087955186,0.016788295206239336,0.13662250767846854,0.13662250767846854,-2.1555945452634955,0.031115338865047998,0.04197814377814346
5,ATF7(+),0.01893052104177123,0.021211046648746384,-0.16410168333155223,-0.16410168333155223,-2.147608352072179,0.031744881370596445,0.04276536367935629
5,ZBTB20(+),0.035869712407894244,0.03678913782917129,-0.03651368719651007,-0.03651368719651007,-2.139525356539149,0.032393144592969395,0.04356287105800314
5,CASZ1(+),0.026449201712037837,0.028788290513785963,-0.12225793822566709,-0.12225793822566709,-2.092043807928958,0.03643459705434986,0.048534185063795546
5,ZNF143(+),0.023070589651946125,0.020527304259397798,0.16851069151223833,0.16851069151223833,2.090398168119838,0.03658204732147656,0.04868871341210849
5,NFX1(+),0.02738406706321774,0.02623891441933974,0.061628695630702765,0.061628695630702765,2.0866712779638905,0.03691785928633446,0.049079409383235136
5,SPEN(+),0.025268319376947766,0.026267194177314764,-0.055932387710677677,-0.055932387710677677,-2.0833315971747943,0.03722100852310405,0.04943997271656229
5,ZNF429(+),0.01591842459213591,0.018892031312483286,-0.2470802546058931,-0.2470802546058931,-2.0460626956153165,0.04075020265339005,0.053896552199600455
5,SREBF2(+),0.018400954835630447,0.016215850662084155,0.1823759122429395,0.1823759122429395,2.024427372242477,0.04292619775075296,0.05664417544196592
5,ZNF880(+),0.03299329844722157,0.035785091834153175,-0.11718566256818304,-0.11718566256818304,-2.022249319553936,0.04315060146431518,0.05689314328746636
5,EOMES(+),0.042844256917011166,0.03837010443446598,0.15911913486225884,0.15911913486225884,2.0194420516442615,0.04344129455304261,0.05724391863798097
5,NFYC(+),0.016135754270786107,0.01722081845441335,-0.09389268712229641,-0.09389268712229641,-2.0138275158249113,0.044027645763783624,0.05800011757594297
5,SLC2A4RG(+),0.024523019850275454,0.022379311855602838,0.13197096745966955,0.13197096745966955,2.0097618174729686,0.04445640376469514,0.05854834008704534
5,XBP1(+),0.06448415043047223,0.06777247936904088,-0.07175494661043769,-0.07175494661043769,-1.9868196624870045,0.04694238487357109,0.06154314923447296
5,FOXD1(+),0.018724374554678354,0.022265895651370975,-0.24991810394279418,-0.24991810394279418,-1.9786156640268338,0.04785929470080018,0.06265682747610395
5,ZBTB48(+),0.015476006527730719,0.01842872615487342,-0.25192309394188245,-0.25192309394188245,-1.9265118035998499,0.05404049944013485,0.07029350879289453
5,HOXA9(+),0.031021044900892487,0.033278887486557475,-0.10135991944959614,-0.10135991944959614,-1.9021176134881919,0.057155780277496154,0.07393166231940118
5,ZNF408(+),0.0037412303793640284,0.007658891547640333,-1.0336226047105201,-1.0336226047105201,-1.8419307575281785,0.06548527889803557,0.08409707505705702
5,ZBTB18(+),0.005907521493741214,0.008983121587945292,-0.6046638042230313,-0.6046638042230313,-1.8321295204297443,0.06693212617697289,0.08578910764129113
5,FOXC1(+),0.01790075852034718,0.016339326409939237,0.13167220383823816,0.13167220383823816,1.7968934680462383,0.0723525338135343,0.09237974699391611
5,ZNF623(+),0.01377230900610573,0.01689595727864905,-0.29490761680154093,-0.29490761680154093,-1.7878424490960796,0.07380143011149347,0.09412620616910686
5,ZNF367(+),0.030228344440499117,0.02739367250056425,0.14205926979539213,0.14205926979539213,1.754639245888545,0.0793210340089012,0.10069587400146107
5,ZBTB42(+),0.02372392169538828,0.024374376143469642,-0.03902277720324296,-0.03902277720324296,1.7227912754649914,0.08492627707006994,0.10742989024795067
5,ZNF544(+),0.029881442564467682,0.028866412861572297,0.0498579565077008,0.0498579565077008,1.7130626401228422,0.08670101622992098,0.10946621918673088
5,HES1(+),0.04949265482936726,0.05274544302225889,-0.09183202309900412,-0.09183202309900412,-1.68407033877982,0.0921680758768128,0.11583352609518276
5,ZNF518B(+),0.02820246315876751,0.028508969078186102,-0.015594699076945029,-0.015594699076945029,-1.6358627726067816,0.10186831079986312,0.12695956631751118
5,ZFP62(+),0.021728103681562038,0.019553670455204827,0.15212281766533928,0.15212281766533928,1.5930277363988106,0.11115396894503234,0.1379770672767705
5,ZNF354A(+),0.0204685840848065,0.018572464252956312,0.14024605083685746,0.14024605083685746,1.5602601437289843,0.1186984179040808,0.14648091157397855
5,HIVEP3(+),0.03331537935033744,0.03088601510422073,0.10923457045359307,0.10923457045359307,1.5565332535730365,0.11958134158517288,0.1474921220560616
5,ZNF789(+),0.03806953071556696,0.038315833136527165,-0.009303889791847516,-0.009303889791847516,-1.4143306135967442,0.15726485239527735,0.19043150140147636
5,ZNF726(+),0.012549807220747281,0.011555827605799983,0.11904460652203656,0.11904460652203656,1.3974628055532665,0.1622744440265359,0.1960376573480518
5,ZNF580(+),0.012987463700384037,0.014918867002324789,-0.20001824457289274,-0.20001824457289274,-1.390856045731359,0.16426908376519234,0.19824107406841215
5,MYC(+),0.058654915241075294,0.0566433062578602,0.05034653160201353,0.05034653160201353,1.3594436858455137,0.17400603587967567,0.20890618678239686
5,GLMP(+),0.03492863529334641,0.0364201622793472,-0.06032707304898457,-0.06032707304898457,-1.284325068676281,0.19902823893118404,0.23674421762749037
5,ZNF256(+),0.0171602338173917,0.01717358771841149,-0.001122252389347914,-0.001122252389347914,-1.1886601544784794,0.23457342615336862,0.27598621187497396
5,GMEB1(+),0.017774829976548084,0.01689026503638114,0.07364378909302757,0.07364378909302757,1.170195107796738,0.2419224611415982,0.28398529997541666
5,BCL11A(+),0.024515469951410226,0.026146968716079168,-0.09295127947051089,-0.09295127947051089,-1.1698562996007429,0.2420588026363376,0.28407355690899144
5,CHCHD3(+),0.025389881716524156,0.025595832168664286,-0.011655237426418252,-0.011655237426418252,-1.1233427744076807,0.2612919437928073,0.30456739746990963
5,NFYA(+),0.02651100258476504,0.024626475422467632,0.10638106449374186,0.10638106449374186,1.1009330323011377,0.2709258042604228,0.31469126301316924
5,ZSCAN25(+),0.01743414218391455,0.019018962613329485,-0.12552316924179857,-0.12552316924179857,-1.061873287419971,0.2882932133959405,0.3330320756588271
5,RELA(+),0.024491265219123384,0.02499958265068505,-0.029636703702895704,-0.029636703702895704,-1.059356426535435,0.28943748603701414,0.3342315267403836
5,FOSL1(+),0.039799552502224805,0.044583221918493926,-0.16374866695457352,-0.16374866695457352,-1.0268792408907472,0.3044773304381806,0.3495916748151699
5,PKNOX1(+),0.018787167387187734,0.018301071693244977,0.03781942666237996,0.03781942666237996,-0.9983709512562898,0.31809951421407756,0.36339701021258985
5,ZNF581(+),0.025161335221867222,0.02565636349055787,-0.028108214636206618,-0.028108214636206618,-0.8912591601509342,0.3727901528632045,0.41988609603530186
5,ZFP82(+),0.020304531783746953,0.020995319199442947,-0.04826596027494398,-0.04826596027494398,0.8856204237461561,0.37582210212982614,0.422890907071958
5,RREB1(+),0.02763102333074814,0.026778428953863603,0.04521766990012006,0.04521766990012006,-0.8737379363008941,0.3822609863016,0.429719816401484
5,THAP5(+),0.0226552281427185,0.0216524358491642,0.06531468225414305,0.06531468225414305,-0.857668747576548,0.3910754018175532,0.43920339493291455
5,SREBF1(+),0.04781798850222094,0.0422529274239215,0.17850213976864873,0.17850213976864873,0.810864815358347,0.4174433077823162,0.4653285732298677
5,NAIF1(+),0.02144709633971842,0.023899620494325993,-0.1562053640723085,-0.1562053640723085,-0.8014265870413364,0.42288472848997116,0.4702656365419957
5,THAP11(+),0.03444886709382021,0.035531361094646795,-0.0446364151873133,-0.0446364151873133,-0.736859425118813,0.4612078408058694,0.5081381452901479
5,YY1(+),0.04062576899397863,0.04071192537186579,-0.0030563301189835456,-0.0030563301189835456,0.7266467780680991,0.4674423645185858,0.5140316721564467
5,ZBTB45(+),0.026823820912149972,0.028617564051812323,-0.09338611445444911,-0.09338611445444911,-0.7202578235150457,0.4713662677051039,0.5180120871440627
5,ZNF45(+),0.024682592843490395,0.017868149976961376,0.4661036624774455,0.4661036624774455,0.6399602810641714,0.5221984219683364,0.5673945427000989
5,IRF2(+),0.032031732150482294,0.03187419766265365,0.007112788383586124,0.007112788383586124,0.6092255375703165,0.5423749553682886,0.5872567989943358
5,ZNF317(+),0.029579637476017263,0.028837421405497807,0.03666220287449255,0.03666220287449255,0.6074830954194839,0.5435303578411461,0.5883706623565891
5,BRF2(+),0.015312024729885047,0.015875677047738405,-0.05215305127969592,-0.05215305127969592,0.5939307675796738,0.5525584193874189,0.5971693480815636
5,HOXA10(+),0.02377714075143919,0.021868679532257806,0.12070912260802916,0.12070912260802916,0.5723922465485471,0.5670562674310025,0.6111314065468693
5,TRAFD1(+),0.0441589662161993,0.03912877838204029,0.1744763247312461,0.1744763247312461,0.5707466067394275,0.5681714208789894,0.6121911969341002
5,MESP1(+),0.026437672744820694,0.026530961453079375,-0.0050817731243627574,-0.0050817731243627574,-0.5673101236086184,0.5705035001885927,0.6139918346561662
5,ZNF362(+),0.020468057784711512,0.020797723457028273,-0.023051405383232595,-0.023051405383232595,-0.46612747593317977,0.6411242573484681,0.6810020981897175
5,CLOCK(+),0.020192661729106203,0.01979508677810827,0.028688701104496922,0.028688701104496922,0.4420962946029452,0.6584195256270734,0.6971412574738445
5,ZGPAT(+),0.027921060408090333,0.03250414324633956,-0.21926988599283792,-0.21926988599283792,-0.37523007706473976,0.7074893633804571,0.7424961800502086
5,ZNF93(+),0.020363372007828305,0.020022407897356678,0.024360995187435706,0.024360995187435706,-0.35071488402594053,0.7258022581485619,0.759177756159459
5,NME2(+),0.04012577480506492,0.03994644734660685,0.006462047739988181,0.006462047739988181,0.33033799109536904,0.7411445898365734,0.7732741733582398
5,ZNF133(+),0.04650477116714645,0.04416401427266506,0.07450742444387577,0.07450742444387577,0.2936499035861691,0.7690254384458438,0.7969931194959715
5,MTERF4(+),0.018679873411916816,0.017651029062476755,0.08173237817236828,0.08173237817236828,0.22332300233172642,0.8232841260208876,0.845898505842989
5,SNAPC4(+),0.02525264396515131,0.025274071490479347,-0.0012236451500988858,-0.0012236451500988858,0.1793747391940568,0.8576434648931448,0.8770924470340505
5,ZNF287(+),0.012856485855808486,0.014926257057971832,-0.21535606615301897,-0.21535606615301897,-0.0993918043537495,0.9208271897221095,0.9330807801612563
5,ZNF649(+),0.024371728284556807,0.02313570211941198,0.07508767578398763,0.07508767578398763,0.08973577076788487,0.9284971896364582,0.9392137294994225
