"gene","p_val","avg_log2FC","pct.1","pct.2","p_val_adj","sig"
"HSPA1A",1.44701376942487e-284,3.58659455384129,0.847,0.254,2.0386976997427e-280,"Upregulated in Activated Stressed NK"
"DNAJB1",1.84892913410034e-275,2.95204430898207,0.876,0.352,2.60495625703396e-271,"Upregulated in Activated Stressed NK"
"HSPA1B",1.49637212056733e-266,3.49182911245422,0.754,0.16,2.1082386806673e-262,"Upregulated in Activated Stressed NK"
"FGFBP2",2.56929811066804e-258,-3.68471203722213,0.114,0.788,3.6198841081202e-254,"Upregulated in Mature Cytotoxic NK"
"JUN",1.45799882129788e-235,2.48572107203398,0.895,0.42,2.05417453932659e-231,"Upregulated in Activated Stressed NK"
"HSP90AA1",2.96063847046249e-175,1.94166501283286,0.956,0.803,4.17124354103461e-171,"Upregulated in Activated Stressed NK"
"FCGR3A",2.1020840686096e-170,-2.606144245944,0.187,0.704,2.96162624426407e-166,"Upregulated in Mature Cytotoxic NK"
"CST7",7.18355831777123e-164,-1.44867055410291,0.675,0.92,1.01209153139079e-159,"Upregulated in Mature Cytotoxic NK"
"GZMH",8.76205548958839e-162,-1.81034651598526,0.392,0.84,1.23448599792811e-157,"Upregulated in Mature Cytotoxic NK"
"NKG7",1.75132235902197e-160,-0.933964789431551,0.938,0.993,2.46743807162605e-156,"NS"
"PRF1",1.60302953833995e-153,-1.61119965645819,0.512,0.868,2.25850831656715e-149,"Upregulated in Mature Cytotoxic NK"
"DUSP1",1.08410008142396e-145,1.81497610813733,0.854,0.55,1.52738860471822e-141,"Upregulated in Activated Stressed NK"
"DNAJA1",8.40406656034975e-139,2.13064611078092,0.78,0.453,1.18404893768768e-134,"Upregulated in Activated Stressed NK"
"GZMB",1.86802695057624e-138,-1.12151827161277,0.67,0.948,2.63186317066687e-134,"Upregulated in Mature Cytotoxic NK"
"JUNB",1.0635534246712e-135,1.79202961833629,0.886,0.671,1.49844042001925e-131,"Upregulated in Activated Stressed NK"
"FOSB",1.09149339324745e-135,2.24194123006262,0.711,0.334,1.53780504174633e-131,"Upregulated in Activated Stressed NK"
"HSP90AB1",4.25129154461081e-135,1.7865781348517,0.846,0.551,5.98964465720217e-131,"Upregulated in Activated Stressed NK"
"FOS",3.36523724865374e-132,1.8891997019398,0.844,0.544,4.74128275962825e-128,"Upregulated in Activated Stressed NK"
"SPON2",7.04273386969857e-131,-3.32472493228911,0.117,0.555,9.92250774901831e-127,"Upregulated in Mature Cytotoxic NK"
"PPP1R15A",2.88114095091813e-118,1.88282416044125,0.689,0.312,4.05923948574855e-114,"Upregulated in Activated Stressed NK"
"HSPH1",3.36523167570835e-116,2.70731173505763,0.509,0.149,4.7412749079055e-112,"Upregulated in Activated Stressed NK"
"HSPA8",1.03322886340388e-114,1.35831836859212,0.874,0.697,1.45571614564973e-110,"Upregulated in Activated Stressed NK"
"NR4A1",2.67377197628412e-109,2.47111253371008,0.488,0.138,3.7670773373867e-105,"Upregulated in Activated Stressed NK"
"CYBA",4.70148222514706e-109,-0.989888380953538,0.816,0.943,6.62391830700969e-105,"NS"
"CD69",2.574923002389e-108,1.79128349562991,0.84,0.595,3.62780901806587e-104,"Upregulated in Activated Stressed NK"
"COTL1",3.29984096210865e-105,2.28187619520197,0.454,0.111,4.64914593151487e-101,"Upregulated in Activated Stressed NK"
"ARL4C",4.159924395931e-101,-2.03944443049189,0.254,0.619,5.86091748142719e-97,"Upregulated in Mature Cytotoxic NK"
"HSPA6",1.41199682520486e-99,4.50846859813289,0.317,0.046,1.98936232703112e-95,"Upregulated in Activated Stressed NK"
"XCL1",6.4081857884281e-95,2.481070880551,0.432,0.115,9.02849295731635e-91,"Upregulated in Activated Stressed NK"
"RHOB",1.01152491117201e-93,2.41882276963135,0.407,0.1,1.42513744735025e-89,"Upregulated in Activated Stressed NK"
"GADD45B",2.73780610948775e-93,1.7713754817578,0.72,0.425,3.85729502765729e-89,"Upregulated in Activated Stressed NK"
"UBC",1.08091589401242e-91,1.00160000060974,0.933,0.823,1.5229024030741e-87,"Upregulated in Activated Stressed NK"
"CAPG",1.84114330772334e-88,2.74729173584795,0.302,0.044,2.59398680625142e-84,"Upregulated in Activated Stressed NK"
"PLAC8",1.17270619828198e-86,-1.90123948777865,0.23,0.584,1.65222576275949e-82,"Upregulated in Mature Cytotoxic NK"
"HSPB1",1.53584067764304e-84,2.7050239157414,0.471,0.167,2.16384593073128e-80,"Upregulated in Activated Stressed NK"
"EGR1",1.71950857420614e-83,2.83256701052332,0.353,0.082,2.42261563019903e-79,"Upregulated in Activated Stressed NK"
"HSPE1",2.2119896885279e-79,1.72309008174154,0.668,0.422,3.11647227216695e-75,"Upregulated in Activated Stressed NK"
"GZMK",8.79119520880076e-79,2.72331602125748,0.307,0.059,1.23859149296794e-74,"Upregulated in Activated Stressed NK"
"KLRC1",1.94088408928271e-73,1.41836387938949,0.566,0.25,2.73451159339042e-69,"Upregulated in Activated Stressed NK"
"EFHD2",1.73667497387528e-70,-1.77782123270037,0.245,0.547,2.44680137069289e-66,"Upregulated in Mature Cytotoxic NK"
"ID3",1.65529479830329e-68,3.50301879219985,0.227,0.031,2.3321448413295e-64,"Upregulated in Activated Stressed NK"
"NFKBIA",7.0306705043841e-68,1.43564323295937,0.746,0.545,9.90551167362675e-64,"Upregulated in Activated Stressed NK"
"RGS1",2.04618787330168e-65,2.06187779095282,0.492,0.229,2.88287409469474e-61,"Upregulated in Activated Stressed NK"
"UBB",2.11577764871115e-65,0.830129750512675,0.924,0.877,2.98091912926914e-61,"NS"
"CCL4",4.0734341630686e-65,-1.06497406672188,0.719,0.897,5.73906139234735e-61,"Upregulated in Mature Cytotoxic NK"
"ITGB2",4.41023301935912e-65,-1.24172391851131,0.398,0.673,6.21357730097506e-61,"Upregulated in Mature Cytotoxic NK"
"RGS16",3.59613339890114e-63,3.81509096259163,0.197,0.023,5.06659234571181e-59,"Upregulated in Activated Stressed NK"
"KLRF1",8.02268796420361e-63,-1.26909257268257,0.345,0.662,1.13031650727665e-58,"Upregulated in Mature Cytotoxic NK"
"DUSP4",1.11492879171679e-61,3.20646730456093,0.206,0.028,1.57082317464979e-57,"Upregulated in Activated Stressed NK"
"HSPD1",1.15810774166e-60,2.10790167779948,0.504,0.261,1.63165799722477e-56,"Upregulated in Activated Stressed NK"
"RGCC",1.67692153066238e-60,2.07930127340213,0.446,0.187,2.36261474455022e-56,"Upregulated in Activated Stressed NK"
"CITED2",4.93338763842956e-60,1.86058291291668,0.488,0.232,6.95064984378341e-56,"Upregulated in Activated Stressed NK"
"DYNLL1",5.47400866379667e-59,1.14998520816566,0.72,0.49,7.71233080642313e-55,"Upregulated in Activated Stressed NK"
"S100A4",1.13376633037137e-58,-0.812263412390335,0.786,0.904,1.59736338286022e-54,"NS"
"HLA-C",1.5400379624085e-58,-0.472127000798483,0.979,0.982,2.16975948523733e-54,"NS"
"DUSP2",2.69120284420414e-57,1.15535388728868,0.802,0.603,3.79163568719921e-53,"Upregulated in Activated Stressed NK"
"GADD45G",2.79853492991487e-57,3.26083125092294,0.199,0.029,3.94285586275707e-53,"Upregulated in Activated Stressed NK"
"CX3CR1",9.60054244978084e-57,-3.84561871372741,0.019,0.244,1.35262042574962e-52,"Upregulated in Mature Cytotoxic NK"
"BAG3",2.95852555535444e-55,3.80637724712894,0.168,0.018,4.16826665493888e-51,"Upregulated in Activated Stressed NK"
"S1PR5",3.35215314906927e-55,-2.34950023206458,0.069,0.323,4.72284857172369e-51,"Upregulated in Mature Cytotoxic NK"
"ATF3",8.75979946755488e-55,2.52053343532693,0.284,0.08,1.23416814698381e-50,"Upregulated in Activated Stressed NK"
"GZMM",5.95830593151185e-54,-1.22513354926343,0.325,0.598,8.39465722690705e-50,"Upregulated in Mature Cytotoxic NK"
"GNLY",9.44502285313071e-52,-0.441260406822422,0.883,0.973,1.33070926977759e-47,"NS"
"ZFAND2A",3.3788489573875e-51,2.3178589525128,0.311,0.103,4.76046029606325e-47,"Upregulated in Activated Stressed NK"
"CACYBP",3.45037433766724e-51,1.68659945170768,0.424,0.194,4.86123240433938e-47,"Upregulated in Activated Stressed NK"
"ITGA1",1.40454767386127e-50,2.72390921841129,0.161,0.018,1.97886721770314e-46,"Upregulated in Activated Stressed NK"
"CD74",1.81654527669272e-49,1.09261406573912,0.712,0.513,2.55933064033238e-45,"Upregulated in Activated Stressed NK"
"FTL",2.60525322037113e-49,0.776725269921582,0.957,0.78,3.67054126218089e-45,"NS"
"IER3",1.00497773919446e-48,2.2013583985465,0.297,0.097,1.41591313675107e-44,"Upregulated in Activated Stressed NK"
"RGS2",1.17586136330027e-48,1.51620240240919,0.536,0.301,1.65667107475375e-44,"Upregulated in Activated Stressed NK"
"TUBB4B",5.34473884424874e-48,1.35370763502969,0.55,0.323,7.53020255766205e-44,"Upregulated in Activated Stressed NK"
"ZEB2",6.69467839973747e-48,-1.56600345274879,0.203,0.456,9.43213239739012e-44,"Upregulated in Mature Cytotoxic NK"
"ID2",1.19664208721812e-47,1.14237676562546,0.849,0.749,1.68594903668161e-43,"Upregulated in Activated Stressed NK"
"B2M",1.5157691298546e-47,-0.352538019215869,1,1,2.13556712705214e-43,"NS"
"PRSS23",2.84385281588111e-47,-2.97327228826941,0.03,0.234,4.00670423229489e-43,"Upregulated in Mature Cytotoxic NK"
"XCL2",4.34068366842354e-47,1.11994880325987,0.553,0.294,6.11558922044193e-43,"Upregulated in Activated Stressed NK"
"LMNA",1.52364786559275e-45,2.02903053902013,0.356,0.15,2.14666747783362e-41,"Upregulated in Activated Stressed NK"
"DNAJA4",2.93903696349554e-45,3.46399406138748,0.151,0.02,4.14080917786886e-41,"Upregulated in Activated Stressed NK"
"ITM2C",3.24073742353765e-45,3.07541679000605,0.138,0.014,4.5658749560222e-41,"Upregulated in Activated Stressed NK"
"NEU1",6.17489619930012e-45,1.76048958211032,0.318,0.116,8.69981125519394e-41,"Upregulated in Activated Stressed NK"
"ADGRG1",1.11456443212815e-44,-1.8185393608472,0.114,0.349,1.57030982842536e-40,"Upregulated in Mature Cytotoxic NK"
"CSF1",1.34248931458817e-44,4.41443191477084,0.12,0.008,1.89143319532327e-40,"Upregulated in Activated Stressed NK"
"ABHD17A",1.44750299620475e-44,-1.44416604821803,0.222,0.457,2.03938697135288e-40,"Upregulated in Mature Cytotoxic NK"
"PLEK",1.50420817578682e-44,-1.52214789835473,0.155,0.404,2.11927889886605e-40,"Upregulated in Mature Cytotoxic NK"
"ZC3H12A",1.77049844379633e-44,1.70578220418494,0.324,0.121,2.49445525746465e-40,"Upregulated in Activated Stressed NK"
"SRGAP3",2.38959023146547e-44,3.66112924522133,0.127,0.011,3.36669367711171e-40,"Upregulated in Activated Stressed NK"
"ANKRD37",1.04030033030645e-43,1.96134895717643,0.287,0.099,1.46567913536876e-39,"Upregulated in Activated Stressed NK"
"SOCS3",1.06585546949485e-43,2.04302954915492,0.215,0.052,1.50168377097129e-39,"Upregulated in Activated Stressed NK"
"IFNG",2.41393721282534e-43,1.5518380154963,0.507,0.279,3.40099613914963e-39,"Upregulated in Activated Stressed NK"
"EMP3",4.02487647009786e-43,-1.04183132551226,0.43,0.658,5.67064845872087e-39,"Upregulated in Mature Cytotoxic NK"
"CD83",1.00084634734644e-42,2.48754241699428,0.222,0.059,1.4100924187764e-38,"Upregulated in Activated Stressed NK"
"IER2",4.23234129293344e-42,1.01794861731624,0.796,0.681,5.96294564761392e-38,"Upregulated in Activated Stressed NK"
"NFKBIZ",1.16780622408579e-41,1.65509876275954,0.311,0.118,1.64532218911447e-37,"Upregulated in Activated Stressed NK"
"DNAJB4",1.59554064757453e-41,2.8400222123076,0.187,0.042,2.24795721836776e-37,"Upregulated in Activated Stressed NK"
"IGFBP7",5.14211250386018e-41,-3.23511724348373,0.015,0.186,7.2447223066886e-37,"Upregulated in Mature Cytotoxic NK"
"CD44",5.80304743642335e-41,1.11053641541794,0.533,0.309,8.17591353317686e-37,"Upregulated in Activated Stressed NK"
"ARPC2",6.95458401563817e-41,-0.637390665622811,0.742,0.839,9.79831341963262e-37,"NS"
"KIR2DL4",1.96275084194198e-40,2.00568325043004,0.228,0.064,2.76531966121206e-36,"Upregulated in Activated Stressed NK"
"GEM",4.35165880667479e-40,4.95509335511955,0.1,0.005,6.13105209272411e-36,"Upregulated in Activated Stressed NK"
"HERPUD1",5.06945274355859e-40,1.25994810881002,0.539,0.333,7.1423519703997e-36,"Upregulated in Activated Stressed NK"
"AREG",9.33634133235634e-40,1.20303914549505,0.491,0.258,1.31539713031569e-35,"Upregulated in Activated Stressed NK"
"SAT1",1.37338478415834e-39,1.06398331498135,0.695,0.538,1.93496182240068e-35,"Upregulated in Activated Stressed NK"
"INTS6",1.73770498393395e-39,1.56992978179281,0.464,0.262,2.44825255186454e-35,"Upregulated in Activated Stressed NK"
"ZNF683",3.08158451916011e-39,1.95385423897029,0.208,0.055,4.34164442904468e-35,"Upregulated in Activated Stressed NK"
"MYL12A",2.66950780172244e-38,-0.60887058778563,0.807,0.885,3.76106954184674e-34,"NS"
"PLP2",2.7370752154065e-38,1.46516668016842,0.322,0.13,3.85626527098622e-34,"Upregulated in Activated Stressed NK"
"SERPINH1",3.52141500326107e-38,3.28787204568617,0.132,0.019,4.96132159809452e-34,"Upregulated in Activated Stressed NK"
"ZNF331",4.07759181595093e-38,1.33898261362681,0.458,0.251,5.74491910949327e-34,"Upregulated in Activated Stressed NK"
"CALM1",5.87067289573068e-38,-0.586833905556773,0.777,0.854,8.27119104279495e-34,"NS"
"FLNA",7.17219441417408e-38,-1.41554830110795,0.219,0.436,1.01049047101299e-33,"Upregulated in Mature Cytotoxic NK"
"UBE2S",1.67933535391983e-37,1.40055661295304,0.446,0.249,2.36601558013765e-33,"Upregulated in Activated Stressed NK"
"CKS2",1.88392376988036e-37,1.61621094466526,0.347,0.16,2.65426019938444e-33,"Upregulated in Activated Stressed NK"
"EIF4A3",6.76434620910343e-37,1.52094752776698,0.392,0.2,9.53028737400582e-33,"Upregulated in Activated Stressed NK"
"CD247",1.10162529766208e-36,-0.74108531362154,0.575,0.73,1.55207988187611e-32,"NS"
"KRT86",1.12159183371166e-35,2.19792363166312,0.192,0.052,1.58021073451636e-31,"Upregulated in Activated Stressed NK"
"TNFRSF18",1.99381349586405e-35,1.47312272887295,0.36,0.171,2.80908383432287e-31,"Upregulated in Activated Stressed NK"
"HLA-E",3.29873901728415e-35,-0.494401727229305,0.877,0.901,4.64759340145164e-31,"NS"
"PLK2",2.00912258147504e-34,3.22188284321975,0.129,0.021,2.83065280504018e-30,"Upregulated in Activated Stressed NK"
"MYADM",2.01648918462953e-34,1.38788197038929,0.367,0.181,2.84103161222455e-30,"Upregulated in Activated Stressed NK"
"CEP78",2.70341461292842e-34,-2.04065177876955,0.07,0.249,3.80884084815485e-30,"Upregulated in Mature Cytotoxic NK"
"TUBA1A",3.5473570853586e-34,1.22166053599458,0.486,0.292,4.99787139756174e-30,"Upregulated in Activated Stressed NK"
"AKR1C3",3.71153295564727e-34,-3.28478365474822,0.02,0.169,5.22917878121144e-30,"Upregulated in Mature Cytotoxic NK"
"STK17A",6.45168302372953e-34,0.927781003838233,0.579,0.386,9.08977621213253e-30,"NS"
"S100A6",7.45537890936636e-34,-0.600869980225964,0.753,0.852,1.05038833454063e-29,"NS"
"SPRY1",1.9954895335239e-33,3.12450756691543,0.1,0.01,2.81144520378182e-29,"Upregulated in Activated Stressed NK"
"DSTN",4.45276662957328e-33,-1.26096156003528,0.222,0.431,6.2735029044058e-29,"Upregulated in Mature Cytotoxic NK"
"HSPA2",1.44485895050785e-32,2.21623150269483,0.151,0.034,2.0356617753705e-28,"Upregulated in Activated Stressed NK"
"SERTAD1",1.4604161837798e-32,1.29783517966386,0.436,0.255,2.05758036132736e-28,"Upregulated in Activated Stressed NK"
"METRNL",1.60727635584207e-32,-1.87876941724293,0.146,0.333,2.26449165774589e-28,"Upregulated in Mature Cytotoxic NK"
"SPN",1.78573807999269e-31,-1.46675980095465,0.165,0.356,2.51592638090171e-27,"Upregulated in Mature Cytotoxic NK"
"FABP5",2.67610460810696e-31,1.9921490890593,0.217,0.075,3.77036378236189e-27,"Upregulated in Activated Stressed NK"
"ASCL2",4.28362246370913e-31,-3.40164435664999,0.023,0.162,6.0351956891198e-27,"Upregulated in Mature Cytotoxic NK"
"CDKN1A",1.5466318961287e-30,1.93456094859713,0.204,0.068,2.17904967845573e-26,"Upregulated in Activated Stressed NK"
"LDLRAD4",3.26333163327377e-30,2.34379866705834,0.16,0.042,4.59770793811942e-26,"Upregulated in Activated Stressed NK"
"GTF3C1",5.72641271162482e-30,-2.32506433773787,0.044,0.193,8.06794286940821e-26,"Upregulated in Mature Cytotoxic NK"
"CD82",4.54842588459578e-29,3.09504935044383,0.103,0.015,6.408277228807e-25,"Upregulated in Activated Stressed NK"
"HEXIM1",3.63375450627165e-28,1.35826326633171,0.332,0.168,5.11959672388613e-24,"Upregulated in Activated Stressed NK"
"DEDD2",6.11272683835491e-28,1.30924412246764,0.267,0.113,8.61222084255823e-24,"Upregulated in Activated Stressed NK"
"PTMA",6.20901891989306e-28,0.327664757609607,0.988,0.975,8.74788675623733e-24,"NS"
"TMEM14C",6.60407949312461e-28,1.84084786482106,0.127,0.027,9.30448759786327e-24,"Upregulated in Activated Stressed NK"
"UCP2",1.28878086591829e-27,-1.23241312519737,0.232,0.414,1.81576336199228e-23,"Upregulated in Mature Cytotoxic NK"
"ZFP36",1.55514773140071e-27,0.901314518590609,0.701,0.588,2.19104763877046e-23,"NS"
"IFRD1",1.62494372478073e-27,1.25397647537666,0.341,0.174,2.28938321384357e-23,"Upregulated in Activated Stressed NK"
"TTC38",4.09815127425257e-27,-1.5389495686971,0.085,0.244,5.77388533029445e-23,"Upregulated in Mature Cytotoxic NK"
"BRD2",9.23258508484903e-27,0.957415818657122,0.527,0.365,1.30077891260438e-22,"NS"
"SAP18",9.63562168642228e-27,1.13257633712241,0.645,0.529,1.35756273940004e-22,"Upregulated in Activated Stressed NK"
"FCRL6",1.37645344823829e-26,-1.62746992456882,0.096,0.257,1.93928526322292e-22,"Upregulated in Mature Cytotoxic NK"
"GAPDH",1.6874273307899e-26,0.581932833121334,0.894,0.833,2.37741636634989e-22,"NS"
"MYO1F",2.5772725452877e-26,-1.16424501201384,0.216,0.399,3.63111928905584e-22,"Upregulated in Mature Cytotoxic NK"
"TUBA1B",2.89676978186698e-26,0.896202237651121,0.581,0.428,4.08125894567238e-22,"NS"
"TMIGD2",6.29587722867839e-26,1.69148609572084,0.197,0.071,8.87026142748499e-22,"Upregulated in Activated Stressed NK"
"PTGDS",8.44850303900896e-26,-5.15238186508335,0.018,0.133,1.19030959316597e-21,"Upregulated in Mature Cytotoxic NK"
"RASD1",9.25582087385316e-26,2.68087459246642,0.104,0.019,1.30405260291717e-21,"Upregulated in Activated Stressed NK"
"PYHIN1",1.61521493078618e-25,-1.07465970792501,0.236,0.414,2.27567631598465e-21,"Upregulated in Mature Cytotoxic NK"
"SORL1",2.26031601000106e-25,-1.55419622210047,0.081,0.233,3.18455922649049e-21,"Upregulated in Mature Cytotoxic NK"
"HLA-DRA",2.64979303928896e-25,1.00020244374517,0.333,0.167,3.73329341305421e-21,"Upregulated in Activated Stressed NK"
"PXN",4.61899234278003e-25,-2.0640032122163,0.034,0.162,6.50769831174279e-21,"Upregulated in Mature Cytotoxic NK"
"CCND3",4.81810841951734e-25,-0.886083709200814,0.302,0.484,6.78823295225798e-21,"NS"
"RAP1B",5.42630208092721e-25,-0.895867957311248,0.383,0.547,7.64511700181835e-21,"NS"
"LITAF",6.34723247856117e-25,-0.593635672493879,0.475,0.66,8.94261583904484e-21,"NS"
"AHSA1",7.05547925054692e-25,1.27746758391554,0.284,0.136,9.94046471609556e-21,"Upregulated in Activated Stressed NK"
"LAIR2",8.56256387057408e-25,-2.61632152738585,0.026,0.146,1.20637962372518e-20,"Upregulated in Mature Cytotoxic NK"
"FKBP4",8.75291195973121e-25,1.61531563310693,0.185,0.066,1.23319776600653e-20,"Upregulated in Activated Stressed NK"
"VIM",1.10550937489151e-24,0.588554088467572,0.728,0.594,1.55755215828465e-20,"NS"
"ID1",2.38949927732437e-24,2.33582902552133,0.14,0.04,3.36656553182231e-20,"Upregulated in Activated Stressed NK"
"ADD3",2.50513235627714e-24,-1.56665062263023,0.111,0.265,3.52948097675886e-20,"Upregulated in Mature Cytotoxic NK"
"CLK1",5.38223817673514e-24,0.974041262165554,0.465,0.301,7.58303536720214e-20,"NS"
"SGK1",5.69991633450497e-24,2.35221563748686,0.111,0.025,8.03061212368405e-20,"Upregulated in Activated Stressed NK"
"CTSA",9.66042610047843e-24,1.46992987361124,0.227,0.098,1.36105743329641e-19,"Upregulated in Activated Stressed NK"
"NXF1",1.0752161865825e-23,1.48057209607187,0.217,0.09,1.51487208527609e-19,"Upregulated in Activated Stressed NK"
"CKLF",1.1280666416539e-23,0.892384044836502,0.453,0.289,1.58933309142618e-19,"NS"
"MBP",1.6418831749397e-23,-1.01955913262247,0.269,0.439,2.31324920517255e-19,"Upregulated in Mature Cytotoxic NK"
"HLA-F",1.8636382708899e-23,-0.888158749853361,0.301,0.466,2.62567995985678e-19,"NS"
"SNHG8",2.41429247545893e-23,0.959299664819584,0.415,0.254,3.40149666867408e-19,"NS"
"PTPN12",2.47697587992315e-23,-1.41709857764517,0.09,0.236,3.48981131722373e-19,"Upregulated in Mature Cytotoxic NK"
"CSRNP1",2.48708497216337e-23,1.23901513420425,0.31,0.164,3.50405401728097e-19,"Upregulated in Activated Stressed NK"
"SPRY2",4.23138474277891e-23,2.10255052585056,0.108,0.024,5.9615979641012e-19,"Upregulated in Activated Stressed NK"
"GNG2",5.42209721298698e-23,-1.05943807960363,0.239,0.404,7.63919276337736e-19,"Upregulated in Mature Cytotoxic NK"
"SOCS1",6.1970787210077e-23,1.00299263818019,0.411,0.256,8.73106421002775e-19,"Upregulated in Activated Stressed NK"
"TRA2B",7.11338608996816e-23,0.931206529494879,0.482,0.327,1.00220496621561e-18,"NS"
"CARD19",9.42744686138238e-23,1.24120186746493,0.225,0.096,1.32823298830016e-18,"Upregulated in Activated Stressed NK"
"PMAIP1",1.58620458521196e-22,1.13147351786199,0.361,0.207,2.23480364010513e-18,"Upregulated in Activated Stressed NK"
"NCF1",2.2056845276643e-22,2.02094534692209,0.118,0.03,3.10758893102623e-18,"Upregulated in Activated Stressed NK"
"BTG2",2.2339399866621e-22,0.967014417046448,0.535,0.393,3.14739804720823e-18,"NS"
"CAST",3.76314974265452e-22,-1.09931195251096,0.217,0.378,5.30190167242595e-18,"Upregulated in Mature Cytotoxic NK"
"PHLDA1",8.14411836491671e-22,1.52021585480568,0.248,0.119,1.14742483643311e-17,"Upregulated in Activated Stressed NK"
"CD7",2.71326064960814e-21,0.658941140376899,0.764,0.685,3.82271292923291e-17,"NS"
"IL7R",3.36323540425009e-21,1.71790451026002,0.129,0.038,4.73846236104795e-17,"Upregulated in Activated Stressed NK"
"DBI",3.73240397952728e-21,-0.745179440024689,0.391,0.546,5.25858396675598e-17,"NS"
"KLF3",4.23588709798232e-21,-1.58931573514667,0.067,0.196,5.96794133234729e-17,"Upregulated in Mature Cytotoxic NK"
"ZNF296",4.37105212178295e-21,2.21124377075277,0.106,0.026,6.15837533438e-17,"Upregulated in Activated Stressed NK"
"TUBB2A",5.12093229362842e-21,1.636681181237,0.15,0.051,7.21488150849309e-17,"Upregulated in Activated Stressed NK"
"MYBL1",7.03654929939328e-21,-1.62597056436322,0.07,0.199,9.9137943079152e-17,"Upregulated in Mature Cytotoxic NK"
"ENC1",8.06891679096598e-21,-3.08611242207525,0.018,0.115,1.1368296866792e-16,"Upregulated in Mature Cytotoxic NK"
"ICAM1",9.24110246321002e-21,1.77768875318439,0.135,0.043,1.30197892604166e-16,"Upregulated in Activated Stressed NK"
"PRDM1",1.31300586257413e-20,-1.1711934098266,0.154,0.306,1.84989395978069e-16,"Upregulated in Mature Cytotoxic NK"
"GNPTAB",1.47450580970734e-20,-1.18341984468924,0.156,0.304,2.07743123529667e-16,"Upregulated in Mature Cytotoxic NK"
"APMAP",1.60262838886195e-20,-0.917785999762217,0.243,0.408,2.2579431370676e-16,"NS"
"CCL4L2",2.04574435234441e-20,-1.41806811390804,0.263,0.417,2.88224921801804e-16,"Upregulated in Mature Cytotoxic NK"
"PABPC1",5.91543284552418e-20,0.554498078952371,0.697,0.591,8.33425333605902e-16,"NS"
"RNASEK",6.8908465937893e-20,-1.37678703543512,0.115,0.253,9.70851376598974e-16,"Upregulated in Mature Cytotoxic NK"
"FGL2",8.83341755289587e-20,-2.07525632714193,0.031,0.135,1.2445401990275e-15,"Upregulated in Mature Cytotoxic NK"
"NDUFB7",9.70725331026327e-20,-0.91400959890589,0.268,0.425,1.36765491888299e-15,"NS"
"ABI3",1.06481233275301e-19,-1.01768483935413,0.17,0.32,1.50021409561572e-15,"Upregulated in Mature Cytotoxic NK"
"YPEL3",1.09877566254092e-19,-1.20756917925897,0.158,0.302,1.5480650309539e-15,"Upregulated in Mature Cytotoxic NK"
"CXCR3",2.393807314937e-19,1.50379082766326,0.143,0.05,3.37263512601474e-15,"Upregulated in Activated Stressed NK"
"AHNAK",3.01099378614584e-19,-1.0735124709829,0.167,0.317,4.24218914530087e-15,"Upregulated in Mature Cytotoxic NK"
"RBPJ",3.13945953810728e-19,1.25069817623817,0.245,0.121,4.42318454323934e-15,"Upregulated in Activated Stressed NK"
"HLA-DRB1",3.18001045185396e-19,0.687495634153801,0.477,0.326,4.48031672561704e-15,"NS"
"ACP5",3.32839420083295e-19,1.68187358475599,0.127,0.04,4.68937458955355e-15,"Upregulated in Activated Stressed NK"
"PDE4B",3.74153937280077e-19,1.47361968680855,0.173,0.07,5.27145482233901e-15,"Upregulated in Activated Stressed NK"
"PTPRC",3.80779176479682e-19,-0.511400492067179,0.655,0.734,5.36479781742223e-15,"NS"
"SRSF3",3.85614722196513e-19,0.649747699336921,0.66,0.537,5.43292582102668e-15,"NS"
"CHST2",4.48537683893104e-19,-2.16195083645281,0.038,0.141,6.31944742836995e-15,"Upregulated in Mature Cytotoxic NK"
"GZMA",4.68693720760523e-19,0.026116997873312,0.737,0.883,6.60342583179501e-15,"NS"
"CXCR4",4.91211774933457e-19,0.638419183110874,0.802,0.677,6.92068269703747e-15,"NS"
"YWHAB",4.98383882107809e-19,-0.695052340495238,0.387,0.538,7.02173051501692e-15,"NS"
"KLF6",5.01650039862845e-19,0.659047409164445,0.69,0.568,7.06774741162762e-15,"NS"
"ATM",6.80031650840212e-19,-1.03220797554117,0.176,0.321,9.58096592868774e-15,"Upregulated in Mature Cytotoxic NK"
"SH3BGRL3",1.15876597896255e-18,-0.358526133538637,0.882,0.928,1.63258538776034e-14,"NS"
"PFN1",1.19272356342117e-18,-0.434271162150262,0.898,0.935,1.68042822850408e-14,"NS"
"KLRD1",1.28825673777844e-18,-0.36992451979414,0.777,0.858,1.81502491785605e-14,"NS"
"NDUFB2",1.92374715007759e-18,-0.714296606274321,0.383,0.527,2.71036735974431e-14,"NS"
"AKNA",2.35985294202483e-18,-0.940742312381718,0.24,0.384,3.32479681001878e-14,"NS"
"TNFRSF1B",2.56506270297122e-18,-0.926471101357698,0.187,0.334,3.61391684221616e-14,"NS"
"TYMP",2.60352083344906e-18,1.2559332163462,0.218,0.103,3.66810050224639e-14,"Upregulated in Activated Stressed NK"
"EIF4A2",4.09281966306825e-18,0.605805695930574,0.663,0.545,5.76637362329686e-14,"NS"
"MTSS1",4.17594583829608e-18,-2.25886485461172,0.027,0.121,5.88349009157535e-14,"Upregulated in Mature Cytotoxic NK"
"STMN1",5.89806270286175e-18,1.27735585807544,0.213,0.101,8.30978054206191e-14,"Upregulated in Activated Stressed NK"
"PTP4A2",8.94472098903448e-18,-0.926777735108938,0.253,0.392,1.26022174014507e-13,"NS"
"ITGAL",9.9754601587124e-18,-1.09982081622639,0.134,0.27,1.40544258176099e-13,"Upregulated in Mature Cytotoxic NK"
"MYO1G",1.13654426949177e-17,-1.05554378186829,0.149,0.286,1.60127722128695e-13,"Upregulated in Mature Cytotoxic NK"
"BTG1",1.56994193253378e-17,0.399990163418692,0.948,0.885,2.21189118874684e-13,"NS"
"HIPK2",1.81871805940852e-17,-1.70596374428526,0.048,0.152,2.56239187390066e-13,"Upregulated in Mature Cytotoxic NK"
"ARPC1B",1.85939927083133e-17,-0.675613883050687,0.434,0.561,2.61970763267426e-13,"NS"
"BLOC1S1",2.10740715134474e-17,-0.913221066526198,0.224,0.37,2.9691259355296e-13,"NS"
"GK5",2.15461297904778e-17,-1.97905361634001,0.039,0.136,3.03563422618041e-13,"Upregulated in Mature Cytotoxic NK"
"IER5",2.29917223103521e-17,1.14744370748784,0.292,0.17,3.2393037563055e-13,"Upregulated in Activated Stressed NK"
"EIF1",2.41318498616964e-17,0.329186797445926,0.964,0.955,3.39993632701441e-13,"NS"
"PRMT2",2.59748556076572e-17,-0.954053279599515,0.236,0.378,3.65959740656283e-13,"NS"
"SLC5A3",5.27544403940904e-17,1.3189193624604,0.194,0.089,7.4325731071234e-13,"Upregulated in Activated Stressed NK"
"TCF7",5.27751036673032e-17,1.37527451858278,0.166,0.07,7.43548435568635e-13,"Upregulated in Activated Stressed NK"
"TUBA1C",7.36088031763178e-17,1.4384497477218,0.159,0.066,1.03707442795114e-12,"Upregulated in Activated Stressed NK"
"ICAM2",8.39736126519963e-17,-1.4477645997873,0.092,0.208,1.18310422865398e-12,"Upregulated in Mature Cytotoxic NK"
"RAP2B",9.99551142725717e-17,-1.63306661026489,0.065,0.172,1.40826760498626e-12,"Upregulated in Mature Cytotoxic NK"
"CAPN12",1.17898332274928e-16,1.26995714558253,0.167,0.071,1.66106960342146e-12,"Upregulated in Activated Stressed NK"
"LGALS3",1.24727839366036e-16,1.1146147767695,0.227,0.116,1.75729052882808e-12,"Upregulated in Activated Stressed NK"
"TSPYL2",1.79276578356103e-16,0.924913171862903,0.288,0.164,2.52582771245914e-12,"NS"
"TMA7",2.2001479847465e-16,-0.451278186935881,0.68,0.756,3.09978849570934e-12,"NS"
"SYNE2",2.5022779614462e-16,-0.973231157316803,0.242,0.374,3.52545941988155e-12,"NS"
"HLA-B",3.2731468252791e-16,-0.336575074805932,0.932,0.935,4.61153656213572e-12,"NS"
"TSC22D3",3.7105257561916e-16,0.541236649122157,0.795,0.708,5.22775973789834e-12,"NS"
"SUB1",3.87866131693242e-16,-0.508360873075175,0.548,0.662,5.46464592942608e-12,"NS"
"TFDP2",4.1286994449818e-16,-1.08786212975856,0.096,0.212,5.81692464803485e-12,"Upregulated in Mature Cytotoxic NK"
"MARCKSL1",4.52512015587658e-16,1.38045934420153,0.204,0.102,6.37544178761451e-12,"Upregulated in Activated Stressed NK"
"LTB",5.45774284028322e-16,1.07144897774036,0.202,0.098,7.68941388767503e-12,"Upregulated in Activated Stressed NK"
"SSBP3",6.21290243610698e-16,-1.78701125824345,0.034,0.124,8.75335824223112e-12,"Upregulated in Mature Cytotoxic NK"
"SELPLG",7.02161655243477e-16,-1.13286304802259,0.132,0.255,9.89275556072535e-12,"Upregulated in Mature Cytotoxic NK"
"OCIAD2",7.06865669942521e-16,0.94794683090266,0.274,0.155,9.95903042382018e-12,"NS"
"RAB29",9.08793984554987e-16,-1.16888946758333,0.109,0.228,1.28039984483952e-11,"Upregulated in Mature Cytotoxic NK"
"OXNAD1",9.9887817133769e-16,1.28955420019109,0.157,0.067,1.40731945559767e-11,"Upregulated in Activated Stressed NK"
"TPI1",1.13298058047564e-15,0.593773608984694,0.619,0.511,1.59625633983212e-11,"NS"
"NDFIP2",1.15008274179342e-15,1.68696806916095,0.109,0.036,1.62035157491275e-11,"Upregulated in Activated Stressed NK"
"SERF2",1.41256175990851e-15,-0.298955279176671,0.875,0.917,1.9901582635351e-11,"NS"
"CD47",1.65001265543956e-15,-0.723218562269512,0.299,0.437,2.32470283024879e-11,"NS"
"CYTH1",1.89053492743564e-15,-1.22944597681787,0.117,0.233,2.66357465926408e-11,"Upregulated in Mature Cytotoxic NK"
"YPEL5",2.39994711248304e-15,0.765399575968438,0.435,0.308,3.38128548677736e-11,"NS"
"SYNE1",2.72563379088653e-15,-0.976396191547971,0.152,0.275,3.84014544798003e-11,"NS"
"PTPRE",2.73371471567559e-15,-1.07345239609841,0.116,0.234,3.85153066291534e-11,"Upregulated in Mature Cytotoxic NK"
"DDIT3",3.09770310552143e-15,1.1315689056698,0.261,0.15,4.36435390536914e-11,"Upregulated in Activated Stressed NK"
"PRKCB",3.19680016810787e-15,-1.08367119543606,0.097,0.213,4.50397175684718e-11,"Upregulated in Mature Cytotoxic NK"
"TMEM71",4.54497955336347e-15,-1.78599880868061,0.041,0.129,6.40342169273379e-11,"Upregulated in Mature Cytotoxic NK"
"SYTL3",4.79009201228576e-15,-0.994136201957169,0.258,0.378,6.74876063610941e-11,"NS"
"CRTAM",4.88627637358502e-15,0.963394802622074,0.198,0.099,6.88427478274393e-11,"NS"
"SH2D2A",5.70704717440001e-15,-1.00669836686614,0.203,0.327,8.04065876401218e-11,"Upregulated in Mature Cytotoxic NK"
"VAMP2",5.70771631869945e-15,-0.689574426639048,0.393,0.518,8.04160152141565e-11,"NS"
"LPCAT1",6.52800201797658e-15,-1.11336384501931,0.088,0.198,9.19730204312721e-11,"Upregulated in Mature Cytotoxic NK"
"SCGB1A1",6.99288961158733e-15,-3.32164185328489,0.026,0.102,9.85228217376538e-11,"Upregulated in Mature Cytotoxic NK"
"GLUL",9.16636673837261e-15,1.11707751875158,0.274,0.165,1.29144940976932e-10,"Upregulated in Activated Stressed NK"
"HLA-DMA",9.48656608062728e-15,1.38819987330353,0.162,0.074,1.33656229509958e-10,"Upregulated in Activated Stressed NK"
"ATF4",1.02961049761234e-14,0.768328977331364,0.38,0.254,1.45061823008603e-10,"NS"
"LYN",1.59670561265092e-14,-1.64267310864075,0.058,0.151,2.24959853766388e-10,"Upregulated in Mature Cytotoxic NK"
"MT2A",1.83180221875026e-14,-1.22990705486242,0.384,0.501,2.58082614599725e-10,"Upregulated in Mature Cytotoxic NK"
"IQGAP2",1.88540852707537e-14,-0.933535929464885,0.176,0.3,2.65635207379649e-10,"NS"
"KLF13",2.03351651401318e-14,-1.06278327690415,0.114,0.226,2.86502141659317e-10,"Upregulated in Mature Cytotoxic NK"
"F2R",2.74037083747112e-14,-1.29737546529399,0.079,0.182,3.86090847291306e-10,"Upregulated in Mature Cytotoxic NK"
"TCF25",2.92643472666832e-14,-0.695640424958308,0.328,0.449,4.12305388640299e-10,"NS"
"CD96",3.60218286245662e-14,0.856333934834815,0.324,0.209,5.07511543491513e-10,"NS"
"S1PR4",4.38344996226029e-14,-1.04409236770609,0.105,0.214,6.17584265182852e-10,"Upregulated in Mature Cytotoxic NK"
"GIMAP4",5.92785351723342e-14,-0.822913875762598,0.219,0.344,8.35175282043016e-10,"NS"
"DHRS7",6.27846089766555e-14,-0.686922782032847,0.297,0.425,8.84572355872099e-10,"NS"
"DTHD1",6.47884280017736e-14,-1.63890318325961,0.036,0.118,9.12804162116988e-10,"Upregulated in Mature Cytotoxic NK"
"HSPA5",6.581633297389e-14,0.541093493863527,0.542,0.413,9.27286315269136e-10,"NS"
"TAF10",6.78685583713266e-14,-1.13632122566835,0.083,0.185,9.5620011889362e-10,"Upregulated in Mature Cytotoxic NK"
"GRAMD1A",7.42733752736436e-14,1.44965960943106,0.11,0.04,1.04643758423036e-09,"Upregulated in Activated Stressed NK"
"PHYH",7.98394728906689e-14,1.69860857423238,0.11,0.041,1.12485833355663e-09,"Upregulated in Activated Stressed NK"
"TGFBR3",8.4350412015774e-14,-1.37343612502638,0.058,0.15,1.18841295489024e-09,"Upregulated in Mature Cytotoxic NK"
"FGR",8.90838133230604e-14,-1.14579995343025,0.103,0.209,1.2551018459086e-09,"Upregulated in Mature Cytotoxic NK"
"KPNA2",9.6067043626623e-14,1.20038961212218,0.211,0.116,1.35348857765549e-09,"Upregulated in Activated Stressed NK"
"PTGER2",1.32568260295023e-13,-1.26310079397297,0.109,0.212,1.86775421929658e-09,"Upregulated in Mature Cytotoxic NK"
"ZNF90",1.35955889977294e-13,-1.69703551879225,0.031,0.109,1.91548253389009e-09,"Upregulated in Mature Cytotoxic NK"
"BIRC3",1.36188850841025e-13,0.892284297974864,0.307,0.193,1.91876471949920e-09,"NS"
"NUDT4",1.37418101050423e-13,1.27810560261112,0.167,0.081,1.93608362569941e-09,"Upregulated in Activated Stressed NK"
"PPIA",1.57140950631971e-13,-0.371892729808059,0.694,0.776,2.21395885345385e-09,"NS"
"PLK3",1.80744048468293e-13,1.26250963373208,0.154,0.071,2.54650289886977e-09,"Upregulated in Activated Stressed NK"
"ARPC5",1.89915585991015e-13,-0.640386382921194,0.343,0.464,2.6757206910274e-09,"NS"
"TNFSF14",1.91584979371901e-13,1.39481222240569,0.175,0.087,2.69924077437072e-09,"Upregulated in Activated Stressed NK"
"SRSF2",1.94127489930489e-13,0.502519359763241,0.594,0.482,2.73506220563065e-09,"NS"
"PTGDR",2.31739902712135e-13,-1.03672347402298,0.095,0.197,3.26498348931127e-09,"Upregulated in Mature Cytotoxic NK"
"EGR2",2.35324930714602e-13,1.71273636896774,0.114,0.045,3.31549294883803e-09,"Upregulated in Activated Stressed NK"
"ALOX5AP",2.56310488611328e-13,0.544188797641771,0.518,0.389,3.61115847404499e-09,"NS"
"LIMD2",2.59306399049525e-13,-0.657677131262901,0.376,0.486,3.65336785620875e-09,"NS"
"ITGAM",2.71147739881372e-13,-1.41303319323528,0.034,0.112,3.82020050718866e-09,"Upregulated in Mature Cytotoxic NK"
"SYNGR1",3.33974813304402e-13,-1.19183549073674,0.105,0.207,4.70537114464572e-09,"Upregulated in Mature Cytotoxic NK"
"HSH2D",3.52423172314751e-13,-1.01933991909012,0.111,0.217,4.96529007474253e-09,"Upregulated in Mature Cytotoxic NK"
"IFITM3",3.67948610715497e-13,-1.02382513919449,0.123,0.232,5.18402797637063e-09,"Upregulated in Mature Cytotoxic NK"
"RASGRP2",4.09899180907191e-13,-1.22696542186806,0.082,0.179,5.77506955980141e-09,"Upregulated in Mature Cytotoxic NK"
"ITGAE",4.66218770081943e-13,1.04316608308401,0.197,0.105,6.5685562516845e-09,"Upregulated in Activated Stressed NK"
"CD300A",5.11480988739434e-13,-0.867660519789987,0.131,0.243,7.20625565034988e-09,"NS"
"NABP1",5.21758658201149e-13,1.24094443000517,0.188,0.1,7.35105773539599e-09,"Upregulated in Activated Stressed NK"
"THEMIS2",5.27617595996382e-13,-1.30997250501997,0.049,0.135,7.43360430999302e-09,"Upregulated in Mature Cytotoxic NK"
"CNN2",5.83410060871423e-13,0.807614450800217,0.221,0.122,8.21966434761747e-09,"NS"
"IGF2R",6.98573175327197e-13,-1.40570847473981,0.064,0.154,9.84219746718488e-09,"Upregulated in Mature Cytotoxic NK"
"ATXN7",8.56749463119257e-13,-1.59833455430354,0.038,0.115,1.20707431858872e-08,"Upregulated in Mature Cytotoxic NK"
"FUS",8.78901414935836e-13,0.499195374056492,0.616,0.507,1.2382842035031e-08,"NS"
"PPP1R10",1.05277989382154e-12,0.92844070425719,0.303,0.2,1.48326159240517e-08,"NS"
"LAIR1",1.17360866094789e-12,-1.31028362150624,0.038,0.115,1.65349724240948e-08,"Upregulated in Mature Cytotoxic NK"
"HLA-DQB1",1.19052290393861e-12,0.935481635929409,0.195,0.103,1.67732771935911e-08,"NS"
"CD81",1.26642890558475e-12,-0.756580629665873,0.219,0.339,1.78427168507835e-08,"NS"
"DIP2A",1.37924188823381e-12,-1.08246767766934,0.103,0.203,1.94321389633261e-08,"Upregulated in Mature Cytotoxic NK"
"BIN2",1.39885771789283e-12,-0.653143834612615,0.352,0.473,1.9708506387392e-08,"NS"
"PPP2R5C",1.40951727029847e-12,-0.531015478425086,0.456,0.555,1.98586888212352e-08,"NS"
"ORAI1",1.57093506143573e-12,-1.00685504319099,0.104,0.205,2.2132904080568e-08,"Upregulated in Mature Cytotoxic NK"
"TCP1",1.71817430311472e-12,0.852046310424986,0.296,0.192,2.42073577565833e-08,"NS"
"MYL6",1.76919190324181e-12,-0.297579296143379,0.833,0.888,2.49261447247739e-08,"NS"
"SH3BP5",1.77188320636037e-12,-0.793507631827687,0.111,0.216,2.49640624944112e-08,"NS"
"CTBP2",1.83213289578715e-12,-1.63477618785157,0.047,0.127,2.58129203687452e-08,"Upregulated in Mature Cytotoxic NK"
"P2RY8",2.03297811665552e-12,-1.36645241438993,0.042,0.12,2.86426286855597e-08,"Upregulated in Mature Cytotoxic NK"
"NCR3",2.04857367139382e-12,-1.03334345002591,0.148,0.254,2.88623544562675e-08,"Upregulated in Mature Cytotoxic NK"
"SOD1",2.15366871989864e-12,0.59900501900211,0.522,0.421,3.0343038594652e-08,"NS"
"CLIC3",2.22852632665458e-12,-0.668100096995096,0.366,0.481,3.13977074162364e-08,"NS"
"KLF2",2.27526185856722e-12,-0.39593355224152,0.385,0.522,3.20561643253535e-08,"NS"
"ARHGAP30",2.52262068810124e-12,-0.863837087457642,0.166,0.278,3.55412028746583e-08,"NS"
"GSAP",2.54874663048901e-12,-1.23445082926926,0.058,0.142,3.59092912769597e-08,"Upregulated in Mature Cytotoxic NK"
"CD226",2.81120270577647e-12,-1.5142525038371,0.052,0.133,3.96070349216846e-08,"Upregulated in Mature Cytotoxic NK"
"MCL1",2.99610203340344e-12,0.48999308201622,0.576,0.452,4.22120815486211e-08,"NS"
"PPP1R2",3.38364597126337e-12,0.759117235166799,0.36,0.252,4.76721880891296e-08,"NS"
"GIMAP7",3.41475551065034e-12,-0.717284781198016,0.297,0.412,4.81104903895527e-08,"NS"
"CEBPB",3.42044754957215e-12,-0.870226977211938,0.205,0.317,4.8190685525922e-08,"NS"
"ATP6V0E1",3.47343188144614e-12,-0.507467613078069,0.428,0.541,4.89371817776947e-08,"NS"
"GMFG",3.6410555655112e-12,-0.478940993390654,0.475,0.599,5.12988318624873e-08,"NS"
"HDDC2",3.73626402882534e-12,-1.09831555200959,0.121,0.222,5.26402239021202e-08,"Upregulated in Mature Cytotoxic NK"
"SLA",4.33776448355459e-12,-0.813819904905445,0.302,0.405,6.11147638088006e-08,"NS"
"CTDSP1",4.38791110677329e-12,-1.00493668960796,0.091,0.186,6.18212795833289e-08,"Upregulated in Mature Cytotoxic NK"
"STK10",4.43633616983442e-12,-0.878827527000602,0.135,0.242,6.25035402967971e-08,"NS"
"ARHGDIB",4.64303116399051e-12,-0.341043124927938,0.707,0.787,6.54156660694622e-08,"NS"
"SRSF7",4.67512064600266e-12,0.518875192824793,0.657,0.573,6.58677747815315e-08,"NS"
"DENND3",4.95836912822327e-12,-1.86337083500587,0.037,0.109,6.98584626475376e-08,"Upregulated in Mature Cytotoxic NK"
"FMNL1",5.63353903662163e-12,-0.844135283885226,0.207,0.317,7.93709314869622e-08,"NS"
"RASA3",5.77874482497122e-12,-1.0696175517444,0.064,0.151,8.14167358390195e-08,"Upregulated in Mature Cytotoxic NK"
"LRIF1",7.21274786236594e-12,0.997147666338608,0.18,0.095,1.01620404632874e-07,"NS"
"CDKN2C",8.18986606474398e-12,1.55309147985433,0.113,0.048,1.15387022986178e-07,"Upregulated in Activated Stressed NK"
"SMAP2",8.2773525682153e-12,-0.837536610246747,0.167,0.274,1.16619620333585e-07,"NS"
"CHORDC1",8.78594682961417e-12,1.08142260136338,0.253,0.161,1.23785204882434e-07,"Upregulated in Activated Stressed NK"
"RGS10",1.00952518661166e-11,0.781497362438387,0.219,0.125,1.42232003541717e-07,"NS"
"RNF213",1.00958773724335e-11,-0.702581282739969,0.35,0.448,1.42240816300216e-07,"NS"
"OSBPL5",1.06598563097489e-11,-1.15731069857252,0.041,0.116,1.50186715548052e-07,"Upregulated in Mature Cytotoxic NK"
"LINC00861",1.11107549689105e-11,-1.16511893449869,0.093,0.185,1.56539426756981e-07,"Upregulated in Mature Cytotoxic NK"
"CHCHD10",1.16826841130152e-11,0.837191589052154,0.2,0.11,1.64597336468271e-07,"NS"
"CCNL1",1.40783658860933e-11,0.637697439953758,0.466,0.36,1.98350096969168e-07,"NS"
"RORA",1.42970728763192e-11,-0.788509551702842,0.172,0.282,2.01431459754462e-07,"NS"
"GAB3",1.46824171887778e-11,-1.49335953626898,0.032,0.101,2.0686057577269e-07,"Upregulated in Mature Cytotoxic NK"
"CTSC",1.48692075117438e-11,-0.635601641044091,0.371,0.472,2.09492264632959e-07,"NS"
"CDC42SE1",1.61785777284718e-11,-0.660840946213707,0.273,0.388,2.27939981616439e-07,"NS"
"DDX6",1.90680497511308e-11,-0.767580803803664,0.183,0.291,2.68649752943682e-07,"NS"
"PTPN4",2.09630177859003e-11,-0.910152474083586,0.197,0.302,2.9534795758555e-07,"NS"
"PRMT9",2.1009940984261e-11,1.05493799963853,0.198,0.112,2.96009058527254e-07,"Upregulated in Activated Stressed NK"
"REL",2.29544744410323e-11,0.580398784203803,0.464,0.356,3.23405590399703e-07,"NS"
"GLRX",2.6736080429296e-11,-0.764969317713268,0.178,0.287,3.76684637168352e-07,"NS"
"TCOF1",2.82687601977507e-11,1.45396428756733,0.134,0.065,3.98278562426109e-07,"Upregulated in Activated Stressed NK"
"MYL12B",2.93309221713255e-11,-0.390741450467294,0.636,0.716,4.13243362471805e-07,"NS"
"EIF5",2.9969948866859e-11,0.617241091062748,0.47,0.367,4.22246609585177e-07,"NS"
"OASL",3.05422725698324e-11,1.02329550414982,0.196,0.11,4.30310078236368e-07,"Upregulated in Activated Stressed NK"
"AMD1",3.51070465419404e-11,0.763535089211719,0.35,0.251,4.94623178729398e-07,"NS"
"GPSM3",4.25401580054609e-11,-0.685293318108593,0.297,0.404,5.99348286138938e-07,"NS"
"RNF125",4.369035035515e-11,-1.01617763747644,0.134,0.229,6.15553346153708e-07,"Upregulated in Mature Cytotoxic NK"
"SRSF9",4.51226864419681e-11,-0.74095151263382,0.242,0.349,6.35733529280889e-07,"NS"
"ZFP36L2",4.69270073496876e-11,0.468109543545967,0.778,0.71,6.61154606549748e-07,"NS"
"ZFP36L1",4.79249471887037e-11,0.608502314367588,0.496,0.388,6.75214580941646e-07,"NS"
"TBCD",5.35115034112272e-11,1.02679432187988,0.141,0.068,7.5392357156078e-07,"Upregulated in Activated Stressed NK"
"GLA",5.42690728507294e-11,1.54872444321055,0.111,0.048,7.64596967393927e-07,"Upregulated in Activated Stressed NK"
"MORF4L2",6.33211142648996e-11,0.867010052552308,0.23,0.139,8.9213117887817e-07,"NS"
"HAVCR2",6.65308025686779e-11,-0.786323745820524,0.144,0.242,9.37352477390102e-07,"NS"
"PRDX1",7.04098391025847e-11,0.762568717678824,0.369,0.266,9.92004223116315e-07,"NS"
"RHOG",7.31695148777825e-11,-0.881273614021553,0.179,0.281,1.03088529511308e-06,"NS"
"WASF2",7.99342266679281e-11,-0.758424072967249,0.161,0.266,1.12619331952444e-06,"NS"
"ARPC5L",9.35476142534696e-11,-0.585413821126,0.291,0.401,1.31799233721713e-06,"NS"
"CAPNS1",9.95266410106945e-11,-0.906322984913521,0.127,0.222,1.40223084519968e-06,"NS"
"SLC9A3R1",1.01114906834741e-10,-0.854494748639443,0.21,0.313,1.42460792239466e-06,"NS"
"MTPN",1.12663232695953e-10,-0.835432455517949,0.167,0.267,1.58731228545328e-06,"NS"
"NR4A2",1.13452774122595e-10,0.559410069212972,0.56,0.464,1.59843613461323e-06,"NS"
"HLA-DQA1",1.1480017717254e-10,1.09414976395287,0.136,0.067,1.61741969618392e-06,"Upregulated in Activated Stressed NK"
"NOP58",1.24145110669415e-10,0.892460250324936,0.213,0.126,1.74908046422139e-06,"NS"
"TOB2",1.28707272204342e-10,0.982261669673984,0.17,0.092,1.81335675808698e-06,"NS"
"BRK1",1.32422441792195e-10,-0.554098440409446,0.305,0.417,1.86569978241023e-06,"NS"
"TTC39C",1.36120621857515e-10,0.875379106110737,0.151,0.077,1.91780344135053e-06,"NS"
"KDM6B",1.41422656538308e-10,0.898303750033871,0.216,0.13,1.99250380796822e-06,"NS"
"CLDND1",1.42514655014846e-10,0.945534667280431,0.207,0.122,2.00788897450416e-06,"NS"
"SRPK2",1.57941020729649e-10,-0.84207750074704,0.124,0.218,2.22523104106002e-06,"NS"
"PFKFB3",1.82754505758855e-10,1.45784832763069,0.1,0.043,2.5748282316365e-06,"Upregulated in Activated Stressed NK"
"UBE2F",1.89651256107301e-10,-0.828291918032164,0.131,0.227,2.67199654729577e-06,"NS"
"GALM",2.06911918133897e-10,1.14571623036396,0.133,0.065,2.91518201458847e-06,"Upregulated in Activated Stressed NK"
"ZFAND5",2.07544815498273e-10,0.70498289187341,0.302,0.204,2.92409890555517e-06,"NS"
"PRELID1",2.18881382758039e-10,-0.603728423217125,0.359,0.467,3.08381980167801e-06,"NS"
"PRR5",2.54279720065106e-10,-1.01270965088602,0.067,0.146,3.58254697599728e-06,"Upregulated in Mature Cytotoxic NK"
"PTTG1",2.63211195799701e-10,1.18726606923175,0.122,0.057,3.70838253762199e-06,"Upregulated in Activated Stressed NK"
"ABHD5",2.72199087047312e-10,1.30589942270802,0.149,0.08,3.83501293740958e-06,"Upregulated in Activated Stressed NK"
"PPP1R14B",3.12976078212887e-10,1.08729755236889,0.152,0.081,4.40951996594136e-06,"Upregulated in Activated Stressed NK"
"ESYT2",3.2478313708871e-10,-1.17112179444547,0.058,0.132,4.57586961844283e-06,"Upregulated in Mature Cytotoxic NK"
"TRAPPC10",3.38092366462915e-10,-0.956003056929696,0.079,0.16,4.76338335109601e-06,"NS"
"PLEKHA1",3.64131794337464e-10,-1.21757948209897,0.07,0.147,5.13025285042053e-06,"Upregulated in Mature Cytotoxic NK"
"YME1L1",4.43870391451287e-10,0.850088677578959,0.284,0.192,6.25368994515718e-06,"NS"
"BCL9L",5.77010660725754e-10,-1.42531386206805,0.042,0.107,8.12950319896515e-06,"Upregulated in Mature Cytotoxic NK"
"TGFBR1",9.35942670572928e-10,-1.68529437071196,0.041,0.104,1.3186496285702e-05,"Upregulated in Mature Cytotoxic NK"
"MGAT4A",1.04728283465306e-09,-0.764921308067309,0.128,0.218,1.47551678574269e-05,"NS"
"RBM38",1.09711294388825e-09,-0.766601417627616,0.116,0.204,1.54572242664416e-05,"NS"
"CFL1",1.12740780965494e-09,-0.266007402172738,0.867,0.902,1.58840486302284e-05,"NS"
"TSPAN32",1.18673917907152e-09,-0.949365921827039,0.084,0.164,1.67199682939387e-05,"NS"
"DYNLT1",1.2090618317855e-09,-0.758015152474497,0.176,0.272,1.7034472148026e-05,"NS"
"ATP1A1",1.21930067610237e-09,0.72059911445836,0.249,0.16,1.71787272256062e-05,"NS"
"TSC22D1",1.25559433649417e-09,1.3017078426255,0.114,0.054,1.76900686068664e-05,"Upregulated in Activated Stressed NK"
"SLC15A4",1.31706772019266e-09,-1.05541111314727,0.071,0.147,1.85561671097944e-05,"Upregulated in Mature Cytotoxic NK"
"CHST12",1.32481805731914e-09,-0.521834611483066,0.289,0.395,1.86653616095693e-05,"NS"
"UQCRB",1.33895812375391e-09,-0.425582622151666,0.575,0.663,1.88645810055688e-05,"NS"
"UBL5",1.38651486726742e-09,-0.432409235097448,0.483,0.585,1.95346079649306e-05,"NS"
"RAB37",1.42655684575661e-09,-1.35319618203772,0.047,0.112,2.00987593998648e-05,"Upregulated in Mature Cytotoxic NK"
"UQCRFS1",1.53208929099873e-09,-0.837653616506173,0.157,0.249,2.15856060208812e-05,"NS"
"NDUFS6",1.60992502859482e-09,-0.686503806332143,0.215,0.315,2.26822337278724e-05,"NS"
"ADAM10",1.61640370137504e-09,-1.00753511191536,0.081,0.16,2.27735117486729e-05,"Upregulated in Mature Cytotoxic NK"
"ZNF276",1.75312812261645e-09,-0.870110027046539,0.081,0.161,2.46998221195431e-05,"NS"
"NDUFC2",1.92010392678479e-09,-0.692667851113286,0.229,0.333,2.7052344224471e-05,"NS"
"ANXA4",1.93783814433668e-09,-1.42580831651272,0.046,0.111,2.73022016155594e-05,"Upregulated in Mature Cytotoxic NK"
"ITGA4",1.98840704545086e-09,-0.621659107157912,0.139,0.235,2.80146668633572e-05,"NS"
"TPST2",2.05995803449369e-09,-0.612526675223139,0.217,0.32,2.90227487479816e-05,"NS"
"KIR2DL3",2.06709143865098e-09,-1.13310586489895,0.046,0.111,2.91232512791537e-05,"Upregulated in Mature Cytotoxic NK"
"CD99",2.07704977791216e-09,-0.377714538860732,0.527,0.615,2.92635543210044e-05,"NS"
"PPIB",2.18737360217147e-09,-0.477592493012076,0.423,0.514,3.08179066809938e-05,"NS"
"IFNGR1",2.1926679943357e-09,-1.06471072470174,0.102,0.184,3.08924993721957e-05,"Upregulated in Mature Cytotoxic NK"
"HMGN3",2.31479051547342e-09,-0.625403679475903,0.269,0.368,3.2613083572505e-05,"NS"
"RNF115",2.80644201076006e-09,-0.793536845697292,0.142,0.232,3.95399614895985e-05,"NS"
"BRD7",2.81103273779935e-09,-1.01842400949727,0.083,0.16,3.9604640242855e-05,"Upregulated in Mature Cytotoxic NK"
"NFE2L2",2.89208261584677e-09,-0.614312312421727,0.217,0.316,4.07465519746652e-05,"NS"
"CRBN",3.09500190855979e-09,-0.806969675470415,0.121,0.208,4.36054818896988e-05,"NS"
"ARL4A",3.30536287143377e-09,0.831904831836643,0.181,0.105,4.65692574956304e-05,"NS"
"MYLIP",3.33502958758342e-09,0.888059968780965,0.265,0.185,4.69872318594628e-05,"NS"
"INPP4A",3.47751228620812e-09,-0.95724674891643,0.064,0.135,4.89946706003862e-05,"NS"
"PTP4A1",3.50502380902147e-09,0.990788550527715,0.178,0.105,4.93822804453035e-05,"NS"
"GPR171",3.51300241033909e-09,0.901257157365694,0.184,0.108,4.94946909592674e-05,"NS"
"SRP9",3.64945999657144e-09,-0.73305018223089,0.183,0.278,5.1417241891695e-05,"NS"
"TBX21",4.00441029192539e-09,-0.712419279905231,0.135,0.224,5.64181366029369e-05,"NS"
"ZBTB44",4.08661079987024e-09,-1.27173519843458,0.067,0.137,5.75762595593718e-05,"Upregulated in Mature Cytotoxic NK"
"NFKBID",4.27733950101862e-09,1.00500475438024,0.168,0.098,6.02634362298514e-05,"Upregulated in Activated Stressed NK"
"BLOC1S4",4.92929304300202e-09,-1.25206891038363,0.059,0.126,6.94488096828555e-05,"Upregulated in Mature Cytotoxic NK"
"JAK1",4.94286600547101e-09,-0.429834395568804,0.375,0.473,6.9640039151081e-05,"NS"
"GNAI2",4.95385952299559e-09,-0.582773940761685,0.276,0.371,6.97949268194849e-05,"NS"
"TRAPPC1",5.15120592478015e-09,-0.562587570973147,0.293,0.397,7.25753402742275e-05,"NS"
"GADD45A",5.40726833961869e-09,1.15472523053558,0.169,0.1,7.61830036368877e-05,"Upregulated in Activated Stressed NK"
"CCL3",5.61919966215925e-09,-0.672442948362423,0.341,0.441,7.91689040401616e-05,"NS"
"LLGL2",5.87181129002189e-09,-1.09987384480127,0.058,0.125,8.27279492651184e-05,"Upregulated in Mature Cytotoxic NK"
"PNISR",6.49390433486871e-09,-0.464786391802904,0.372,0.47,9.14926181739653e-05,"NS"
"ARL4D",6.51972846513492e-09,1.22135952660914,0.11,0.054,9.18564543452859e-05,"Upregulated in Activated Stressed NK"
"DNAJC8",7.1223970872131e-09,-0.692727866688009,0.198,0.29,0.000100347452561745,"NS"
"HNRNPR",8.44958648633014e-09,-0.775502106277685,0.184,0.273,0.000119046224005905,"NS"
"VAMP8",8.78535647577178e-09,-0.434144989027186,0.403,0.5,0.000123776887387149,"NS"
"SPCS3",9.60218894158999e-09,-0.746583734811256,0.149,0.237,0.000135285239998061,"NS"
"GABARAP",9.85900325335097e-09,-0.955657884433696,0.156,0.239,0.000138903496836462,"NS"
"ZC3HAV1",1.05040448068671e-08,0.669559201874914,0.342,0.262,0.00014799148728395,"NS"
"TMEM181",1.06915691329935e-08,-1.19297489513042,0.046,0.108,0.000150633517514745,"Upregulated in Mature Cytotoxic NK"
"ACAP1",1.12677852315238e-08,0.525639984425074,0.479,0.388,0.000158751826126939,"NS"
"RAB8A",1.13597843084404e-08,-0.748803816210755,0.149,0.235,0.000160048001121617,"NS"
"DDIT4",1.16923939890486e-08,0.539439236850088,0.666,0.589,0.000164734138911705,"NS"
"FKBP11",1.17599205130313e-08,-0.729167720461535,0.15,0.238,0.000165685520108098,"NS"
"CCT4",1.45286927442338e-08,0.638126555683512,0.297,0.211,0.00020469475207351,"NS"
"KLF10",1.48852252583166e-08,1.13368124611281,0.11,0.054,0.000209717938664423,"Upregulated in Activated Stressed NK"
"TNFSF12",1.52833923127646e-08,-1.30090581653229,0.058,0.121,0.000215327714294541,"Upregulated in Mature Cytotoxic NK"
"STK4",1.54207606234394e-08,-0.456143019174634,0.399,0.495,0.000217263096423637,"NS"
"S100A11",1.55830087540336e-08,-0.337266210103804,0.452,0.545,0.000219549010335579,"NS"
"DDX3X",1.55875004967871e-08,0.526753446968818,0.456,0.378,0.000219612294499234,"NS"
"NUDT14",1.58277210661866e-08,1.19720180936341,0.106,0.052,0.000222996762101503,"Upregulated in Activated Stressed NK"
"SQSTM1",1.76885868252983e-08,0.740770231460554,0.395,0.32,0.000249214499781628,"NS"
"MVD",1.81195313793991e-08,-0.786450100477191,0.096,0.173,0.000255286077604354,"NS"
"SH3BGRL",2.0530079601508e-08,-0.661869616652202,0.258,0.348,0.000289248291505647,"NS"
"ABHD3",2.15003773178799e-08,0.902828487668798,0.15,0.085,0.00030291881603161,"NS"
"DUSP10",2.17829296967376e-08,0.917812210553754,0.148,0.083,0.000306899696497337,"NS"
"PSMB10",2.24370291719298e-08,-0.912684048313717,0.16,0.24,0.000316115304003319,"NS"
"CD48",2.33337347266307e-08,-0.472945053725207,0.461,0.545,0.0003287489885635,"NS"
"DOCK11",2.38685872308981e-08,-1.34103771373204,0.05,0.11,0.000336284525496124,"Upregulated in Mature Cytotoxic NK"
"RUNX3",2.43309364025447e-08,-0.522450419312018,0.365,0.448,0.000342798562975453,"NS"
"AUTS2",2.43700763965481e-08,-0.966049716426222,0.061,0.127,0.000343350006350966,"NS"
"ANXA1",2.60732273369185e-08,-0.112940971268766,0.562,0.684,0.000367345699949845,"NS"
"INSIG1",2.63260789579121e-08,0.81025615963274,0.189,0.117,0.000370908126438023,"NS"
"DEK",2.67558090303994e-08,-0.474641614903009,0.26,0.36,0.000376962593429297,"NS"
"ANXA5",2.72556255264876e-08,0.670293237378248,0.185,0.112,0.000384004508042683,"NS"
"ABT1",3.01408793631915e-08,-0.900441708841698,0.068,0.135,0.000424654849348005,"NS"
"ARF4",3.377686051177e-08,0.614637540853994,0.285,0.2,0.000475882187750328,"NS"
"BCL7C",3.43907021986244e-08,-0.777848308583437,0.085,0.157,0.000484530603276419,"NS"
"AKAP13",3.6086358949016e-08,-0.445778421374613,0.351,0.441,0.000508420711232687,"NS"
"CREM",3.66020585595878e-08,-0.636127875586817,0.377,0.449,0.000515686403046032,"NS"
"SH3BP2",3.66120039978608e-08,-0.701916129472593,0.052,0.114,0.00051582652432586,"NS"
"TFRC",3.66177248136608e-08,1.14536681874124,0.119,0.063,0.000515907124899667,"Upregulated in Activated Stressed NK"
"DDOST",3.90378720267107e-08,-0.711300782840279,0.144,0.227,0.000550004578984328,"NS"
"MSN",4.30728846012283e-08,-0.462087945116666,0.374,0.463,0.000606853871146706,"NS"
"SH3KBP1",4.64740235946552e-08,-0.605340182037997,0.174,0.262,0.000654772518425097,"NS"
"LYAR",4.84343285065652e-08,-0.494746176932675,0.268,0.368,0.000682391254328997,"NS"
"CARD16",4.8516712353318e-08,-0.697363359286515,0.253,0.341,0.000683551960345897,"NS"
"N4BP2L2",4.90607260593095e-08,-0.40212759366975,0.357,0.459,0.000691216569449611,"NS"
"MLLT6",5.59534629087768e-08,-0.71628882857511,0.119,0.197,0.000788328338921756,"NS"
"PKM",5.61811676157177e-08,0.649755312758309,0.333,0.247,0.000791536470537847,"NS"
"ESD",5.67332705295138e-08,0.827498277119805,0.158,0.093,0.00079931504849032,"NS"
"ARPC3",6.09156163136206e-08,-0.279716006348802,0.638,0.703,0.000858240118242601,"NS"
"SRGN",6.50657676922493e-08,0.246231507769354,0.933,0.906,0.0009167116010161,"NS"
"PSMB8",6.58821765144589e-08,-0.502186290730748,0.324,0.414,0.000928213984912212,"NS"
"TAOK3",6.64853287695107e-08,-0.585161072941262,0.181,0.27,0.000936711797033637,"NS"
"SLC2A3",6.70341429111425e-08,0.704889094907325,0.355,0.274,0.000944444039475087,"NS"
"APOL6",6.89713162269308e-08,-0.744961766898537,0.125,0.201,0.000971736874321229,"NS"
"CD164",7.29384116532598e-08,-0.525440905668755,0.307,0.398,0.00102762928178278,"NS"
"PCSK7",7.47115165816429e-08,-0.458702445456281,0.211,0.301,0.00105261055711877,"NS"
"SLC2A4RG",7.60795716566942e-08,-1.04726920432876,0.051,0.11,0.00107188508507117,"Upregulated in Mature Cytotoxic NK"
"RNF166",7.91522334473764e-08,-0.736977596687775,0.18,0.265,0.00111517581704009,"NS"
"IER5L",8.20234526352904e-08,1.30997270349593,0.135,0.078,0.00115562842417861,"Upregulated in Activated Stressed NK"
"AP2S1",8.77394232343188e-08,-0.610056330191357,0.17,0.256,0.00123616073394832,"NS"
"NDUFA12",8.84912747108061e-08,-0.51348308657526,0.23,0.32,0.00124675356940055,"NS"
"MXD1",9.79732867608478e-08,1.13232796420708,0.135,0.077,0.00138034563717358,"Upregulated in Activated Stressed NK"
"COX6C",1.03140821471061e-07,-0.441518248285398,0.487,0.578,0.00145315103370578,"NS"
"USP28",1.03180034492129e-07,-1.09190859326788,0.057,0.116,0.00145370350595961,"Upregulated in Mature Cytotoxic NK"
"LIMS1",1.08841089729142e-07,0.744477944122287,0.147,0.084,0.00153346211319388,"NS"
"CAP1",1.12062831447315e-07,-0.493863767843345,0.374,0.458,0.00157885323226123,"NS"
"PABPN1",1.16940197697766e-07,-0.866138864507476,0.104,0.175,0.00164757044536383,"NS"
"DDAH2",1.22188423410646e-07,0.848125612511385,0.115,0.061,0.00172151269743259,"NS"
"TMEM123",1.22484515709766e-07,0.684837209710293,0.191,0.12,0.00172568434183489,"NS"
"UTRN",1.24835513231506e-07,-0.555843744414195,0.165,0.252,0.00175880754591869,"NS"
"BOD1L1",1.45372359862476e-07,-0.568303426886867,0.114,0.19,0.00204815117810242,"NS"
"PTPRA",1.46592409076716e-07,-0.717060419980686,0.116,0.19,0.00206534045148185,"NS"
"ETS1",1.55581240350733e-07,-0.632271772798673,0.313,0.388,0.00219198409530147,"NS"
"STK38",1.66745286832239e-07,-0.83503442639969,0.075,0.139,0.00234927434617942,"NS"
"EEF1A1",1.77523794536608e-07,0.154048287833556,0.991,0.991,0.00250113274122627,"NS"
"SPCS2",1.78587156935415e-07,-0.50157926712452,0.323,0.412,0.00251611445406307,"NS"
"NFATC2",1.80153298267917e-07,-0.879512733498467,0.07,0.133,0.00253817981929668,"NS"
"EID1",1.83912377691262e-07,-0.590591420932845,0.272,0.359,0.00259114148929219,"NS"
"SSBP4",1.87039398670217e-07,-0.798806074823647,0.143,0.216,0.00263519808786469,"NS"
"MED10",1.88152154380635e-07,-0.602957885088232,0.178,0.26,0.00265087570306877,"NS"
"YWHAZ",1.89146832900929e-07,-0.421984718632024,0.489,0.557,0.00266488972874119,"NS"
"POLR2B",1.90369885869532e-07,-0.757785616276128,0.09,0.158,0.00268212132201583,"NS"
"LGALS1",1.98727831352043e-07,-0.368356168887303,0.571,0.647,0.00279987641591894,"NS"
"PPP1R18",2.08387602657709e-07,-0.557310581018412,0.272,0.358,0.00293597293384447,"NS"
"PPP1CA",2.21100506170313e-07,-0.49243722228987,0.368,0.458,0.00311508503143355,"NS"
"ARIH1",2.25134747185035e-07,0.940472616390971,0.17,0.107,0.00317192345308996,"NS"
"PIM2",2.28586172317352e-07,0.766466945315402,0.153,0.092,0.00322055058177918,"NS"
"DDX17",2.31615119477215e-07,-0.514194867883907,0.275,0.361,0.00326322541831449,"NS"
"TRAF3IP3",2.60527761640451e-07,-0.527546094628339,0.258,0.341,0.00367057563375231,"NS"
"CDKN2D",2.71624918781838e-07,-0.647119135820849,0.114,0.187,0.00382692348071731,"NS"
"PDCD4",2.71906938920865e-07,0.602956808214225,0.312,0.234,0.00383089686245607,"NS"
"ZBTB7A",2.77494283212842e-07,-0.690175451148425,0.119,0.193,0.00390961695618573,"NS"
"RAC2",2.84255950108249e-07,-0.315377079808329,0.583,0.649,0.00400488208107512,"NS"
"NDUFC1",2.93447675252901e-07,-0.997537563753391,0.077,0.138,0.00413438429663812,"NS"
"SLBP",2.96733952334791e-07,0.79556368959012,0.193,0.126,0.00418068465444487,"NS"
"CISD3",3.36062657263108e-07,-0.782231875627367,0.101,0.169,0.00473478677817993,"NS"
"SPAG7",3.51769093229436e-07,-0.736538714043965,0.111,0.182,0.00495607475450953,"NS"
"SFSWAP",3.80936937924555e-07,-1.18538531732157,0.053,0.108,0.00536702051841905,"Upregulated in Mature Cytotoxic NK"
"RHBDF2",3.82829831475345e-07,-1.05712036936397,0.054,0.109,0.00539368949565614,"Upregulated in Mature Cytotoxic NK"
"SUMO2",4.95922817450417e-07,-0.34168255673545,0.544,0.623,0.00698705657505893,"NS"
"SIPA1",5.19003391790848e-07,-0.739159859540741,0.135,0.209,0.00731223878694126,"NS"
"CTBP1",5.66295964791185e-07,-0.891524649933604,0.077,0.138,0.007978543847943,"NS"
"WDR74",5.67629732953599e-07,0.864738945035735,0.149,0.09,0.00799733530758326,"NS"
"DIAPH1",5.90401477606587e-07,-0.729810830101981,0.14,0.21,0.00831816641799921,"NS"
"AAK1",6.09026249595473e-07,-0.57137797709058,0.247,0.332,0.00858057083055062,"NS"
"TOPORS",6.39274794906402e-07,0.993866683959872,0.163,0.104,0.0090067425854363,"NS"
"CD63",6.41448298822416e-07,0.290885253000106,0.715,0.65,0.00903736508210902,"NS"
"THRAP3",6.54239107941206e-07,-0.478756203235221,0.207,0.291,0.00921757479178366,"NS"
"ADH5",6.62765464128e-07,-0.816188912642582,0.1,0.165,0.00933770262409939,"NS"
"STUB1",6.64889283582881e-07,-0.59880914978577,0.179,0.257,0.00936762511639921,"NS"
"VMP1",6.7508639697632e-07,0.613680484749183,0.257,0.186,0.00951129224699938,"NS"
"COMT",7.12076836237784e-07,-0.861287391265794,0.083,0.145,0.0100324505457541,"NS"
"CCM2",7.22922994139042e-07,-0.658793393187248,0.102,0.17,0.010185262064425,"NS"
"RNPEPL1",7.33382750053364e-07,-0.618472071958232,0.115,0.185,0.0103326295655018,"NS"
"HECTD1",7.72739605749828e-07,-0.958896272795482,0.065,0.122,0.0108871283054093,"NS"
"SASH3",7.79764142873056e-07,-0.967608048174424,0.103,0.167,0.0109860970089385,"NS"
"OSTF1",7.83010641649531e-07,-0.529323900368643,0.307,0.385,0.0110318369302002,"NS"
"SAMD9",8.40082126899957e-07,-0.632158689252838,0.149,0.223,0.0118359170858935,"NS"
"PDE4D",8.95118759309182e-07,-0.739607076326425,0.082,0.144,0.0126113281999071,"NS"
"ERGIC1",9.1665529267788e-07,0.856800491317919,0.138,0.082,0.0129147564185386,"NS"
"STIP1",9.28099252851953e-07,0.670040838364738,0.176,0.112,0.0130759903734312,"NS"
"TNFRSF14",1.05423862036647e-06,-0.540682569609804,0.15,0.227,0.0148531679223432,"NS"
"SAMHD1",1.12218831374427e-06,-0.629845220380705,0.128,0.197,0.0158105111523431,"NS"
"CALM2",1.13962690419683e-06,0.339334163663506,0.667,0.608,0.0160562034532292,"NS"
"BTN3A2",1.17732122682625e-06,-0.535182643679605,0.251,0.328,0.016587278764755,"NS"
"TXNL4A",1.20397810552302e-06,-0.636355186139391,0.117,0.186,0.0169628475287138,"NS"
"COX8A",1.20980167411103e-06,-0.460568825941229,0.379,0.456,0.0170448957865503,"NS"
"MAPK1",1.22221376465269e-06,-0.563784511813539,0.193,0.269,0.0172197697301918,"NS"
"ERGIC3",1.23062592298224e-06,0.523130644755157,0.191,0.124,0.0173382886288967,"NS"
"RAPGEF1",1.26410073578989e-06,-0.96732425625937,0.06,0.113,0.0178099152665438,"NS"
"EBP",1.30813557229908e-06,-0.723570769549387,0.13,0.198,0.0184303220781218,"NS"
"PCID2",1.31424006659264e-06,0.96094079332524,0.143,0.087,0.0185163282982237,"NS"
"RBM8A",1.37028742420422e-06,0.36210651977143,0.519,0.439,0.0193059795196133,"NS"
"CCDC88C",1.4348470228264e-06,-0.800033379824012,0.136,0.204,0.0202155597046011,"NS"
"RPN2",1.65748099594815e-06,-0.630483909836653,0.155,0.225,0.0233522497519135,"NS"
"MAPRE2",1.70910297916428e-06,-0.673500248240015,0.14,0.211,0.0240795518734456,"NS"
"UBE2D3",1.72069493596831e-06,0.336829140256001,0.535,0.46,0.0242428709528575,"NS"
"GTF2H5",1.77072278796314e-06,-0.909598554289128,0.088,0.148,0.0249477133596127,"NS"
"ZCCHC17",1.86567886542736e-06,-0.849529609527597,0.08,0.139,0.0262855495350061,"NS"
"NDUFA11",1.89431411765152e-06,-0.515378054762474,0.266,0.346,0.0266889916035922,"NS"
"ATP6V1F",1.95097885394494e-06,-0.531498495616392,0.268,0.344,0.0274873410732303,"NS"
"PATL2",2.03755607978522e-06,-1.14030652477838,0.052,0.102,0.028707127608094,"Upregulated in Mature Cytotoxic NK"
"ANKRD11",2.18912963286894e-06,-0.561920945510712,0.184,0.256,0.0308426473974905,"NS"
"MECP2",2.21528184771233e-06,-0.656810801790412,0.135,0.204,0.0312111059524191,"NS"
"EZR",2.24282597945746e-06,0.424621891575577,0.365,0.288,0.0315991752245761,"NS"
"MTHFD2",2.26970305980778e-06,0.759661896567836,0.154,0.098,0.0319778464096319,"NS"
"COMMD5",2.34949529334536e-06,-0.877322144077962,0.06,0.112,0.0331020391879428,"NS"
"ERO1B",2.43509810579449e-06,0.811069798485925,0.139,0.086,0.0343080972125386,"NS"
"SLC16A3",2.70524665096289e-06,0.869827351395447,0.175,0.117,0.0381142200654162,"NS"
"SET",2.82703363726135e-06,-0.433388291389721,0.345,0.424,0.0398300769153751,"NS"
"NFIL3",2.98965580126466e-06,-0.789545810652671,0.058,0.109,0.0421212605840178,"NS"
"IKZF1",3.03935928695672e-06,-0.424319890026515,0.248,0.328,0.0428215329939333,"NS"
"TMBIM6",3.11861124546376e-06,-0.396566490759168,0.456,0.521,0.0439381138373389,"NS"
"FAM43A",3.13242305388108e-06,0.857420824000599,0.125,0.074,0.0441327084061306,"NS"
"ITM2A",3.13482652088726e-06,0.555321688474401,0.284,0.212,0.0441665708527807,"NS"
"CD320",3.17573113781855e-06,-0.848857088262633,0.092,0.15,0.0447428760007255,"NS"
"SRRM1",3.17597153673863e-06,-0.451307099912047,0.32,0.396,0.0447462629811105,"NS"
"VAV3",3.18069561929007e-06,-0.793622994690685,0.069,0.124,0.0448128205801778,"NS"
"FCMR",3.18100003335428e-06,-0.553061933833699,0.118,0.185,0.0448171094699285,"NS"
"NCR1",3.30154537564988e-06,-0.844981087767411,0.079,0.135,0.0465154727975312,"NS"
"TRAF5",3.50240299777312e-06,0.914576075359635,0.126,0.076,0.0493453558356255,"NS"
"UQCR10",3.60240395209062e-06,-0.416377228955662,0.322,0.403,0.0507542692810047,"NS"
"CSNK1G2",3.67279730487424e-06,-0.573160033004859,0.078,0.135,0.0517460412283731,"NS"
"ARAP2",3.69342106545238e-06,-0.729379175373196,0.11,0.172,0.0520366093911585,"NS"
"OAT",3.75402573304141e-06,0.882089667413008,0.149,0.096,0.0528904685528205,"NS"
"IMP3",3.81146625353769e-06,-0.538147184825276,0.134,0.203,0.0536997480460925,"NS"
"RASSF1",4.00768744046199e-06,-0.674527840132904,0.181,0.25,0.056464308348669,"NS"
"MPG",4.10082034091642e-06,0.515299691139343,0.202,0.139,0.0577764577831714,"NS"
"UBLCP1",4.13272843150465e-06,-1.00246463206907,0.052,0.1,0.058226010871469,"NS"
"NDUFB10",4.83332351428347e-06,-0.522622463862616,0.258,0.329,0.0680966949927398,"NS"
"LDHA",4.8391459591763e-06,0.292665445258769,0.588,0.52,0.0681787274188349,"NS"
"ZBTB8OS",5.10730361897805e-06,-0.733678522223406,0.101,0.162,0.0719568006877818,"NS"
"TNFSF10",5.22872927657982e-06,0.778164478710558,0.149,0.097,0.073667566777733,"NS"
"SMC4",5.28576372015025e-06,0.761052577957085,0.148,0.094,0.0744711250531968,"NS"
"NME2",5.41619810184851e-06,-0.854715696240426,0.094,0.15,0.0763088150569436,"NS"
"FOSL2",5.47035854680292e-06,-0.599917426431711,0.194,0.262,0.0770718815659063,"NS"
"GPBP1",5.51651359811965e-06,0.449076258138329,0.372,0.301,0.0777221600839078,"NS"
"FGFR1OP2",5.66432261806632e-06,0.550481013713867,0.271,0.203,0.0798046413659363,"NS"
"TMEM160",5.72946838220282e-06,-0.569857470388104,0.184,0.255,0.0807224800368555,"NS"
"COMMD1",5.77887504900236e-06,-0.745179668335614,0.074,0.128,0.0814185705653943,"NS"
"FYN",5.8878289068617e-06,-0.427216388495384,0.37,0.438,0.0829536214687745,"NS"
"RGL4",5.92736764590944e-06,0.851175947888321,0.106,0.06,0.0835106827632181,"NS"
"ACTR2",5.96621903034531e-06,-0.39371208576592,0.279,0.358,0.084058059918535,"NS"
"MIEN1",6.46816813879972e-06,-0.528611445244694,0.184,0.257,0.0911300209075493,"NS"
"PLEKHF1",6.54204795768698e-06,-0.824277054449903,0.109,0.168,0.0921709136758518,"NS"
"ATP2B1",6.60925700109083e-06,-0.82328268587558,0.09,0.145,0.0931178218883687,"NS"
"SNRK",6.72829331787643e-06,-0.791368161723467,0.079,0.134,0.0947949245555611,"NS"
"IRF7",6.87880910699816e-06,0.766970631651448,0.156,0.102,0.0969155415084971,"NS"
"ETFB",7.03002842897852e-06,0.656174537832037,0.167,0.109,0.0990460705358783,"NS"
"GRPEL1",7.13037716966264e-06,0.693025635133337,0.151,0.098,0.100459883943377,"NS"
"LENG8",7.28620991895441e-06,-0.785818664906154,0.059,0.108,0.102655411548149,"NS"
"HNRNPD",7.38609025633726e-06,-0.582332001460019,0.2,0.269,0.104062625621536,"NS"
"ARL6IP5",7.73711842842286e-06,-0.354647385409026,0.436,0.509,0.10900826153805,"NS"
"KRTCAP2",7.77778046000783e-06,-0.689183743370382,0.205,0.271,0.10958114890105,"NS"
"BTG3",7.80445867608236e-06,0.669051727645372,0.181,0.122,0.109957018287324,"NS"
"ZAP70",8.12984991736664e-06,-0.485498546254972,0.228,0.301,0.114541455485779,"NS"
"YPEL1",8.44485959446611e-06,-0.712185861122978,0.083,0.138,0.118979626826433,"NS"
"CLIC1",8.59822476683197e-06,-0.274155736265926,0.639,0.688,0.121140388739896,"NS"
"DDX46",8.69971049588747e-06,-0.444636277115333,0.243,0.318,0.122570221176559,"NS"
"CYCS",8.74477911289852e-06,0.421292278591468,0.507,0.443,0.123205192921627,"NS"
"SRPRA",8.84329192879653e-06,-0.690627553536819,0.098,0.157,0.124593139984814,"NS"
"SCML4",8.91253881126443e-06,0.803880518045584,0.144,0.093,0.125568759311905,"NS"
"ANKRD28",9.16719584528703e-06,0.770518862261956,0.184,0.127,0.129156622264249,"NS"
"PDHB",9.60822441219799e-06,-0.798933811761078,0.077,0.129,0.135370273743457,"NS"
"NDUFA13",9.85696678129452e-06,-0.403027472173181,0.324,0.405,0.138874804981658,"NS"
"DNAJC21",9.88731487474491e-06,-0.763169764123848,0.068,0.119,0.139302379270281,"NS"
"PGK1",9.92832061124314e-06,0.320418561922282,0.433,0.366,0.139880109091805,"NS"
"ALDOA",1.01663289500544e-05,-0.418769364540113,0.203,0.275,0.143233408577316,"NS"
"STAT4",1.0170881131894e-05,-0.580374714185078,0.162,0.229,0.143297544267255,"NS"
"NXT1",1.02327170723356e-05,0.625386303021742,0.191,0.133,0.144168750832137,"NS"
"RAB9A",1.04161035972655e-05,-0.551782280653172,0.105,0.164,0.146752483581873,"NS"
"SLIRP",1.04973565679675e-05,-0.919079538857783,0.111,0.168,0.147897256686094,"NS"
"PTPN18",1.11587843035459e-05,-0.900037833003789,0.102,0.158,0.157216112052658,"NS"
"OGT",1.12732398542178e-05,-0.63252058232158,0.107,0.166,0.158828676306074,"NS"
"IMPDH2",1.14153077002894e-05,0.861641414782105,0.1,0.057,0.160830270189378,"NS"
"SUPT4H1",1.16688648553694e-05,-0.636857293665028,0.184,0.25,0.164402636947299,"NS"
"PYCARD",1.19394667261199e-05,-0.611058786387015,0.155,0.219,0.168215146704303,"NS"
"HLA-A",1.20246699097153e-05,-0.120288860650199,0.981,0.976,0.169415574357979,"NS"
"TNFAIP3",1.20400761298653e-05,0.432951280431839,0.451,0.376,0.169632632593672,"NS"
"SF1",1.21065887459584e-05,-0.349086948736743,0.257,0.338,0.170569728841808,"NS"
"RALA",1.26820147399881e-05,0.849394248044134,0.122,0.075,0.178676905671692,"NS"
"PIM3",1.30603619895871e-05,0.566955500095272,0.151,0.098,0.184007440071293,"NS"
"THUMPD1",1.3425239674412e-05,-0.487408203531091,0.111,0.172,0.18914820177279,"NS"
"CDK11A",1.36340298201597e-05,-0.799559579552821,0.073,0.124,0.192089846136229,"NS"
"SUN2",1.36464809818087e-05,-0.390914885724745,0.306,0.379,0.192265270552702,"NS"
"SYTL1",1.37960569309109e-05,-0.444723629373955,0.173,0.244,0.194372646099603,"NS"
"PCF11",1.39404049156457e-05,0.612922889584713,0.204,0.145,0.196406364856532,"NS"
"GPS2",1.40005821640867e-05,-0.793793028831391,0.084,0.137,0.197254202109818,"NS"
"RNF167",1.42671195750983e-05,-0.636199763890978,0.142,0.205,0.20100944769356,"NS"
"RTN4",1.46093588831586e-05,-0.546135507855813,0.22,0.288,0.205831257304822,"NS"
"GATA3",1.50672349867603e-05,0.681069114417482,0.16,0.107,0.212282273728466,"NS"
"DUSP5",1.52733019865288e-05,0.634053165274843,0.165,0.11,0.215185551688204,"NS"
"NUP210",1.55143770758953e-05,-0.863004183903131,0.073,0.123,0.218582058622288,"NS"
"CYFIP2",1.56517946483088e-05,-0.571154452816844,0.138,0.201,0.220518134800023,"NS"
"UBE2L3",1.62174174600382e-05,-0.429495209518673,0.247,0.321,0.228487194594478,"NS"
"FAM53C",1.67355266065064e-05,0.680724660406724,0.177,0.122,0.235786834359069,"NS"
"ZNF91",1.75726244455225e-05,-0.786419864700241,0.061,0.109,0.247580705812966,"NS"
"DDX5",1.76893955353081e-05,0.244323867224308,0.862,0.845,0.249225893696956,"NS"
"ERP29",1.78743331757602e-05,-0.385276374506706,0.297,0.372,0.251831480113285,"NS"
"MOB2",1.792946300297e-05,-0.908549778045004,0.083,0.135,0.252608204248844,"NS"
"RNF7",1.86453317612162e-05,-0.506331412474403,0.2,0.265,0.262694079183775,"NS"
"DGKZ",1.97274573751722e-05,-0.39835365668999,0.174,0.242,0.277940146958801,"NS"
"PSMB8-AS1",2.11708683877488e-05,-0.602890896730476,0.145,0.206,0.298276364714992,"NS"
"NCKAP1L",2.17421197014422e-05,-0.559468162437059,0.106,0.163,0.306324724473619,"NS"
"PCNA",2.18791997282626e-05,0.76068238701944,0.132,0.083,0.308256044971492,"NS"
"TMED9",2.2237847307174e-05,-0.514083745230854,0.226,0.294,0.313309030710775,"NS"
"RFTN1",2.23775934245295e-05,-0.805806180432482,0.077,0.127,0.315277913758196,"NS"
"PDIA3",2.42746958451431e-05,-0.405360369049256,0.412,0.473,0.342006189762221,"NS"
"NFATC2IP",2.45672924809784e-05,-0.510161921280061,0.094,0.149,0.346128583764504,"NS"
"RRBP1",2.48795174768621e-05,-0.6259014729593,0.114,0.171,0.35052752173151,"NS"
"TPP1",2.57832799137574e-05,-0.778978614271788,0.078,0.128,0.363260630704928,"NS"
"STX8",2.95535835403334e-05,-0.678104747392281,0.1,0.154,0.416380438499757,"NS"
"RNF19A",2.96403077979597e-05,-0.471163323417863,0.172,0.236,0.417602296565454,"NS"
"ARGLU1",2.96556539583868e-05,-0.381393595142327,0.36,0.423,0.417818508619712,"NS"
"SPSB3",3.02515228054968e-05,-0.449865161335534,0.159,0.224,0.426213704806644,"NS"
"MXD4",3.04511465833233e-05,-0.4391466376653,0.117,0.176,0.429026204212442,"NS"
"KLRB1",3.19818562705682e-05,-0.271577413537544,0.42,0.502,0.450592372996035,"NS"
"FOXN3",3.24139462000849e-05,-0.43512184704466,0.136,0.196,0.456680088012997,"NS"
"HSP90B1",3.27798498849608e-05,-0.349599383182172,0.328,0.402,0.461835305029213,"NS"
"POLR3GL",3.28976908158857e-05,-0.532909644719047,0.199,0.263,0.463495565905014,"NS"
"PLSCR1",3.5470271380943e-05,0.76573706820706,0.12,0.076,0.499740653486106,"NS"
"NPM1",3.60315016166027e-05,0.260834354204729,0.703,0.662,0.507647826276315,"NS"
"MAP3K8",3.72930684302282e-05,-0.627107141062036,0.173,0.232,0.525422041113484,"NS"
"RNF126",3.80478596541796e-05,-0.623452815551827,0.135,0.194,0.536056294667737,"NS"
"PPT1",3.91396887813186e-05,0.583933623530036,0.111,0.067,0.551439075239997,"NS"
"VPS13C",3.93339583559857e-05,-0.651273926611184,0.125,0.181,0.554176139277483,"NS"
"TSC22D2",4.0337656610257e-05,0.643020195169699,0.12,0.076,0.56831724398191,"NS"
"TERF1",4.05600817624261e-05,-0.54851753588683,0.13,0.188,0.571450991950821,"NS"
"B4GALT4",4.07399714857271e-05,-0.79788442191263,0.062,0.108,0.573985458262409,"NS"
"LAMTOR1",4.13172425696841e-05,-0.608510757488096,0.194,0.255,0.58211863056428,"NS"
"BORCS7",4.2245464373506e-05,-0.740298552733753,0.075,0.122,0.595196347558326,"NS"
"ITPRIP",4.4528318032918e-05,-0.574650461493805,0.057,0.101,0.627359472765782,"NS"
"HCST",4.56870122622086e-05,-0.208099895623786,0.84,0.849,0.643684315762257,"NS"
"ARHGAP25",4.5937994913573e-05,-0.667305416842409,0.094,0.146,0.64722041033733,"NS"
"LNPEP",4.61632187746506e-05,-0.569949022380299,0.138,0.197,0.650393589316052,"NS"
"MAP1LC3B",4.64677934497889e-05,0.378117809460164,0.429,0.363,0.654684741914076,"NS"
"CSK",4.65473200075693e-05,-0.535214979795885,0.177,0.24,0.655805191586643,"NS"
"ATP6V1D",4.6938692829168e-05,-0.740631779165082,0.087,0.136,0.661319243270148,"NS"
"DDX39B",4.76631415636475e-05,-0.511492301989501,0.091,0.141,0.67152600149023,"NS"
"WAS",4.80313316548298e-05,-0.566017550638183,0.159,0.219,0.676713431684896,"NS"
"GTF3A",4.80836522592695e-05,-0.433485307319047,0.321,0.382,0.677450576680848,"NS"
"NFKB1",4.92758884862777e-05,0.810499492817547,0.132,0.086,0.694247992883166,"NS"
"TGFB1",4.95067332545186e-05,-0.459460439401043,0.32,0.384,0.697500364822912,"NS"
"SAMSN1",4.99877653847059e-05,0.511942932712336,0.31,0.248,0.704277626505122,"NS"
"NCOA1",5.02904731685949e-05,-0.50634012476238,0.063,0.109,0.708542476472333,"NS"
"MAT2A",5.04070871220624e-05,0.425867117520246,0.209,0.151,0.710185450462737,"NS"
"CCNDBP1",5.06491159549841e-05,-0.555457178940492,0.181,0.243,0.713595394689772,"NS"
"SFT2D1",5.28066354212955e-05,-0.705921726122272,0.164,0.221,0.743992686450632,"NS"
"COMMD2",5.29929008562586e-05,-0.956831603993226,0.059,0.101,0.746616980163827,"NS"
"ADAR",5.52263104862325e-05,-0.598769861420082,0.149,0.207,0.77808348844053,"NS"
"ERLEC1",5.66750394422074e-05,-0.595942004621884,0.078,0.126,0.79849463070126,"NS"
"TOMM5",5.72559226198593e-05,-0.996689940860256,0.085,0.132,0.806678693791198,"NS"
"FIS1",5.98724761978143e-05,-0.437817405155106,0.216,0.284,0.843543317151006,"NS"
"BPTF",6.11128373567171e-05,-0.534412716081815,0.187,0.25,0.861018765518787,"NS"
"RASSF5",6.11616310187035e-05,-0.487247169955475,0.207,0.272,0.861706219422513,"NS"
"TNRC6A",6.20378692871004e-05,-0.781896144060402,0.066,0.11,0.874051540385957,"NS"
"CREBZF",6.22243039328692e-05,-0.454363460685578,0.079,0.128,0.876678218110194,"NS"
"PDE4A",6.26370268259552e-05,0.834368931848974,0.114,0.073,0.882493070950883,"NS"
"SEC11C",6.31300765074271e-05,-0.641654538055345,0.156,0.214,0.88943964791314,"NS"
"PJA2",6.50810988417706e-05,-0.605266750058286,0.102,0.155,0.916927601581706,"NS"
"LSM3",6.61670293497582e-05,-0.508166840977487,0.19,0.25,0.932227276508743,"NS"
"TRAPPC2L",6.65577713984921e-05,-0.600550654513038,0.09,0.14,0.937732441233356,"NS"
"TRIM38",6.67642420907903e-05,-0.62860972103806,0.098,0.15,0.940641406817144,"NS"
"SIRT7",6.9905753256429e-05,-0.615274459336539,0.114,0.166,0.984902157629828,"NS"
"STX11",7.01605770726242e-05,0.720773510113594,0.123,0.08,0.988492370376203,"NS"
"SEC61B",7.0969698555861e-05,-0.343797236947787,0.401,0.466,0.999892082953526,"NS"
"ZBTB20",0.000452547778536705,1.08798085380411,0.151,0.109,1,"NS"
"PNP",0.00169565942166312,0.855699905556358,0.115,0.082,1,"NS"
"ABCB1",9.99384692822014e-05,0.809714055210002,0.107,0.067,1,"NS"
"ASXL1",0.00072802374847636,0.804498688975959,0.113,0.077,1,"NS"
"RNF138",0.000582263308619089,0.75657747961278,0.104,0.069,1,"NS"
"PNPLA2",0.0163201751336793,0.717058994265092,0.113,0.087,1,"NS"
"PLIN2",8.1076795720631e-05,0.683268227687345,0.232,0.178,1,"NS"
"RHBDD2",9.07433282471461e-05,0.677639974523948,0.112,0.07,1,"NS"
"SLC1A5",0.00497788299802898,0.66865763993654,0.128,0.097,1,"NS"
"NAMPT",0.000633868796032615,0.663503979212465,0.142,0.102,1,"NS"
"SNHG9",0.00154277066883551,0.655361849940632,0.179,0.141,1,"NS"
"SYNGR2",0.000168227087584437,0.639446804799967,0.116,0.076,1,"NS"
"TBL1XR1",0.00392792312243004,0.633588533771499,0.117,0.086,1,"NS"
"RSBN1",0.00238570503341726,0.618346374331648,0.165,0.129,1,"NS"
"CD151",9.42064658441113e-05,0.612456505065162,0.108,0.067,1,"NS"
"SEC13",0.0117523689180966,0.607165746967474,0.101,0.076,1,"NS"
"BCAS2",0.000476433167714474,0.605725779919862,0.245,0.2,1,"NS"
"GRSF1",0.00273732146870815,0.603949724625085,0.103,0.072,1,"NS"
"HPCAL1",0.00391289467508742,0.600681909723962,0.145,0.111,1,"NS"
"FAM3C",0.000139959735504024,0.592326681397941,0.15,0.105,1,"NS"
"LCP2",0.000193158188988793,0.586028050068618,0.213,0.162,1,"NS"
"PHYKPL",0.00199027050208502,0.584569730618228,0.158,0.121,1,"NS"
"SLC25A36",0.000946333342711322,0.575263002306982,0.138,0.1,1,"NS"
"HIF1A",0.0175339457805352,0.572313474493203,0.132,0.106,1,"NS"
"SLC7A5",0.000827331757001192,0.572219550169515,0.11,0.074,1,"NS"
"DNAJB9",0.000268904762434936,0.559896804731752,0.203,0.155,1,"NS"
"IGFLR1",0.000312313809561173,0.554373600808501,0.109,0.071,1,"NS"
"NFKB2",0.000406804741580203,0.549925944109709,0.107,0.07,1,"NS"
"TAGAP",0.00206978956846581,0.543203869279929,0.306,0.268,1,"NS"
"TNFSF9",0.0219139411142867,0.537657427451483,0.102,0.079,1,"NS"
"PBXIP1",0.199265612953406,0.528501416320497,0.123,0.11,1,"NS"
"SNRNP70",0.000126260668174956,0.51975281309033,0.226,0.174,1,"NS"
"CABIN1",0.0133585707763022,0.516865166332896,0.114,0.087,1,"NS"
"PABPC4",0.0110089214759748,0.507912942370085,0.123,0.094,1,"NS"
"SNHG15",0.00568120740495064,0.506377903236754,0.17,0.135,1,"NS"
"GCHFR",0.00150852011492445,0.500821517638936,0.127,0.09,1,"NS"
"CHCHD7",0.0229300723789656,0.500799137775639,0.146,0.119,1,"NS"
"DENND1B",0.00318581768272311,0.490430508885817,0.105,0.074,1,"NS"
"RAB21",0.0590468465257311,0.486006596835966,0.119,0.098,1,"NS"
"PPP2R2A",0.0150265619185381,0.482601213017609,0.147,0.118,1,"NS"
"LSM2",0.000253068328624195,0.481084941843337,0.196,0.144,1,"NS"
"MAFF",0.00145683102298423,0.48093928839396,0.206,0.162,1,"NS"
"CEBPD",0.00503145344282609,0.475364720460473,0.226,0.183,1,"NS"
"DEGS1",0.0120330808542702,0.473997705126769,0.108,0.081,1,"NS"
"CDK5RAP3",0.00306346385601429,0.473754152497905,0.144,0.108,1,"NS"
"RBBP6",0.00182089664260398,0.472806116380353,0.218,0.173,1,"NS"
"CHD4",0.00205229193544708,0.47270018931668,0.188,0.148,1,"NS"
"PARVG",0.0537867201911758,0.472622569035013,0.115,0.094,1,"NS"
"STAT1",0.016643498745292,0.470682238652546,0.141,0.113,1,"NS"
"RANBP2",0.00544114132438576,0.467736267779266,0.137,0.104,1,"NS"
"SLC20A1",0.00865907314399122,0.46661764312199,0.197,0.163,1,"NS"
"GBP5",0.0318293643576862,0.466168604652884,0.195,0.168,1,"NS"
"HBP1",0.0231319186839934,0.464055249938725,0.171,0.143,1,"NS"
"OSER1",0.00278365377440075,0.461547173626056,0.167,0.129,1,"NS"
"DYNLL2",0.0349126686188626,0.46153323352449,0.117,0.094,1,"NS"
"HSPA4",0.0102510498386821,0.461220289380036,0.126,0.097,1,"NS"
"SAFB2",0.0468056199611725,0.460464927832556,0.165,0.141,1,"NS"
"EIF2A",0.00077010988991732,0.459550106932559,0.177,0.134,1,"NS"
"TC2N",0.000865255924706181,0.455067769651524,0.121,0.083,1,"NS"
"DYNC1H1",0.000553722789197804,0.454424168164343,0.195,0.147,1,"NS"
"COA1",0.000931439908374645,0.454348973654979,0.135,0.096,1,"NS"
"TGIF1",0.00791323153732161,0.451343584789208,0.142,0.11,1,"NS"
"POLR2A",0.0586446452088769,0.450902674766773,0.189,0.167,1,"NS"
"ODC1",0.00136805325065381,0.449411870519336,0.16,0.12,1,"NS"
"IDI1",0.000114229029892128,0.448730305157599,0.368,0.31,1,"NS"
"ALKBH7",0.001853790416028,0.448497880095598,0.162,0.122,1,"NS"
"HDAC2",0.000662384333625183,0.447755455040212,0.102,0.067,1,"NS"
"CDC42EP3",0.00198426673173129,0.445335096552784,0.195,0.154,1,"NS"
"PIK3IP1",0.00536774308638859,0.445191232662666,0.264,0.224,1,"NS"
"PSTPIP1",0.00472874278853399,0.443853303215152,0.186,0.149,1,"NS"
"HNRNPH1",0.00546285181001194,0.442623183979047,0.397,0.36,1,"NS"
"AGO2",0.0103153571101641,0.436063927878155,0.11,0.082,1,"NS"
"IL2RB",8.32289685331349e-05,0.435785555218398,0.412,0.357,1,"NS"
"PDCL3",0.0223854798011832,0.433681835556204,0.147,0.119,1,"NS"
"STAT3",0.0344402756939998,0.431373477611977,0.295,0.269,1,"NS"
"SRM",0.00410873771934531,0.430719471027918,0.12,0.087,1,"NS"
"TTC19",0.0177334494403499,0.430281746739255,0.171,0.14,1,"NS"
"PTGES3",0.00111742616763461,0.428728958265555,0.408,0.373,1,"NS"
"SKIL",0.00366780275322215,0.428099541796654,0.184,0.145,1,"NS"
"JMJD6",0.000112767794114455,0.425041550671502,0.234,0.176,1,"NS"
"SH2D1A",0.0123350152563826,0.424074245581376,0.204,0.173,1,"NS"
"LAT2",0.012493624219973,0.419907044607489,0.202,0.168,1,"NS"
"PPA1",0.000162758175907642,0.41625741503479,0.185,0.133,1,"NS"
"NOP56",0.000261009725958047,0.414459837990707,0.253,0.197,1,"NS"
"SLC25A39",0.000169374179969252,0.410227101852855,0.153,0.105,1,"NS"
"EIF4E",0.00875793159135541,0.409350461643785,0.159,0.125,1,"NS"
"MTRNR2L8",0.00297492358563809,0.40729049167423,0.125,0.091,1,"NS"
"CBLB",0.00136048981818868,0.404816369099488,0.215,0.169,1,"NS"
"CLEC2B",0.000431232979243321,0.400643004869679,0.518,0.472,1,"NS"
"PMF1",0.00193030755146004,0.395034076498318,0.153,0.114,1,"NS"
"ATG2A",0.0402874216768235,0.394907531358489,0.133,0.109,1,"NS"
"MKNK2",0.0410334121787304,0.394575719569488,0.138,0.114,1,"NS"
"ZNF622",0.074816683062681,0.392510268941699,0.133,0.113,1,"NS"
"CCT2",0.00137617879988404,0.390814348720712,0.222,0.177,1,"NS"
"HOXB2",0.0249745022943129,0.388100243338842,0.102,0.079,1,"NS"
"CTSD",0.000307182288210585,0.386792110972451,0.462,0.413,1,"NS"
"GNL1",0.0699308451655811,0.386132311480885,0.113,0.093,1,"NS"
"HM13",0.00110773295002769,0.383546096215495,0.16,0.117,1,"NS"
"TBRG1",0.0630541390294317,0.382687533839781,0.133,0.111,1,"NS"
"SURF4",0.000704811247065909,0.380891901663798,0.188,0.141,1,"NS"
"TMEM243",0.0529718834363524,0.38079444509519,0.164,0.139,1,"NS"
"PARP8",0.0196930190147535,0.379242939875079,0.251,0.221,1,"NS"
"STARD7",0.0269640034069916,0.374324318627064,0.13,0.104,1,"NS"
"SRP54",0.29079874504689,0.373014817861907,0.142,0.132,1,"NS"
"ELOVL5",0.00489246124689913,0.372938604153343,0.132,0.099,1,"NS"
"EHD1",0.00342752578903741,0.371387592503257,0.214,0.174,1,"NS"
"CLPP",0.260547137313373,0.369623091107376,0.117,0.106,1,"NS"
"RAB5A",0.206940607388458,0.369318629198796,0.1,0.087,1,"NS"
"EWSR1",0.0602607718202393,0.365461947963649,0.218,0.194,1,"NS"
"GTF2B",0.0310801154478318,0.361419065797421,0.212,0.183,1,"NS"
"RBM42",0.0558324223943583,0.361179785076754,0.123,0.102,1,"NS"
"AZIN1",0.111386902195658,0.360887702357597,0.112,0.095,1,"NS"
"TMEM14B",0.000374968744338279,0.360572877351623,0.202,0.149,1,"NS"
"CCDC90B",0.053688696204209,0.360149017975945,0.127,0.105,1,"NS"
"SLC38A2",0.00378716765063759,0.357622406883948,0.277,0.232,1,"NS"
"CMTM3",0.0035769025241656,0.357359346358219,0.188,0.148,1,"NS"
"RBM22",0.0929688157205376,0.356820804979946,0.141,0.121,1,"NS"
"UGP2",0.0107046881517665,0.356665694107939,0.234,0.196,1,"NS"
"RNF139",0.230762758484611,0.355823434444372,0.156,0.142,1,"NS"
"TUBA4A",9.53342098933796e-05,0.354248816763972,0.426,0.357,1,"NS"
"GNL3",0.0457258606012873,0.350462143114825,0.131,0.108,1,"NS"
"PPID",0.0491870280691422,0.348626899159196,0.119,0.096,1,"NS"
"HNRNPA0",0.000104434497471257,0.347877180594896,0.417,0.354,1,"NS"
"SP100",0.00266766891345039,0.346426952264669,0.329,0.283,1,"NS"
"SEMA4D",0.0168782095288854,0.344582442035315,0.186,0.155,1,"NS"
"NUDC",0.00513170014107276,0.344060269400758,0.256,0.214,1,"NS"
"TANK",0.0238550665892301,0.343721238073338,0.188,0.158,1,"NS"
"SNRPN",0.0040003049917835,0.340539571123804,0.224,0.181,1,"NS"
"ARL6IP4",0.0278747419202495,0.339624420264509,0.198,0.171,1,"NS"
"EOMES",0.793509453887838,0.339037432921932,0.132,0.134,1,"NS"
"ARRDC3",0.0771036920530335,0.338383622827535,0.194,0.17,1,"NS"
"ARID4A",0.0253527365753948,0.337027254886759,0.165,0.135,1,"NS"
"GPI",0.0204307623390674,0.33663718883135,0.12,0.093,1,"NS"
"RBM3",0.0564425318440795,0.33641645691293,0.451,0.413,1,"NS"
"DNAJB6",0.000261025846638455,0.336221012217211,0.491,0.444,1,"NS"
"SIAH2",0.305196521772543,0.331351893957464,0.144,0.133,1,"NS"
"RSRP1",0.00028050413290798,0.331063712561709,0.54,0.489,1,"NS"
"SLC25A38",0.00900852707107752,0.330087299027629,0.103,0.075,1,"NS"
"TFG",0.14650934481453,0.328342759659198,0.101,0.086,1,"NS"
"ETF1",0.0269215089694952,0.326386107583983,0.137,0.11,1,"NS"
"TMEM147",0.00984007242864817,0.326091577016177,0.174,0.139,1,"NS"
"DCTN6",0.101581817562427,0.325954586348743,0.121,0.103,1,"NS"
"HNRNPH3",0.0255624324377405,0.324335809806707,0.248,0.216,1,"NS"
"LPIN1",0.0302556336996085,0.324050571678228,0.163,0.134,1,"NS"
"SLC3A2",0.00126723501965681,0.324023091082793,0.252,0.204,1,"NS"
"CYLD",0.0298122123266639,0.321906952002447,0.209,0.179,1,"NS"
"ZBTB16",0.959234507566435,0.321095041259784,0.101,0.103,1,"NS"
"UBE2A",0.0374628250235077,0.317508274661993,0.188,0.161,1,"NS"
"NKAP",0.0747457693807074,0.316583889881977,0.116,0.096,1,"NS"
"SP140L",0.199585703572062,0.315335743415572,0.109,0.095,1,"NS"
"PRKD2",0.0687016645176997,0.315149523392303,0.11,0.089,1,"NS"
"CASP3",0.191952460701854,0.313216090811152,0.107,0.093,1,"NS"
"OFD1",0.0928438657148179,0.308728483455684,0.237,0.217,1,"NS"
"BCL2",0.183409746381433,0.307093772583024,0.112,0.097,1,"NS"
"GBP2",0.00711591578595553,0.306155810470493,0.281,0.243,1,"NS"
"EIF1AX",0.00163427880960466,0.305836036076906,0.305,0.254,1,"NS"
"PRDX6",0.00089108741776863,0.305294152186157,0.32,0.267,1,"NS"
"TIGIT",0.00106120124273968,0.301456895504917,0.283,0.23,1,"NS"
"MPST",0.0284983973189062,0.30029258742164,0.118,0.093,1,"NS"
"ECH1",0.0120683861036176,0.299236748737068,0.308,0.27,1,"NS"
"RNF187",0.0493523867722978,0.298399174960406,0.166,0.141,1,"NS"
"PTK2B",0.153896618321096,0.29815994210386,0.125,0.109,1,"NS"
"ATG101",0.0649384258719642,0.297600578821086,0.125,0.103,1,"NS"
"IMP4",0.159147486449137,0.297461820596589,0.115,0.1,1,"NS"
"HMGA1",0.00865347367374563,0.291613181837967,0.101,0.073,1,"NS"
"CD2",0.000108006944427862,0.290602744738607,0.525,0.447,1,"NS"
"DEF6",0.0832121031019924,0.289266211461905,0.179,0.156,1,"NS"
"FKBP2",0.367917501646815,0.288188342922036,0.167,0.158,1,"NS"
"TMC8",0.0883495837017819,0.287966569942301,0.151,0.13,1,"NS"
"NMRK1",0.37015489991173,0.287463580348816,0.11,0.101,1,"NS"
"SRSF6",0.0548977420939112,0.287253274754339,0.174,0.149,1,"NS"
"BATF",0.0130414567287808,0.284655827619429,0.173,0.14,1,"NS"
"MKRN1",0.0939532555343698,0.284320201604393,0.15,0.13,1,"NS"
"AFF4",0.31905027766774,0.283968202871547,0.134,0.123,1,"NS"
"TIPARP",0.185976902676511,0.283832089619767,0.139,0.124,1,"NS"
"SFPQ",0.0123330922922951,0.28354940396343,0.367,0.333,1,"NS"
"FNIP1",0.0766664401335532,0.283385588025775,0.183,0.159,1,"NS"
"FBL",0.0536847818122273,0.282868274730229,0.241,0.214,1,"NS"
"NT5C3A",0.0450798965867668,0.282241244008447,0.123,0.099,1,"NS"
"RANBP1",0.0116226610972882,0.281659732509348,0.237,0.199,1,"NS"
"AMZ2",0.333729013125818,0.279992031299892,0.104,0.094,1,"NS"
"NARF",0.0649223302974761,0.279189459013921,0.202,0.177,1,"NS"
"HLA-DPA1",0.0106576529591426,0.277230068808523,0.408,0.372,1,"NS"
"EIF3E",0.000488485761774648,0.277114169503327,0.482,0.425,1,"NS"
"NSMCE1",0.00250088652124239,0.275402869288033,0.137,0.1,1,"NS"
"DAZAP1",0.169709905129959,0.274238036473332,0.125,0.109,1,"NS"
"ELF1",0.00388650705623894,0.273114065711878,0.413,0.369,1,"NS"
"MVP",0.800412532657877,0.270864069553385,0.113,0.112,1,"NS"
"NUFIP2",0.272020778924887,0.268577115873784,0.153,0.141,1,"NS"
"EML4",0.0176816596924855,0.268439146932357,0.177,0.144,1,"NS"
"PPDPF",0.000185359768056553,0.265730468395336,0.565,0.502,1,"NS"
"SOD2",0.0426719209168953,0.264937052389157,0.135,0.11,1,"NS"
"SLC25A5",0.00235547375048826,0.264050741840712,0.436,0.388,1,"NS"
"EIF4G2",0.0117112060487169,0.263466636061312,0.376,0.338,1,"NS"
"UBAC2",0.0457077747061262,0.262727215440751,0.132,0.108,1,"NS"
"ISG15",0.0374534428134911,0.262638036979219,0.401,0.383,1,"NS"
"BIRC2",0.0957269831677572,0.260731667581611,0.165,0.142,1,"NS"
"RALGAPA1",0.366479407566332,0.259413729801274,0.148,0.137,1,"NS"
"CMC2",0.040144042368897,0.258859876341379,0.174,0.146,1,"NS"
"TBPL1",0.200829476597619,0.257804713403392,0.138,0.123,1,"NS"
"IRF8",0.105663372922131,0.257278746089159,0.119,0.101,1,"NS"
"CMC1",0.48988841845087,0.255825390565624,0.527,0.546,1,"NS"
"CHD9",0.596386175395393,0.252966210953469,0.17,0.167,1,"NS"
"CALCOCO2",0.203224163587475,0.252889743237915,0.127,0.112,1,"NS"
"TAF1D",0.0890580419139665,0.251212492792564,0.298,0.276,1,"NS"
"WSB1",0.0035952130384627,0.250677420383219,0.315,0.268,1,"NS"
"RAB1A",0.131708525980749,0.249990961071315,0.159,0.14,1,"NS"
"FIP1L1",0.134503914985465,0.248455301484938,0.134,0.116,1,"NS"
"SNAP23",0.0416451990026575,0.248037154894922,0.136,0.111,1,"NS"
"CHD2",0.049039609790934,0.247952804857477,0.212,0.183,1,"NS"
"LBH",0.444074707654785,0.247723529875621,0.224,0.217,1,"NS"
"NUDT21",0.213838050053139,0.24540546100693,0.113,0.098,1,"NS"
"CLINT1",0.849303014757479,0.243613412292124,0.107,0.107,1,"NS"
"ECI2",0.00988860389328125,0.241389154533531,0.106,0.077,1,"NS"
"NCBP2",0.60911917521014,0.240787651614201,0.114,0.11,1,"NS"
"PARP1",0.0398909797881425,0.23994579296059,0.165,0.136,1,"NS"
"IRF1",0.00636809478075177,0.238218294895017,0.549,0.508,1,"NS"
"PPP2R1A",0.338130498139762,0.237599451299391,0.132,0.12,1,"NS"
"FXYD5",0.00313690294990591,0.237044399679819,0.564,0.533,1,"NS"
"PRNP",0.369419343429993,0.236997324131248,0.149,0.139,1,"NS"
"EPB41L4A-AS1",0.271137954796759,0.236971585668094,0.147,0.134,1,"NS"
"PEBP1",0.00690995209520483,0.236589025627934,0.271,0.227,1,"NS"
"NASP",0.0225350427600635,0.236446920024099,0.261,0.228,1,"NS"
"UROS",0.118813874732367,0.23554873259389,0.109,0.091,1,"NS"
"G3BP2",0.275805701599895,0.233906851270805,0.246,0.236,1,"NS"
"HNRNPU",0.00892673000878629,0.233790063348706,0.404,0.364,1,"NS"
"YWHAE",0.0472540030908914,0.232225025086297,0.209,0.18,1,"NS"
"BUB3",0.0145798152835637,0.22973440754292,0.316,0.277,1,"NS"
"SP110",0.0140874122066476,0.229231997832893,0.191,0.155,1,"NS"
"ANKRD10",0.0120804506766297,0.228134971857363,0.124,0.094,1,"NS"
"CCDC91",0.393371879800539,0.225308291322192,0.129,0.119,1,"NS"
"NLRP1",0.695937844572948,0.224371594422818,0.1,0.097,1,"NS"
"ERN1",0.320788159172029,0.22268261154372,0.131,0.119,1,"NS"
"CCT3",0.0391556484823328,0.222040220804412,0.271,0.239,1,"NS"
"RGS14",0.189538193759816,0.221771608238808,0.118,0.104,1,"NS"
"ST13",0.00560885829003249,0.220926091801579,0.297,0.248,1,"NS"
"FAM32A",0.801830676987349,0.220622749249976,0.124,0.122,1,"NS"
"LPXN",0.00726565659302337,0.218775347366487,0.159,0.122,1,"NS"
"URM1",0.613907641658121,0.217832174396334,0.107,0.103,1,"NS"
"RABGGTB",0.0434494120291469,0.217483120288703,0.137,0.111,1,"NS"
"CYTIP",0.00999396195412932,0.216016093706375,0.528,0.483,1,"NS"
"DAP3",0.172507380356181,0.214083073894418,0.111,0.095,1,"NS"
"TSTD1",0.0474662815946766,0.212692037759814,0.284,0.253,1,"NS"
"NR3C1",0.162662272456751,0.212446148886386,0.214,0.195,1,"NS"
"PHIP",0.103558366929531,0.212392225369741,0.183,0.161,1,"NS"
"SELL",0.989567808620292,0.212261459001406,0.166,0.17,1,"NS"
"RSRC2",0.0078718694260379,0.21113143438708,0.359,0.311,1,"NS"
"CDC37",0.0563135798128102,0.209431353697939,0.308,0.277,1,"NS"
"HINT1",0.000154937569904219,0.209077761179852,0.63,0.577,1,"NS"
"VMA21",0.147045081503282,0.209032671392084,0.113,0.096,1,"NS"
"GABARAPL1",0.105278831371128,0.208421819936369,0.249,0.224,1,"NS"
"RBM25",0.0315128045448965,0.20745503439714,0.377,0.345,1,"NS"
"MAP4",0.104047025543727,0.20731451206564,0.12,0.101,1,"NS"
"ARHGAP15",0.118932760456237,0.207037069867576,0.204,0.182,1,"NS"
"NAP1L1",0.00643154221155253,0.206727627743276,0.407,0.357,1,"NS"
"GLUD1",0.31553501490266,0.206681757721585,0.12,0.109,1,"NS"
"ARMCX3",0.442667620936869,0.206294458748646,0.121,0.112,1,"NS"
"HNRNPA1",0.000483984098293849,0.204955464016696,0.788,0.75,1,"NS"
"SNX5",0.264112857625364,0.204912078934782,0.144,0.131,1,"NS"
"HSF1",0.0206958949434484,0.2046700139598,0.101,0.076,1,"NS"
"RAB11B",0.111733325865595,0.203304317171425,0.151,0.131,1,"NS"
"RSL24D1",0.0601016883681547,0.20312633107622,0.348,0.325,1,"NS"
"HPRT1",0.0219686340863959,0.202341662896363,0.112,0.085,1,"NS"
"YTHDF2",0.151562227891602,0.200387523242243,0.161,0.142,1,"NS"
"NAP1L4",0.120024844745663,0.199115242115101,0.245,0.223,1,"NS"
"ATXN1",0.857423307920506,0.1977757958728,0.103,0.102,1,"NS"
"SMS",0.0902217002721174,0.197434518062799,0.127,0.106,1,"NS"
"SNRPD2",0.00189788659026249,0.196874621032166,0.567,0.511,1,"NS"
"SATB1",0.403771040860054,0.196827630457575,0.128,0.119,1,"NS"
"SNX17",0.567406133373878,0.196014826502793,0.182,0.176,1,"NS"
"TRABD",0.0293502232160305,0.19586915711619,0.243,0.208,1,"NS"
"CWF19L2",0.781299227115485,0.194331114287118,0.129,0.126,1,"NS"
"PPP3CA",0.700354185146923,0.193011468757496,0.148,0.145,1,"NS"
"PPP4R2",0.546322449763421,0.189690172677953,0.13,0.123,1,"NS"
"ARL6IP1",0.119644532074157,0.188787676682927,0.338,0.316,1,"NS"
"CLK4",0.526321624321247,0.188677702267113,0.102,0.096,1,"NS"
"TRA2A",0.0876421371034642,0.187319079314133,0.237,0.214,1,"NS"
"CEBPZ",0.701898570332266,0.184500962630026,0.152,0.149,1,"NS"
"SERP1",0.0160366174833711,0.184039052864534,0.479,0.434,1,"NS"
"RNF10",0.0508030038915664,0.183878653347531,0.13,0.106,1,"NS"
"NECAP2",0.41826518090219,0.181971610853706,0.13,0.12,1,"NS"
"ZNF791",0.615478239968275,0.180479382976693,0.118,0.113,1,"NS"
"CCL5",0.000267008783801157,0.180171314225467,0.973,0.958,1,"NS"
"POLR2C",0.627510808868112,0.178768148782851,0.122,0.117,1,"NS"
"NUCB2",0.309812071187876,0.177644498904218,0.161,0.148,1,"NS"
"NUTF2",0.14918735305917,0.176752174638307,0.122,0.105,1,"NS"
"LEPROTL1",0.0344574522835353,0.176403136256208,0.325,0.294,1,"NS"
"TTC1",0.0416043307047514,0.176222670986137,0.138,0.112,1,"NS"
"FAM133B",0.310699056050273,0.176055904580319,0.323,0.313,1,"NS"
"RRP7A",0.370331415114472,0.176004852602835,0.105,0.095,1,"NS"
"PITHD1",0.0879198027488571,0.174290107660057,0.184,0.161,1,"NS"
"THYN1",0.120289420323023,0.172729201467356,0.12,0.101,1,"NS"
"LSM4",0.141413335035408,0.171604841507406,0.195,0.174,1,"NS"
"WDR83OS",0.0230084358454887,0.17073794482047,0.397,0.357,1,"NS"
"ZYX",0.0225158904966146,0.170584037190452,0.147,0.116,1,"NS"
"ISG20L2",0.922252723217858,0.169715693583599,0.144,0.145,1,"NS"
"VPS28",0.0803719552613885,0.169687379364484,0.341,0.309,1,"NS"
"IL32",0.0160651867510307,0.169376495383908,0.759,0.719,1,"NS"
"PIH1D1",0.778665650400182,0.168410229013417,0.103,0.108,1,"NS"
"ELAVL1",0.332089138423623,0.167141050043795,0.108,0.097,1,"NS"
"TOMM7",0.000333062446852667,0.166086494354585,0.75,0.7,1,"NS"
"PRELID3B",0.333852843164901,0.166039007206621,0.104,0.094,1,"NS"
"STX5",0.676568587413759,0.164935281739751,0.105,0.101,1,"NS"
"DCTN2",0.127075859385459,0.164920138847223,0.139,0.12,1,"NS"
"YWHAH",0.0714644563686421,0.164290770886742,0.153,0.128,1,"NS"
"DNAJC4",0.0232944488673348,0.164097546795776,0.107,0.081,1,"NS"
"GGNBP2",0.30049758587138,0.163998505712859,0.199,0.185,1,"NS"
"CSNK1A1",0.112904704906492,0.163454369401663,0.272,0.25,1,"NS"
"CCAR1",0.783355417379876,0.161886774538102,0.132,0.13,1,"NS"
"HMGN1",0.0726096214067072,0.161828835411199,0.45,0.426,1,"NS"
"ITPA",0.135820360613295,0.16150506246744,0.154,0.134,1,"NS"
"RASGEF1B",0.322590418846197,0.160761673976229,0.112,0.1,1,"NS"
"POLR2H",0.307466949039374,0.160190306645243,0.107,0.095,1,"NS"
"HNRNPC",0.131937477674607,0.159866693181578,0.474,0.455,1,"NS"
"SMDT1",0.0214690587334394,0.159442648062845,0.307,0.269,1,"NS"
"VPS26A",0.674015496573271,0.159429963852364,0.159,0.155,1,"NS"
"BAZ1A",0.331884084358208,0.159388446000828,0.224,0.212,1,"NS"
"EIF3L",0.139027019908108,0.158155998143175,0.304,0.281,1,"NS"
"POLR2E",0.212917061550974,0.157783482120723,0.188,0.17,1,"NS"
"TAF7",0.231600821314496,0.157721862918069,0.325,0.301,1,"NS"
"PAPOLA",0.0422532178459219,0.157090145843956,0.305,0.272,1,"NS"
"TIPRL",0.21821315803777,0.157081327801987,0.129,0.114,1,"NS"
"EIF4A1",0.220551302098645,0.156931315375249,0.464,0.443,1,"NS"
"CCNH",0.950961476329741,0.156028085890356,0.209,0.213,1,"NS"
"DCK",0.0677833105846608,0.154673124569955,0.145,0.122,1,"NS"
"LMO4",0.805238609069676,0.154581509112646,0.169,0.167,1,"NS"
"MFF",0.345829647641624,0.154252446278111,0.138,0.126,1,"NS"
"EEF2",0.00845264596672503,0.152988806728765,0.617,0.581,1,"NS"
"REEP5",0.0759996442247017,0.15216374645115,0.302,0.271,1,"NS"
"UBTF",0.94305223065756,0.150859312546299,0.114,0.116,1,"NS"
"TSPO",0.0680738922163921,0.150587878362115,0.43,0.403,1,"NS"
"PFDN5",8.23235676764118e-05,0.149838449668692,0.836,0.811,1,"NS"
"CCT6A",0.383170508591232,0.14974147108587,0.217,0.205,1,"NS"
"DUT",0.504546107708503,0.149563308063402,0.188,0.18,1,"NS"
"RAD23A",0.223717744721603,0.148943166951184,0.202,0.185,1,"NS"
"FGD3",0.967268699872623,0.148071117866107,0.109,0.11,1,"NS"
"EIF3H",0.0233437083240088,0.148065303404752,0.411,0.371,1,"NS"
"JUND",0.44297355895523,0.147897310299494,0.5,0.513,1,"NS"
"EEF1D",0.00136961859087016,0.147743393183296,0.9,0.865,1,"NS"
"UBE2L6",0.61359082035435,0.147184144072593,0.218,0.212,1,"NS"
"ST3GAL1",0.820739203313817,0.147103146790584,0.127,0.126,1,"NS"
"PPP6R1",0.123620475087923,0.144964486646711,0.106,0.088,1,"NS"
"SDF2",0.281562959913741,0.14446748093747,0.179,0.164,1,"NS"
"RSL1D1",0.402724671381222,0.144170788891454,0.208,0.198,1,"NS"
"CD55",0.476158082298526,0.143892476916738,0.227,0.216,1,"NS"
"AIMP1",0.249030829602127,0.143422105191128,0.156,0.14,1,"NS"
"PDE7A",0.954553266487257,0.142189673765357,0.116,0.118,1,"NS"
"SAT2",0.217084806340167,0.141557596754871,0.149,0.132,1,"NS"
"DRAM2",0.111594095289955,0.141129109811559,0.11,0.091,1,"NS"
"WDR45B",0.346964598757362,0.138234720246204,0.101,0.091,1,"NS"
"SVIP",0.480671194525554,0.13823091127175,0.141,0.132,1,"NS"
"EXOSC8",0.445172473832882,0.137056661767813,0.115,0.107,1,"NS"
"ACTN4",0.634352854026352,0.136655625499293,0.295,0.292,1,"NS"
"APOBEC3G",0.162178251474933,0.136392463922048,0.465,0.445,1,"NS"
"ACIN1",0.611753919238246,0.136173344553614,0.113,0.107,1,"NS"
"LDHB",0.129792856384452,0.135886162962368,0.381,0.358,1,"NS"
"IRF2BP2",0.232759418429108,0.134193067842642,0.126,0.111,1,"NS"
"CCNL2",0.45185498270564,0.132819226264352,0.096,0.106,1,"NS"
"RBCK1",0.414823661587428,0.132516249348168,0.199,0.189,1,"NS"
"UBALD2",0.769538762733032,0.13153669307272,0.167,0.175,1,"NS"
"TBCC",0.506155505537778,0.130566741880579,0.157,0.169,1,"NS"
"ODF2L",0.247762690049168,0.128557774054279,0.207,0.19,1,"NS"
"IFI6",0.762779444016734,0.127870454994384,0.19,0.188,1,"NS"
"CCSER2",0.742766021738775,0.12682645577732,0.191,0.189,1,"NS"
"CHST11",0.55534679480285,0.126268768403632,0.118,0.127,1,"NS"
"FXR1",0.269332860967144,0.12607747665855,0.165,0.15,1,"NS"
"PRPF38A",0.924383353443475,0.125539408666306,0.127,0.127,1,"NS"
"LYSMD2",0.155701391067053,0.124700041485097,0.121,0.104,1,"NS"
"PTBP1",0.602391865670675,0.124690164962557,0.153,0.148,1,"NS"
"PSMD12",0.548539955441445,0.123955972079345,0.124,0.118,1,"NS"
"CDK2AP2",0.150448757636645,0.123697842925691,0.29,0.268,1,"NS"
"RNF114",0.685578575369866,0.1232230990821,0.139,0.135,1,"NS"
"CGGBP1",0.746697736529585,0.122952106360378,0.161,0.157,1,"NS"
"FTH1",0.000278099699850073,0.122410970192142,0.942,0.952,1,"NS"
"TOB1",0.621702161556824,0.121527116878984,0.177,0.172,1,"NS"
"GPX4",0.0728779735643762,0.121464596407713,0.37,0.34,1,"NS"
"PHF14",0.339100509893423,0.121448952968991,0.131,0.119,1,"NS"
"HNRNPUL1",0.818954791914308,0.120955776778958,0.218,0.228,1,"NS"
"EVL",0.0429911092564316,0.119497962863384,0.594,0.568,1,"NS"
"CHMP4A",0.454960411506233,0.119486030168358,0.31,0.303,1,"NS"
"HLA-DPB1",0.389302199822676,0.119479191464874,0.523,0.532,1,"NS"
"ALKBH5",0.830325761809122,0.118255592994044,0.122,0.119,1,"NS"
"NDUFS8",0.146068395088545,0.118206267332207,0.271,0.247,1,"NS"
"EMB",0.33284088106236,0.118074772781866,0.255,0.24,1,"NS"
"TOMM20",0.494641815253146,0.117095811215921,0.244,0.233,1,"NS"
"UBE2N",0.159097984647709,0.115112449278854,0.252,0.232,1,"NS"
"GBP1",0.430489670325406,0.115084038357198,0.111,0.101,1,"NS"
"FIBP",0.966918803299542,0.114402579273364,0.136,0.139,1,"NS"
"CBX3",0.196930364423536,0.114173703238508,0.264,0.246,1,"NS"
"DNTTIP2",0.294273741492428,0.11415717657965,0.206,0.192,1,"NS"
"FLOT1",0.258905528710056,0.1115494385227,0.157,0.141,1,"NS"
"NONO",0.911451307303913,0.111431964883209,0.179,0.183,1,"NS"
"GYG1",0.491286548311445,0.111208168691594,0.127,0.119,1,"NS"
"KRR1",0.383737145532439,0.11109482622702,0.144,0.132,1,"NS"
"SMIM19",0.97811723833985,0.108553224258588,0.104,0.105,1,"NS"
"SLC25A6",0.100978310778089,0.107975618322371,0.565,0.551,1,"NS"
"HNRNPAB",0.473765660520626,0.107260089002652,0.187,0.177,1,"NS"
"NDUFB5",0.654032211573063,0.107222747810791,0.158,0.152,1,"NS"
"CISD2",0.412512926608658,0.107192414744132,0.103,0.094,1,"NS"
"SBDS",0.714780387387573,0.107101197202896,0.244,0.241,1,"NS"
"ZNF394",0.822153781202199,0.106321944388557,0.142,0.139,1,"NS"
"TXN2",0.791826370443291,0.105863871655432,0.161,0.159,1,"NS"
"COPS2",0.404396431004966,0.105706930765564,0.106,0.097,1,"NS"
"RHOH",0.277045874997335,0.105541806378397,0.227,0.211,1,"NS"
"CIRBP",0.053358203938833,0.105424014442083,0.656,0.611,1,"NS"
"ATP6V1H",0.502782119258464,0.105394797183238,0.103,0.096,1,"NS"
"CDC26",0.199235419814374,0.105283738855561,0.179,0.16,1,"NS"
"OXA1L",0.596801319724691,0.105193834600468,0.108,0.102,1,"NS"
"BTF3",0.0179463374508755,0.10274657945143,0.778,0.761,1,"NS"
"AATF",0.817056046507361,0.10250929429201,0.107,0.11,1,"NS"
"PPIG",0.0806934303310363,0.102231096230365,0.309,0.275,1,"NS"
"DOCK10",0.880827083545004,0.10181755030558,0.109,0.107,1,"NS"
"DENR",0.592067584927299,0.100395802133599,0.119,0.113,1,"NS"
"CHMP3",0.356221527544693,0.0998526868392783,0.12,0.109,1,"NS"
"CD52",0.000858868788316011,0.0996798946156217,0.792,0.735,1,"NS"
"ARID5A",0.625659653150579,0.0992340305843312,0.193,0.187,1,"NS"
"TXNL1",0.914869993029942,0.0991033720525079,0.161,0.162,1,"NS"
"RHOT2",0.614793513067114,0.0988875445412139,0.102,0.097,1,"NS"
"TAGLN2",0.439729939113954,0.0985885158596291,0.453,0.44,1,"NS"
"TAF15",0.776000490016719,0.0970002604176918,0.131,0.128,1,"NS"
"PSMD4",0.4780404375072,0.0969945222468181,0.219,0.207,1,"NS"
"TNF",0.888696639101932,0.0969391385700977,0.118,0.118,1,"NS"
"TPT1",0.046314385074561,0.0968391784149434,0.971,0.968,1,"NS"
"FASTK",0.0802633407945212,0.0966724224265423,0.105,0.085,1,"NS"
"EEF1B2",0.0399041083991254,0.0966035258837019,0.757,0.747,1,"NS"
"GLRX3",0.992258958521558,0.0940043171849173,0.105,0.106,1,"NS"
"MATK",0.189024427996577,0.0934858070360738,0.391,0.368,1,"NS"
"SLC39A10",0.348747695374069,0.0932288636120679,0.101,0.091,1,"NS"
"CHMP5",0.44702704008,0.0931195009126495,0.17,0.16,1,"NS"
"KANSL1",0.375720461086684,0.0909892771055838,0.146,0.161,1,"NS"
"GYPC",0.240099433229868,0.0908476335186255,0.352,0.325,1,"NS"
"DDX21",0.689792347492732,0.0905883657739209,0.215,0.21,1,"NS"
"KRCC1",0.0508325011341226,0.0903413908758243,0.106,0.083,1,"NS"
"TAF12",0.447931571664959,0.0900528426624453,0.128,0.119,1,"NS"
"MLF2",0.89102692879213,0.0870175326690195,0.145,0.148,1,"NS"
"GHITM",0.34176447407147,0.0868359472102374,0.278,0.267,1,"NS"
"COX7C",0.164767255331371,0.0865945599940097,0.724,0.697,1,"NS"
"DDX24",0.633434338255144,0.0865403811748942,0.439,0.439,1,"NS"
"HMGB2",0.368660147932356,0.0859273794899267,0.358,0.341,1,"NS"
"SERPINB9",0.500172211426989,0.0850796894405564,0.203,0.196,1,"NS"
"POLE4",0.458528359262335,0.0845257880398319,0.16,0.15,1,"NS"
"MPLKIP",0.481996918641829,0.0844188731012453,0.132,0.124,1,"NS"
"CHMP4B",0.962045382330896,0.0838737415781617,0.11,0.112,1,"NS"
"SUGT1",0.689483050006062,0.0835721157284261,0.137,0.133,1,"NS"
"TMEM141",0.732370696381306,0.083466638613426,0.104,0.1,1,"NS"
"ECHDC1",0.754253098770883,0.0831598229797143,0.109,0.105,1,"NS"
"AUP1",0.110633737770731,0.083112293637405,0.189,0.165,1,"NS"
"PHF1",0.316264063748575,0.0824530573743154,0.128,0.115,1,"NS"
"RNMT",0.858782860313183,0.0823513459974511,0.167,0.166,1,"NS"
"CHMP1B",0.379554531212146,0.0812098506502781,0.28,0.268,1,"NS"
"TRMT112",0.176922524839063,0.0810841227472365,0.435,0.41,1,"NS"
"ARHGAP4",0.840671036449677,0.0808884379613087,0.138,0.136,1,"NS"
"RAP1A",0.932840114885016,0.080833693506468,0.271,0.271,1,"NS"
"COPS3",0.977533006649202,0.080375720431726,0.107,0.108,1,"NS"
"TNIP1",0.719630636334449,0.080135062840497,0.113,0.109,1,"NS"
"TM2D3",0.96471764049974,0.0801325208300503,0.12,0.121,1,"NS"
"MAPRE1",0.433523953613678,0.0798713603795823,0.184,0.173,1,"NS"
"RCSD1",0.984616576892485,0.0796610084545986,0.165,0.168,1,"NS"
"HERC1",0.982644379860372,0.0786806835875709,0.108,0.108,1,"NS"
"HNRNPDL",0.39962164456496,0.0774991974273012,0.572,0.563,1,"NS"
"PCBP2",0.191829664457881,0.0758919758267387,0.412,0.391,1,"NS"
"DOK2",0.984624635084526,0.0752388030197721,0.385,0.394,1,"NS"
"VPS29",0.0275138910573106,0.0744673260600659,0.28,0.24,1,"NS"
"NAA50",0.55174687770488,0.0743451202628194,0.147,0.14,1,"NS"
"RNF113A",0.976457344615158,0.0733605668065609,0.111,0.112,1,"NS"
"SIVA1",0.908251242742212,0.0725791956688924,0.204,0.207,1,"NS"
"SPTY2D1",0.729032249741249,0.0724265947020775,0.125,0.121,1,"NS"
"METAP2",0.529904332845742,0.0721778785330511,0.157,0.169,1,"NS"
"TXNDC12",0.751687940462808,0.071842445250344,0.133,0.129,1,"NS"
"ILF3",0.582439625551104,0.069328940646716,0.156,0.149,1,"NS"
"SARAF",0.408286472268757,0.0676345150433297,0.539,0.537,1,"NS"
"YBX1",0.474166469118752,0.067328661369364,0.68,0.671,1,"NS"
"GIT2",0.0937283540028349,0.0670397796194642,0.105,0.086,1,"NS"
"OPTN",0.748852933510386,0.0669476376733167,0.221,0.217,1,"NS"
"PCMT1",0.36182263248318,0.0662023747698541,0.199,0.186,1,"NS"
"FOXP1",0.83361758271927,0.0653863841707436,0.203,0.202,1,"NS"
"FKBP8",0.475630245437217,0.065107325583186,0.309,0.298,1,"NS"
"GSPT1",0.793708640377719,0.064628421519337,0.144,0.148,1,"NS"
"AP3S1",0.521335494194818,0.0643026358288314,0.155,0.146,1,"NS"
"PRMT1",0.427890108442925,0.0639727386721846,0.156,0.172,1,"NS"
"BRD4",0.994460000375699,0.0635140563042862,0.139,0.139,1,"NS"
"ATP6V1E1",0.247220561190117,0.0630530532349787,0.155,0.138,1,"NS"
"SREK1IP1",0.701766074968668,0.0621071043936571,0.143,0.139,1,"NS"
"ENO1",0.959395941897039,0.0590737970127209,0.451,0.452,1,"NS"
"WAC",0.634466081330767,0.0588064042490067,0.173,0.183,1,"NS"
"DNAJB14",0.946465488060026,0.0587729971420364,0.173,0.177,1,"NS"
"SNU13",0.323593724595977,0.0584515096094331,0.348,0.337,1,"NS"
"GLS",0.810350284292263,0.0580700921225845,0.189,0.188,1,"NS"
"THOC2",0.942744044032254,0.0579337644631724,0.163,0.164,1,"NS"
"ARHGEF1",0.972735170876541,0.0573181143655481,0.313,0.317,1,"NS"
"OCIAD1",0.894433429831708,0.0565957159612941,0.209,0.209,1,"NS"
"DGCR6L",0.834757397061368,0.0564715352367752,0.13,0.128,1,"NS"
"TLE4",0.336115088831481,0.056044950724673,0.225,0.246,1,"NS"
"GDI2",0.249808251557286,0.0552205385360955,0.214,0.196,1,"NS"
"N4BP2L1",0.99993919064909,0.0547503560110669,0.116,0.116,1,"NS"
"SF3B5",0.274450926866522,0.0545537946357886,0.369,0.346,1,"NS"
"CAMLG",0.478114847351516,0.0534700723276689,0.189,0.179,1,"NS"
"PCMTD1",0.404578944220268,0.052421881288706,0.128,0.14,1,"NS"
"UQCRH",0.35070017621163,0.0518385785038404,0.518,0.495,1,"NS"
"HAX1",0.968068004076358,0.0515867378939937,0.201,0.203,1,"NS"
"SUMO1",0.305492914760606,0.0512402433333718,0.344,0.326,1,"NS"
"AKIRIN1",0.677542335421954,0.0500079811518867,0.16,0.166,1,"NS"
"BRWD1",0.691861658621107,0.049086976421213,0.107,0.113,1,"NS"
"SUPT5H",0.920417545456919,0.0488385148214248,0.108,0.108,1,"NS"
"PRPF40A",0.753819644666575,0.0477977433009471,0.202,0.212,1,"NS"
"SYNRG",0.814704414787716,0.0466115955003914,0.166,0.164,1,"NS"
"COMMD6",0.279016187025412,0.0466000036736958,0.637,0.621,1,"NS"
"GOPC",0.483725405270173,0.0464628327488996,0.098,0.107,1,"NS"
"FKBP1A",0.437192537175233,0.0444781886605683,0.266,0.253,1,"NS"
"TYROBP",0.58712182171499,0.0442613283920741,0.754,0.814,1,"NS"
"STOML2",0.976488955660977,0.0434592042091649,0.123,0.122,1,"NS"
"BST2",0.776553457129087,0.0424929400771175,0.36,0.354,1,"NS"
"PCNP",0.376130636832212,0.0420606611768709,0.215,0.2,1,"NS"
"CAPN2",0.681367876204521,0.0420516467933033,0.198,0.207,1,"NS"
"NFKBIB",0.852684496380882,0.0416018605394145,0.107,0.11,1,"NS"
"VAPA",0.798786993383484,0.0409447117954533,0.266,0.262,1,"NS"
"STOM",0.192506276894833,0.0408839644905545,0.255,0.233,1,"NS"
"EIF3M",0.347858043313907,0.0393632306975722,0.268,0.251,1,"NS"
"VDAC2",0.455109987848289,0.0373411083893554,0.244,0.231,1,"NS"
"CCND2",0.65928629349733,0.0371548702467186,0.256,0.247,1,"NS"
"CD8A",0.117918338092764,0.0370428456822417,0.09,0.109,1,"NS"
"MZT2A",0.773984011979897,0.0367524687833927,0.251,0.247,1,"NS"
"RBMS1",0.486902886875832,0.0364531524729333,0.18,0.169,1,"NS"
"LAPTM5",0.352468984966331,0.0358581397955158,0.545,0.529,1,"NS"
"HERPUD2",0.958656263341554,0.0356417547437078,0.158,0.158,1,"NS"
"DPM1",0.531924922104189,0.0355318684616588,0.111,0.103,1,"NS"
"SPTAN1",0.525892365554799,0.0352005110587496,0.151,0.143,1,"NS"
"CENPC",0.848113915842874,0.0318821963033989,0.137,0.14,1,"NS"
"ENY2",0.751644313409313,0.0317590482109049,0.289,0.289,1,"NS"
"VCP",0.365803450677462,0.0313524417600627,0.158,0.173,1,"NS"
"RBM17",0.642781852332027,0.0308929655502103,0.162,0.17,1,"NS"
"VDAC1",0.608586009571405,0.0307253735167853,0.207,0.197,1,"NS"
"LY6E",0.6558935747455,0.0306014044478742,0.475,0.467,1,"NS"
"EIF1B",0.595015875387604,0.0305300784493152,0.242,0.254,1,"NS"
"PPP2CA",0.908915674826208,0.0301268365989347,0.185,0.183,1,"NS"
"SH3BP1",0.375853042058365,0.0289267972034133,0.149,0.137,1,"NS"
"CXXC5",0.478033793961423,0.0287502091023418,0.096,0.106,1,"NS"
"ACTB",0.00235131998397937,0.0282213484332781,0.974,0.978,1,"NS"
"LUC7L2",0.682235018527118,0.0272608986109759,0.133,0.127,1,"NS"
"ANP32E",0.899561183697973,0.0272137803407083,0.195,0.195,1,"NS"
"CCT5",0.99974308826098,0.026156327929778,0.173,0.173,1,"NS"
"GSTK1",0.460765527596284,0.0258165173878966,0.321,0.306,1,"NS"
"RTF1",0.864600575044963,0.0256889429050093,0.226,0.226,1,"NS"
"HADHB",0.830266157235041,0.0254329950707605,0.106,0.109,1,"NS"
"ETFA",0.987431286338528,0.0245302335164749,0.15,0.151,1,"NS"
"ZNF428",0.936857625625594,0.0235686297122828,0.184,0.183,1,"NS"
"RAB7A",0.39704579546279,0.0235661540864716,0.245,0.229,1,"NS"
"NDUFV1",0.395584918554728,0.0231546486480482,0.164,0.151,1,"NS"
"UBE2E3",0.281694834035561,0.0230340395138434,0.14,0.157,1,"NS"
"EIF3D",0.825088825923195,0.0229677019845083,0.28,0.287,1,"NS"
"CNPY3",0.725682608586296,0.0227157122509035,0.152,0.158,1,"NS"
"WTAP",0.649663283567363,0.0215148540413646,0.231,0.24,1,"NS"
"PTPN22",0.932052341681822,0.0201574112324177,0.266,0.263,1,"NS"
"UBE2K",0.931968484509307,0.0200329917557475,0.125,0.127,1,"NS"
"TDG",0.165404962871419,0.019648529336569,0.116,0.136,1,"NS"
"TMX4",0.661720053005376,0.0195841753100221,0.177,0.168,1,"NS"
"CAND1",0.993775838290221,0.0191807949111834,0.126,0.126,1,"NS"
"SNX3",0.438856105891199,0.0184504340811324,0.32,0.3,1,"NS"
"AKAP9",0.718450699260047,0.0183823150786846,0.268,0.275,1,"NS"
"NDUFS7",0.937340156439398,0.0169041947062203,0.214,0.212,1,"NS"
"CMTM6",0.793369671936375,0.0167698271650041,0.191,0.197,1,"NS"
"ALG5",0.861751495162671,0.0136703293881982,0.102,0.101,1,"NS"
"JMJD1C",0.296422503703237,0.0121868416388095,0.162,0.146,1,"NS"
"CCDC69",0.998396286678071,0.0121118839451119,0.15,0.151,1,"NS"
"EIF2S3",0.899456007296546,0.011133321032388,0.165,0.167,1,"NS"
"ITM2B",0.853180758339266,0.0104881968156558,0.675,0.678,1,"NS"
"AHI1",0.816277521729008,0.0096404024618067,0.106,0.103,1,"NS"
"RBM23",0.868169557609703,0.00933779937048962,0.161,0.164,1,"NS"
"TIMM13",0.884025569898865,0.00933583246534009,0.136,0.138,1,"NS"
"CHMP1A",0.421499021400285,0.00904106613599054,0.094,0.104,1,"NS"
"NEMF",0.97829057073711,0.00870011275220867,0.167,0.167,1,"NS"
"SNRPB2",0.244178485758793,0.00856839984881996,0.275,0.303,1,"NS"
"RBM39",0.957046917971643,0.00770224237902895,0.612,0.601,1,"NS"
"NCOR1",0.590880014682904,0.00697610604357091,0.289,0.28,1,"NS"
"DNAJC15",0.479305620486647,0.00675436083140957,0.177,0.165,1,"NS"
"MNAT1",0.610324339282893,0.00646747620302815,0.108,0.115,1,"NS"
"PNKP",0.381685595453691,0.00637057863705245,0.113,0.124,1,"NS"
"C1QBP",0.972059569062202,0.00606335988610474,0.189,0.189,1,"NS"
"EIF2AK2",0.762933651399016,0.0054594512656731,0.106,0.11,1,"NS"
"COX4I1",0.971473058005746,0.00467399642450639,0.762,0.762,1,"NS"
"EPSTI1",0.181399674323239,0.00461767102608752,0.13,0.112,1,"NS"
"CALM3",0.459767143879798,0.0044222398028404,0.299,0.317,1,"NS"
"EMC10",0.791947412707665,0.00430047291330671,0.134,0.131,1,"NS"
"DHX36",0.851285191017003,0.00428133522710961,0.289,0.292,1,"NS"
"SNRPF",0.356195012912915,0.00421381205060456,0.275,0.257,1,"NS"
"TCIRG1",0.266209919451671,0.00421336792449517,0.141,0.159,1,"NS"
"PLCG2",0.0673513350348148,0.00412112945040561,0.126,0.104,1,"NS"
"PIM1",0.248834906231205,0.00402570807911107,0.263,0.24,1,"NS"
"GSDMD",0.725820827871523,0.00385891120991799,0.163,0.17,1,"NS"
"STK17B",0.816307518968576,0.00381393064433411,0.376,0.376,1,"NS"
"PURA",0.713950892156079,0.00378003868634528,0.114,0.119,1,"NS"
"NDUFB6",0.354778625376724,0.00173760781005461,0.158,0.145,1,"NS"
"IKZF3",0.794457392731907,0.00119884353134458,0.199,0.193,1,"NS"
"SERBP1",0.61514799059786,0.000974133954274148,0.407,0.413,1,"NS"
"EIF3K",0.607026895922758,0.000331792189863567,0.585,0.572,1,"NS"
"FDFT1",0.765148191045575,-0.000534453694038484,0.113,0.108,1,"NS"
"PREX1",0.778857383607442,-0.000800380376176885,0.152,0.148,1,"NS"
"CSTB",0.513231416581505,-0.0012892790408523,0.343,0.327,1,"NS"
"YTHDC1",0.906790836039428,-0.00149587301698195,0.19,0.192,1,"NS"
"ELOF1",0.763413401585017,-0.00271237368029842,0.11,0.106,1,"NS"
"PPP1CC",0.863625199476899,-0.00364141376909627,0.167,0.17,1,"NS"
"DPP7",0.831529639532803,-0.00366476655258419,0.246,0.245,1,"NS"
"RNPS1",0.797704778616661,-0.00410441753133783,0.27,0.265,1,"NS"
"PHPT1",0.844726551611069,-0.00411366968607951,0.218,0.222,1,"NS"
"GLIPR2",0.960470933630592,-0.00444305213810048,0.239,0.237,1,"NS"
"PRKAR2A",0.672555177382637,-0.00458801866694675,0.101,0.106,1,"NS"
"HMGB1",0.677091199961103,-0.00461232311434445,0.733,0.729,1,"NS"
"RBMX",0.299173882910396,-0.00589350404286226,0.278,0.299,1,"NS"
"GIMAP6",0.581692255408364,-0.00642375956538921,0.106,0.113,1,"NS"
"COPS5",0.792663633461111,-0.00702924800791882,0.145,0.141,1,"NS"
"MPHOSPH8",0.728840463111657,-0.0084370650492509,0.301,0.311,1,"NS"
"PDCD6",0.961849914987876,-0.00874695211799059,0.213,0.213,1,"NS"
"ZNF131",0.97166222355996,-0.00925763959087614,0.124,0.125,1,"NS"
"COMMD7",0.962430347142171,-0.00955703633582061,0.201,0.201,1,"NS"
"PPP1CB",0.871849830093857,-0.009707828955414,0.244,0.247,1,"NS"
"TXNIP",0.634924595338124,-0.010461164769584,0.732,0.702,1,"NS"
"RASAL3",0.978295412437291,-0.010867608210987,0.188,0.189,1,"NS"
"MPC2",0.409421018186759,-0.0121966803158049,0.206,0.192,1,"NS"
"SON",0.650335986706939,-0.0123738224226289,0.518,0.522,1,"NS"
"ANKRD44",0.834013025905793,-0.0130012666956066,0.208,0.204,1,"NS"
"SYNCRIP",0.123338092510398,-0.0140860264239946,0.128,0.15,1,"NS"
"STX10",0.951991829319535,-0.0140993095455569,0.098,0.1,1,"NS"
"CDK12",0.937212780536215,-0.0142435538590443,0.129,0.128,1,"NS"
"EIF5A",0.796422186522527,-0.0144811302499663,0.3,0.304,1,"NS"
"ZNF800",0.683747348812073,-0.0147780237134145,0.135,0.142,1,"NS"
"WDR33",0.960176362078916,-0.0149918569335373,0.169,0.17,1,"NS"
"GNAS",0.766036780687437,-0.0156608055728753,0.355,0.357,1,"NS"
"PBDC1",0.205385945447954,-0.015889223071504,0.103,0.12,1,"NS"
"CLTB",0.974520423894418,-0.0168445239415107,0.189,0.188,1,"NS"
"PPP2R5E",0.504538977559457,-0.0173335718094324,0.125,0.135,1,"NS"
"PRDX5",0.883959773781402,-0.0173798811831527,0.373,0.379,1,"NS"
"CIB1",0.927286593009244,-0.0174120492975063,0.462,0.466,1,"NS"
"NR4A3",0.946961364952741,-0.0176418610428736,0.114,0.115,1,"NS"
"PNPLA8",0.624649541084563,-0.018189253971252,0.108,0.114,1,"NS"
"ACTG1",0.320138767154757,-0.0182118338835009,0.886,0.888,1,"NS"
"RABGAP1L",0.672653109931918,-0.0182491283403216,0.15,0.158,1,"NS"
"OST4",0.709552965981726,-0.0183342618804399,0.643,0.63,1,"NS"
"CMPK1",0.848443210268216,-0.0188603453772678,0.22,0.217,1,"NS"
"NME3",0.400586586376231,-0.0197539021308631,0.178,0.164,1,"NS"
"TNRC6C",0.174170797133089,-0.0199577908302465,0.085,0.102,1,"NS"
"NUDT22",0.832812289970616,-0.0227742115673398,0.11,0.107,1,"NS"
"LSM5",0.398763836535208,-0.0236583034576863,0.181,0.166,1,"NS"
"AKIRIN2",0.718853323839376,-0.0238304990227727,0.161,0.155,1,"NS"
"POLR1D",0.307094198409501,-0.0255125738143789,0.255,0.275,1,"NS"
"TOMM22",0.7790506077861,-0.0255650770993829,0.18,0.185,1,"NS"
"PCM1",0.236071656519702,-0.0261031843520613,0.173,0.193,1,"NS"
"S100A10",0.608969568015176,-0.0261387479974498,0.635,0.636,1,"NS"
"SAFB",0.635248437090817,-0.0264585617551888,0.11,0.105,1,"NS"
"DNAJC2",0.782946223564197,-0.0279272580187049,0.11,0.113,1,"NS"
"ASH1L",0.918067840835204,-0.0285974899226925,0.15,0.152,1,"NS"
"SHARPIN",0.525448107705113,-0.0301402691072145,0.101,0.109,1,"NS"
"PHF5A",0.646181485632277,-0.0309568185785482,0.101,0.107,1,"NS"
"LINC00623",0.357065451803781,-0.0319095561908307,0.136,0.122,1,"NS"
"PTPN7",0.211591046193438,-0.0328684855756549,0.337,0.356,1,"NS"
"TTC3",0.36622809399534,-0.0341676333849051,0.142,0.156,1,"NS"
"ANXA7",0.432547715044158,-0.0342795611073461,0.144,0.132,1,"NS"
"MBNL1",0.519752893968008,-0.0342861701111132,0.342,0.353,1,"NS"
"TMC6",0.196684474330119,-0.0352364137881868,0.185,0.207,1,"NS"
"MTCH1",0.780080661969055,-0.0355237802436528,0.161,0.165,1,"NS"
"TSPYL1",0.446567378692853,-0.0367801128006289,0.104,0.094,1,"NS"
"DNAJC7",0.429604598748197,-0.0379318801583215,0.192,0.178,1,"NS"
"NUCB1",0.750193891815216,-0.0381004208473558,0.18,0.186,1,"NS"
"CDKN1B",0.472295563882163,-0.0384977137314217,0.167,0.178,1,"NS"
"PHB",0.310679032129906,-0.0390532997940632,0.195,0.214,1,"NS"
"OAZ1",0.643717651068284,-0.039496920871573,0.771,0.805,1,"NS"
"ERICH1",0.599021072918642,-0.0396995052248297,0.126,0.134,1,"NS"
"RAB5C",0.114747144904346,-0.040345819675057,0.202,0.232,1,"NS"
"ROMO1",0.858933327750658,-0.0408965880375229,0.211,0.214,1,"NS"
"HNRNPA2B1",0.392145485851848,-0.0409890441201579,0.666,0.667,1,"NS"
"SSR3",0.250146596208063,-0.0416772910121879,0.153,0.171,1,"NS"
"PPP1R12A",0.221823883070097,-0.0422897027009175,0.281,0.302,1,"NS"
"EIF3F",0.763135297492557,-0.0427840615133923,0.463,0.472,1,"NS"
"KLRC2",0.584778458124143,-0.0435276484938791,1,1,1,"NS"
"DNPEP",0.273726325302038,-0.0437908710066315,0.087,0.1,1,"NS"
"IRF3",0.962124326169125,-0.0440200240760187,0.178,0.175,1,"NS"
"IGBP1",0.632111767414075,-0.0441003556774215,0.172,0.165,1,"NS"
"LAGE3",0.954439466878698,-0.0446078793696144,0.101,0.1,1,"NS"
"ZFAND2B",0.437793896021062,-0.0446235252854211,0.108,0.118,1,"NS"
"SRSF10",0.656087744263814,-0.0453426236588578,0.219,0.227,1,"NS"
"PHB2",0.255655219951547,-0.045452186662279,0.169,0.188,1,"NS"
"CCT8",0.78576326131158,-0.0454761646862041,0.218,0.213,1,"NS"
"SSR4",0.776673654866418,-0.0457002542449856,0.567,0.565,1,"NS"
"CCDC59",0.873694700201715,-0.0460699737120145,0.19,0.186,1,"NS"
"SPOP",0.322909472729466,-0.0461897813696292,0.112,0.125,1,"NS"
"NDUFA10",0.621255619397562,-0.0462430848378551,0.131,0.137,1,"NS"
"RAN",0.832742311047355,-0.0480558442937156,0.421,0.428,1,"NS"
"PPM1B",0.762394283992465,-0.0486248931170815,0.136,0.141,1,"NS"
"MICU2",0.779003577298671,-0.0486899022961045,0.102,0.105,1,"NS"
"UFM1",0.936977183353161,-0.0488182255578349,0.152,0.15,1,"NS"
"AKAP8L",0.0732886695877717,-0.049214973479809,0.083,0.105,1,"NS"
"RHEB",0.486994333045358,-0.0493182933451062,0.212,0.198,1,"NS"
"UBE2I",0.62776286815718,-0.0493626230897473,0.296,0.303,1,"NS"
"KMT2E",0.595583254215437,-0.0494733367495472,0.411,0.418,1,"NS"
"PSMD9",0.706920780053764,-0.0496132845943033,0.117,0.112,1,"NS"
"MAP2K3",0.845987397915504,-0.0497882267309211,0.169,0.173,1,"NS"
"NMT1",0.418926067712828,-0.0499665164534752,0.106,0.117,1,"NS"
"KAT6B",0.224990830841788,-0.0500936153969191,0.115,0.131,1,"NS"
"TMEM134",0.847427966180069,-0.0505378767917447,0.127,0.13,1,"NS"
"UQCRQ",0.9442836694585,-0.0505389631632229,0.345,0.346,1,"NS"
"MZT2B",0.386443944311334,-0.0513498753530266,0.387,0.402,1,"NS"
"CD37",0.297716898210956,-0.0516991571194092,0.547,0.558,1,"NS"
"FNBP1",0.411429607783572,-0.051756159006908,0.286,0.295,1,"NS"
"RB1CC1",0.39409889470543,-0.0518918193459946,0.106,0.117,1,"NS"
"ILF2",0.991098607881534,-0.052036468544769,0.184,0.183,1,"NS"
"RNF216",0.520130880204589,-0.0524786481046821,0.093,0.1,1,"NS"
"ECHS1",0.94315591914226,-0.0528696994429372,0.139,0.137,1,"NS"
"ATXN10",0.78960778507455,-0.0530582756652151,0.119,0.116,1,"NS"
"ICAM3",0.37110502229411,-0.0542989970227827,0.36,0.38,1,"NS"
"SUZ12",0.277594675949014,-0.0544039653784933,0.09,0.103,1,"NS"
"MED15",0.440084423704368,-0.054583648316213,0.102,0.113,1,"NS"
"MMADHC",0.998260534360491,-0.0547973188047793,0.146,0.145,1,"NS"
"PEX2",0.164660383634581,-0.0548491938010912,0.095,0.112,1,"NS"
"FAM177A1",0.77430830663303,-0.0549293068154124,0.282,0.285,1,"NS"
"DOCK8",0.531364959399787,-0.0551056465329643,0.216,0.227,1,"NS"
"IL10RA",0.951376735890802,-0.0558262885764316,0.208,0.208,1,"NS"
"NIFK",0.484931240402283,-0.0566431128208395,0.133,0.124,1,"NS"
"AKAP17A",0.696028001650426,-0.0567605574454783,0.108,0.113,1,"NS"
"TUBB",0.616954374375713,-0.057337473718081,0.257,0.247,1,"NS"
"TXN",0.789356651905268,-0.0577423148540395,0.336,0.339,1,"NS"
"GTF2A2",0.944671792876112,-0.0578245576319788,0.205,0.206,1,"NS"
"MED6",0.522035260648007,-0.0580411315485905,0.094,0.101,1,"NS"
"UBE2J2",0.537569859339533,-0.0587211753109079,0.096,0.104,1,"NS"
"ETHE1",0.880197637093111,-0.0590752774847135,0.1,0.099,1,"NS"
"LSM7",0.684985892779284,-0.0593399567839781,0.307,0.297,1,"NS"
"PRPF31",0.714035769153625,-0.0593739315309199,0.114,0.119,1,"NS"
"MAD2L2",0.232740971173963,-0.0594924602010306,0.125,0.108,1,"NS"
"TMEM87A",0.587041161171329,-0.0595162268788054,0.111,0.118,1,"NS"
"PSMF1",0.792264489394444,-0.0595776038564433,0.125,0.122,1,"NS"
"LSM14A",0.327639787934808,-0.0597879822225661,0.184,0.199,1,"NS"
"DCAF7",0.652733248263224,-0.0599772997551322,0.106,0.112,1,"NS"
"PQBP1",0.136707560690487,-0.0605527391146372,0.096,0.114,1,"NS"
"CCNI",0.586345836842902,-0.0612625392039718,0.482,0.491,1,"NS"
"LYST",0.131460901340484,-0.0622503937375017,0.202,0.229,1,"NS"
"RABAC1",0.996050296436717,-0.0627111223772201,0.391,0.388,1,"NS"
"RWDD1",0.780590275333264,-0.0631852504914909,0.261,0.266,1,"NS"
"WDR45",0.537716502037571,-0.0638090829200495,0.115,0.124,1,"NS"
"MRFAP1",0.120786759686207,-0.0639937525864369,0.224,0.253,1,"NS"
"SUMO3",0.742500894302585,-0.0647763869444841,0.163,0.167,1,"NS"
"SLTM",0.462452608430085,-0.0653279940152653,0.248,0.259,1,"NS"
"VBP1",0.72135817671898,-0.0654662473264108,0.124,0.13,1,"NS"
"CARHSP1",0.509218222759208,-0.0656571022010139,0.141,0.149,1,"NS"
"ZNF830",0.529488258784155,-0.0659809534550367,0.095,0.102,1,"NS"
"TRAPPC3",0.911901458223762,-0.066563628152636,0.124,0.122,1,"NS"
"PSME2",0.168318034841023,-0.0672609301468259,0.426,0.453,1,"NS"
"DDT",0.678622477726793,-0.0675167166255952,0.256,0.263,1,"NS"
"RBM5",0.118514545261555,-0.0680451595139587,0.133,0.156,1,"NS"
"IFI27L2",0.298779951287899,-0.068226108145421,0.223,0.244,1,"NS"
"CLK3",0.519836856907809,-0.0682365184812339,0.093,0.1,1,"NS"
"STX16",0.661280590160367,-0.0690609459293843,0.1,0.095,1,"NS"
"ARHGAP9",0.419495424405702,-0.0701326092711485,0.237,0.25,1,"NS"
"DHPS",0.281980641416736,-0.0711822339826593,0.106,0.12,1,"NS"
"KDELR1",0.806591631976089,-0.0712170593266022,0.109,0.111,1,"NS"
"GADD45GIP1",0.501946926871661,-0.0715510687719224,0.194,0.204,1,"NS"
"ENSA",0.219436896829556,-0.072055144506844,0.274,0.298,1,"NS"
"TNIP2",0.558825363020195,-0.0728676776656954,0.099,0.106,1,"NS"
"GLTP",0.196237549525557,-0.0728780398336015,0.098,0.115,1,"NS"
"BBX",0.89149759498185,-0.0733359200394443,0.217,0.211,1,"NS"
"CLNS1A",0.784896876808769,-0.0748730479627265,0.137,0.14,1,"NS"
"CARD8",0.611251776966794,-0.0750497870153761,0.126,0.133,1,"NS"
"OGFR",0.580780549624286,-0.0751283958141919,0.115,0.123,1,"NS"
"SKP1",0.150363196993877,-0.076854523234259,0.564,0.592,1,"NS"
"DCXR",0.442835610019683,-0.0773999679844329,0.179,0.191,1,"NS"
"SKAP2",0.355249144609779,-0.0776312190858423,0.13,0.116,1,"NS"
"SEC11A",0.40999067765118,-0.0776436804043825,0.34,0.358,1,"NS"
"HSPA9",0.685235376172774,-0.0778698063663186,0.204,0.208,1,"NS"
"TACC1",0.200916358765884,-0.0779190276206805,0.143,0.162,1,"NS"
"POLR2I",0.451878910167277,-0.0781230335128931,0.128,0.137,1,"NS"
"COA3",0.929912295996467,-0.0783279137632353,0.107,0.105,1,"NS"
"RNASEH2C",0.130855797490195,-0.0791513594511237,0.15,0.172,1,"NS"
"UBE3A",0.401484229525018,-0.0793857348337631,0.108,0.117,1,"NS"
"EVI2A",0.581638869223202,-0.079481896874555,0.199,0.208,1,"NS"
"IDH3B",0.840378541928019,-0.0797125894457454,0.138,0.142,1,"NS"
"MIF",0.782015085085002,-0.0798229649033289,0.442,0.44,1,"NS"
"DPY30",0.898395630696749,-0.0805450337666973,0.16,0.161,1,"NS"
"EIF3J",0.227604829360827,-0.0813338867783866,0.175,0.194,1,"NS"
"CSDE1",0.23601386861885,-0.0823586021678673,0.253,0.278,1,"NS"
"KHDRBS1",0.866353305456674,-0.0827624809361415,0.22,0.221,1,"NS"
"GID8",0.541033928806602,-0.0834189742191941,0.106,0.099,1,"NS"
"NHP2",0.73424566352127,-0.0834343687549365,0.185,0.178,1,"NS"
"TMEM230",0.940440545615581,-0.0834358612360271,0.245,0.245,1,"NS"
"CYTH4",0.486300677532096,-0.0837392137159466,0.116,0.125,1,"NS"
"SDHB",0.473522720431934,-0.0837476154361612,0.101,0.11,1,"NS"
"DNAJC1",0.736843959749639,-0.0854362826851487,0.209,0.211,1,"NS"
"B3GAT3",0.983317924882672,-0.0857769773959906,0.12,0.12,1,"NS"
"CNPY2",0.571643658431049,-0.0860565122336752,0.191,0.199,1,"NS"
"NACA",0.0281163683039454,-0.0862478852096551,0.874,0.88,1,"NS"
"SMIM12",0.164586257038393,-0.0866391371547849,0.084,0.1,1,"NS"
"SHKBP1",0.843493220507254,-0.0866601326230314,0.127,0.129,1,"NS"
"MIR4435-2HG",0.759882228959518,-0.0868563189719412,0.103,0.107,1,"NS"
"BAG1",0.406821098689064,-0.0870365147148494,0.16,0.172,1,"NS"
"CNOT2",0.391862646583653,-0.0872615551648775,0.18,0.194,1,"NS"
"MAGED2",0.938275607905168,-0.0873628856079715,0.134,0.133,1,"NS"
"RNASET2",0.312855283225823,-0.0891767518911473,0.18,0.195,1,"NS"
"NDUFS5",0.221782041162531,-0.0895909679211626,0.399,0.42,1,"NS"
"CTNNB1",0.265943375972192,-0.0896105682263938,0.146,0.162,1,"NS"
"DR1",0.228463501300184,-0.089944266942948,0.149,0.166,1,"NS"
"APEX1",0.286487340224406,-0.0900232671837843,0.125,0.14,1,"NS"
"EIF3I",0.390385781426011,-0.0900576546656873,0.24,0.256,1,"NS"
"DRAP1",0.392942626105508,-0.0907428605611487,0.403,0.418,1,"NS"
"UAP1",0.121311446477082,-0.0908400129806207,0.111,0.133,1,"NS"
"BRI3",0.0519200528837818,-0.0916845785902322,0.086,0.109,1,"NS"
"GFOD1",0.112423270468371,-0.0928022874483857,0.125,0.148,1,"NS"
"TRMT10C",0.48992337681993,-0.0929969614619633,0.094,0.102,1,"NS"
"MAX",0.171694994341445,-0.093118366578437,0.139,0.16,1,"NS"
"PDCD6IP",0.218214715549035,-0.0932652156395481,0.095,0.11,1,"NS"
"IDH3G",0.662584959320378,-0.0940761306017525,0.149,0.154,1,"NS"
"RNF5",0.34748637072637,-0.0941376552647729,0.095,0.106,1,"NS"
"ALDH9A1",0.353619368811729,-0.0947803667187936,0.089,0.1,1,"NS"
"MTDH",0.257317776424361,-0.0949301990341864,0.325,0.347,1,"NS"
"ARID4B",0.434253454787699,-0.0950229603060155,0.313,0.325,1,"NS"
"RBBP4",0.743516284468807,-0.0950506333720917,0.167,0.173,1,"NS"
"PPIE",0.428439551194358,-0.0953650365025818,0.107,0.116,1,"NS"
"RHOA",0.179532267707426,-0.0954094692421057,0.494,0.522,1,"NS"
"HMGN2",0.345703217089116,-0.0957463497293052,0.406,0.422,1,"NS"
"CNBP",0.721800138345731,-0.0958910338059837,0.414,0.418,1,"NS"
"FLI1",0.717679066935007,-0.0961983872614028,0.122,0.126,1,"NS"
"SNRNP40",0.529437516676161,-0.0965141710313371,0.112,0.12,1,"NS"
"POLR2K",0.552356234204384,-0.0967329877512235,0.252,0.259,1,"NS"
"ZNHIT3",0.133135722850554,-0.0969531743644572,0.126,0.147,1,"NS"
"TMBIM1",0.0147036552042141,-0.0971003984883207,0.093,0.125,1,"NS"
"NDUFA2",0.231187256972435,-0.0973952723388647,0.27,0.292,1,"NS"
"TMEM170A",0.61790365889121,-0.097501570827164,0.096,0.103,1,"NS"
"RAB27A",0.207167451273952,-0.0976087525134972,0.202,0.222,1,"NS"
"PSMD6",0.209489748590097,-0.0981929585716312,0.108,0.124,1,"NS"
"MGMT",0.322381547343484,-0.0986711083518295,0.115,0.128,1,"NS"
"AIP",0.10832858709393,-0.0991503754721389,0.189,0.216,1,"NS"
"UXT",0.523448728361453,-0.0996071991634495,0.364,0.373,1,"NS"
"IFI35",0.862911856246993,-0.0999061713958683,0.12,0.122,1,"NS"
"PEF1",0.496685493346658,-0.100406815404686,0.097,0.105,1,"NS"
"ISCA1",0.115155389206883,-0.102331156058182,0.132,0.156,1,"NS"
"ANAPC16",0.191986522256006,-0.102691555852746,0.41,0.433,1,"NS"
"GSTP1",0.0171148973033783,-0.103231100620821,0.54,0.575,1,"NS"
"UBA2",0.774588442291828,-0.103737056286351,0.114,0.117,1,"NS"
"HSPB11",0.476034411472321,-0.103826158820226,0.202,0.215,1,"NS"
"DDB1",0.197318790879595,-0.104063943280733,0.087,0.102,1,"NS"
"WAPL",0.986602446640371,-0.104418236159262,0.11,0.108,1,"NS"
"IFI16",0.245751205108395,-0.104706106677105,0.377,0.391,1,"NS"
"COX7A2",0.249779751874325,-0.105220531845356,0.522,0.552,1,"NS"
"CHIC2",0.98583953464319,-0.10569783829769,0.144,0.142,1,"NS"
"COX5A",0.484831670785054,-0.105849018774721,0.29,0.302,1,"NS"
"FNTA",0.767881850215652,-0.106016922518326,0.124,0.127,1,"NS"
"DHX9",0.107478057703514,-0.106364849918999,0.089,0.108,1,"NS"
"UPF3A",0.202986568755444,-0.106540024682522,0.132,0.148,1,"NS"
"ISCU",0.138342806482383,-0.106792967328738,0.248,0.273,1,"NS"
"RGS19",0.666358386196204,-0.107604167284668,0.182,0.188,1,"NS"
"LPIN2",0.96044321015223,-0.107642547517412,0.132,0.132,1,"NS"
"ARID1B",0.393798897975784,-0.107781465977091,0.136,0.148,1,"NS"
"DDX18",0.429170739952884,-0.108142745264061,0.266,0.278,1,"NS"
"MYCBP2",0.370891441541144,-0.108781361322868,0.202,0.215,1,"NS"
"BUD31",0.184575241898607,-0.109499178914412,0.253,0.274,1,"NS"
"NDUFA4",0.0621828155185775,-0.11036582941081,0.524,0.548,1,"NS"
"WIPI2",0.102827571697702,-0.110418649759028,0.103,0.124,1,"NS"
"TAX1BP1",0.0675652134030143,-0.111448391091641,0.25,0.284,1,"NS"
"CASP8",0.105275951006476,-0.111451456888786,0.187,0.214,1,"NS"
"IRF9",0.627582532490063,-0.112343229820492,0.114,0.121,1,"NS"
"SLC25A3",0.0828615929932542,-0.113896429605902,0.43,0.466,1,"NS"
"METTL9",0.928427611579257,-0.114924928511017,0.193,0.19,1,"NS"
"TMX1",0.913689529275526,-0.11529859022411,0.123,0.121,1,"NS"
"SENP6",0.37201710679305,-0.116373863192337,0.1,0.111,1,"NS"
"UBXN4",0.478144249261976,-0.116614318546368,0.263,0.274,1,"NS"
"NOL7",0.298671098803482,-0.11717672495515,0.177,0.192,1,"NS"
"UBE2G1",0.430316474035765,-0.11750999784242,0.118,0.107,1,"NS"
"TKT",0.514891812019902,-0.117801474110124,0.119,0.128,1,"NS"
"CPNE3",0.20184909356269,-0.117804940778983,0.094,0.109,1,"NS"
"ARF1",0.0552440764051765,-0.117863853593163,0.395,0.432,1,"NS"
"TMEM258",0.098126462373548,-0.118304820130051,0.375,0.403,1,"NS"
"FYTTD1",0.224980913359846,-0.118382000709709,0.102,0.117,1,"NS"
"KDM2A",0.671541996701862,-0.118570103895852,0.128,0.133,1,"NS"
"EIF5B",0.543071280134673,-0.118596359928713,0.229,0.238,1,"NS"
"PUF60",0.555912012974846,-0.11884046330551,0.157,0.165,1,"NS"
"PSMB1",0.15008732904515,-0.119130824152353,0.372,0.394,1,"NS"
"CD46",0.261109906079247,-0.119788703806038,0.144,0.16,1,"NS"
"SRP14",0.0136045467068501,-0.120162883962391,0.711,0.738,1,"NS"
"BCLAF1",0.148210702455406,-0.120480035120421,0.224,0.247,1,"NS"
"ANP32B",0.629454434055846,-0.120972725355125,0.265,0.27,1,"NS"
"SCAF11",0.120564530424169,-0.121649140508478,0.285,0.313,1,"NS"
"PSMD2",0.0897698548206297,-0.121746423533696,0.112,0.134,1,"NS"
"HELZ",0.0272117214551243,-0.122237847629171,0.123,0.155,1,"NS"
"FCER1G",0.686683430412342,-0.122406583904441,0.472,0.463,1,"NS"
"TMED10",0.230393511219522,-0.122529020234346,0.212,0.232,1,"NS"
"GLIPR1",0.491750868589123,-0.122737626057693,0.241,0.251,1,"NS"
"PSME1",0.0374067712749995,-0.122769350313829,0.625,0.64,1,"NS"
"COPB1",0.457253228316409,-0.122862519671252,0.127,0.137,1,"NS"
"ABI1",0.276061511265388,-0.122902208312202,0.137,0.153,1,"NS"
"EPS15",0.171876394265154,-0.12343587892674,0.115,0.135,1,"NS"
"SCFD1",0.526204780050562,-0.123559989793258,0.096,0.103,1,"NS"
"COMMD3",0.101208168415559,-0.123842037516701,0.112,0.133,1,"NS"
"METTL23",0.33444831134947,-0.123986894803714,0.133,0.147,1,"NS"
"MAP3K2",0.107042030083405,-0.124340412413116,0.09,0.108,1,"NS"
"ACADVL",0.547535651809253,-0.124856097502457,0.16,0.169,1,"NS"
"HSD17B11",0.624462960950976,-0.125186829771081,0.179,0.186,1,"NS"
"LASP1",0.710159236663278,-0.125314959750588,0.146,0.149,1,"NS"
"CHD6",0.296896216239715,-0.12553473289615,0.092,0.104,1,"NS"
"HOPX",0.028360467129326,-0.125939729948811,0.595,0.625,1,"NS"
"FUBP1",0.360553991457086,-0.126521728794928,0.123,0.135,1,"NS"
"CUL3",0.19835220275469,-0.128447231138817,0.093,0.108,1,"NS"
"PRRC2C",0.129968215123496,-0.129632819574562,0.399,0.419,1,"NS"
"SF3B2",0.0462664099523476,-0.130052352513197,0.239,0.279,1,"NS"
"CSNK1D",0.140603027951227,-0.130144739822764,0.192,0.217,1,"NS"
"EIF2S1",0.564717874851259,-0.130388581840087,0.109,0.1,1,"NS"
"CDK17",0.427493025371814,-0.131091557362574,0.097,0.108,1,"NS"
"SF3B1",0.198188700354871,-0.131276871320937,0.307,0.33,1,"NS"
"VKORC1",0.158308882397804,-0.131334924895439,0.095,0.111,1,"NS"
"MYDGF",0.180056529036105,-0.132125881342433,0.206,0.227,1,"NS"
"SAR1B",0.361727796468489,-0.133264602145011,0.096,0.107,1,"NS"
"BPGM",0.0600100471594265,-0.133534092735353,0.122,0.149,1,"NS"
"CD58",0.643199178301327,-0.133817194148812,0.114,0.118,1,"NS"
"SRSF11",0.280355053705739,-0.134084501515392,0.353,0.363,1,"NS"
"RAB1B",0.11381477783034,-0.134328128317925,0.101,0.121,1,"NS"
"LPP",0.378882572254974,-0.134458290505989,0.095,0.105,1,"NS"
"SPAG9",0.0977632283638732,-0.134629454016311,0.096,0.116,1,"NS"
"ARPC4",0.0951543698649632,-0.134930958066998,0.33,0.356,1,"NS"
"TAPBP",0.0931615254201984,-0.135093267929125,0.319,0.353,1,"NS"
"PRKAA1",0.072056232023039,-0.13519300087304,0.09,0.112,1,"NS"
"NRBF2",0.486993040312812,-0.135330083164749,0.101,0.11,1,"NS"
"SMU1",0.438144419467212,-0.13548409093601,0.091,0.1,1,"NS"
"ERP44",0.298860138366305,-0.135661115333086,0.138,0.153,1,"NS"
"TMEM126B",0.135932699589618,-0.137450255977082,0.12,0.14,1,"NS"
"TALDO1",0.246854426222677,-0.13767068349098,0.167,0.183,1,"NS"
"RAB10",0.662214060892845,-0.137724617444287,0.116,0.121,1,"NS"
"ZFAND6",0.181416383258678,-0.13778730148799,0.188,0.208,1,"NS"
"RBM26",0.417211266702586,-0.137955880117091,0.094,0.103,1,"NS"
"STRAP",0.34573855641348,-0.138677951913794,0.199,0.212,1,"NS"
"MTIF3",0.435943353323222,-0.139979511880341,0.121,0.131,1,"NS"
"LSM8",0.0849161039921818,-0.140214864824874,0.246,0.274,1,"NS"
"NEDD9",0.595302440905856,-0.141127700627845,0.113,0.119,1,"NS"
"GPR108",0.759504174738659,-0.141645021003297,0.104,0.1,1,"NS"
"VASP",0.59466939554521,-0.142578019104579,0.253,0.257,1,"NS"
"TXK",0.021655536877885,-0.143081317775618,0.251,0.292,1,"NS"
"FBXL15",0.484770207399527,-0.143375372475486,0.109,0.117,1,"NS"
"LAMTOR2",0.366210441023393,-0.143998715694493,0.156,0.169,1,"NS"
"REXO2",0.674188330693276,-0.144870812345721,0.109,0.114,1,"NS"
"PA2G4",0.0610872190666911,-0.145131812486545,0.252,0.284,1,"NS"
"MOB4",0.243145485376261,-0.145409641336328,0.145,0.162,1,"NS"
"PNN",0.0402849167852546,-0.146420799450296,0.28,0.315,1,"NS"
"GABARAPL2",0.220378030894779,-0.146683148239311,0.285,0.305,1,"NS"
"KTN1",0.463644343781977,-0.147496628761592,0.251,0.261,1,"NS"
"NUBP2",0.493144382277668,-0.148589669394813,0.11,0.118,1,"NS"
"OARD1",0.420780431714391,-0.149210677281238,0.105,0.115,1,"NS"
"HNRNPK",0.0534464539868928,-0.149845025850793,0.5,0.532,1,"NS"
"HNRNPM",0.240471512504644,-0.149853464068777,0.299,0.316,1,"NS"
"SNRPB",0.0375598689132879,-0.149893432922034,0.399,0.437,1,"NS"
"TMEM259",0.19301373491389,-0.1507909382422,0.13,0.147,1,"NS"
"PRKCSH",0.36680744251461,-0.150824734604384,0.116,0.128,1,"NS"
"USP8",0.0252561021203423,-0.151138155651713,0.115,0.146,1,"NS"
"BIN1",0.783204365837944,-0.151274654794284,0.25,0.249,1,"NS"
"ANAPC5",0.31355495920528,-0.151543954250495,0.171,0.186,1,"NS"
"PTPN2",0.160932964158673,-0.151716550848121,0.173,0.195,1,"NS"
"CFLAR",0.0110993652938201,-0.152079046527056,0.319,0.368,1,"NS"
"GIMAP2",0.588314854957937,-0.152540618513374,0.123,0.129,1,"NS"
"COPZ1",0.234751148610686,-0.15297761046277,0.176,0.194,1,"NS"
"CCDC66",0.0279101840920331,-0.153199345059731,0.091,0.118,1,"NS"
"DYNLRB1",0.034038427689014,-0.154230919671724,0.253,0.289,1,"NS"
"RSF1",0.346208245129772,-0.154934259020739,0.198,0.211,1,"NS"
"CTSW",0.000151733742156187,-0.154935507019429,0.789,0.811,1,"NS"
"GBP4",0.331836831337735,-0.155040367889144,0.114,0.127,1,"NS"
"LAG3",0.0744805852773086,-0.155118641606191,0.099,0.121,1,"NS"
"PRKAR1A",0.397263329398887,-0.155248155131454,0.212,0.225,1,"NS"
"SEC62",0.135591551670949,-0.155307914858828,0.29,0.315,1,"NS"
"ADRM1",0.175241934286665,-0.155621289569611,0.186,0.209,1,"NS"
"EDF1",0.00590880894923537,-0.155851283533976,0.552,0.606,1,"NS"
"YWHAQ",0.026668524819906,-0.156798327033704,0.329,0.369,1,"NS"
"RNF181",0.164966065059652,-0.156829068332838,0.184,0.206,1,"NS"
"BANF1",0.513040803421803,-0.157071152249706,0.25,0.258,1,"NS"
"COPB2",0.033608446798847,-0.15742537743464,0.077,0.101,1,"NS"
"APRT",0.054955482112052,-0.158026828757989,0.407,0.443,1,"NS"
"UQCRC2",0.897672425032747,-0.158428493573772,0.189,0.189,1,"NS"
"AKR1B1",0.371106551293673,-0.158566461521344,0.132,0.143,1,"NS"
"STT3B",0.396855654615264,-0.158669539309639,0.118,0.129,1,"NS"
"TNFAIP8",0.747612983071602,-0.158715565314436,0.156,0.16,1,"NS"
"SDCBP",0.0551666926194726,-0.158914506892512,0.323,0.354,1,"NS"
"MAGOH",0.6344273073915,-0.158998175575603,0.256,0.264,1,"NS"
"LAP3",0.623836606800323,-0.159208198001345,0.11,0.115,1,"NS"
"SNF8",0.0226865322533257,-0.159216688517373,0.135,0.17,1,"NS"
"ATP1B3",0.0975258040050733,-0.159679286654856,0.263,0.292,1,"NS"
"SSR2",0.0567274099085207,-0.160035069936964,0.509,0.53,1,"NS"
"NKTR",0.332180747870437,-0.160047583116005,0.244,0.259,1,"NS"
"SP140",0.046756626559888,-0.160324176108422,0.112,0.137,1,"NS"
"NCOA7",0.124670408149208,-0.160337738273435,0.103,0.124,1,"NS"
"DDX39A",0.446207445695611,-0.160415533536495,0.14,0.15,1,"NS"
"TPR",0.21540496261374,-0.160432846864459,0.237,0.256,1,"NS"
"PCBP1",0.303445244710271,-0.160454180731703,0.387,0.401,1,"NS"
"UBE2B",0.0433237663150231,-0.16051074016086,0.273,0.31,1,"NS"
"PSMB7",0.373812309576622,-0.160692954831907,0.184,0.196,1,"NS"
"HADHA",0.346107674179891,-0.160794777909474,0.156,0.168,1,"NS"
"GABPB1",0.72791430906294,-0.161163727611623,0.123,0.126,1,"NS"
"RAB11A",0.627542893675704,-0.161545440209532,0.161,0.166,1,"NS"
"COPE",0.0153051649139061,-0.161709195868115,0.365,0.412,1,"NS"
"ARF6",0.0409882964408352,-0.16223453518469,0.405,0.439,1,"NS"
"ETNK1",0.159778829619455,-0.16278406766653,0.11,0.128,1,"NS"
"FDX1",0.639692732855735,-0.162973192360124,0.135,0.139,1,"NS"
"CHCHD2",0.00229462437881694,-0.164062614626486,0.667,0.702,1,"NS"
"CASP4",0.0929074370892056,-0.16439621714528,0.29,0.316,1,"NS"
"EPC1",0.372968225706178,-0.164457811591134,0.245,0.257,1,"NS"
"RIN3",0.102729436806707,-0.165001848980898,0.117,0.138,1,"NS"
"SLU7",0.259445460332369,-0.165174368049034,0.134,0.149,1,"NS"
"PPM1K",0.649812582054964,-0.165464131986396,0.149,0.155,1,"NS"
"TMEM248",0.559630109115601,-0.166025683547842,0.137,0.143,1,"NS"
"HIGD2A",0.122256019508571,-0.166713183850498,0.318,0.343,1,"NS"
"HNRNPL",0.0727990568171242,-0.167390460277978,0.128,0.152,1,"NS"
"NDUFV2",0.279070841849045,-0.16785715037359,0.228,0.246,1,"NS"
"GRB2",0.0517675292655239,-0.16852561081973,0.169,0.2,1,"NS"
"NOSIP",0.241817199528415,-0.168681638088655,0.158,0.174,1,"NS"
"ABRACL",0.876062155960851,-0.168711379558632,0.289,0.287,1,"NS"
"TMEM126A",0.680345536453201,-0.168950963442861,0.103,0.097,1,"NS"
"RASA2",0.112644577258986,-0.169462703423512,0.148,0.172,1,"NS"
"SUMF2",0.00639216901095723,-0.169757499821457,0.101,0.138,1,"NS"
"SRSF5",0.00542528928349437,-0.17023793049531,0.57,0.614,1,"NS"
"SNX6",0.161857912943737,-0.170622151329104,0.202,0.221,1,"NS"
"ALG13",0.832153890121165,-0.171879438279404,0.121,0.124,1,"NS"
"SKAP1",0.0689059332438045,-0.172217604854745,0.263,0.294,1,"NS"
"TMEM219",0.710662364804509,-0.172800779268744,0.174,0.178,1,"NS"
"POLR2L",0.0372219076446916,-0.173684663609976,0.444,0.477,1,"NS"
"MCTS1",0.247772327638163,-0.173864701949287,0.125,0.139,1,"NS"
"CCNG1",0.533407838306898,-0.174895993622598,0.097,0.104,1,"NS"
"TPM3",0.0157499226731377,-0.17533477209899,0.521,0.558,1,"NS"
"GNAI3",0.72360124374687,-0.175682686883311,0.166,0.157,1,"NS"
"SSNA1",0.0871718636678567,-0.175854368889627,0.19,0.217,1,"NS"
"CDC123",0.339880077104324,-0.176238262565688,0.118,0.131,1,"NS"
"KPNB1",0.122957085298198,-0.177137255024304,0.168,0.193,1,"NS"
"SNRPE",0.676913751310659,-0.177219801911589,0.237,0.239,1,"NS"
"NUCKS1",0.0509653497447222,-0.177326991821082,0.283,0.314,1,"NS"
"IFITM1",0.00902189372317635,-0.178066306924776,0.435,0.466,1,"NS"
"UPF2",0.384955065753456,-0.178157668476728,0.134,0.146,1,"NS"
"PNRC1",0.0113663526617208,-0.179098711720988,0.578,0.61,1,"NS"
"SRP72",0.602995979253827,-0.179304202320108,0.143,0.148,1,"NS"
"PSMD13",0.539226506246623,-0.179714404594972,0.179,0.186,1,"NS"
"SNRNP200",0.0142331350791219,-0.179922610726981,0.107,0.139,1,"NS"
"ANAPC11",0.0983371966217612,-0.180518368647379,0.219,0.247,1,"NS"
"WBP2",0.484153536017965,-0.180835846143363,0.109,0.117,1,"NS"
"XAF1",0.113217744013365,-0.180941147973394,0.125,0.146,1,"NS"
"CAPN1",0.132871992439513,-0.182084003495197,0.12,0.14,1,"NS"
"CD160",0.992188462301746,-0.1821091639174,0.137,0.135,1,"NS"
"TOX4",0.112569267018813,-0.182957241592173,0.141,0.163,1,"NS"
"NRDC",0.0689531504639294,-0.183154833852563,0.11,0.134,1,"NS"
"TMEM165",0.112937625012404,-0.183912522917413,0.161,0.184,1,"NS"
"KLRG1",0.260412710368042,-0.18521343168987,0.142,0.159,1,"NS"
"SPCS1",0.190538731188794,-0.185507091388305,0.361,0.38,1,"NS"
"CD53",0.0480561307587453,-0.18653869192659,0.578,0.597,1,"NS"
"NCAM1",0.0817644522624127,-0.186635824885987,0.081,0.102,1,"NS"
"NUDCD2",0.236422377264221,-0.187201111779944,0.096,0.109,1,"NS"
"STAU1",0.437389952347509,-0.187276217919388,0.101,0.11,1,"NS"
"LYPLA1",0.433612282874517,-0.187373352509791,0.11,0.119,1,"NS"
"CCZ1",0.213999520188566,-0.187792161590738,0.086,0.1,1,"NS"
"ERGIC2",0.23273596129444,-0.188145839216982,0.11,0.124,1,"NS"
"YAF2",0.251296360041549,-0.188565759319232,0.13,0.145,1,"NS"
"MDH2",0.0634780027485707,-0.188889331879661,0.218,0.249,1,"NS"
"RAC1",0.152876180135441,-0.188945218792677,0.359,0.377,1,"NS"
"BIRC6",0.0922877434735134,-0.189179623477013,0.13,0.154,1,"NS"
"U2SURP",0.162930707162648,-0.189208263872518,0.183,0.204,1,"NS"
"ABCF1",0.00405428122729957,-0.189657684960411,0.125,0.165,1,"NS"
"ISG20",0.000344272014182686,-0.189823695140287,0.489,0.554,1,"NS"
"EXOSC1",0.302011281088392,-0.190456307280094,0.102,0.114,1,"NS"
"SLC25A11",0.850237958730047,-0.191028123459365,0.117,0.119,1,"NS"
"SSBP1",0.12304047160017,-0.191094838143891,0.28,0.306,1,"NS"
"BRD9",0.0556703405914069,-0.191605955756538,0.079,0.102,1,"NS"
"EIF4B",0.118710947483981,-0.191939639035497,0.255,0.281,1,"NS"
"PPHLN1",0.300310976283892,-0.192363870620495,0.176,0.191,1,"NS"
"PRDX2",0.403074747968951,-0.192920194710578,0.218,0.227,1,"NS"
"SNRPD1",0.0137379664590813,-0.193297385695759,0.197,0.239,1,"NS"
"COX14",0.100812483352054,-0.193360372372792,0.204,0.229,1,"NS"
"TMEM183A",0.179029260325491,-0.19344920430216,0.1,0.117,1,"NS"
"PNKD",0.172786229512246,-0.194527838856256,0.125,0.143,1,"NS"
"BZW1",0.0237970625975993,-0.196962044435324,0.333,0.374,1,"NS"
"MCTP2",0.00516485687660773,-0.197498313877263,0.116,0.156,1,"NS"
"JTB",0.0168527889386798,-0.198484986969876,0.358,0.399,1,"NS"
"MPC1",0.945213146642771,-0.198819955646956,0.129,0.128,1,"NS"
"FNBP4",0.0486483494109534,-0.19893653553038,0.132,0.159,1,"NS"
"KLHDC4",0.0584717173645872,-0.198958566106883,0.092,0.115,1,"NS"
"XBP1",0.0431228026209027,-0.199000852101568,0.367,0.397,1,"NS"
"ATRAID",0.102173389472404,-0.200592335147333,0.202,0.227,1,"NS"
"IFITM2",0.000196352695283157,-0.200667959364038,0.766,0.807,1,"NS"
"MED30",0.13241955589318,-0.200843251828493,0.115,0.135,1,"NS"
"NAA10",0.291291022188104,-0.201343455160954,0.163,0.178,1,"NS"
"PFDN2",0.552766882940854,-0.20201083371397,0.22,0.225,1,"NS"
"EMC3",0.194624264561897,-0.202614553594324,0.13,0.147,1,"NS"
"PPP2R3C",0.3335560359956,-0.203014382926231,0.105,0.117,1,"NS"
"EMC4",0.144811338601287,-0.203446959775665,0.142,0.162,1,"NS"
"CLEC2D",0.335168493759747,-0.203777265121882,0.23,0.242,1,"NS"
"TRAPPC6A",0.0245156180933708,-0.20399049183493,0.118,0.149,1,"NS"
"UFC1",0.0249044070767496,-0.204051307751506,0.297,0.336,1,"NS"
"NAPA",0.639056909031761,-0.204767390501963,0.141,0.147,1,"NS"
"TMEM50A",0.0483721545988853,-0.205363411775086,0.32,0.355,1,"NS"
"CUTA",0.111895997923174,-0.205513706900736,0.359,0.384,1,"NS"
"CCDC115",0.334578463424899,-0.205746164194434,0.107,0.118,1,"NS"
"KIF5B",0.283312841490636,-0.205803635724052,0.202,0.216,1,"NS"
"EIF3A",0.054085440467344,-0.206084382017794,0.235,0.266,1,"NS"
"LCK",0.212810894108121,-0.206085195172955,0.41,0.421,1,"NS"
"MIER1",0.0968220072799672,-0.206250044261248,0.152,0.175,1,"NS"
"NR1H2",0.85769703626245,-0.206714960946866,0.118,0.119,1,"NS"
"RICTOR",0.0108560705009911,-0.207323781888722,0.114,0.149,1,"NS"
"TM2D1",0.200973115009788,-0.207621589503963,0.106,0.122,1,"NS"
"LUC7L3",0.0215345647439048,-0.207707335447839,0.301,0.342,1,"NS"
"NCK1",0.070336411031005,-0.207759019132733,0.122,0.146,1,"NS"
"STARD3NL",0.77164664347781,-0.207870767505441,0.22,0.221,1,"NS"
"PSMC3",0.0644759465396348,-0.208297701354653,0.129,0.154,1,"NS"
"EIF4H",0.027809698240897,-0.208494142637253,0.171,0.205,1,"NS"
"TIMM17B",0.379876224984232,-0.208853773996337,0.106,0.116,1,"NS"
"COX5B",0.0134663823703642,-0.209067805707909,0.413,0.46,1,"NS"
"COX6B1",0.0130320763776739,-0.210458201308788,0.54,0.568,1,"NS"
"PSMC5",0.0969016920047519,-0.211400372969159,0.218,0.243,1,"NS"
"NT5C",0.0737014513289996,-0.211473304467902,0.172,0.199,1,"NS"
"PRPF38B",0.0264451739279743,-0.211954860505327,0.355,0.388,1,"NS"
"GPR65",0.000464257471143479,-0.212036245911639,0.315,0.383,1,"NS"
"CHD1",0.273965407207066,-0.212046727644912,0.21,0.223,1,"NS"
"CSNK2B",0.432499450038416,-0.2120984777214,0.237,0.246,1,"NS"
"TRAM1",0.0515558935256431,-0.212796072281973,0.186,0.216,1,"NS"
"ANXA11",0.188041708612237,-0.212978760752548,0.27,0.288,1,"NS"
"GPCPD1",0.0607512572048567,-0.214475371102681,0.09,0.112,1,"NS"
"SSH2",0.0858306551476268,-0.214498195685375,0.114,0.137,1,"NS"
"KMT2A",0.510109514089792,-0.21494934144806,0.16,0.168,1,"NS"
"NBEAL1",0.317431280132373,-0.215254794919624,0.178,0.191,1,"NS"
"USP3",0.233127881163608,-0.215319153722676,0.105,0.119,1,"NS"
"CCDC85B",0.0118919647797508,-0.216158608415564,0.322,0.369,1,"NS"
"TIMM17A",0.347916154609927,-0.21634083574944,0.102,0.113,1,"NS"
"LAMP1",0.24721513337711,-0.216796188436987,0.219,0.234,1,"NS"
"HAT1",0.183154652155728,-0.217014428845897,0.097,0.113,1,"NS"
"RBM33",0.0874333065024316,-0.217040482560776,0.109,0.131,1,"NS"
"CCDC12",0.00678020560718729,-0.217532205922995,0.22,0.265,1,"NS"
"ZCRB1",0.224728754417729,-0.217732067573868,0.122,0.137,1,"NS"
"MAPKAPK2",0.173561980430758,-0.217783242991704,0.086,0.102,1,"NS"
"SP3",0.177096578000731,-0.218438239785374,0.099,0.115,1,"NS"
"SDHAF2",0.0426606392508434,-0.218674408402104,0.113,0.139,1,"NS"
"SRI",0.485332162181917,-0.219012575837026,0.272,0.278,1,"NS"
"PSMG2",0.046070439071673,-0.219101415546162,0.158,0.188,1,"NS"
"COX7A2L",0.0119017499898783,-0.219203066774713,0.252,0.291,1,"NS"
"PRPF8",0.104397719727802,-0.219234794286554,0.093,0.112,1,"NS"
"USP15",0.0435348085861612,-0.219873841188417,0.189,0.223,1,"NS"
"GNB1",0.127299911572444,-0.220609444016762,0.152,0.174,1,"NS"
"EMD",0.362724095407483,-0.220685702845543,0.132,0.143,1,"NS"
"SEC61G",0.214867178202017,-0.220910347298023,0.393,0.405,1,"NS"
"GRK6",0.151612617276852,-0.221004516475743,0.117,0.135,1,"NS"
"ADGRE5",0.0407341850376903,-0.221119717343814,0.377,0.404,1,"NS"
"ACTR10",0.566168642758002,-0.221300063290334,0.117,0.123,1,"NS"
"AKR1A1",0.483361912962353,-0.221819294600632,0.106,0.113,1,"NS"
"ROCK1",0.0421782497311484,-0.221983301494977,0.236,0.268,1,"NS"
"ORMDL2",0.378850076213248,-0.223378893561796,0.098,0.108,1,"NS"
"CIAO1",0.104820431978919,-0.22367082711507,0.102,0.122,1,"NS"
"MDH1",0.11477718809501,-0.22557469333118,0.174,0.197,1,"NS"
"TBCA",0.00390948905536546,-0.22586003559648,0.316,0.364,1,"NS"
"CCDC82",0.0335524661973676,-0.226113858730377,0.089,0.115,1,"NS"
"ADPGK",0.0759500833508611,-0.226492941945066,0.082,0.103,1,"NS"
"TBCB",0.0165973611903545,-0.226644467405455,0.247,0.285,1,"NS"
"RNASEH2B",0.156177263196497,-0.227173576384716,0.105,0.123,1,"NS"
"SF3B4",0.547014289002804,-0.227353445618126,0.103,0.109,1,"NS"
"HEXA",0.0335910178818663,-0.227393868995676,0.11,0.137,1,"NS"
"COX20",0.114353915824006,-0.227501634347379,0.144,0.164,1,"NS"
"FBXO7",0.0973207442627183,-0.227602072543163,0.137,0.161,1,"NS"
"POLR2G",0.625129384779721,-0.229059450126341,0.231,0.233,1,"NS"
"TMEM59",0.00472813921660832,-0.229369831512797,0.409,0.46,1,"NS"
"ACTR3",0.0308144403038988,-0.229753168414539,0.395,0.434,1,"NS"
"COPS6",0.105927371717646,-0.230364969793834,0.193,0.217,1,"NS"
"PSMD8",0.0203625069092847,-0.230395578791759,0.29,0.33,1,"NS"
"CAPZA2",0.412517799130076,-0.231047584523129,0.169,0.18,1,"NS"
"EIF6",0.0369538764503692,-0.231380357277201,0.153,0.185,1,"NS"
"PIK3R1",0.0509956282140277,-0.232143944873264,0.318,0.346,1,"NS"
"CPNE1",0.383457982931179,-0.232638583080006,0.179,0.189,1,"NS"
"MACF1",0.000701031188707557,-0.232887578139704,0.211,0.267,1,"NS"
"ORMDL1",0.0100262176554874,-0.233709389625371,0.212,0.255,1,"NS"
"NLRC5",0.0290424144667672,-0.233752061473457,0.086,0.113,1,"NS"
"CNOT7",0.408031309591644,-0.234097176612895,0.107,0.116,1,"NS"
"UBE2R2",0.258162723551589,-0.234489056124748,0.092,0.105,1,"NS"
"CHCHD5",0.0727739348354388,-0.234555798351465,0.111,0.134,1,"NS"
"MORF4L1",0.0187281599738923,-0.234625440252324,0.387,0.425,1,"NS"
"GNB2",0.155787002138618,-0.235070182368529,0.208,0.229,1,"NS"
"PUM1",0.0797918580043506,-0.23516348921468,0.086,0.106,1,"NS"
"DDRGK1",0.08565127047888,-0.235452168966526,0.115,0.137,1,"NS"
"AP2M1",0.0112538003648272,-0.235622204055982,0.247,0.29,1,"NS"
"PSENEN",0.416632699801976,-0.235869092767067,0.137,0.147,1,"NS"
"PSMB2",0.140748873665,-0.236259693428027,0.201,0.222,1,"NS"
"PPP6C",0.150075406813568,-0.236508174225417,0.089,0.106,1,"NS"
"CELF2",0.0117781831542104,-0.236906455127806,0.349,0.389,1,"NS"
"XRCC6",0.107071401132139,-0.237863132434754,0.225,0.25,1,"NS"
"SYAP1",0.00597612811427734,-0.23812664326538,0.23,0.273,1,"NS"
"FKBP5",0.147908015821126,-0.238470011853371,0.156,0.177,1,"NS"
"PARK7",0.00491960569512815,-0.238480805384754,0.404,0.458,1,"NS"
"G3BP1",0.201352705351288,-0.23854722964297,0.139,0.155,1,"NS"
"VPS51",0.230769845473923,-0.238780499246718,0.111,0.126,1,"NS"
"PARP14",0.319423817764311,-0.239058014320453,0.122,0.135,1,"NS"
"FAM107B",0.0587487833327409,-0.239358153781854,0.234,0.262,1,"NS"
"EVI2B",0.0885368735203892,-0.240619156167116,0.219,0.246,1,"NS"
"GOLGB1",0.453126713901951,-0.241173428038185,0.16,0.168,1,"NS"
"PEPD",0.0571586249821492,-0.241501916471541,0.085,0.108,1,"NS"
"RNF145",0.311188679860351,-0.241649209267818,0.129,0.141,1,"NS"
"ILK",0.0294073014865513,-0.242162146125561,0.116,0.146,1,"NS"
"PDAP1",0.0552244712463869,-0.242263126596558,0.179,0.207,1,"NS"
"RSU1",0.551611481603076,-0.242480847254385,0.108,0.114,1,"NS"
"ARF5",0.190231739242269,-0.24257708261382,0.187,0.206,1,"NS"
"CAPZB",0.00627528588910608,-0.242827562235157,0.41,0.452,1,"NS"
"CDC5L",0.130962834236299,-0.243225389280034,0.108,0.127,1,"NS"
"CEP57",0.311579798718318,-0.243704778295498,0.103,0.114,1,"NS"
"NFATC3",0.0479940760161907,-0.244279990756413,0.141,0.169,1,"NS"
"PSIP1",0.0120324923607749,-0.244564462692407,0.158,0.194,1,"NS"
"RAB14",0.0241928815245929,-0.244762963968904,0.132,0.164,1,"NS"
"PICALM",0.165506069735033,-0.24476818771507,0.087,0.103,1,"NS"
"PSMD7",0.182954755161927,-0.244969878213508,0.163,0.181,1,"NS"
"IL2RG",0.00085317482560638,-0.245289388034346,0.492,0.55,1,"NS"
"SDF4",0.0672817208687906,-0.245617627645775,0.184,0.213,1,"NS"
"PDCD5",0.383680146555737,-0.247854674627743,0.147,0.158,1,"NS"
"DGUOK",0.0456312925757036,-0.248156968921536,0.235,0.266,1,"NS"
"PLEKHJ1",0.128431105399341,-0.248238857040303,0.12,0.14,1,"NS"
"DAZAP2",0.0616022892453773,-0.248436611865856,0.3,0.325,1,"NS"
"JARID2",0.014012423551938,-0.248486132149941,0.078,0.106,1,"NS"
"FAM162A",0.279300995734321,-0.250230921865862,0.093,0.105,1,"NS"
"NEDD8",0.00260306978083376,-0.250304963886318,0.41,0.466,1,"NS"
"TMEM109",0.102590587387609,-0.250313571017565,0.119,0.141,1,"NS"
"CHMP2A",0.0048706461123131,-0.250750812960219,0.193,0.238,1,"NS"
"TMF1",0.0259973747750306,-0.250805598190581,0.14,0.17,1,"NS"
"CWC25",0.500322336219178,-0.250807862017353,0.126,0.134,1,"NS"
"ABHD14B",0.235642858511095,-0.250964719878318,0.105,0.119,1,"NS"
"IAH1",0.197896920566352,-0.251870622399941,0.144,0.161,1,"NS"
"METTL5",0.839541996512428,-0.251879159248445,0.122,0.117,1,"NS"
"ACAA1",0.0730385049714706,-0.251894102550148,0.111,0.134,1,"NS"
"PRKCH",0.00467101809788128,-0.252080617381972,0.274,0.324,1,"NS"
"PPP1R7",0.264326675486224,-0.252445437141536,0.146,0.161,1,"NS"
"ZNHIT1",0.0014066508391351,-0.252468568955687,0.202,0.257,1,"NS"
"ATP6V1G1",0.00526959335298067,-0.253170998440397,0.401,0.448,1,"NS"
"NIPBL",0.00680091211982307,-0.253253934328711,0.13,0.169,1,"NS"
"IL16",0.639889822745732,-0.253427214260891,0.151,0.156,1,"NS"
"IDH2",0.0875312982897233,-0.253681673704355,0.208,0.234,1,"NS"
"DNAJB11",0.490910812426233,-0.253856514331652,0.143,0.15,1,"NS"
"NDUFA1",0.000510652149283594,-0.254106093897245,0.382,0.448,1,"NS"
"KLHL24",0.131835166733991,-0.254330308386926,0.087,0.104,1,"NS"
"DPM3",0.178416008877482,-0.254368827376602,0.114,0.132,1,"NS"
"PTRHD1",0.073281177136841,-0.254961624143278,0.122,0.145,1,"NS"
"CTNNBL1",0.0610855270786885,-0.254978851025977,0.089,0.111,1,"NS"
"TOP1",0.10574748598839,-0.25551689777123,0.179,0.201,1,"NS"
"TAP1",0.0215952281668707,-0.256491048094488,0.243,0.282,1,"NS"
"SH3GLB1",0.0308339621912497,-0.256514710066616,0.209,0.243,1,"NS"
"CDC42SE2",0.00439528309116855,-0.256559578288577,0.314,0.366,1,"NS"
"PSMA7",0.00393625382562427,-0.25692279866897,0.526,0.563,1,"NS"
"EIF2S2",0.00966604676153376,-0.257042270264055,0.211,0.255,1,"NS"
"ACAA2",0.0792758013176403,-0.257648041675342,0.129,0.152,1,"NS"
"BSG",0.00443054205191506,-0.258099550829006,0.288,0.339,1,"NS"
"RAB8B",0.176449011149253,-0.258296289103742,0.193,0.213,1,"NS"
"KRAS",0.0985814600005109,-0.258589038494465,0.14,0.162,1,"NS"
"PSMB3",0.006626884956292,-0.258645262564686,0.277,0.324,1,"NS"
"UBXN1",0.00340388133366962,-0.258927864167201,0.377,0.425,1,"NS"
"CORO1A",0.000101796411503195,-0.259404139257382,0.664,0.709,1,"NS"
"BDP1",0.104173813609132,-0.259766341787547,0.144,0.165,1,"NS"
"USP16",0.0309852503196514,-0.259880428162856,0.177,0.211,1,"NS"
"XRN2",0.16609504064774,-0.261101943063151,0.149,0.167,1,"NS"
"TMEM167A",0.244559347006367,-0.261497019111968,0.138,0.153,1,"NS"
"NDUFS3",0.128612333796511,-0.261550068007345,0.114,0.133,1,"NS"
"CANX",0.0119097215100557,-0.261569400416274,0.183,0.223,1,"NS"
"UBQLN1",0.323685727952471,-0.261649217393624,0.093,0.104,1,"NS"
"NCL",0.000849442031914119,-0.261659934924518,0.47,0.515,1,"NS"
"SREK1",0.183366983909081,-0.261854595197377,0.107,0.123,1,"NS"
"ATP6V0B",0.0337635129017744,-0.261985620285728,0.245,0.279,1,"NS"
"MYH9",0.00644837772160356,-0.26270401375007,0.234,0.276,1,"NS"
"CASP1",0.308543535914073,-0.262776788934015,0.154,0.167,1,"NS"
"ACP1",0.199482422890204,-0.263111067660085,0.182,0.198,1,"NS"
"PFDN4",0.388713990465004,-0.263328016934457,0.095,0.104,1,"NS"
"RASGRP1",0.099330090740776,-0.263416468366281,0.116,0.138,1,"NS"
"PCGF5",0.0640400127037588,-0.264066698766825,0.09,0.111,1,"NS"
"PRR13",0.0615254398948738,-0.264102436908622,0.365,0.388,1,"NS"
"TSNAX",0.0766363287933391,-0.264160189905108,0.103,0.125,1,"NS"
"WBP11",0.0443087691235267,-0.264537624667727,0.112,0.138,1,"NS"
"ERH",0.0642089062634594,-0.264638764885577,0.278,0.305,1,"NS"
"DAD1",0.0166098941888436,-0.265794984799975,0.35,0.39,1,"NS"
"GIMAP1",0.00248300866741279,-0.266047901999821,0.147,0.192,1,"NS"
"RHOF",0.0838738565743754,-0.26639230910374,0.206,0.233,1,"NS"
"HCLS1",0.0081115141340034,-0.266561112196927,0.3,0.342,1,"NS"
"UPF3B",0.0705943092765122,-0.266594648393208,0.087,0.108,1,"NS"
"RECQL",0.00890331695662092,-0.266613156116442,0.11,0.144,1,"NS"
"PTPN1",0.3873364267909,-0.267257291768528,0.121,0.131,1,"NS"
"ANXA2R",0.0830816832732942,-0.267370734895955,0.093,0.114,1,"NS"
"MPHOSPH10",0.0067439713189215,-0.267987869375728,0.075,0.106,1,"NS"
"ZNF148",0.107868564996715,-0.268914292836019,0.108,0.128,1,"NS"
"ATG5",0.377000358145117,-0.26926017062646,0.093,0.102,1,"NS"
"PSMA5",0.115382368977306,-0.269742338513525,0.237,0.261,1,"NS"
"PSMC6",0.0372956879116359,-0.270088101418048,0.134,0.164,1,"NS"
"ARL2BP",0.295996389088585,-0.270153748461661,0.11,0.122,1,"NS"
"ATRX",0.0659263510222664,-0.270382977983036,0.254,0.281,1,"NS"
"IP6K2",0.327356332651244,-0.270452711138021,0.102,0.113,1,"NS"
"SS18L2",0.0623517163122604,-0.270524413752584,0.162,0.188,1,"NS"
"COQ10B",0.17915313404903,-0.270528062631504,0.162,0.18,1,"NS"
"MYO9B",0.112494137174777,-0.271412837417671,0.088,0.107,1,"NS"
"TSPAN14",0.153159905294734,-0.271816500444497,0.141,0.16,1,"NS"
"CCDC124",0.328884657056609,-0.272224401928275,0.104,0.114,1,"NS"
"RAB11FIP1",0.0620184800077595,-0.272367637677113,0.132,0.159,1,"NS"
"CDC42",0.000819366594840957,-0.273008173901461,0.54,0.583,1,"NS"
"CNOT4",0.0959494697112537,-0.273166996024357,0.138,0.16,1,"NS"
"NDUFS4",0.0791978744645415,-0.274032015690529,0.109,0.131,1,"NS"
"CALR",0.00764625529360962,-0.274406738146581,0.453,0.481,1,"NS"
"FUNDC2",0.00609657956438784,-0.274669759475967,0.112,0.149,1,"NS"
"CTSS",0.000549295316411795,-0.274759079213774,0.212,0.271,1,"NS"
"BTF3L4",0.33311879549024,-0.275470127286549,0.101,0.111,1,"NS"
"PPP2R5A",0.0542735584564698,-0.27562155163356,0.113,0.138,1,"NS"
"HSD17B10",0.154294600692566,-0.275753993868059,0.132,0.151,1,"NS"
"RSRC1",0.0229120953445819,-0.27652297117916,0.079,0.106,1,"NS"
"UPP1",0.0207569757879525,-0.276835039796012,0.204,0.241,1,"NS"
"PRKDC",0.0897973778160077,-0.277009208365909,0.096,0.117,1,"NS"
"GTF2I",0.0262042288563151,-0.277368366387208,0.113,0.142,1,"NS"
"SSB",0.0365488470136269,-0.278248601646592,0.215,0.245,1,"NS"
"APBB1IP",0.000406408530475471,-0.279677225742419,0.216,0.274,1,"NS"
"ADAM8",0.0445550459650672,-0.279940747980916,0.187,0.216,1,"NS"
"COMMD4",0.115475577206036,-0.279970450002886,0.088,0.106,1,"NS"
"ATP6V0D1",0.153739712545909,-0.280149159477335,0.148,0.166,1,"NS"
"RIOK3",0.0171650950942761,-0.280648596468167,0.098,0.129,1,"NS"
"PRKACB",0.00940927019016025,-0.281572628384143,0.17,0.211,1,"NS"
"SLFN5",0.0196028945795703,-0.281712113138828,0.188,0.224,1,"NS"
"GNG5",0.000267884010881604,-0.281846890614767,0.303,0.367,1,"NS"
"RHOC",0.00439101082887864,-0.282202344898839,0.3,0.347,1,"NS"
"TCEA1",0.0478843150500665,-0.283173888644347,0.202,0.234,1,"NS"
"SNRPD3",0.0345287077986276,-0.283201220192319,0.211,0.244,1,"NS"
"ARPP19",0.0591047695829737,-0.283542570666007,0.164,0.19,1,"NS"
"GUK1",0.000216515322318218,-0.284540185690938,0.513,0.564,1,"NS"
"SMCHD1",0.00257415028756532,-0.28537107412188,0.207,0.256,1,"NS"
"RBM6",0.0049075109496501,-0.285373558335549,0.123,0.162,1,"NS"
"RNH1",0.0251893820589956,-0.285634241788639,0.17,0.203,1,"NS"
"PPM1G",0.0158806379680623,-0.286014814235063,0.158,0.193,1,"NS"
"SNRPG",0.0359012731297037,-0.286885660898861,0.307,0.337,1,"NS"
"ANP32A",0.0794528997208089,-0.286890052732728,0.205,0.231,1,"NS"
"MEA1",0.076667869287109,-0.286927428303748,0.098,0.119,1,"NS"
"PSAP",0.00136607607035501,-0.28716640355949,0.211,0.266,1,"NS"
"TMED2",0.128909383131282,-0.287178083544905,0.242,0.262,1,"NS"
"PSMB9",0.000204242638224161,-0.289216323579856,0.51,0.559,1,"NS"
"RBM4",0.0505857303143452,-0.28978881838895,0.122,0.148,1,"NS"
"B4GALT1",0.000275663072661731,-0.290611164375168,0.138,0.194,1,"NS"
"RPA3",0.274749381420244,-0.290675298154372,0.116,0.129,1,"NS"
"PITPNC1",0.0039540826160768,-0.291171269277453,0.16,0.204,1,"NS"
"DGKD",0.147407625376767,-0.291530090572053,0.086,0.103,1,"NS"
"USF2",0.0280906623363267,-0.291611544605108,0.121,0.151,1,"NS"
"KDELR2",0.0433754893773652,-0.291995902444212,0.164,0.192,1,"NS"
"SMC3",0.00811125281107017,-0.292327902604389,0.132,0.167,1,"NS"
"FBXW5",0.00819620577409107,-0.292724422326454,0.148,0.188,1,"NS"
"DBNL",0.0308978923511369,-0.293174008474545,0.143,0.174,1,"NS"
"IQGAP1",0.00171946760413445,-0.293183877117787,0.272,0.325,1,"NS"
"BHLHE40",0.000718506924756488,-0.293228783711126,0.192,0.25,1,"NS"
"FKBP3",0.539757339925437,-0.293414906207285,0.095,0.1,1,"NS"
"UHMK1",0.0279246266882862,-0.293559433822163,0.137,0.167,1,"NS"
"LAMTOR4",0.000514286650402039,-0.293642568165611,0.358,0.419,1,"NS"
"ITSN2",0.125046025330031,-0.293758895386923,0.145,0.164,1,"NS"
"CIR1",0.00581690070272889,-0.293859312955719,0.167,0.208,1,"NS"
"SRA1",0.16812678752823,-0.294101389322813,0.111,0.127,1,"NS"
"POLR2F",0.0536979005548754,-0.294277013672075,0.169,0.197,1,"NS"
"JPX",0.162487198101147,-0.29430389651373,0.089,0.105,1,"NS"
"DUSP23",0.172108833770933,-0.294629079483979,0.099,0.115,1,"NS"
"FDPS",0.0191884894073013,-0.296703039523238,0.163,0.197,1,"NS"
"HSBP1",0.127164335510509,-0.297133898496225,0.125,0.144,1,"NS"
"UBE2D2",0.00741179359021882,-0.297290804259568,0.316,0.358,1,"NS"
"RNF149",0.0116203305848164,-0.297508862659372,0.141,0.178,1,"NS"
"ATG12",0.0482121691760632,-0.298821714726681,0.173,0.201,1,"NS"
"BCL7B",0.253127190477419,-0.298824564191436,0.114,0.127,1,"NS"
"PAIP2",0.0222297823849334,-0.299844368397418,0.288,0.321,1,"NS"
"TERF2IP",0.00251165192401736,-0.300116510899367,0.296,0.349,1,"NS"
"EIF3G",0.00368388678131428,-0.300181004619833,0.491,0.523,1,"NS"
"THOC7",0.100125768200584,-0.300701857816536,0.132,0.153,1,"NS"
"TRIM56",0.0730625018843417,-0.301097049459288,0.099,0.121,1,"NS"
"TLN1",0.00121280767278624,-0.301145611198226,0.254,0.307,1,"NS"
"ZC3H15",0.0176196879779872,-0.301194601039471,0.206,0.245,1,"NS"
"PDCD2",0.0545892107072554,-0.301312260501868,0.112,0.136,1,"NS"
"PPP1R35",0.0128382447577411,-0.301561179823755,0.088,0.118,1,"NS"
"GUSB",0.163703487632829,-0.301703417316975,0.086,0.102,1,"NS"
"CWC15",0.257460220508902,-0.301717808254997,0.15,0.164,1,"NS"
"TMEM50B",0.294808520077829,-0.301943324075243,0.102,0.115,1,"NS"
"COX6A1",0.000403913985909832,-0.302957523314382,0.448,0.506,1,"NS"
"PHF3",0.0588214566735579,-0.303309438024584,0.123,0.148,1,"NS"
"SMG1",0.0312153230134333,-0.30346690704693,0.132,0.162,1,"NS"
"MED28",0.119055323695755,-0.304072852757318,0.122,0.141,1,"NS"
"TMCO1",0.00319605994146633,-0.304203619464172,0.221,0.269,1,"NS"
"CTDNEP1",0.00769462658677177,-0.305367696729956,0.09,0.122,1,"NS"
"POP5",0.00300949757103256,-0.305401122277577,0.096,0.133,1,"NS"
"ANKRD12",0.00164040374300323,-0.305822429703609,0.318,0.37,1,"NS"
"DHRS3",0.0315600877058784,-0.306170588493418,0.084,0.11,1,"NS"
"UBE2M",0.00863173257250809,-0.307224669104483,0.104,0.138,1,"NS"
"PHF11",0.0191675883664661,-0.308339575745392,0.118,0.149,1,"NS"
"SNX2",0.183308320172621,-0.309056392374757,0.087,0.102,1,"NS"
"LCP1",9.28765116662762e-05,-0.309326324770171,0.466,0.53,1,"NS"
"DNM2",0.0466442396027483,-0.30934332679966,0.089,0.112,1,"NS"
"OSBPL8",0.0352251948890804,-0.309705979839667,0.152,0.18,1,"NS"
"RER1",0.0275772009985871,-0.310435484992098,0.179,0.211,1,"NS"
"RAD23B",0.0323536911389349,-0.311797367363411,0.088,0.113,1,"NS"
"PSMA3",0.00244148688371055,-0.312056517989059,0.171,0.219,1,"NS"
"SNRPC",0.0237542822763714,-0.312581701859862,0.137,0.167,1,"NS"
"BLOC1S2",0.597110229303939,-0.312718136662162,0.141,0.145,1,"NS"
"INPP5D",0.018412489040348,-0.312900333384654,0.162,0.195,1,"NS"
"SRRM2",0.00264453849371316,-0.3129636628622,0.333,0.384,1,"NS"
"AKR7A2",0.0385312852211496,-0.31359179515942,0.12,0.148,1,"NS"
"PSMA4",0.00343116770272266,-0.313782779910121,0.255,0.299,1,"NS"
"XRCC5",0.00995447504735455,-0.313979286999317,0.272,0.312,1,"NS"
"GOLGA7",0.10759463286446,-0.314002190521748,0.137,0.157,1,"NS"
"PIGT",0.101814455897693,-0.314208070934796,0.099,0.119,1,"NS"
"GPATCH8",0.00304961764291617,-0.314302423860711,0.154,0.197,1,"NS"
"SDHC",0.137207445353878,-0.315480939986838,0.152,0.171,1,"NS"
"TMEM256",0.122938463079392,-0.317890360431366,0.149,0.17,1,"NS"
"HNRNPA3",0.000241350939221508,-0.318289598880623,0.4,0.453,1,"NS"
"ITGB1",9.25038918034056e-05,-0.318393149541065,0.383,0.45,1,"NS"
"COMMD8",0.431643414739394,-0.318788920460835,0.123,0.131,1,"NS"
"CELF1",0.0707591431459793,-0.318953985999166,0.12,0.142,1,"NS"
"PPP4R3A",0.0272165410513737,-0.319340991598187,0.11,0.138,1,"NS"
"TUFM",0.000848212364146515,-0.319633264509867,0.204,0.261,1,"NS"
"WIPF1",0.000153541895144948,-0.319636563942457,0.32,0.38,1,"NS"
"DNMT1",0.442300467809039,-0.320216954984635,0.126,0.134,1,"NS"
"TAF11",0.0990335072150351,-0.320905397057184,0.093,0.112,1,"NS"
"NDUFB1",0.012604420484295,-0.322018567683385,0.253,0.293,1,"NS"
"ATF6B",0.00018239892568388,-0.322331778060072,0.113,0.165,1,"NS"
"SPEN",0.0228933998606718,-0.32343618304191,0.082,0.108,1,"NS"
"APOBEC3C",0.00611876418268483,-0.323745238073091,0.2,0.243,1,"NS"
"LAPTM4A",0.0190223700484552,-0.323878408012998,0.16,0.194,1,"NS"
"PDCD10",0.0264714658296017,-0.32444336262768,0.147,0.178,1,"NS"
"ANXA6",0.000115481162094876,-0.324903693371035,0.282,0.351,1,"NS"
"BTN3A1",0.00727283272539116,-0.325804475021276,0.131,0.169,1,"NS"
"SCP2",0.0023207534796127,-0.326040092271128,0.263,0.315,1,"NS"
"PTBP3",0.00655968523425975,-0.326432988688905,0.092,0.125,1,"NS"
"AURKAIP1",0.000504672838134141,-0.32659861750915,0.235,0.295,1,"NS"
"VPS37B",0.0111901025029287,-0.326847030381896,0.232,0.27,1,"NS"
"ARIH2",0.0025175033449543,-0.327000226852822,0.114,0.156,1,"NS"
"TNRC6B",0.00052371761560228,-0.328004148508045,0.231,0.288,1,"NS"
"NDUFS2",0.0285266113010251,-0.32834593218067,0.117,0.146,1,"NS"
"PIN1",0.042805451668804,-0.328683421132401,0.174,0.202,1,"NS"
"CHD3",0.0558090145649683,-0.329175182729958,0.079,0.1,1,"NS"
"CRELD2",0.00960464081557992,-0.329648240406823,0.103,0.136,1,"NS"
"SLC38A1",0.000554262238907274,-0.329838085646279,0.225,0.282,1,"NS"
"RALBP1",0.0804612620321546,-0.330232079673303,0.141,0.164,1,"NS"
"RSBN1L",0.00385897070833964,-0.330390991882888,0.191,0.237,1,"NS"
"FAAP20",0.0305985965128863,-0.330593466168649,0.141,0.17,1,"NS"
"TMUB1",0.043750734519438,-0.331133297798226,0.102,0.127,1,"NS"
"LMAN2",0.00111307233815695,-0.3314295291147,0.267,0.325,1,"NS"
"MAPK1IP1L",0.0203097634254261,-0.331524441327679,0.124,0.155,1,"NS"
"MOB3A",0.00620077022576358,-0.332073123815539,0.087,0.121,1,"NS"
"UBL3",0.211935543667872,-0.332276721103069,0.093,0.107,1,"NS"
"ATP6AP2",0.00973928014927655,-0.332412553672352,0.197,0.24,1,"NS"
"RALY",0.0305593618875966,-0.332793839289795,0.237,0.269,1,"NS"
"LPGAT1",0.00333316436070738,-0.33409609773736,0.074,0.108,1,"NS"
"RBBP7",0.00549052773506568,-0.334294704965982,0.134,0.173,1,"NS"
"DYNC1I2",0.12444454634153,-0.334954627693189,0.101,0.12,1,"NS"
"TRIM22",0.00328854618372767,-0.33513276021664,0.161,0.207,1,"NS"
"PIP4K2A",0.0013615040615049,-0.335678828017128,0.306,0.36,1,"NS"
"ARHGDIA",0.00182011298209109,-0.335763780510688,0.259,0.313,1,"NS"
"MGST3",0.012953456609822,-0.336482210075787,0.219,0.257,1,"NS"
"CAPZA1",0.00133510662617118,-0.336557909584515,0.254,0.306,1,"NS"
"SHISA5",0.00737130306103723,-0.336641479858018,0.155,0.194,1,"NS"
"RNF13",0.0390126071302014,-0.337195347212705,0.087,0.111,1,"NS"
"VAMP5",0.0039020674082874,-0.337694074523969,0.182,0.227,1,"NS"
"TRIM33",0.0359135406407921,-0.337989886353322,0.079,0.103,1,"NS"
"GTF3C6",0.060454457206572,-0.338465597743845,0.167,0.194,1,"NS"
"PDLIM2",0.02303171993903,-0.339456844170812,0.14,0.171,1,"NS"
"NDUFB11",0.011080696815944,-0.339464197715063,0.325,0.365,1,"NS"
"COX7B",0.000246059702792655,-0.339663229346998,0.361,0.425,1,"NS"
"MAZ",0.0152941251913043,-0.339739662029136,0.134,0.166,1,"NS"
"CTCF",0.0735391740807577,-0.340952425177986,0.093,0.113,1,"NS"
"ILKAP",0.00697293033128513,-0.341034790665815,0.08,0.112,1,"NS"
"SPPL2A",0.0446741059739634,-0.341653103220977,0.127,0.153,1,"NS"
"ARID1A",0.040340808376821,-0.342390489231176,0.095,0.119,1,"NS"
"PILRB",0.00066193637324511,-0.342911708423004,0.104,0.151,1,"NS"
"SRSF4",0.0100475276457004,-0.34304636139536,0.154,0.191,1,"NS"
"TIMM8B",0.315931160025985,-0.343071582994947,0.135,0.146,1,"NS"
"ZCCHC10",0.175016440986142,-0.343295722642224,0.087,0.102,1,"NS"
"PTGER4",0.00104804827537897,-0.343393708731765,0.213,0.268,1,"NS"
"ZC3H18",0.00401240870230238,-0.343921029340982,0.078,0.111,1,"NS"
"CD38",0.00293189859100893,-0.343945337059461,0.086,0.122,1,"NS"
"LAMTOR5",0.00306219295485505,-0.343994502479597,0.253,0.301,1,"NS"
"G6PD",0.0163968884747826,-0.344574154684062,0.131,0.164,1,"NS"
"RALGDS",0.0301971242568281,-0.344853858619601,0.103,0.131,1,"NS"
"MAF1",0.0126144453658945,-0.346636470167408,0.183,0.221,1,"NS"
"PRDM2",0.0124673397837197,-0.347928471454775,0.128,0.16,1,"NS"
"STXBP2",0.230558524668271,-0.348151078550243,0.114,0.128,1,"NS"
"SYF2",0.00244695098155616,-0.349192123117824,0.326,0.379,1,"NS"
"PLEKHA3",0.159956483569347,-0.349424937940632,0.084,0.1,1,"NS"
"UBR2",0.0554715168109193,-0.349642034331978,0.079,0.101,1,"NS"
"P4HB",0.00107014035094196,-0.349749123285759,0.266,0.321,1,"NS"
"LARP7",0.0189680038732536,-0.349835771842645,0.135,0.167,1,"NS"
"MEAF6",0.0241812077502921,-0.350725071203135,0.217,0.251,1,"NS"
"DDX27",0.00775595940839936,-0.350872660340367,0.127,0.163,1,"NS"
"NDFIP1",0.0358168161571925,-0.35205169071142,0.188,0.218,1,"NS"
"HIPK1",0.00170400563349426,-0.352716886371182,0.107,0.148,1,"NS"
"GATAD2A",0.0723939825067171,-0.35278947553595,0.084,0.105,1,"NS"
"HNRNPF",0.000108281416204528,-0.353272291778596,0.347,0.414,1,"NS"
"BAX",0.00836448612136543,-0.353282629869202,0.301,0.344,1,"NS"
"MIDN",0.00207139338282656,-0.353964504411677,0.238,0.29,1,"NS"
"RAB6A",0.02231110862323,-0.35407701267075,0.101,0.13,1,"NS"
"PGAM1",0.00361767339847069,-0.354269661034752,0.229,0.276,1,"NS"
"TPM4",0.00313770822460363,-0.354371701677578,0.215,0.26,1,"NS"
"GPBP1L1",0.329520096173186,-0.356151098791794,0.095,0.105,1,"NS"
"SMAP1",0.0433018342066102,-0.356373836125876,0.109,0.134,1,"NS"
"TIAL1",0.0236469750304577,-0.356704795743164,0.133,0.164,1,"NS"
"PHF20",0.0163999975592283,-0.356806180060925,0.209,0.243,1,"NS"
"SMARCA2",0.00583793978002547,-0.356915029459406,0.127,0.164,1,"NS"
"IVNS1ABP",0.00527045811398587,-0.357561423560044,0.196,0.238,1,"NS"
"SAR1A",0.020079624194714,-0.35778172615506,0.185,0.22,1,"NS"
"TCEAL8",0.0295689310644483,-0.358005982111913,0.089,0.114,1,"NS"
"OSTC",0.00455469042703981,-0.358611527619491,0.203,0.248,1,"NS"
"TMED5",0.0289884778219224,-0.359300428818235,0.103,0.131,1,"NS"
"CD244",0.200490006530475,-0.360125792943266,0.093,0.107,1,"NS"
"ADA",0.00557042889378227,-0.360400043498246,0.079,0.112,1,"NS"
"CHURC1",0.0064711241650217,-0.360760465394008,0.204,0.247,1,"NS"
"PSMA2",0.0780305029376075,-0.360783080992894,0.239,0.261,1,"NS"
"CCDC107",0.0046480562906092,-0.360911756986111,0.212,0.257,1,"NS"
"ITGB1BP1",0.00633871249808266,-0.362278837236966,0.142,0.181,1,"NS"
"BID",0.406108389696658,-0.362456050011452,0.094,0.102,1,"NS"
"NAA20",0.0248531044464494,-0.362752579703517,0.087,0.113,1,"NS"
"SF3B6",0.00181459481257668,-0.362953756114666,0.257,0.308,1,"NS"
"NOP10",0.00626586915170158,-0.362977648218799,0.277,0.317,1,"NS"
"USP47",0.0120620178097817,-0.363182228417971,0.101,0.134,1,"NS"
"SNRNP27",0.00211108552997025,-0.363319320069188,0.082,0.119,1,"NS"
"CDV3",0.000464179922716874,-0.364222242319157,0.16,0.212,1,"NS"
"APBA2",0.00630911667436638,-0.36431648179518,0.079,0.111,1,"NS"
"LSM10",0.0251000075508478,-0.364986584618733,0.114,0.143,1,"NS"
"PDCD7",0.0824767533583291,-0.365447079856406,0.12,0.142,1,"NS"
"KMT2C",0.00861137447670446,-0.365787014007914,0.089,0.12,1,"NS"
"MAT2B",0.0299710813224849,-0.368164012456497,0.12,0.149,1,"NS"
"NDUFA9",0.0222254917546589,-0.36862407768827,0.109,0.139,1,"NS"
"NMI",0.135468307649892,-0.368724370665281,0.087,0.103,1,"NS"
"XRN1",0.0120111369488945,-0.368762815805291,0.11,0.143,1,"NS"
"TTC14",0.00241815879137994,-0.368789072838484,0.151,0.196,1,"NS"
"DDHD1",0.0356624108408,-0.36938047165911,0.079,0.103,1,"NS"
"COPS4",0.202120569515814,-0.369757597998616,0.086,0.1,1,"NS"
"NDUFA3",0.000121699010476482,-0.370243576693582,0.248,0.317,1,"NS"
"TINF2",0.0135523358404016,-0.370701187681791,0.109,0.139,1,"NS"
"UBE2G2",0.0225753094134569,-0.370758924376195,0.075,0.101,1,"NS"
"AP2B1",0.0345918707558138,-0.372408429471215,0.102,0.129,1,"NS"
"SHOC2",0.0968375500549055,-0.373176417305667,0.088,0.107,1,"NS"
"SCAND1",0.000148071507612282,-0.373436452872263,0.237,0.301,1,"NS"
"SERPINB1",0.0015381462488888,-0.373463793771454,0.278,0.329,1,"NS"
"SETX",0.00221849299283613,-0.373644347431934,0.103,0.143,1,"NS"
"SMARCA5",0.0814159120371557,-0.374595875566662,0.147,0.168,1,"NS"
"PRKX",0.0208276354992781,-0.374980775313976,0.118,0.148,1,"NS"
"PSMB6",0.00357910599189177,-0.375249277411765,0.224,0.27,1,"NS"
"PGLS",0.0294972585564775,-0.375399675172789,0.147,0.176,1,"NS"
"MAP2K2",0.000161737560679293,-0.375768966715556,0.175,0.234,1,"NS"
"KDM5A",0.0158899949891643,-0.37706143805111,0.159,0.194,1,"NS"
"PET100",0.00479626926698391,-0.377148944239859,0.221,0.268,1,"NS"
"OLA1",0.0483773655113876,-0.378176627412192,0.081,0.104,1,"NS"
"PAFAH1B1",0.00701447861697641,-0.379141230421518,0.152,0.19,1,"NS"
"SUCLG1",0.052105172106725,-0.379435514941552,0.126,0.151,1,"NS"
"RAD21",0.0118117669964762,-0.380679577988996,0.159,0.194,1,"NS"
"NDUFA5",0.00215938965514017,-0.381024169967165,0.17,0.218,1,"NS"
"IRF2",0.0258688139671931,-0.382446388785962,0.123,0.152,1,"NS"
"PRPF4B",0.00783272155027307,-0.382582425107701,0.174,0.21,1,"NS"
"FAM204A",0.0197483629304577,-0.382976598908979,0.112,0.141,1,"NS"
"DERL2",0.00988445323315383,-0.383371578517955,0.114,0.149,1,"NS"
"CYB5B",0.0374656174090057,-0.383970648985124,0.152,0.18,1,"NS"
"MANF",0.0121166770996829,-0.384044421990784,0.19,0.226,1,"NS"
"JOSD1",0.0278035272010469,-0.38407155711444,0.14,0.169,1,"NS"
"MOB1A",0.00207314208713233,-0.384479838999045,0.208,0.258,1,"NS"
"STAG2",0.00207060697452,-0.384607858200113,0.118,0.161,1,"NS"
"MFSD10",0.0366601464564109,-0.385202686250886,0.17,0.2,1,"NS"
"IK",0.00980421659806762,-0.385485759655084,0.212,0.251,1,"NS"
"NFAT5",0.0346667913886466,-0.386147495952545,0.083,0.108,1,"NS"
"BNIP2",0.0105566404443121,-0.386385157542311,0.114,0.146,1,"NS"
"CDK11B",0.00203692279444154,-0.386408256488202,0.082,0.119,1,"NS"
"NDUFA6",0.00442276791679907,-0.38686169476719,0.202,0.245,1,"NS"
"ZRANB2",0.000970124769138487,-0.386985547706755,0.144,0.192,1,"NS"
"SAMD3",0.000151070775336654,-0.387248760000364,0.27,0.334,1,"NS"
"NUDT5",0.207294255964921,-0.387344586259566,0.1,0.114,1,"NS"
"LLPH",0.0258431418778176,-0.388145525320725,0.092,0.117,1,"NS"
"POLE3",0.00360149672929661,-0.388384294630063,0.098,0.135,1,"NS"
"NRBP1",0.00684199163170216,-0.389572116519608,0.117,0.153,1,"NS"
"DUSP11",0.0115455819336455,-0.389596757832689,0.076,0.104,1,"NS"
"GGA1",0.128427200868318,-0.389633765294803,0.117,0.135,1,"NS"
"GSTO1",0.00614307158849714,-0.389744800667335,0.161,0.2,1,"NS"
"SZRD1",0.00499741546413928,-0.39011848048482,0.096,0.132,1,"NS"
"CAMTA1",0.248028361135889,-0.390634846328961,0.099,0.112,1,"NS"
"ZNF207",0.00102550427809952,-0.390942944621618,0.227,0.278,1,"NS"
"PPP3CC",0.0443466551155125,-0.391444486189797,0.125,0.151,1,"NS"
"NDUFB9",0.0511097624764912,-0.39271937944196,0.242,0.266,1,"NS"
"NDUFB4",0.000151811506366787,-0.392987708849408,0.254,0.318,1,"NS"
"ZMAT2",0.00285304399534601,-0.393189783513289,0.15,0.193,1,"NS"
"ZNF644",0.0668767231793994,-0.393292431959095,0.119,0.142,1,"NS"
"AOAH",0.000957034135533411,-0.394464158495841,0.209,0.262,1,"NS"
"BCL11B",0.0524608172264167,-0.394551362888749,0.085,0.107,1,"NS"
"FAM50A",0.0518736685426962,-0.394554288126303,0.141,0.165,1,"NS"
"TGOLN2",0.00489635507257887,-0.395033543096788,0.182,0.223,1,"NS"
"YY1",0.00201376856871552,-0.395262212043474,0.175,0.221,1,"NS"
"DNAJC19",0.0195230758915656,-0.395872998573527,0.131,0.162,1,"NS"
"KPNA4",0.115481527275536,-0.396360719539577,0.099,0.118,1,"NS"
"PWP1",0.0137562823695628,-0.39724381590978,0.08,0.109,1,"NS"
"SMAD2",0.0876868147434183,-0.397481842863812,0.083,0.102,1,"NS"
"SUPT16H",0.0292394713428108,-0.397780049056418,0.111,0.138,1,"NS"
"WDR1",0.00158072042318447,-0.398057945666494,0.221,0.273,1,"NS"
"ATG3",0.0939785268449558,-0.398371560735631,0.101,0.12,1,"NS"
"BCAP31",0.00103075592049813,-0.398974840078565,0.219,0.27,1,"NS"
"IFT20",0.0424544765054351,-0.399205715257665,0.084,0.107,1,"NS"
"MTF2",0.068274891997009,-0.400760623292969,0.11,0.133,1,"NS"
"SSR1",0.0493840192044488,-0.401074373483519,0.123,0.148,1,"NS"
"TOP2B",0.0520797325897921,-0.401090079934492,0.101,0.123,1,"NS"
"TECR",0.0330997782914155,-0.403536970474285,0.218,0.25,1,"NS"
"POLD4",0.0400850303574248,-0.404384802914629,0.109,0.134,1,"NS"
"NDUFAB1",0.00613074081455079,-0.405176216529343,0.188,0.229,1,"NS"
"ARRB2",0.0129166957474962,-0.40526027068429,0.169,0.206,1,"NS"
"ANXA2",0.00028959615005751,-0.40589292156971,0.28,0.337,1,"NS"
"CYC1",0.00989574530361197,-0.405923573412613,0.143,0.178,1,"NS"
"TSC22D4",0.0302566365540159,-0.406631356449481,0.167,0.196,1,"NS"
"ARHGEF3",0.000133689365207454,-0.41008088593428,0.116,0.167,1,"NS"
"TBC1D10C",0.000203365927582844,-0.411822788971379,0.319,0.374,1,"NS"
"ITGB7",0.00856335764524634,-0.412644864576569,0.195,0.233,1,"NS"
"FERMT3",0.00293619252586624,-0.412887468037782,0.18,0.226,1,"NS"
"ARID5B",0.000193471736979891,-0.412961883733704,0.171,0.229,1,"NS"
"PKN1",8.66582507745901e-05,-0.413246562116444,0.137,0.194,1,"NS"
"COX17",0.0011341738907839,-0.413767746559251,0.216,0.266,1,"NS"
"GCC2",0.00242898410892479,-0.414007966236183,0.208,0.255,1,"NS"
"NSMCE3",0.0127628681754182,-0.41562205299562,0.132,0.166,1,"NS"
"BABAM1",0.103397861529535,-0.415625173884088,0.113,0.133,1,"NS"
"ST8SIA4",0.0133019247622249,-0.417238361627589,0.079,0.107,1,"NS"
"PDIA6",0.00079932406938328,-0.417250360904806,0.232,0.284,1,"NS"
"CNOT6L",0.00253842114077129,-0.417463240790697,0.241,0.287,1,"NS"
"ACAP2",0.00132341191405084,-0.418809803139993,0.111,0.154,1,"NS"
"IST1",0.0573669150935498,-0.419124960870556,0.095,0.117,1,"NS"
"LSM6",0.00364232317276402,-0.41917181536525,0.134,0.175,1,"NS"
"DCTN3",0.00113033051419023,-0.419548030646769,0.21,0.262,1,"NS"
"NENF",0.0862638472232456,-0.419822991094955,0.084,0.103,1,"NS"
"PHAX",0.0169800242674254,-0.419998746885154,0.083,0.11,1,"NS"
"PNRC2",0.0330222390336101,-0.420952972319767,0.184,0.211,1,"NS"
"RPAIN",0.00148977538587262,-0.421016238495749,0.103,0.145,1,"NS"
"OTUB1",0.00374852872306394,-0.422637354320683,0.119,0.157,1,"NS"
"TSR2",0.0122379655384316,-0.424205504849864,0.086,0.115,1,"NS"
"SMARCC2",0.0165362886806383,-0.424339636956457,0.077,0.103,1,"NS"
"TXNDC17",0.0132852242520948,-0.425057832728558,0.118,0.151,1,"NS"
"FAM172A",0.0257496060694936,-0.425400175469732,0.088,0.113,1,"NS"
"SAP30BP",0.0411886382126705,-0.426437813090566,0.121,0.147,1,"NS"
"RAB2A",0.0110026310260232,-0.427028559120644,0.203,0.242,1,"NS"
"RPA2",0.00182485180955738,-0.427842372387235,0.156,0.202,1,"NS"
"TMEM107",0.0336413739763701,-0.428003199508477,0.079,0.102,1,"NS"
"SEC63",0.268151786726819,-0.428139920693078,0.093,0.104,1,"NS"
"ZNF638",0.0319199419813621,-0.428213696666355,0.096,0.122,1,"NS"
"PPP4C",0.00509635370800754,-0.430914606986504,0.186,0.227,1,"NS"
"SIGIRR",0.00367694307420049,-0.431209520252795,0.241,0.286,1,"NS"
"PSMC1",0.00465937675571941,-0.431287890907728,0.117,0.154,1,"NS"
"RCN2",0.00593176754693055,-0.43221110391799,0.161,0.2,1,"NS"
"SMC1A",0.00896802162993525,-0.432981941909121,0.086,0.116,1,"NS"
"MARK3",0.0490981729666737,-0.433814849316358,0.1,0.123,1,"NS"
"STIM2",0.000118148497933441,-0.433880049024952,0.078,0.124,1,"NS"
"SYTL2",0.138757385250685,-0.434229813478076,0.086,0.102,1,"NS"
"GOLGA4",0.000374282154928089,-0.434303960685667,0.15,0.204,1,"NS"
"POMP",7.40262992303999e-05,-0.434334274957898,0.365,0.429,1,"NS"
"ADRB2",0.00035598892196015,-0.436676734300547,0.118,0.168,1,"NS"
"LMAN1",0.0700800166930245,-0.43698130684617,0.112,0.134,1,"NS"
"KRT10",0.000529051681357243,-0.437412360130661,0.262,0.318,1,"NS"
"WDR82",0.0024331209722756,-0.438526119483479,0.093,0.13,1,"NS"
"MIS18BP1",0.0326062305684408,-0.439895735501615,0.079,0.103,1,"NS"
"NPC2",0.0409945192958243,-0.440243531378456,0.114,0.139,1,"NS"
"PTMS",0.0274785721010682,-0.440296985730675,0.132,0.161,1,"NS"
"GPAA1",0.000804907058242792,-0.440796805424731,0.081,0.122,1,"NS"
"MED4",8.10665596878501e-05,-0.440889807869233,0.15,0.211,1,"NS"
"DNAJA2",0.0233631991648547,-0.440907466227512,0.115,0.145,1,"NS"
"SCNM1",0.319787949555863,-0.440912999319736,0.094,0.104,1,"NS"
"SNW1",0.00245847441486667,-0.441022603301175,0.148,0.191,1,"NS"
"NSA2",0.000202535606081022,-0.441302268482343,0.219,0.276,1,"NS"
"CEP350",0.00258187149876423,-0.441465927361468,0.089,0.126,1,"NS"
"TXNDC9",0.000536299281603584,-0.4419761767891,0.071,0.11,1,"NS"
"UQCRC1",0.0969212656234064,-0.442083627134845,0.083,0.102,1,"NS"
"TMOD3",0.00593512543763334,-0.443315662512445,0.114,0.151,1,"NS"
"FASLG",0.010544207409676,-0.444068298281876,0.107,0.139,1,"NS"
"CREBRF",0.0069738223106868,-0.444469287538165,0.13,0.165,1,"NS"
"EIF2AK1",0.0848562902786503,-0.444542326448265,0.089,0.108,1,"NS"
"TMEM9B",0.00358220025621789,-0.444832237079604,0.137,0.177,1,"NS"
"CDC40",0.00338005099075716,-0.44567687033263,0.13,0.17,1,"NS"
"MFNG",0.0282335952465907,-0.445982839446749,0.103,0.13,1,"NS"
"CD3D",0.787326336339765,-0.446054214272776,0.182,0.177,1,"NS"
"IL27RA",0.0164994541878859,-0.446067088647388,0.111,0.141,1,"NS"
"PLEKHA2",0.00179232176387113,-0.446370866081849,0.11,0.151,1,"NS"
"EAPP",0.00123040537384787,-0.448596122293949,0.137,0.182,1,"NS"
"ATP6AP1",0.0178382706306309,-0.449627392759132,0.076,0.102,1,"NS"
"SEC31A",0.112470646556498,-0.449688199165032,0.09,0.108,1,"NS"
"SRP19",0.00294311120335792,-0.449977396053736,0.164,0.207,1,"NS"
"CMIP",0.00116377518112592,-0.450534673314837,0.107,0.149,1,"NS"
"SNRPA1",0.150918834411368,-0.4512162289825,0.12,0.136,1,"NS"
"TM9SF3",0.00665374196774208,-0.452698994280385,0.088,0.12,1,"NS"
"MDM4",0.000157149448231482,-0.45393075534915,0.121,0.174,1,"NS"
"KIAA2026",0.0816730007937374,-0.454076189382892,0.108,0.128,1,"NS"
"RBX1",0.000321953107399218,-0.45470985172779,0.277,0.334,1,"NS"
"NSD1",0.000257137366839448,-0.454906193136762,0.094,0.142,1,"NS"
"YIPF4",0.00191704479103008,-0.456332750892499,0.108,0.148,1,"NS"
"DERL1",0.00679911589722918,-0.456440778626683,0.144,0.18,1,"NS"
"ATP6V0C",0.0280561809223135,-0.457122982826113,0.082,0.106,1,"NS"
"TES",0.000102929081410869,-0.458165314192685,0.15,0.209,1,"NS"
"BLOC1S6",0.00157253280358966,-0.458381812064568,0.068,0.103,1,"NS"
"PSMD14",0.05898869653406,-0.459063066498311,0.091,0.112,1,"NS"
"EMC7",0.000199293987917606,-0.459773110968462,0.128,0.181,1,"NS"
"GLRX5",0.00145739681532818,-0.460637082674518,0.086,0.125,1,"NS"
"SLAMF7",0.00251119092974693,-0.460775026762377,0.109,0.148,1,"NS"
"SDHA",0.0123631925094367,-0.461088566545355,0.113,0.144,1,"NS"
"PLEKHB2",0.132984781034964,-0.461255729031902,0.1,0.116,1,"NS"
"SH2D1B",0.00400509756707043,-0.461915383547218,0.145,0.186,1,"NS"
"ARFGAP2",0.0349391504342268,-0.462306227429243,0.11,0.135,1,"NS"
"REST",0.00309461065553526,-0.462570123559969,0.107,0.144,1,"NS"
"SCAMP2",0.00691015622949994,-0.464710009208745,0.111,0.147,1,"NS"
"KIF21A",0.0350571085081642,-0.464896496360978,0.079,0.101,1,"NS"
"WNK1",0.000291473659768336,-0.465229652616222,0.127,0.177,1,"NS"
"DOCK2",0.0121624399390076,-0.465767065926226,0.085,0.114,1,"NS"
"SLA2",0.00693614133180017,-0.465815251909792,0.143,0.179,1,"NS"
"SIRT2",0.000123278572167463,-0.466142203772289,0.137,0.193,1,"NS"
"DENND2D",0.00047413137972898,-0.466384129708899,0.18,0.233,1,"NS"
"EFCAB14",0.017093282737039,-0.466983635097535,0.079,0.106,1,"NS"
"PSME4",0.00231046408857594,-0.467068380836013,0.067,0.101,1,"NS"
"DNAJC3",0.0120587237789452,-0.468550063573385,0.114,0.146,1,"NS"
"RRAGA",0.0506814429470223,-0.468568810823254,0.079,0.101,1,"NS"
"USP34",0.00474748897189833,-0.468571607118276,0.103,0.139,1,"NS"
"SURF1",0.0453907201746245,-0.46894577003687,0.099,0.122,1,"NS"
"LRRFIP1",7.42679000465353e-05,-0.469846184592667,0.321,0.382,1,"NS"
"KCNAB2",0.00248493066872931,-0.4705208277616,0.1,0.139,1,"NS"
"PRPF6",0.0830092924648687,-0.470567603403812,0.088,0.108,1,"NS"
"EXOC7",0.00717230282585132,-0.471015425273968,0.071,0.1,1,"NS"
"SSU72",0.000285033787381401,-0.47197939122551,0.202,0.257,1,"NS"
"NDUFAF3",0.00552525911470078,-0.472463597405793,0.145,0.182,1,"NS"
"PHF20L1",0.00191566580665023,-0.474566870589431,0.117,0.158,1,"NS"
"TIMP1",0.0494425256157436,-0.475528875069692,0.106,0.129,1,"NS"
"CNTRL",0.0371115269602968,-0.475785261035796,0.08,0.103,1,"NS"
"XIAP",0.0122047950904559,-0.476184670670824,0.073,0.101,1,"NS"
"HP1BP3",9.26258522951764e-05,-0.477234963115954,0.211,0.27,1,"NS"
"R3HDM2",0.00117073415391259,-0.477429706575996,0.067,0.103,1,"NS"
"MORC3",0.00053213786184654,-0.478091251864499,0.073,0.113,1,"NS"
"SERINC3",0.0024541001756031,-0.478708974339648,0.106,0.144,1,"NS"
"APH1A",0.0147098075386365,-0.47886438086834,0.135,0.166,1,"NS"
"LYPLA2",0.0315184112453459,-0.479167841297012,0.085,0.109,1,"NS"
"PAK2",0.000896649978659928,-0.479221172382291,0.165,0.213,1,"NS"
"RGS3",0.000529683344254157,-0.479752803952374,0.065,0.104,1,"NS"
"ZNF706",0.00931688788509902,-0.479829683167748,0.173,0.21,1,"NS"
"PPP2R2B",0.00158955348691013,-0.48071775970441,0.078,0.115,1,"NS"
"ATOX1",0.0166122476215305,-0.480915408779982,0.105,0.135,1,"NS"
"LRP10",0.00049544568284318,-0.481419069171118,0.144,0.193,1,"NS"
"HINT2",0.0269195054736409,-0.481919227975122,0.091,0.116,1,"NS"
"COPA",0.007923827241575,-0.482309813972865,0.102,0.135,1,"NS"
"ZC3H13",0.00282683332611617,-0.482745140747194,0.142,0.182,1,"NS"
"CDK13",0.0204836016712567,-0.483102993998326,0.097,0.125,1,"NS"
"TMED4",8.00787620539945e-05,-0.483935084738187,0.123,0.179,1,"NS"
"VDAC3",0.000110709150302955,-0.483974757184952,0.153,0.211,1,"NS"
"NUB1",0.000311430593504699,-0.484453331864271,0.123,0.172,1,"NS"
"PIN4",0.0148904659291202,-0.484722864701051,0.105,0.135,1,"NS"
"GLOD4",0.0813967449694131,-0.485227500252716,0.096,0.116,1,"NS"
"HUWE1",0.00273501924426692,-0.485990742756968,0.073,0.106,1,"NS"
"TSEN54",0.00055436983243027,-0.48760824810468,0.147,0.196,1,"NS"
"M6PR",0.000109608292592165,-0.488083477776714,0.145,0.198,1,"NS"
"TMEM70",0.0208602843030808,-0.488710388414561,0.08,0.106,1,"NS"
"SAMD9L",0.0388672007901996,-0.490087729659843,0.119,0.144,1,"NS"
"NELFE",0.0264296758852134,-0.490333355145365,0.082,0.107,1,"NS"
"PSMC4",0.00500806401744498,-0.490436358120163,0.134,0.172,1,"NS"
"ITK",9.55304240003503e-05,-0.490477225476232,0.096,0.147,1,"NS"
"CCT7",0.00371541237057535,-0.491228448111413,0.149,0.189,1,"NS"
"CD3E",8.59360801077738e-05,-0.491550472357269,0.306,0.358,1,"NS"
"TGFBR2",0.00759208353002999,-0.493524217957981,0.09,0.121,1,"NS"
"ABHD2",0.00400537534763279,-0.495880936361719,0.074,0.106,1,"NS"
"ZNF430",0.000420275422551926,-0.495928951500356,0.087,0.131,1,"NS"
"PSMC2",0.00383343077695523,-0.496088763937983,0.079,0.112,1,"NS"
"RPF1",0.00277489048197461,-0.496602399802594,0.091,0.128,1,"NS"
"PDIA4",0.00664003095112972,-0.496958527497123,0.092,0.124,1,"NS"
"PPCS",0.002306542102162,-0.49879671233952,0.126,0.166,1,"NS"
"MAP7D1",0.00880090321377455,-0.500595053642612,0.108,0.141,1,"NS"
"ZBP1",0.000147307413772347,-0.500680710800509,0.068,0.111,1,"NS"
"GON4L",0.014530822815341,-0.501498770777439,0.104,0.135,1,"NS"
"ZNF655",0.0001535651935468,-0.502413968952503,0.12,0.172,1,"NS"
"ASAH1",0.000581186244348524,-0.502828105921089,0.11,0.155,1,"NS"
"HAGH",0.00346488954436584,-0.503455761879985,0.097,0.134,1,"NS"
"NDUFB3",0.000232028637258046,-0.505822159669117,0.161,0.215,1,"NS"
"SACM1L",0.217590844551276,-0.506412520045444,0.108,0.121,1,"NS"
"PBRM1",0.0476794006083326,-0.506753761250055,0.08,0.103,1,"NS"
"TRAPPC4",0.000280538245103931,-0.507574356943446,0.107,0.154,1,"NS"
"ARL5A",0.000811610078053289,-0.507848078289043,0.11,0.153,1,"NS"
"HPS1",0.00435702387832447,-0.508466631204284,0.072,0.104,1,"NS"
"TRAPPC2",0.0199608880601957,-0.509020084530905,0.075,0.1,1,"NS"
"ZBTB38",0.000197710245063157,-0.509833397695874,0.129,0.18,1,"NS"
"TWF2",0.0101338083798599,-0.509906511788442,0.15,0.185,1,"NS"
"MTRNR2L12",0.221873166066318,-0.511221536206538,0.204,0.179,1,"NS"
"COPS8",0.109682183258794,-0.512612772372739,0.1,0.118,1,"NS"
"FRYL",0.00199934953797284,-0.513041161966817,0.074,0.109,1,"NS"
"TAPBPL",0.0039687351989018,-0.514242626349689,0.068,0.1,1,"NS"
"MLEC",0.00286936049147247,-0.515411382480121,0.097,0.135,1,"NS"
"RRAS2",0.00385968266242849,-0.515912061900183,0.095,0.13,1,"NS"
"VPS4B",8.40501562680317e-05,-0.516104663738819,0.124,0.18,1,"NS"
"SCLT1",0.00473558025693262,-0.525248876175362,0.075,0.106,1,"NS"
"SPOCK2",0.000643932846909385,-0.525338820183686,0.133,0.18,1,"NS"
"HDAC1",0.00196320704526052,-0.526460484891372,0.129,0.17,1,"NS"
"LRPAP1",7.66142393927814e-05,-0.526486196546,0.182,0.242,1,"NS"
"KAT6A",0.00149611325769522,-0.527049792751372,0.087,0.125,1,"NS"
"ZFC3H1",0.00255221704498695,-0.527050004186744,0.069,0.102,1,"NS"
"ZNF22",0.00124690257910901,-0.527080745811401,0.077,0.113,1,"NS"
"SMIM7",0.00254435724284703,-0.527653052443411,0.106,0.144,1,"NS"
"APPL1",0.0437957943062562,-0.528310626926329,0.081,0.103,1,"NS"
"HMOX2",0.00309451798941946,-0.530153505366334,0.141,0.182,1,"NS"
"SMAD7",0.00199932183741671,-0.530278017810762,0.08,0.115,1,"NS"
"FRG1",0.000688977537344958,-0.530663932318638,0.135,0.183,1,"NS"
"VPS36",0.000719323027683092,-0.531368218600452,0.096,0.139,1,"NS"
"ANKRD13D",0.000225204208465125,-0.533462347020314,0.108,0.157,1,"NS"
"CD2BP2",9.48358393107873e-05,-0.533787740915635,0.122,0.176,1,"NS"
"MGAT1",0.00412128508530464,-0.533878854501002,0.114,0.15,1,"NS"
"RBL2",0.00385218588705784,-0.53494645234531,0.124,0.162,1,"NS"
"ATF7IP",0.00167605065546252,-0.535584606624461,0.112,0.153,1,"NS"
"EPB41",0.000205089738492477,-0.535671454625352,0.102,0.15,1,"NS"
"TSR3",0.00373987174746996,-0.535886213303799,0.072,0.104,1,"NS"
"RAB4A",0.00526950313320623,-0.537470095846168,0.079,0.112,1,"NS"
"DECR1",0.000143399625490098,-0.540395875982354,0.134,0.188,1,"NS"
"C1D",0.000742253664382998,-0.540431367612284,0.134,0.18,1,"NS"
"AGTRAP",0.000673438574562391,-0.540932116346789,0.129,0.176,1,"NS"
"STX4",0.0302728148125848,-0.541818485469782,0.085,0.109,1,"NS"
"SMC5",0.0001338560597857,-0.544107143610737,0.078,0.123,1,"NS"
"FAM111A",0.00115310082707928,-0.550838644292156,0.074,0.11,1,"NS"
"QKI",0.0014510412390059,-0.550843739608606,0.068,0.103,1,"NS"
"ASCC2",0.0117236094827713,-0.551840449981536,0.074,0.101,1,"NS"
"BROX",0.0219691816517332,-0.552276139677225,0.088,0.114,1,"NS"
"OS9",0.0168288449586442,-0.554678451320712,0.132,0.163,1,"NS"
"CNIH4",0.0273651436846999,-0.556313991549041,0.083,0.108,1,"NS"
"NAE1",0.00505977862733188,-0.556610308788852,0.081,0.114,1,"NS"
"ZBTB1",0.00149434138507234,-0.560236321366721,0.13,0.171,1,"NS"
"RAB18",0.00014558980498687,-0.56328166002624,0.101,0.151,1,"NS"
"CRIPT",0.00689369883184193,-0.564664046089481,0.084,0.116,1,"NS"
"TSG101",0.00146911421960613,-0.565175773610888,0.076,0.111,1,"NS"
"SDF2L1",0.00257940641455995,-0.5678773670941,0.161,0.203,1,"NS"
"PSMD11",0.00208822685454034,-0.568684895694045,0.096,0.133,1,"NS"
"ARFGAP3",0.0156730765753953,-0.571463789274595,0.093,0.12,1,"NS"
"PTPN6",0.000209042702244027,-0.572948178977144,0.154,0.208,1,"NS"
"SMARCC1",0.0185750533208044,-0.574543272922667,0.081,0.107,1,"NS"
"MIF4GD",0.00554661664702166,-0.579493867928792,0.091,0.123,1,"NS"
"HNRNPH2",0.0225276039210126,-0.581405848964544,0.091,0.116,1,"NS"
"USP14",0.0111968436278756,-0.583132078608725,0.075,0.103,1,"NS"
"URI1",0.000882288581013612,-0.583497726525999,0.104,0.147,1,"NS"
"PSMB4",8.79546569174928e-05,-0.583712777634127,0.125,0.179,1,"NS"
"ADD1",0.000322483890600496,-0.585659490195845,0.127,0.175,1,"NS"
"ANKRD49",0.0028812583755969,-0.586155158009969,0.072,0.105,1,"NS"
"VTI1B",0.00119444850853056,-0.587474631308709,0.089,0.129,1,"NS"
"RFC1",0.000514285962355482,-0.589442751833939,0.11,0.155,1,"NS"
"ADCY7",0.000526381141128458,-0.59051542177436,0.067,0.105,1,"NS"
"LBR",0.00293056258349949,-0.591304617508226,0.145,0.184,1,"NS"
"AP1S2",0.0478568858347476,-0.591918469861019,0.094,0.115,1,"NS"
"SERINC1",0.000363576403396052,-0.595182908401767,0.117,0.164,1,"NS"
"TMEM208",0.000252822368580405,-0.595790565507493,0.098,0.145,1,"NS"
"EMC6",0.000420482198435271,-0.596379978969872,0.107,0.153,1,"NS"
"SRSF1",0.00583136032530697,-0.597254438751386,0.109,0.143,1,"NS"
"BAZ2A",0.00313266243864659,-0.599091942436634,0.1,0.136,1,"NS"
"IL12RB1",0.000128622277867354,-0.602794310532695,0.073,0.118,1,"NS"
"PMPCB",0.0186710134547583,-0.602995644366039,0.079,0.104,1,"NS"
"NSRP1",0.00320726665786152,-0.604349026197163,0.085,0.119,1,"NS"
"RNF168",0.000148704771997989,-0.604424720584781,0.092,0.139,1,"NS"
"MBD4",0.00218428991444286,-0.607419620634574,0.093,0.129,1,"NS"
"VOPP1",0.00896097241419202,-0.613154087287205,0.092,0.122,1,"NS"
"CFDP1",0.000972636734955345,-0.616117810224889,0.085,0.124,1,"NS"
"IRAK4",0.000243435776181532,-0.617301206275426,0.079,0.123,1,"NS"
"CLTA",0.000360565472122608,-0.617840991674268,0.196,0.245,1,"NS"
"UBE2V2",0.000726169645348223,-0.622742814149301,0.106,0.149,1,"NS"
"ZNF24",0.000561030498327942,-0.624553612326252,0.084,0.125,1,"NS"
"KIF2A",0.00206169251054432,-0.627130984107844,0.098,0.136,1,"NS"
"TMEM179B",0.000229061900043377,-0.629506114436439,0.11,0.157,1,"NS"
"MEX3C",0.00141513487562267,-0.631523448580407,0.068,0.104,1,"NS"
"TPGS1",0.00281612544820436,-0.632586906597037,0.087,0.122,1,"NS"
"MBD2",0.00333036786313161,-0.63289376344331,0.069,0.101,1,"NS"
"LAT",0.000112837696004667,-0.633976192218108,0.179,0.234,1,"NS"
"GNA13",0.00903230293424062,-0.643336053257144,0.077,0.105,1,"NS"
"CCDC186",0.000319095294281916,-0.645060287050078,0.096,0.141,1,"NS"
"GLG1",0.000152097211320909,-0.649986594356955,0.114,0.164,1,"NS"
"BNIP3L",0.00334538795797111,-0.65429860856676,0.081,0.114,1,"NS"
"PFDN1",0.000779891051786632,-0.656111655568472,0.082,0.122,1,"NS"
"MIB2",8.68812119561027e-05,-0.661866905494868,0.095,0.144,1,"NS"
"SEC14L1",0.000183578649878407,-0.665041252052207,0.095,0.141,1,"NS"
"TSSC4",0.00372720842540836,-0.66506403118352,0.094,0.128,1,"NS"
"SERPINB6",0.000483360095812017,-0.665343288381982,0.119,0.165,1,"NS"
"ZNF292",0.000116957491750906,-0.665884666291836,0.119,0.171,1,"NS"
"USP11",0.00743445867326525,-0.67136551261795,0.079,0.109,1,"NS"
"TEX264",0.000634876908274996,-0.675713274372357,0.127,0.171,1,"NS"
"GLO1",0.000917023859596837,-0.680442791436473,0.076,0.113,1,"NS"
"ATP2B4",0.000117812807046566,-0.683366740648259,0.084,0.131,1,"NS"
"LSM1",0.000117189635197788,-0.687211285274031,0.113,0.163,1,"NS"
"APLP2",0.00181497709812239,-0.692308529942195,0.086,0.122,1,"NS"
"EIF4E2",0.00107422100260195,-0.705164581203272,0.092,0.131,1,"NS"
"GCLM",0.00388820959123368,-0.708461665992803,0.072,0.103,1,"NS"
"UCHL5",0.000200842775811195,-0.711111103878306,0.077,0.12,1,"NS"
"TADA3",0.00028142507866028,-0.725511429035659,0.117,0.164,1,"NS"
"TRIP12",0.000863160347138641,-0.745737285553636,0.069,0.106,1,"NS"
"UBE2Q2",0.000891056522220734,-0.747357152452433,0.075,0.111,1,"NS"
"XIST",0.00123455268523977,-0.756115405592971,0.108,0.146,1,"NS"
"PPP1R11",0.000966211684147821,-0.758545266280237,0.101,0.141,1,"NS"
"SECISBP2",0.00203825411607574,-0.759016306378255,0.083,0.118,1,"NS"
"JAZF1",0.000322623274525589,-0.759244865323391,0.066,0.106,1,"NS"
"SLC44A2",0.000217320468930038,-0.762942470659377,0.079,0.123,1,"NS"
"PSMA6",0.000462494467528245,-0.764256046236412,0.114,0.157,1,"NS"
"ELF2",0.00011604192529887,-0.765817040560883,0.075,0.119,1,"NS"
"SMARCE1",0.000124271012907832,-0.785961933107719,0.094,0.141,1,"NS"
"CCPG1",0.000301623987271368,-0.789243008434185,0.089,0.133,1,"NS"
"CLTC",0.00321905396808177,-0.791302555808,0.071,0.102,1,"NS"
"MT1F",0.000349355015584581,-0.80978311354195,0.064,0.103,1,"NS"
"LMNB1",0.000686482694340526,-0.8189181109313,0.064,0.1,1,"NS"
"BFAR",0.00283028443967026,-0.81955742224002,0.085,0.118,1,"NS"
"BSDC1",0.000853320839038366,-0.829354840525021,0.064,0.1,1,"NS"
"TOR1AIP1",0.0118100330090884,-0.839363445027235,0.075,0.102,1,"NS"
"DCAF11",0.00676992646001143,-0.843119611612972,0.072,0.1,1,"NS"
"MT1X",0.893722997273982,-0.887084660288354,0.187,0.185,1,"NS"
"EIF4EBP2",0.000148276825433297,-0.894231827937861,0.065,0.106,1,"NS"
"CBX6",9.09214000379054e-05,-0.917566048235294,0.072,0.116,1,"NS"
"TMEM30A",0.00027453808125472,-1.02498659796737,0.062,0.1,1,"NS"
"KLF12",9.96694301001583e-05,-1.07863764556967,0.064,0.106,1,"NS"
